device_uid,timestamp,event_type,sensor_data,user_id
868032061578211,1779735644,unknown,"{""tE"":{""N"":""69.26""},""hL"":{""N"":""61.2""},""wL"":{""N"":""47.353348""},""tL"":{""N"":""94.28""},""hR"":{""N"":""67.4""},""wR"":{""N"":""34.435814""},""hE"":{""N"":""90.5""},""tR"":{""N"":""84.02""}}",a47854d8-3051-70fa-00ce-ac30661244a5
868032061578211,1779739244,unknown,"{""tE"":{""N"":""70.7""},""hL"":{""N"":""63.3""},""wL"":{""N"":""47.172836""},""tL"":{""N"":""94.1""},""hR"":{""N"":""70""},""wR"":{""N"":""34.417088""},""hE"":{""N"":""85.6""},""tR"":{""N"":""87.44""}}",a47854d8-3051-70fa-00ce-ac30661244a5
868032061578211,1779742844,unknown,"{""tE"":{""N"":""71.96""},""hL"":{""N"":""58.9""},""wL"":{""N"":""47.31014""},""tL"":{""N"":""95""},""hR"":{""N"":""58.3""},""wR"":{""N"":""34.668755""},""hE"":{""N"":""77.2""},""tR"":{""N"":""86.9""}}",a47854d8-3051-70fa-00ce-ac30661244a5
868032061578211,1779746445,unknown,"{""tE"":{""N"":""73.58""},""hL"":{""N"":""63.3""},""wL"":{""N"":""47.155846""},""tL"":{""N"":""95.36""},""hR"":{""N"":""56.3""},""wR"":{""N"":""34.775837""},""hE"":{""N"":""74.4""},""tR"":{""N"":""86.9""}}",a47854d8-3051-70fa-00ce-ac30661244a5
868032061578211,1779750114,unknown,"{""tE"":{""N"":""73.4""},""hL"":{""N"":""63.5""},""wL"":{""N"":""46.946884""},""tL"":{""N"":""95.72""},""hR"":{""N"":""53.6""},""wR"":{""N"":""34.282616""},""hE"":{""N"":""71.1""},""tR"":{""N"":""86.72""}}",a47854d8-3051-70fa-00ce-ac30661244a5
868032061578211,1779753646,unknown,"{""tE"":{""N"":""68.36""},""hL"":{""N"":""66.3""},""wL"":{""N"":""47.013687""},""tL"":{""N"":""95.54""},""hR"":{""N"":""53.1""},""wR"":{""N"":""33.981686""},""hE"":{""N"":""82.1""},""tR"":{""N"":""87.26""}}",a47854d8-3051-70fa-00ce-ac30661244a5
868032061578211,1779757246,unknown,"{""tE"":{""N"":""66.92""},""hL"":{""N"":""46.8""},""wL"":{""N"":""46.966156""},""tL"":{""N"":""94.1""},""hR"":{""N"":""56.3""},""wR"":{""N"":""33.83018""},""hE"":{""N"":""92""},""tR"":{""N"":""85.46""}}",a47854d8-3051-70fa-00ce-ac30661244a5
868032061578211,1779760846,unknown,"{""tE"":{""N"":""65.84""},""hL"":{""N"":""56.8""},""wL"":{""N"":""46.9162""},""tL"":{""N"":""93.74""},""hR"":{""N"":""56.2""},""wR"":{""N"":""33.62497""},""hE"":{""N"":""94.8""},""tR"":{""N"":""84.02""}}",a47854d8-3051-70fa-00ce-ac30661244a5
868032061578211,1779764446,unknown,"{""tE"":{""N"":""64.76""},""hL"":{""N"":""54.4""},""wL"":{""N"":""47.557693""},""tL"":{""N"":""93.74""},""hR"":{""N"":""60.1""},""wR"":{""N"":""33.58437""},""hE"":{""N"":""95.5""},""tR"":{""N"":""84.92""}}",a47854d8-3051-70fa-00ce-ac30661244a5
868032061578211,1779768045,unknown,"{""tE"":{""N"":""63.68""},""hL"":{""N"":""56.2""},""wL"":{""N"":""47.8422""},""tL"":{""N"":""93.92""},""hR"":{""N"":""57.5""},""wR"":{""N"":""33.62429""},""hE"":{""N"":""97""},""tR"":{""N"":""83.3""}}",a47854d8-3051-70fa-00ce-ac30661244a5
868032061578211,1779771646,unknown,"{""tE"":{""N"":""63.14""},""hL"":{""N"":""58.5""},""wL"":{""N"":""47.809914""},""tL"":{""N"":""94.1""},""hR"":{""N"":""58.6""},""wR"":{""N"":""33.415203""},""hE"":{""N"":""98.3""},""tR"":{""N"":""83.3""}}",a47854d8-3051-70fa-00ce-ac30661244a5
868032061578211,1779775247,unknown,"{""tE"":{""N"":""62.6""},""hL"":{""N"":""59.8""},""wL"":{""N"":""47.7886""},""tL"":{""N"":""94.28""},""hR"":{""N"":""58.5""},""wR"":{""N"":""33.463787""},""hE"":{""N"":""99""},""tR"":{""N"":""82.58""}}",a47854d8-3051-70fa-00ce-ac30661244a5
868032061578211,1779778846,unknown,"{""tE"":{""N"":""62.6""},""hL"":{""N"":""56.6""},""wL"":{""N"":""47.795204""},""tL"":{""N"":""94.1""},""hR"":{""N"":""58.5""},""wR"":{""N"":""33.356216""},""hE"":{""N"":""99.5""},""tR"":{""N"":""82.58""}}",a47854d8-3051-70fa-00ce-ac30661244a5
868032061578211,1779782447,unknown,"{""tE"":{""N"":""62.06""},""hL"":{""N"":""58.6""},""wL"":{""N"":""47.781948""},""tL"":{""N"":""94.28""},""hR"":{""N"":""61""},""wR"":{""N"":""33.375816""},""hE"":{""N"":""99.6""},""tR"":{""N"":""82.76""}}",a47854d8-3051-70fa-00ce-ac30661244a5
868032061578211,1779786046,unknown,"{""tE"":{""N"":""61.88""},""hL"":{""N"":""56.6""},""wL"":{""N"":""47.773647""},""tL"":{""N"":""93.92""},""hR"":{""N"":""61""},""wR"":{""N"":""33.32312""},""hE"":{""N"":""99.7""},""tR"":{""N"":""82.76""}}",a47854d8-3051-70fa-00ce-ac30661244a5
868032061578211,1779789646,unknown,"{""tE"":{""N"":""61.88""},""hL"":{""N"":""56.4""},""wL"":{""N"":""47.689365""},""tL"":{""N"":""94.28""},""hR"":{""N"":""61""},""wR"":{""N"":""33.36328""},""hE"":{""N"":""99.7""},""tR"":{""N"":""82.76""}}",a47854d8-3051-70fa-00ce-ac30661244a5
868032061578211,1779793246,unknown,"{""tE"":{""N"":""62.06""},""hL"":{""N"":""55.7""},""wL"":{""N"":""47.805786""},""tL"":{""N"":""93.92""},""hR"":{""N"":""59.7""},""wR"":{""N"":""33.618095""},""hE"":{""N"":""99.9""},""tR"":{""N"":""81.68""}}",a47854d8-3051-70fa-00ce-ac30661244a5
868032061578211,1779796845,unknown,"{""tE"":{""N"":""62.06""},""hL"":{""N"":""58.1""},""wL"":{""N"":""47.708736""},""tL"":{""N"":""94.1""},""hR"":{""N"":""59.6""},""wR"":{""N"":""33.674854""},""hE"":{""N"":""99.9""},""tR"":{""N"":""80.96""}}",a47854d8-3051-70fa-00ce-ac30661244a5
868032061578211,1779800447,unknown,"{""tE"":{""N"":""62.78""},""hL"":{""N"":""58.2""},""wL"":{""N"":""47.72767""},""tL"":{""N"":""94.28""},""hR"":{""N"":""59.3""},""wR"":{""N"":""33.939926""},""hE"":{""N"":""99.9""},""tR"":{""N"":""80.96""}}",a47854d8-3051-70fa-00ce-ac30661244a5
868032061578211,1779804047,unknown,"{""tE"":{""N"":""64.94""},""hL"":{""N"":""56.9""},""wL"":{""N"":""47.33587""},""tL"":{""N"":""94.28""},""hR"":{""N"":""60.4""},""wR"":{""N"":""33.887814""},""hE"":{""N"":""98.8""},""tR"":{""N"":""81.5""}}",a47854d8-3051-70fa-00ce-ac30661244a5
868032061578211,1779807646,unknown,"{""tE"":{""N"":""66.2""},""hL"":{""N"":""60.5""},""wL"":{""N"":""47.620956""},""tL"":{""N"":""94.1""},""hR"":{""N"":""61.5""},""wR"":{""N"":""34.05882""},""hE"":{""N"":""93.5""},""tR"":{""N"":""82.22""}}",a47854d8-3051-70fa-00ce-ac30661244a5
868032061578211,1779811245,unknown,"{""tE"":{""N"":""68.18""},""hL"":{""N"":""60.6""},""wL"":{""N"":""47.634064""},""tL"":{""N"":""94.28""},""hR"":{""N"":""63.8""},""wR"":{""N"":""34.070915""},""hE"":{""N"":""89.9""},""tR"":{""N"":""83.48""}}",a47854d8-3051-70fa-00ce-ac30661244a5
868032061578211,1779814846,unknown,"{""tE"":{""N"":""66.92""},""hL"":{""N"":""61""},""wL"":{""N"":""47.48919""},""tL"":{""N"":""94.64""},""hR"":{""N"":""63.4""},""wR"":{""N"":""33.952217""},""hE"":{""N"":""92""},""tR"":{""N"":""84.74""}}",a47854d8-3051-70fa-00ce-ac30661244a5
868032061578211,1779818448,unknown,"{""tE"":{""N"":""68.18""},""hL"":{""N"":""61.4""},""wL"":{""N"":""47.70733""},""tL"":{""N"":""94.46""},""hR"":{""N"":""61.9""},""wR"":{""N"":""34.02964""},""hE"":{""N"":""90.4""},""tR"":{""N"":""84.92""}}",a47854d8-3051-70fa-00ce-ac30661244a5
868032061578211,1779822047,unknown,"{""tE"":{""N"":""67.82""},""hL"":{""N"":""61.6""},""wL"":{""N"":""47.514874""},""tL"":{""N"":""94.28""},""hR"":{""N"":""61.9""},""wR"":{""N"":""33.96141""},""hE"":{""N"":""91.9""},""tR"":{""N"":""85.28""}}",a47854d8-3051-70fa-00ce-ac30661244a5
868032061578211,1779825645,unknown,"{""tE"":{""N"":""69.98""},""hL"":{""N"":""64""},""wL"":{""N"":""47.619305""},""tL"":{""N"":""95""},""hR"":{""N"":""61.8""},""wR"":{""N"":""33.882248""},""hE"":{""N"":""85.8""},""tR"":{""N"":""86""}}",a47854d8-3051-70fa-00ce-ac30661244a5
868032061578211,1779829244,unknown,"{""tE"":{""N"":""73.22""},""hL"":{""N"":""67.2""},""wL"":{""N"":""47.521137""},""tL"":{""N"":""95.36""},""hR"":{""N"":""67.2""},""wR"":{""N"":""34.337776""},""hE"":{""N"":""86.1""},""tR"":{""N"":""88.52""}}",a47854d8-3051-70fa-00ce-ac30661244a5
868032061578211,1779832962,unknown,"{""tE"":{""N"":""73.4""},""hL"":{""N"":""68.9""},""wL"":{""N"":""48.15302""},""tL"":{""N"":""96.26""},""hR"":{""N"":""63.8""},""wR"":{""N"":""33.906685""},""hE"":{""N"":""77.7""},""tR"":{""N"":""90.68""}}",a47854d8-3051-70fa-00ce-ac30661244a5
868032061578211,1779836446,unknown,"{""tE"":{""N"":""68.36""},""hL"":{""N"":""65.2""},""wL"":{""N"":""48.31173""},""tL"":{""N"":""95.9""},""hR"":{""N"":""63.3""},""wR"":{""N"":""34.09937""},""hE"":{""N"":""93.9""},""tR"":{""N"":""88.52""}}",a47854d8-3051-70fa-00ce-ac30661244a5
868032061578211,1779840046,unknown,"{""tE"":{""N"":""66.56""},""hL"":{""N"":""64.7""},""wL"":{""N"":""48.341396""},""tL"":{""N"":""94.46""},""hR"":{""N"":""57.4""},""wR"":{""N"":""34.168564""},""hE"":{""N"":""99.6""},""tR"":{""N"":""86""}}",a47854d8-3051-70fa-00ce-ac30661244a5
868032061578211,1779843646,unknown,"{""tE"":{""N"":""66.38""},""hL"":{""N"":""62.5""},""wL"":{""N"":""48.24347""},""tL"":{""N"":""94.1""},""hR"":{""N"":""60.2""},""wR"":{""N"":""34.070965""},""hE"":{""N"":""99.9""},""tR"":{""N"":""84.74""}}",a47854d8-3051-70fa-00ce-ac30661244a5
868032061578211,1779847247,unknown,"{""tE"":{""N"":""65.3""},""hL"":{""N"":""59.8""},""wL"":{""N"":""48.172974""},""tL"":{""N"":""93.74""},""hR"":{""N"":""60.5""},""wR"":{""N"":""33.960056""},""hE"":{""N"":""99.9""},""tR"":{""N"":""83.66""}}",a47854d8-3051-70fa-00ce-ac30661244a5
868032061578211,1779850845,unknown,"{""tE"":{""N"":""65.12""},""hL"":{""N"":""57.9""},""wL"":{""N"":""48.230022""},""tL"":{""N"":""94.1""},""hR"":{""N"":""60.9""},""wR"":{""N"":""33.961025""},""hE"":{""N"":""99.9""},""tR"":{""N"":""84.02""}}",a47854d8-3051-70fa-00ce-ac30661244a5
868032061578211,1779854445,unknown,"{""tE"":{""N"":""64.76""},""hL"":{""N"":""58""},""wL"":{""N"":""48.227158""},""tL"":{""N"":""94.1""},""hR"":{""N"":""62""},""wR"":{""N"":""33.958847""},""hE"":{""N"":""99.9""},""tR"":{""N"":""83.84""}}",a47854d8-3051-70fa-00ce-ac30661244a5
868032061578211,1779858044,unknown,"{""tE"":{""N"":""64.58""},""hL"":{""N"":""59.9""},""wL"":{""N"":""48.269882""},""tL"":{""N"":""93.74""},""hR"":{""N"":""60""},""wR"":{""N"":""33.842617""},""hE"":{""N"":""99.9""},""tR"":{""N"":""83.48""}}",a47854d8-3051-70fa-00ce-ac30661244a5
868032061578211,1779861643,unknown,"{""tE"":{""N"":""64.04""},""hL"":{""N"":""58.9""},""wL"":{""N"":""48.10175""},""tL"":{""N"":""94.28""},""hR"":{""N"":""62.3""},""wR"":{""N"":""33.68052""},""hE"":{""N"":""99.9""},""tR"":{""N"":""83.12""}}",a47854d8-3051-70fa-00ce-ac30661244a5
868032061578211,1779865244,unknown,"{""tE"":{""N"":""64.04""},""hL"":{""N"":""54.8""},""wL"":{""N"":""47.96843""},""tL"":{""N"":""94.28""},""hR"":{""N"":""60""},""wR"":{""N"":""33.650906""},""hE"":{""N"":""99.9""},""tR"":{""N"":""82.58""}}",a47854d8-3051-70fa-00ce-ac30661244a5
868032061578211,1779868847,unknown,"{""tE"":{""N"":""62.78""},""hL"":{""N"":""51.8""},""wL"":{""N"":""48.02747""},""tL"":{""N"":""94.1""},""hR"":{""N"":""60.9""},""wR"":{""N"":""33.594387""},""hE"":{""N"":""99.9""},""tR"":{""N"":""82.58""}}",a47854d8-3051-70fa-00ce-ac30661244a5
868032061578211,1779872446,unknown,"{""tE"":{""N"":""62.6""},""hL"":{""N"":""57.7""},""wL"":{""N"":""47.783504""},""tL"":{""N"":""94.28""},""hR"":{""N"":""61.2""},""wR"":{""N"":""33.400978""},""hE"":{""N"":""99.9""},""tR"":{""N"":""82.04""}}",a47854d8-3051-70fa-00ce-ac30661244a5
868032061578211,1779876044,unknown,"{""tE"":{""N"":""62.06""},""hL"":{""N"":""54.8""},""wL"":{""N"":""47.790253""},""tL"":{""N"":""94.1""},""hR"":{""N"":""59.4""},""wR"":{""N"":""33.48285""},""hE"":{""N"":""99.9""},""tR"":{""N"":""81.32""}}",a47854d8-3051-70fa-00ce-ac30661244a5
868032061578211,1779879645,unknown,"{""tE"":{""N"":""62.24""},""hL"":{""N"":""56.1""},""wL"":{""N"":""47.89148""},""tL"":{""N"":""94.1""},""hR"":{""N"":""59.9""},""wR"":{""N"":""33.81857""},""hE"":{""N"":""99.9""},""tR"":{""N"":""81.5""}}",a47854d8-3051-70fa-00ce-ac30661244a5
868032061578211,1779883312,unknown,"{""tE"":{""N"":""62.42""},""hL"":{""N"":""58.1""},""wL"":{""N"":""48.029507""},""tL"":{""N"":""94.1""},""hR"":{""N"":""60.8""},""wR"":{""N"":""33.951298""},""hE"":{""N"":""99.9""},""tR"":{""N"":""80.78""}}",a47854d8-3051-70fa-00ce-ac30661244a5
868032061578211,1779886845,unknown,"{""tE"":{""N"":""63.14""},""hL"":{""N"":""56.8""},""wL"":{""N"":""48.215214""},""tL"":{""N"":""93.92""},""hR"":{""N"":""61""},""wR"":{""N"":""34.262436""},""hE"":{""N"":""99.9""},""tR"":{""N"":""80.42""}}",a47854d8-3051-70fa-00ce-ac30661244a5
868032061578211,1779890445,unknown,"{""tE"":{""N"":""64.76""},""hL"":{""N"":""58.4""},""wL"":{""N"":""48.1771""},""tL"":{""N"":""94.28""},""hR"":{""N"":""61.7""},""wR"":{""N"":""34.33415""},""hE"":{""N"":""99.9""},""tR"":{""N"":""80.42""}}",a47854d8-3051-70fa-00ce-ac30661244a5
868032061578211,1779894045,unknown,"{""tE"":{""N"":""68.9""},""hL"":{""N"":""58.7""},""wL"":{""N"":""48.003826""},""tL"":{""N"":""93.92""},""hR"":{""N"":""63.4""},""wR"":{""N"":""34.492767""},""hE"":{""N"":""98.9""},""tR"":{""N"":""80.42""}}",a47854d8-3051-70fa-00ce-ac30661244a5
868032061578211,1779897645,unknown,"{""tE"":{""N"":""70.16""},""hL"":{""N"":""62.1""},""wL"":{""N"":""47.826714""},""tL"":{""N"":""94.64""},""hR"":{""N"":""61.5""},""wR"":{""N"":""34.442585""},""hE"":{""N"":""83.5""},""tR"":{""N"":""82.4""}}",a47854d8-3051-70fa-00ce-ac30661244a5
868032061578211,1779901315,unknown,"{""tE"":{""N"":""70.7""},""hL"":{""N"":""61.5""},""wL"":{""N"":""48.19594""},""tL"":{""N"":""95""},""hR"":{""N"":""61.7""},""wR"":{""N"":""34.44007""},""hE"":{""N"":""78.4""},""tR"":{""N"":""82.58""}}",a47854d8-3051-70fa-00ce-ac30661244a5
868032061578211,1779904844,unknown,"{""tE"":{""N"":""70.7""},""hL"":{""N"":""63.3""},""wL"":{""N"":""48.13321""},""tL"":{""N"":""95""},""hR"":{""N"":""60.9""},""wR"":{""N"":""34.563267""},""hE"":{""N"":""82.3""},""tR"":{""N"":""83.66""}}",a47854d8-3051-70fa-00ce-ac30661244a5
868032061578211,1779908444,unknown,"{""tE"":{""N"":""71.06""},""hL"":{""N"":""65.4""},""wL"":{""N"":""48.443447""},""tL"":{""N"":""95.18""},""hR"":{""N"":""58.9""},""wR"":{""N"":""34.745014""},""hE"":{""N"":""81.1""},""tR"":{""N"":""85.46""}}",a47854d8-3051-70fa-00ce-ac30661244a5
868032061578211,1779912045,unknown,"{""tE"":{""N"":""73.58""},""hL"":{""N"":""63.6""},""wL"":{""N"":""48.11787""},""tL"":{""N"":""95.36""},""hR"":{""N"":""62.8""},""wR"":{""N"":""34.640495""},""hE"":{""N"":""75.1""},""tR"":{""N"":""86.54""}}",a47854d8-3051-70fa-00ce-ac30661244a5
868032061578211,1779915644,unknown,"{""tE"":{""N"":""72.68""},""hL"":{""N"":""68.2""},""wL"":{""N"":""48.581818""},""tL"":{""N"":""95.72""},""hR"":{""N"":""61.5""},""wR"":{""N"":""34.252083""},""hE"":{""N"":""76""},""tR"":{""N"":""88.34""}}",a47854d8-3051-70fa-00ce-ac30661244a5
868032061578211,1779919245,unknown,"{""tE"":{""N"":""70.7""},""hL"":{""N"":""65.4""},""wL"":{""N"":""48.11015""},""tL"":{""N"":""95.72""},""hR"":{""N"":""58.4""},""wR"":{""N"":""34.246468""},""hE"":{""N"":""91.6""},""tR"":{""N"":""88.34""}}",a47854d8-3051-70fa-00ce-ac30661244a5
868032061578211,1779922846,unknown,"{""tE"":{""N"":""73.04""},""hL"":{""N"":""67.2""},""wL"":{""N"":""48.2408""},""tL"":{""N"":""95.54""},""hR"":{""N"":""58.4""},""wR"":{""N"":""34.690334""},""hE"":{""N"":""83""},""tR"":{""N"":""88.34""}}",a47854d8-3051-70fa-00ce-ac30661244a5
868032061578211,1779926444,unknown,"{""tE"":{""N"":""74.3""},""hL"":{""N"":""65.9""},""wL"":{""N"":""47.692955""},""tL"":{""N"":""95.36""},""hR"":{""N"":""59""},""wR"":{""N"":""34.104496""},""hE"":{""N"":""75.7""},""tR"":{""N"":""88.16""}}",a47854d8-3051-70fa-00ce-ac30661244a5
868032061578211,1779930045,unknown,"{""tE"":{""N"":""69.26""},""hL"":{""N"":""65.5""},""wL"":{""N"":""47.844288""},""tL"":{""N"":""95.18""},""hR"":{""N"":""58.2""},""wR"":{""N"":""33.86381""},""hE"":{""N"":""84.5""},""tR"":{""N"":""87.26""}}",a47854d8-3051-70fa-00ce-ac30661244a5
868032061578211,1779933646,unknown,"{""tE"":{""N"":""66.92""},""hL"":{""N"":""62.7""},""wL"":{""N"":""47.519825""},""tL"":{""N"":""94.64""},""hR"":{""N"":""57.7""},""wR"":{""N"":""33.47922""},""hE"":{""N"":""89.5""},""tR"":{""N"":""86""}}",a47854d8-3051-70fa-00ce-ac30661244a5
868032061578211,1779937245,unknown,"{""tE"":{""N"":""65.66""},""hL"":{""N"":""60.6""},""wL"":{""N"":""47.2678""},""tL"":{""N"":""94.46""},""hR"":{""N"":""59.9""},""wR"":{""N"":""33.15918""},""hE"":{""N"":""91.7""},""tR"":{""N"":""85.64""}}",a47854d8-3051-70fa-00ce-ac30661244a5
868032061578211,1779940845,unknown,"{""tE"":{""N"":""64.58""},""hL"":{""N"":""50""},""wL"":{""N"":""47.309456""},""tL"":{""N"":""94.1""},""hR"":{""N"":""59.3""},""wR"":{""N"":""32.98237""},""hE"":{""N"":""93.1""},""tR"":{""N"":""85.1""}}",a47854d8-3051-70fa-00ce-ac30661244a5
868032061578211,1779944445,unknown,"{""tE"":{""N"":""64.4""},""hL"":{""N"":""51.3""},""wL"":{""N"":""47.342228""},""tL"":{""N"":""94.28""},""hR"":{""N"":""57.6""},""wR"":{""N"":""33.192135""},""hE"":{""N"":""93.6""},""tR"":{""N"":""84.02""}}",a47854d8-3051-70fa-00ce-ac30661244a5
868032061578211,1779948044,unknown,"{""tE"":{""N"":""64.94""},""hL"":{""N"":""54""},""wL"":{""N"":""47.307953""},""tL"":{""N"":""94.1""},""hR"":{""N"":""58.9""},""wR"":{""N"":""33.11684""},""hE"":{""N"":""92.6""},""tR"":{""N"":""82.94""}}",a47854d8-3051-70fa-00ce-ac30661244a5
868032061578211,1779951645,unknown,"{""tE"":{""N"":""64.94""},""hL"":{""N"":""56.4""},""wL"":{""N"":""47.225708""},""tL"":{""N"":""94.46""},""hR"":{""N"":""58""},""wR"":{""N"":""33.295105""},""hE"":{""N"":""92.9""},""tR"":{""N"":""82.22""}}",a47854d8-3051-70fa-00ce-ac30661244a5
868032061578211,1779955244,unknown,"{""tE"":{""N"":""64.76""},""hL"":{""N"":""59.1""},""wL"":{""N"":""47.413986""},""tL"":{""N"":""94.28""},""hR"":{""N"":""56.9""},""wR"":{""N"":""33.44148""},""hE"":{""N"":""89.8""},""tR"":{""N"":""80.42""}}",a47854d8-3051-70fa-00ce-ac30661244a5
868032061578211,1779958845,unknown,"{""tE"":{""N"":""64.4""},""hL"":{""N"":""55.9""},""wL"":{""N"":""47.52138""},""tL"":{""N"":""94.1""},""hR"":{""N"":""59.5""},""wR"":{""N"":""33.457447""},""hE"":{""N"":""90.6""},""tR"":{""N"":""79.88""}}",a47854d8-3051-70fa-00ce-ac30661244a5
868032061578211,1779962446,unknown,"{""tE"":{""N"":""64.04""},""hL"":{""N"":""57.4""},""wL"":{""N"":""47.51473""},""tL"":{""N"":""94.28""},""hR"":{""N"":""59.7""},""wR"":{""N"":""33.52161""},""hE"":{""N"":""92""},""tR"":{""N"":""78.8""}}",a47854d8-3051-70fa-00ce-ac30661244a5
868032061578211,1779966044,unknown,"{""tE"":{""N"":""63.68""},""hL"":{""N"":""57.1""},""wL"":{""N"":""47.56823""},""tL"":{""N"":""94.28""},""hR"":{""N"":""59.7""},""wR"":{""N"":""33.680225""},""hE"":{""N"":""91""},""tR"":{""N"":""78.98""}}",a47854d8-3051-70fa-00ce-ac30661244a5
868032061578211,1779969644,unknown,"{""tE"":{""N"":""64.22""},""hL"":{""N"":""55.8""},""wL"":{""N"":""47.855114""},""tL"":{""N"":""94.1""},""hR"":{""N"":""59.6""},""wR"":{""N"":""34.061478""},""hE"":{""N"":""92.2""},""tR"":{""N"":""77.36""}}",a47854d8-3051-70fa-00ce-ac30661244a5
868032061578211,1779973244,unknown,"{""tE"":{""N"":""64.94""},""hL"":{""N"":""56.4""},""wL"":{""N"":""47.746506""},""tL"":{""N"":""94.28""},""hR"":{""N"":""60.8""},""wR"":{""N"":""34.244583""},""hE"":{""N"":""91.1""},""tR"":{""N"":""77.36""}}",a47854d8-3051-70fa-00ce-ac30661244a5
868032061578211,1779976845,unknown,"{""tE"":{""N"":""67.46""},""hL"":{""N"":""61.8""},""wL"":{""N"":""47.85385""},""tL"":{""N"":""94.46""},""hR"":{""N"":""58.2""},""wR"":{""N"":""34.39957""},""hE"":{""N"":""87.3""},""tR"":{""N"":""78.8""}}",a47854d8-3051-70fa-00ce-ac30661244a5
868032061578211,1779980400,data.qo,"{""tE"":{""N"":""69.98""},""hL"":{""N"":""63.7""},""wL"":{""N"":""47.977074""},""tL"":{""N"":""94.82""},""hR"":{""N"":""58.3""},""wR"":{""N"":""34.68453""},""hE"":{""N"":""81.1""},""tR"":{""N"":""79.34""}}",a47854d8-3051-70fa-00ce-ac30661244a5
868032061578211,1779984000,data.qo,"{""tE"":{""N"":""72.14""},""hL"":{""N"":""65.1""},""wL"":{""N"":""48.133987""},""tL"":{""N"":""95.36""},""hR"":{""N"":""56.8""},""wR"":{""N"":""34.91123""},""hE"":{""N"":""73.6""},""tR"":{""N"":""81.14""}}",a47854d8-3051-70fa-00ce-ac30661244a5
868032061578211,1779987600,data.qo,"{""tE"":{""N"":""72.86""},""hL"":{""N"":""64.2""},""wL"":{""N"":""48.18817""},""tL"":{""N"":""95.36""},""hR"":{""N"":""52.2""},""wR"":{""N"":""34.84823""},""hE"":{""N"":""67.2""},""tR"":{""N"":""83.48""}}",a47854d8-3051-70fa-00ce-ac30661244a5
868032061578211,1779991200,data.qo,"{""tE"":{""N"":""72.14""},""hL"":{""N"":""63.6""},""wL"":{""N"":""48.329113""},""tL"":{""N"":""95""},""hR"":{""N"":""53.5""},""wR"":{""N"":""35.017345""},""hE"":{""N"":""63.6""},""tR"":{""N"":""84.92""}}",a47854d8-3051-70fa-00ce-ac30661244a5
868032061578211,1779994800,data.qo,"{""tE"":{""N"":""73.58""},""hL"":{""N"":""63.8""},""wL"":{""N"":""48.298378""},""tL"":{""N"":""95.36""},""hR"":{""N"":""48.5""},""wR"":{""N"":""34.815273""},""hE"":{""N"":""58.1""},""tR"":{""N"":""86""}}",a47854d8-3051-70fa-00ce-ac30661244a5
868032061578211,1779998400,data.qo,"{""tE"":{""N"":""75.2""},""hL"":{""N"":""64.7""},""wL"":{""N"":""48.448353""},""tL"":{""N"":""95.72""},""hR"":{""N"":""55""},""wR"":{""N"":""34.530556""},""hE"":{""N"":""53.1""},""tR"":{""N"":""87.62""}}",a47854d8-3051-70fa-00ce-ac30661244a5
868032061578211,1780002000,data.qo,"{""tE"":{""N"":""78.8""},""hL"":{""N"":""67.5""},""wL"":{""N"":""48.28896""},""tL"":{""N"":""96.44""},""hR"":{""N"":""58.4""},""wR"":{""N"":""34.939873""},""hE"":{""N"":""43.2""},""tR"":{""N"":""89.96""}}",a47854d8-3051-70fa-00ce-ac30661244a5
868032061578211,1780005600,data.qo,"{""tE"":{""N"":""80.42""},""hL"":{""N"":""67.6""},""wL"":{""N"":""47.92187""},""tL"":{""N"":""96.98""},""hR"":{""N"":""46.2""},""wR"":{""N"":""34.63909""},""hE"":{""N"":""46.3""},""tR"":{""N"":""91.4""}}",a47854d8-3051-70fa-00ce-ac30661244a5
868032061578211,1780009200,data.qo,"{""tE"":{""N"":""79.52""},""hL"":{""N"":""68.2""},""wL"":{""N"":""47.754517""},""tL"":{""N"":""97.16""},""hR"":{""N"":""41.1""},""wR"":{""N"":""34.43973""},""hE"":{""N"":""45.6""},""tR"":{""N"":""90.5""}}",a47854d8-3051-70fa-00ce-ac30661244a5
868032061578211,1780012800,data.qo,"{""tE"":{""N"":""78.8""},""hL"":{""N"":""68.1""},""wL"":{""N"":""47.2478""},""tL"":{""N"":""96.62""},""hR"":{""N"":""41.2""},""wR"":{""N"":""33.28804""},""hE"":{""N"":""46""},""tR"":{""N"":""89.24""}}",a47854d8-3051-70fa-00ce-ac30661244a5
868032061578211,1780016400,data.qo,"{""tE"":{""N"":""71.06""},""hL"":{""N"":""63.1""},""wL"":{""N"":""47.32407""},""tL"":{""N"":""95""},""hR"":{""N"":""41.6""},""wR"":{""N"":""32.832172""},""hE"":{""N"":""54.1""},""tR"":{""N"":""85.1""}}",a47854d8-3051-70fa-00ce-ac30661244a5
868032061578211,1780020000,data.qo,"{""tE"":{""N"":""68.54""},""hL"":{""N"":""59.6""},""wL"":{""N"":""46.59363""},""tL"":{""N"":""94.46""},""hR"":{""N"":""48.5""},""wR"":{""N"":""32.120815""},""hE"":{""N"":""60.7""},""tR"":{""N"":""83.3""}}",a47854d8-3051-70fa-00ce-ac30661244a5
868032061578211,1780023600,data.qo,"{""tE"":{""N"":""65.48""},""hL"":{""N"":""58.2""},""wL"":{""N"":""46.28631""},""tL"":{""N"":""94.1""},""hR"":{""N"":""48.6""},""wR"":{""N"":""31.634607""},""hE"":{""N"":""67.6""},""tR"":{""N"":""84.2""}}",a47854d8-3051-70fa-00ce-ac30661244a5
868032061578211,1780027200,data.qo,"{""tE"":{""N"":""63.32""},""hL"":{""N"":""55.2""},""wL"":{""N"":""46.41152""},""tL"":{""N"":""94.1""},""hR"":{""N"":""53.8""},""wR"":{""N"":""31.480877""},""hE"":{""N"":""73.8""},""tR"":{""N"":""83.48""}}",a47854d8-3051-70fa-00ce-ac30661244a5
868032061578211,1780030800,data.qo,"{""tE"":{""N"":""61.16""},""hL"":{""N"":""48.1""},""wL"":{""N"":""46.427105""},""tL"":{""N"":""93.92""},""hR"":{""N"":""52.1""},""wR"":{""N"":""31.275759""},""hE"":{""N"":""77.9""},""tR"":{""N"":""82.22""}}",a47854d8-3051-70fa-00ce-ac30661244a5
868032061578211,1780034400,data.qo,"{""tE"":{""N"":""59.36""},""hL"":{""N"":""48""},""wL"":{""N"":""46.276306""},""tL"":{""N"":""94.1""},""hR"":{""N"":""51.7""},""wR"":{""N"":""30.909168""},""hE"":{""N"":""82.4""},""tR"":{""N"":""81.14""}}",a47854d8-3051-70fa-00ce-ac30661244a5
868032061578211,1780038000,data.qo,"{""tE"":{""N"":""57.38""},""hL"":{""N"":""48""},""wL"":{""N"":""46.172264""},""tL"":{""N"":""94.1""},""hR"":{""N"":""53.7""},""wR"":{""N"":""30.658226""},""hE"":{""N"":""85.9""},""tR"":{""N"":""79.88""}}",a47854d8-3051-70fa-00ce-ac30661244a5
868032061578211,1780041600,data.qo,"{""tE"":{""N"":""55.58""},""hL"":{""N"":""50.8""},""wL"":{""N"":""47.257072""},""tL"":{""N"":""93.92""},""hR"":{""N"":""55""},""wR"":{""N"":""30.461527""},""hE"":{""N"":""89.3""},""tR"":{""N"":""78.8""}}",a47854d8-3051-70fa-00ce-ac30661244a5
868032061578211,1780045200,data.qo,"{""tE"":{""N"":""54.5""},""hL"":{""N"":""53""},""wL"":{""N"":""47.275085""},""tL"":{""N"":""94.28""},""hR"":{""N"":""51.5""},""wR"":{""N"":""30.541609""},""hE"":{""N"":""90.5""},""tR"":{""N"":""78.08""}}",a47854d8-3051-70fa-00ce-ac30661244a5
868032061578211,1780048800,data.qo,"{""tE"":{""N"":""53.42""},""hL"":{""N"":""50.8""},""wL"":{""N"":""47.303387""},""tL"":{""N"":""93.92""},""hR"":{""N"":""51.8""},""wR"":{""N"":""30.591255""},""hE"":{""N"":""91.5""},""tR"":{""N"":""77""}}",a47854d8-3051-70fa-00ce-ac30661244a5
868032061578211,1780052400,data.qo,"{""tE"":{""N"":""52.7""},""hL"":{""N"":""51.3""},""wL"":{""N"":""47.419376""},""tL"":{""N"":""93.92""},""hR"":{""N"":""51.4""},""wR"":{""N"":""30.393202""},""hE"":{""N"":""91.6""},""tR"":{""N"":""76.64""}}",a47854d8-3051-70fa-00ce-ac30661244a5
868032061578211,1780056000,data.qo,"{""tE"":{""N"":""52.34""},""hL"":{""N"":""50.3""},""wL"":{""N"":""47.916676""},""tL"":{""N"":""93.56""},""hR"":{""N"":""49.9""},""wR"":{""N"":""30.979717""},""hE"":{""N"":""92.2""},""tR"":{""N"":""75.92""}}",a47854d8-3051-70fa-00ce-ac30661244a5
868032061578211,1780059600,data.qo,"{""tE"":{""N"":""55.4""},""hL"":{""N"":""55""},""wL"":{""N"":""48.249393""},""tL"":{""N"":""93.92""},""hR"":{""N"":""53.2""},""wR"":{""N"":""31.5838""},""hE"":{""N"":""89""},""tR"":{""N"":""75.74""}}",a47854d8-3051-70fa-00ce-ac30661244a5
868032061578211,1780063200,data.qo,"{""tE"":{""N"":""62.6""},""hL"":{""N"":""56.2""},""wL"":{""N"":""48.360817""},""tL"":{""N"":""94.46""},""hR"":{""N"":""53.7""},""wR"":{""N"":""31.7879""},""hE"":{""N"":""65.6""},""tR"":{""N"":""77.36""}}",a47854d8-3051-70fa-00ce-ac30661244a5
868032061578211,1780066800,data.qo,"{""tE"":{""N"":""64.4""},""hL"":{""N"":""57.3""},""wL"":{""N"":""48.536957""},""tL"":{""N"":""94.82""},""hR"":{""N"":""55.1""},""wR"":{""N"":""32.61849""},""hE"":{""N"":""61.3""},""tR"":{""N"":""79.16""}}",a47854d8-3051-70fa-00ce-ac30661244a5
868032061578211,1780070400,data.qo,"{""tE"":{""N"":""69.62""},""hL"":{""N"":""58.4""},""wL"":{""N"":""48.54875""},""tL"":{""N"":""95""},""hR"":{""N"":""58.8""},""wR"":{""N"":""33.03424""},""hE"":{""N"":""54""},""tR"":{""N"":""82.4""}}",a47854d8-3051-70fa-00ce-ac30661244a5
868032061578211,1780074000,data.qo,"{""tE"":{""N"":""69.98""},""hL"":{""N"":""59.7""},""wL"":{""N"":""48.91322""},""tL"":{""N"":""95.54""},""hR"":{""N"":""55.3""},""wR"":{""N"":""32.95837""},""hE"":{""N"":""57.2""},""tR"":{""N"":""85.28""}}",a47854d8-3051-70fa-00ce-ac30661244a5
868032061578211,1780077600,data.qo,"{""tE"":{""N"":""69.98""},""hL"":{""N"":""56.6""},""wL"":{""N"":""49.08271""},""tL"":{""N"":""95.18""},""hR"":{""N"":""55.1""},""wR"":{""N"":""33.030323""},""hE"":{""N"":""57.1""},""tR"":{""N"":""85.82""}}",a47854d8-3051-70fa-00ce-ac30661244a5
868032061578211,1780081200,data.qo,"{""tE"":{""N"":""71.06""},""hL"":{""N"":""59.4""},""wL"":{""N"":""48.990658""},""tL"":{""N"":""95.36""},""hR"":{""N"":""52.4""},""wR"":{""N"":""33.017693""},""hE"":{""N"":""55.7""},""tR"":{""N"":""86.18""}}",a47854d8-3051-70fa-00ce-ac30661244a5
868032061578211,1780084800,data.qo,"{""tE"":{""N"":""72.14""},""hL"":{""N"":""60.7""},""wL"":{""N"":""49.22574""},""tL"":{""N"":""95.36""},""hR"":{""N"":""52.5""},""wR"":{""N"":""33.239216""},""hE"":{""N"":""58.9""},""tR"":{""N"":""86.72""}}",a47854d8-3051-70fa-00ce-ac30661244a5
868032061578211,1780088400,data.qo,"{""tE"":{""N"":""77""},""hL"":{""N"":""63.3""},""wL"":{""N"":""49.151894""},""tL"":{""N"":""95.9""},""hR"":{""N"":""60.5""},""wR"":{""N"":""33.711437""},""hE"":{""N"":""53.5""},""tR"":{""N"":""90.5""}}",a47854d8-3051-70fa-00ce-ac30661244a5
868032061578211,1780092000,data.qo,"{""tE"":{""N"":""80.06""},""hL"":{""N"":""66.5""},""wL"":{""N"":""48.948807""},""tL"":{""N"":""96.98""},""hR"":{""N"":""53.5""},""wR"":{""N"":""33.64374""},""hE"":{""N"":""47.7""},""tR"":{""N"":""91.76""}}",a47854d8-3051-70fa-00ce-ac30661244a5
868032061578211,1780095600,data.qo,"{""tE"":{""N"":""77""},""hL"":{""N"":""67.2""},""wL"":{""N"":""48.30804""},""tL"":{""N"":""97.16""},""hR"":{""N"":""49.8""},""wR"":{""N"":""32.924545""},""hE"":{""N"":""55.1""},""tR"":{""N"":""92.3""}}",a47854d8-3051-70fa-00ce-ac30661244a5
868032061578211,1780099200,data.qo,"{""tE"":{""N"":""73.4""},""hL"":{""N"":""67.2""},""wL"":{""N"":""48.440876""},""tL"":{""N"":""97.16""},""hR"":{""N"":""53.4""},""wR"":{""N"":""32.485035""},""hE"":{""N"":""60.3""},""tR"":{""N"":""91.04""}}",a47854d8-3051-70fa-00ce-ac30661244a5
868032061578211,1780102800,data.qo,"{""tE"":{""N"":""69.8""},""hL"":{""N"":""61.4""},""wL"":{""N"":""48.458885""},""tL"":{""N"":""94.64""},""hR"":{""N"":""51""},""wR"":{""N"":""32.125313""},""hE"":{""N"":""67.6""},""tR"":{""N"":""88.88""}}",a47854d8-3051-70fa-00ce-ac30661244a5
868032061578211,1780106400,data.qo,"{""tE"":{""N"":""68""},""hL"":{""N"":""58.1""},""wL"":{""N"":""48.166615""},""tL"":{""N"":""94.28""},""hR"":{""N"":""51.3""},""wR"":{""N"":""31.923922""},""hE"":{""N"":""73""},""tR"":{""N"":""87.44""}}",a47854d8-3051-70fa-00ce-ac30661244a5
868032061578211,1780110000,data.qo,"{""tE"":{""N"":""67.28""},""hL"":{""N"":""57.4""},""wL"":{""N"":""48.154766""},""tL"":{""N"":""94.46""},""hR"":{""N"":""51.4""},""wR"":{""N"":""31.859903""},""hE"":{""N"":""75""},""tR"":{""N"":""86""}}",a47854d8-3051-70fa-00ce-ac30661244a5
868032061578211,1780113600,data.qo,"{""tE"":{""N"":""66.74""},""hL"":{""N"":""56.6""},""wL"":{""N"":""48.04441""},""tL"":{""N"":""94.46""},""hR"":{""N"":""56.3""},""wR"":{""N"":""31.806967""},""hE"":{""N"":""77.4""},""tR"":{""N"":""85.64""}}",a47854d8-3051-70fa-00ce-ac30661244a5
868032061578211,1780117140,data.qo,"{""tE"":{""N"":""66.38""},""hL"":{""N"":""55.6""},""wL"":{""N"":""48.036743""},""tL"":{""N"":""94.46""},""hR"":{""N"":""55.7""},""wR"":{""N"":""31.810741""},""hE"":{""N"":""79""},""tR"":{""N"":""85.28""}}",a47854d8-3051-70fa-00ce-ac30661244a5
868032061578211,1780117200,data.qo,"{""tE"":{""N"":""66.38""},""hL"":{""N"":""57.6""},""wL"":{""N"":""48.03655""},""tL"":{""N"":""94.28""},""hR"":{""N"":""55.7""},""wR"":{""N"":""31.809095""},""hE"":{""N"":""80""},""tR"":{""N"":""85.1""}}",a47854d8-3051-70fa-00ce-ac30661244a5
868032061578211,1780120800,data.qo,"{""tE"":{""N"":""66.38""},""hL"":{""N"":""57.5""},""wL"":{""N"":""48.231815""},""tL"":{""N"":""94.28""},""hR"":{""N"":""55.7""},""wR"":{""N"":""31.9786""},""hE"":{""N"":""80""},""tR"":{""N"":""85.1""}}",a47854d8-3051-70fa-00ce-ac30661244a5
868032061578211,1780124400,data.qo,"{""tE"":{""N"":""66.2""},""hL"":{""N"":""55.9""},""wL"":{""N"":""47.930855""},""tL"":{""N"":""94.46""},""hR"":{""N"":""56""},""wR"":{""N"":""31.874468""},""hE"":{""N"":""80.8""},""tR"":{""N"":""85.1""}}",a47854d8-3051-70fa-00ce-ac30661244a5
868032061578211,1780128000,data.qo,"{""tE"":{""N"":""66.02""},""hL"":{""N"":""56.7""},""wL"":{""N"":""47.997173""},""tL"":{""N"":""94.28""},""hR"":{""N"":""54""},""wR"":{""N"":""31.885984""},""hE"":{""N"":""83.2""},""tR"":{""N"":""84.74""}}",a47854d8-3051-70fa-00ce-ac30661244a5
868032061578211,1780131600,data.qo,"{""tE"":{""N"":""66.02""},""hL"":{""N"":""53.2""},""wL"":{""N"":""47.983433""},""tL"":{""N"":""94.46""},""hR"":{""N"":""54.4""},""wR"":{""N"":""32.138428""},""hE"":{""N"":""85.8""},""tR"":{""N"":""83.66""}}",a47854d8-3051-70fa-00ce-ac30661244a5
868032061578211,1780135200,data.qo,"{""tE"":{""N"":""65.48""},""hL"":{""N"":""54.4""},""wL"":{""N"":""47.882984""},""tL"":{""N"":""94.46""},""hR"":{""N"":""55.2""},""wR"":{""N"":""32.14104""},""hE"":{""N"":""84.5""},""tR"":{""N"":""82.76""}}",a47854d8-3051-70fa-00ce-ac30661244a5
868032061578211,1780138800,data.qo,"{""tE"":{""N"":""64.76""},""hL"":{""N"":""50.4""},""wL"":{""N"":""47.87934""},""tL"":{""N"":""94.1""},""hR"":{""N"":""53.5""},""wR"":{""N"":""32.141087""},""hE"":{""N"":""84.2""},""tR"":{""N"":""80.78""}}",a47854d8-3051-70fa-00ce-ac30661244a5
868032061578211,1780142400,data.qo,"{""tE"":{""N"":""64.4""},""hL"":{""N"":""52.8""},""wL"":{""N"":""48.218563""},""tL"":{""N"":""94.1""},""hR"":{""N"":""56.6""},""wR"":{""N"":""32.40403""},""hE"":{""N"":""83.6""},""tR"":{""N"":""79.52""}}",a47854d8-3051-70fa-00ce-ac30661244a5
868032061578211,1780146000,data.qo,"{""tE"":{""N"":""64.04""},""hL"":{""N"":""54.3""},""wL"":{""N"":""48.66042""},""tL"":{""N"":""94.46""},""hR"":{""N"":""54.2""},""wR"":{""N"":""32.793365""},""hE"":{""N"":""82.7""},""tR"":{""N"":""80.24""}}",a47854d8-3051-70fa-00ce-ac30661244a5
868032061578211,1780149600,data.qo,"{""tE"":{""N"":""65.48""},""hL"":{""N"":""54.6""},""wL"":{""N"":""49.175346""},""tL"":{""N"":""94.46""},""hR"":{""N"":""54.5""},""wR"":{""N"":""33.14331""},""hE"":{""N"":""80""},""tR"":{""N"":""80.78""}}",a47854d8-3051-70fa-00ce-ac30661244a5
868032061578211,1780153200,data.qo,"{""tE"":{""N"":""68.18""},""hL"":{""N"":""59.4""},""wL"":{""N"":""49.402416""},""tL"":{""N"":""94.64""},""hR"":{""N"":""53.6""},""wR"":{""N"":""33.327522""},""hE"":{""N"":""74.8""},""tR"":{""N"":""82.76""}}",a47854d8-3051-70fa-00ce-ac30661244a5
868032061578211,1780156800,data.qo,"{""tE"":{""N"":""69.44""},""hL"":{""N"":""56.3""},""wL"":{""N"":""49.614773""},""tL"":{""N"":""94.82""},""hR"":{""N"":""50.9""},""wR"":{""N"":""33.41177""},""hE"":{""N"":""68.7""},""tR"":{""N"":""84.74""}}",a47854d8-3051-70fa-00ce-ac30661244a5
868032061578211,1780160400,data.qo,"{""tE"":{""N"":""70.7""},""hL"":{""N"":""60.4""},""wL"":{""N"":""49.707115""},""tL"":{""N"":""95""},""hR"":{""N"":""50.5""},""wR"":{""N"":""33.540916""},""hE"":{""N"":""68.5""},""tR"":{""N"":""86""}}",a47854d8-3051-70fa-00ce-ac30661244a5
868032061578211,1780164000,data.qo,"{""tE"":{""N"":""72.5""},""hL"":{""N"":""59.5""},""wL"":{""N"":""49.621716""},""tL"":{""N"":""95.18""},""hR"":{""N"":""49.4""},""wR"":{""N"":""33.590515""},""hE"":{""N"":""65.3""},""tR"":{""N"":""87.26""}}",a47854d8-3051-70fa-00ce-ac30661244a5
868032061578211,1780167600,data.qo,"{""tE"":{""N"":""71.96""},""hL"":{""N"":""59.5""},""wL"":{""N"":""49.40285""},""tL"":{""N"":""95.18""},""hR"":{""N"":""50.2""},""wR"":{""N"":""33.457787""},""hE"":{""N"":""64.1""},""tR"":{""N"":""88.16""}}",a47854d8-3051-70fa-00ce-ac30661244a5
868032061578211,1780171200,data.qo,"{""tE"":{""N"":""72.5""},""hL"":{""N"":""61""},""wL"":{""N"":""49.81956""},""tL"":{""N"":""95.18""},""hR"":{""N"":""51""},""wR"":{""N"":""33.367928""},""hE"":{""N"":""63.8""},""tR"":{""N"":""89.06""}}",a47854d8-3051-70fa-00ce-ac30661244a5
868032061578211,1780174800,data.qo,"{""tE"":{""N"":""72.5""},""hL"":{""N"":""63.4""},""wL"":{""N"":""49.80679""},""tL"":{""N"":""95.36""},""hR"":{""N"":""56.2""},""wR"":{""N"":""33.638176""},""hE"":{""N"":""69""},""tR"":{""N"":""90.5""}}",a47854d8-3051-70fa-00ce-ac30661244a5
868032061578211,1780178400,data.qo,"{""tE"":{""N"":""75.2""},""hL"":{""N"":""65.2""},""wL"":{""N"":""49.283466""},""tL"":{""N"":""95.9""},""hR"":{""N"":""60.5""},""wR"":{""N"":""32.95948""},""hE"":{""N"":""57.9""},""tR"":{""N"":""92.3""}}",a47854d8-3051-70fa-00ce-ac30661244a5
868032061578211,1780182000,data.qo,"{""tE"":{""N"":""70.7""},""hL"":{""N"":""62.2""},""wL"":{""N"":""49.262154""},""tL"":{""N"":""95.18""},""hR"":{""N"":""51.9""},""wR"":{""N"":""32.86982""},""hE"":{""N"":""71.1""},""tR"":{""N"":""90.86""}}",a47854d8-3051-70fa-00ce-ac30661244a5
868032061578211,1780185600,data.qo,"{""tE"":{""N"":""69.98""},""hL"":{""N"":""61.5""},""wL"":{""N"":""49.207195""},""tL"":{""N"":""94.82""},""hR"":{""N"":""49.8""},""wR"":{""N"":""32.982758""},""hE"":{""N"":""73""},""tR"":{""N"":""89.96""}}",a47854d8-3051-70fa-00ce-ac30661244a5
868032061578211,1780189200,data.qo,"{""tE"":{""N"":""69.98""},""hL"":{""N"":""58.7""},""wL"":{""N"":""49.212875""},""tL"":{""N"":""94.64""},""hR"":{""N"":""47.2""},""wR"":{""N"":""32.424934""},""hE"":{""N"":""73""},""tR"":{""N"":""88.16""}}",a47854d8-3051-70fa-00ce-ac30661244a5
868032061578211,1780192800,data.qo,"{""tE"":{""N"":""61.88""},""hL"":{""N"":""55.2""},""wL"":{""N"":""48.268085""},""tL"":{""N"":""94.46""},""hR"":{""N"":""44""},""wR"":{""N"":""31.595316""},""hE"":{""N"":""63.8""},""tR"":{""N"":""85.82""}}",a47854d8-3051-70fa-00ce-ac30661244a5
868032061578211,1780196400,data.qo,"{""tE"":{""N"":""58.28""},""hL"":{""N"":""54.2""},""wL"":{""N"":""47.909927""},""tL"":{""N"":""94.28""},""hR"":{""N"":""47.7""},""wR"":{""N"":""30.994331""},""hE"":{""N"":""66.2""},""tR"":{""N"":""84.02""}}",a47854d8-3051-70fa-00ce-ac30661244a5
868032061578211,1780200000,data.qo,"{""tE"":{""N"":""55.94""},""hL"":{""N"":""50""},""wL"":{""N"":""47.722622""},""tL"":{""N"":""94.28""},""hR"":{""N"":""46.2""},""wR"":{""N"":""30.725534""},""hE"":{""N"":""64""},""tR"":{""N"":""82.04""}}",a47854d8-3051-70fa-00ce-ac30661244a5
868032061578211,1780203600,data.qo,"{""tE"":{""N"":""55.04""},""hL"":{""N"":""43.4""},""wL"":{""N"":""47.67232""},""tL"":{""N"":""93.92""},""hR"":{""N"":""48.1""},""wR"":{""N"":""30.456348""},""hE"":{""N"":""73""},""tR"":{""N"":""80.42""}}",a47854d8-3051-70fa-00ce-ac30661244a5
868032061578211,1780207200,data.qo,"{""tE"":{""N"":""53.78""},""hL"":{""N"":""52.3""},""wL"":{""N"":""47.725098""},""tL"":{""N"":""93.92""},""hR"":{""N"":""48.1""},""wR"":{""N"":""30.339104""},""hE"":{""N"":""77.5""},""tR"":{""N"":""79.16""}}",a47854d8-3051-70fa-00ce-ac30661244a5
868032061578211,1780210800,data.qo,"{""tE"":{""N"":""53.42""},""hL"":{""N"":""51.9""},""wL"":{""N"":""47.928036""},""tL"":{""N"":""94.1""},""hR"":{""N"":""51.9""},""wR"":{""N"":""30.596771""},""hE"":{""N"":""81.4""},""tR"":{""N"":""78.08""}}",a47854d8-3051-70fa-00ce-ac30661244a5
868032061578211,1780214400,data.qo,"{""tE"":{""N"":""54.5""},""hL"":{""N"":""52.4""},""wL"":{""N"":""47.691547""},""tL"":{""N"":""94.1""},""hR"":{""N"":""48.7""},""wR"":{""N"":""30.596771""},""hE"":{""N"":""71.9""},""tR"":{""N"":""77.72""}}",a47854d8-3051-70fa-00ce-ac30661244a5
868032061578211,1780218000,data.qo,"{""tE"":{""N"":""53.06""},""hL"":{""N"":""49.8""},""wL"":{""N"":""47.791077""},""tL"":{""N"":""93.92""},""hR"":{""N"":""48.5""},""wR"":{""N"":""30.536432""},""hE"":{""N"":""64.3""},""tR"":{""N"":""77.72""}}",a47854d8-3051-70fa-00ce-ac30661244a5
868032061578211,1780221600,data.qo,"{""tE"":{""N"":""53.42""},""hL"":{""N"":""50.4""},""wL"":{""N"":""47.593575""},""tL"":{""N"":""93.92""},""hR"":{""N"":""49.7""},""wR"":{""N"":""30.73613""},""hE"":{""N"":""64.5""},""tR"":{""N"":""77.36""}}",a47854d8-3051-70fa-00ce-ac30661244a5
868032061578211,1780225200,data.qo,"{""tE"":{""N"":""53.42""},""hL"":{""N"":""51""},""wL"":{""N"":""47.706112""},""tL"":{""N"":""93.92""},""hR"":{""N"":""47.4""},""wR"":{""N"":""30.84515""},""hE"":{""N"":""64.5""},""tR"":{""N"":""77.36""}}",a47854d8-3051-70fa-00ce-ac30661244a5
868032061578211,1780228800,data.qo,"{""tE"":{""N"":""53.6""},""hL"":{""N"":""48.5""},""wL"":{""N"":""47.64295""},""tL"":{""N"":""93.92""},""hR"":{""N"":""48.9""},""wR"":{""N"":""30.672403""},""hE"":{""N"":""67.9""},""tR"":{""N"":""77.18""}}",a47854d8-3051-70fa-00ce-ac30661244a5
868032061578211,1780232400,data.qo,"{""tE"":{""N"":""53.06""},""hL"":{""N"":""50.1""},""wL"":{""N"":""47.74403""},""tL"":{""N"":""93.92""},""hR"":{""N"":""48.4""},""wR"":{""N"":""30.771116""},""hE"":{""N"":""73.4""},""tR"":{""N"":""77.36""}}",a47854d8-3051-70fa-00ce-ac30661244a5
868032061578211,1780236000,data.qo,"{""tE"":{""N"":""53.6""},""hL"":{""N"":""51""},""wL"":{""N"":""48.18346""},""tL"":{""N"":""93.92""},""hR"":{""N"":""47""},""wR"":{""N"":""31.379406""},""hE"":{""N"":""72""},""tR"":{""N"":""77""}}",a47854d8-3051-70fa-00ce-ac30661244a5
868032061578211,1780239600,data.qo,"{""tE"":{""N"":""56.48""},""hL"":{""N"":""54.2""},""wL"":{""N"":""48.516808""},""tL"":{""N"":""93.92""},""hR"":{""N"":""50.2""},""wR"":{""N"":""31.73748""},""hE"":{""N"":""70.3""},""tR"":{""N"":""77.54""}}",a47854d8-3051-70fa-00ce-ac30661244a5
868032061578211,1780243200,data.qo,"{""tE"":{""N"":""59""},""hL"":{""N"":""53.9""},""wL"":{""N"":""48.8302""},""tL"":{""N"":""94.1""},""hR"":{""N"":""48.9""},""wR"":{""N"":""32.05065""},""hE"":{""N"":""67.6""},""tR"":{""N"":""78.8""}}",a47854d8-3051-70fa-00ce-ac30661244a5
868032061578211,1780246800,data.qo,"{""tE"":{""N"":""61.88""},""hL"":{""N"":""55.2""},""wL"":{""N"":""48.809082""},""tL"":{""N"":""94.46""},""hR"":{""N"":""51.4""},""wR"":{""N"":""32.290123""},""hE"":{""N"":""67.2""},""tR"":{""N"":""80.24""}}",a47854d8-3051-70fa-00ce-ac30661244a5
868032061578211,1780250400,data.qo,"{""tE"":{""N"":""61.88""},""hL"":{""N"":""46.3""},""wL"":{""N"":""49.016827""},""tL"":{""N"":""94.46""},""hR"":{""N"":""52.3""},""wR"":{""N"":""32.508404""},""hE"":{""N"":""66.6""},""tR"":{""N"":""82.22""}}",a47854d8-3051-70fa-00ce-ac30661244a5
868032061578211,1780254000,data.qo,"{""tE"":{""N"":""64.4""},""hL"":{""N"":""54.4""},""wL"":{""N"":""49.150486""},""tL"":{""N"":""94.64""},""hR"":{""N"":""51.3""},""wR"":{""N"":""32.736797""},""hE"":{""N"":""63.4""},""tR"":{""N"":""82.94""}}",a47854d8-3051-70fa-00ce-ac30661244a5
868032061578211,1780257600,data.qo,"{""tE"":{""N"":""66.2""},""hL"":{""N"":""54.5""},""wL"":{""N"":""49.292835""},""tL"":{""N"":""94.64""},""hR"":{""N"":""53.1""},""wR"":{""N"":""32.982224""},""hE"":{""N"":""65.2""},""tR"":{""N"":""84.74""}}",a47854d8-3051-70fa-00ce-ac30661244a5
868032061578211,1780261200,data.qo,"{""tE"":{""N"":""67.46""},""hL"":{""N"":""56.1""},""wL"":{""N"":""49.567825""},""tL"":{""N"":""94.82""},""hR"":{""N"":""56.3""},""wR"":{""N"":""33.15894""},""hE"":{""N"":""65.7""},""tR"":{""N"":""87.44""}}",a47854d8-3051-70fa-00ce-ac30661244a5
868032061578211,1780264800,data.qo,"{""tE"":{""N"":""69.98""},""hL"":{""N"":""60.7""},""wL"":{""N"":""49.404697""},""tL"":{""N"":""95.54""},""hR"":{""N"":""53""},""wR"":{""N"":""33.351185""},""hE"":{""N"":""62""},""tR"":{""N"":""90.86""}}",a47854d8-3051-70fa-00ce-ac30661244a5
868032061578211,1780268400,data.qo,"{""tE"":{""N"":""69.44""},""hL"":{""N"":""61.2""},""wL"":{""N"":""49.134853""},""tL"":{""N"":""95.36""},""hR"":{""N"":""49.4""},""wR"":{""N"":""32.58176""},""hE"":{""N"":""63.6""},""tR"":{""N"":""91.76""}}",a47854d8-3051-70fa-00ce-ac30661244a5
868032061578211,1780272000,data.qo,"{""tE"":{""N"":""65.12""},""hL"":{""N"":""61.2""},""wL"":{""N"":""49.08839""},""tL"":{""N"":""95.36""},""hR"":{""N"":""48.2""},""wR"":{""N"":""32.1648""},""hE"":{""N"":""71.6""},""tR"":{""N"":""89.6""}}",a47854d8-3051-70fa-00ce-ac30661244a5
868032061578211,1780275600,data.qo,"{""tE"":{""N"":""62.96""},""hL"":{""N"":""55.9""},""wL"":{""N"":""49.348038""},""tL"":{""N"":""94.64""},""hR"":{""N"":""46""},""wR"":{""N"":""32.242268""},""hE"":{""N"":""76.4""},""tR"":{""N"":""86.9""}}",a47854d8-3051-70fa-00ce-ac30661244a5
868032061578211,1780279200,data.qo,"{""tE"":{""N"":""62.06""},""hL"":{""N"":""54.6""},""wL"":{""N"":""49.194668""},""tL"":{""N"":""94.46""},""hR"":{""N"":""49""},""wR"":{""N"":""32.014214""},""hE"":{""N"":""79.4""},""tR"":{""N"":""84.56""}}",a47854d8-3051-70fa-00ce-ac30661244a5
868032061578211,1780282800,data.qo,"{""tE"":{""N"":""62.06""},""hL"":{""N"":""55""},""wL"":{""N"":""49.134464""},""tL"":{""N"":""94.46""},""hR"":{""N"":""50.5""},""wR"":{""N"":""32.02994""},""hE"":{""N"":""79.4""},""tR"":{""N"":""83.3""}}",a47854d8-3051-70fa-00ce-ac30661244a5
868032061578211,1780286400,data.qo,"{""tE"":{""N"":""60.44""},""hL"":{""N"":""52.9""},""wL"":{""N"":""49.393383""},""tL"":{""N"":""94.28""},""hR"":{""N"":""51.5""},""wR"":{""N"":""32.112976""},""hE"":{""N"":""83.2""},""tR"":{""N"":""82.58""}}",a47854d8-3051-70fa-00ce-ac30661244a5
868032061578211,1780290000,data.qo,"{""tE"":{""N"":""60.26""},""hL"":{""N"":""54""},""wL"":{""N"":""49.38081""},""tL"":{""N"":""94.1""},""hR"":{""N"":""52.9""},""wR"":{""N"":""32.001293""},""hE"":{""N"":""84.2""},""tR"":{""N"":""81.5""}}",a47854d8-3051-70fa-00ce-ac30661244a5
868032061578211,1780293600,data.qo,"{""tE"":{""N"":""59.18""},""hL"":{""N"":""53.8""},""wL"":{""N"":""49.02387""},""tL"":{""N"":""94.28""},""hR"":{""N"":""54""},""wR"":{""N"":""31.999746""},""hE"":{""N"":""85.9""},""tR"":{""N"":""81.5""}}",a47854d8-3051-70fa-00ce-ac30661244a5
868032061578211,1780297200,data.qo,"{""tE"":{""N"":""58.1""},""hL"":{""N"":""53.9""},""wL"":{""N"":""48.909435""},""tL"":{""N"":""94.28""},""hR"":{""N"":""51.8""},""wR"":{""N"":""31.873838""},""hE"":{""N"":""88""},""tR"":{""N"":""80.96""}}",a47854d8-3051-70fa-00ce-ac30661244a5
868032061578211,1780300800,data.qo,"{""tE"":{""N"":""57.56""},""hL"":{""N"":""53""},""wL"":{""N"":""49.89651""},""tL"":{""N"":""94.46""},""hR"":{""N"":""57.3""},""wR"":{""N"":""32.286835""},""hE"":{""N"":""89""},""tR"":{""N"":""80.78""}}",a47854d8-3051-70fa-00ce-ac30661244a5
868032061578211,1780304400,data.qo,"{""tE"":{""N"":""59.72""},""hL"":{""N"":""52.9""},""wL"":{""N"":""49.921562""},""tL"":{""N"":""94.28""},""hR"":{""N"":""61.8""},""wR"":{""N"":""32.5806""},""hE"":{""N"":""88.3""},""tR"":{""N"":""80.78""}}",a47854d8-3051-70fa-00ce-ac30661244a5
868032061578211,1780308000,data.qo,"{""tE"":{""N"":""60.44""},""hL"":{""N"":""52.7""},""wL"":{""N"":""49.914474""},""tL"":{""N"":""94.28""},""hR"":{""N"":""53.2""},""wR"":{""N"":""32.564392""},""hE"":{""N"":""86.7""},""tR"":{""N"":""80.78""}}",a47854d8-3051-70fa-00ce-ac30661244a5
868032061578211,1780311600,data.qo,"{""tE"":{""N"":""60.98""},""hL"":{""N"":""52.6""},""wL"":{""N"":""49.875294""},""tL"":{""N"":""94.46""},""hR"":{""N"":""53.9""},""wR"":{""N"":""32.777687""},""hE"":{""N"":""88.4""},""tR"":{""N"":""82.22""}}",a47854d8-3051-70fa-00ce-ac30661244a5
868032061578211,1780315200,data.qo,"{""tE"":{""N"":""62.24""},""hL"":{""N"":""55.3""},""wL"":{""N"":""50.144215""},""tL"":{""N"":""94.64""},""hR"":{""N"":""51.9""},""wR"":{""N"":""33.003468""},""hE"":{""N"":""88.7""},""tR"":{""N"":""81.86""}}",a47854d8-3051-70fa-00ce-ac30661244a5
868032061578211,1780318800,data.qo,"{""tE"":{""N"":""63.32""},""hL"":{""N"":""55.2""},""wL"":{""N"":""49.90365""},""tL"":{""N"":""94.46""},""hR"":{""N"":""52.3""},""wR"":{""N"":""33.04053""},""hE"":{""N"":""87.2""},""tR"":{""N"":""82.04""}}",a47854d8-3051-70fa-00ce-ac30661244a5
868032061578211,1780322400,data.qo,"{""tE"":{""N"":""64.04""},""hL"":{""N"":""49""},""wL"":{""N"":""50.332787""},""tL"":{""N"":""94.46""},""hR"":{""N"":""53.3""},""wR"":{""N"":""33.391495""},""hE"":{""N"":""83.7""},""tR"":{""N"":""82.58""}}",a47854d8-3051-70fa-00ce-ac30661244a5
868032061578211,1780326000,data.qo,"{""tE"":{""N"":""65.66""},""hL"":{""N"":""53.4""},""wL"":{""N"":""50.871353""},""tL"":{""N"":""94.28""},""hR"":{""N"":""52.7""},""wR"":{""N"":""33.525772""},""hE"":{""N"":""77.1""},""tR"":{""N"":""83.3""}}",a47854d8-3051-70fa-00ce-ac30661244a5
868032061578211,1780329600,data.qo,"{""tE"":{""N"":""68.9""},""hL"":{""N"":""56.6""},""wL"":{""N"":""50.89364""},""tL"":{""N"":""94.64""},""hR"":{""N"":""58.3""},""wR"":{""N"":""33.64026""},""hE"":{""N"":""72.8""},""tR"":{""N"":""84.02""}}",a47854d8-3051-70fa-00ce-ac30661244a5
868032061578211,1780333200,data.qo,"{""tE"":{""N"":""68""},""hL"":{""N"":""58.3""},""wL"":{""N"":""50.83669""},""tL"":{""N"":""94.82""},""hR"":{""N"":""51.9""},""wR"":{""N"":""33.511253""},""hE"":{""N"":""70.4""},""tR"":{""N"":""84.92""}}",a47854d8-3051-70fa-00ce-ac30661244a5
868032061578211,1780336800,data.qo,"{""tE"":{""N"":""66.74""},""hL"":{""N"":""58.3""},""wL"":{""N"":""50.5918""},""tL"":{""N"":""94.82""},""hR"":{""N"":""51.1""},""wR"":{""N"":""33.145924""},""hE"":{""N"":""72.3""},""tR"":{""N"":""85.1""}}",a47854d8-3051-70fa-00ce-ac30661244a5
868032061578211,1780340400,data.qo,"{""tE"":{""N"":""65.12""},""hL"":{""N"":""56.8""},""wL"":{""N"":""50.65487""},""tL"":{""N"":""94.46""},""hR"":{""N"":""48.3""},""wR"":{""N"":""33.127148""},""hE"":{""N"":""76.2""},""tR"":{""N"":""85.1""}}",a47854d8-3051-70fa-00ce-ac30661244a5
868032061578211,1780344000,data.qo,"{""tE"":{""N"":""64.94""},""hL"":{""N"":""58.5""},""wL"":{""N"":""51.2081""},""tL"":{""N"":""94.46""},""hR"":{""N"":""48.9""},""wR"":{""N"":""33.63813""},""hE"":{""N"":""81.1""},""tR"":{""N"":""84.56""}}",a47854d8-3051-70fa-00ce-ac30661244a5
868032061578211,1780347600,data.qo,"{""tE"":{""N"":""71.06""},""hL"":{""N"":""62""},""wL"":{""N"":""51.084297""},""tL"":{""N"":""94.64""},""hR"":{""N"":""56""},""wR"":{""N"":""34.001915""},""hE"":{""N"":""69.5""},""tR"":{""N"":""85.82""}}",a47854d8-3051-70fa-00ce-ac30661244a5
868032061578211,1780351200,data.qo,"{""tE"":{""N"":""69.8""},""hL"":{""N"":""61.6""},""wL"":{""N"":""51.38434""},""tL"":{""N"":""95.18""},""hR"":{""N"":""47.3""},""wR"":{""N"":""34.279034""},""hE"":{""N"":""64.2""},""tR"":{""N"":""89.06""}}",a47854d8-3051-70fa-00ce-ac30661244a5
868032061578211,1780354800,data.qo,"{""tE"":{""N"":""74.84""},""hL"":{""N"":""62.2""},""wL"":{""N"":""50.956802""},""tL"":{""N"":""95""},""hR"":{""N"":""41.2""},""wR"":{""N"":""33.92251""},""hE"":{""N"":""47.6""},""tR"":{""N"":""88.34""}}",a47854d8-3051-70fa-00ce-ac30661244a5
868032061578211,1780358400,data.qo,"{""tE"":{""N"":""69.26""},""hL"":{""N"":""57.7""},""wL"":{""N"":""51.047302""},""tL"":{""N"":""94.64""},""hR"":{""N"":""39.8""},""wR"":{""N"":""33.467075""},""hE"":{""N"":""47.7""},""tR"":{""N"":""87.98""}}",a47854d8-3051-70fa-00ce-ac30661244a5
868032061578211,1780362000,data.qo,"{""tE"":{""N"":""67.1""},""hL"":{""N"":""56.1""},""wL"":{""N"":""51.118816""},""tL"":{""N"":""94.46""},""hR"":{""N"":""42.2""},""wR"":{""N"":""33.21294""},""hE"":{""N"":""53.9""},""tR"":{""N"":""86.54""}}",a47854d8-3051-70fa-00ce-ac30661244a5
868032061578211,1780365600,data.qo,"{""tE"":{""N"":""64.04""},""hL"":{""N"":""53.7""},""wL"":{""N"":""51.10255""},""tL"":{""N"":""94.1""},""hR"":{""N"":""43.4""},""wR"":{""N"":""32.855785""},""hE"":{""N"":""58.6""},""tR"":{""N"":""84.56""}}",a47854d8-3051-70fa-00ce-ac30661244a5
868032061578211,1780369200,data.qo,"{""tE"":{""N"":""62.96""},""hL"":{""N"":""53.3""},""wL"":{""N"":""50.96059""},""tL"":{""N"":""94.1""},""hR"":{""N"":""46.2""},""wR"":{""N"":""32.54755""},""hE"":{""N"":""64.8""},""tR"":{""N"":""84.2""}}",a47854d8-3051-70fa-00ce-ac30661244a5
868032061578211,1780372800,data.qo,"{""tE"":{""N"":""61.34""},""hL"":{""N"":""52""},""wL"":{""N"":""50.834114""},""tL"":{""N"":""93.92""},""hR"":{""N"":""47.4""},""wR"":{""N"":""32.29119""},""hE"":{""N"":""68.7""},""tR"":{""N"":""83.3""}}",a47854d8-3051-70fa-00ce-ac30661244a5
868032061578211,1780376400,data.qo,"{""tE"":{""N"":""60.08""},""hL"":{""N"":""52.8""},""wL"":{""N"":""50.886112""},""tL"":{""N"":""94.1""},""hR"":{""N"":""45.9""},""wR"":{""N"":""32.241154""},""hE"":{""N"":""72.3""},""tR"":{""N"":""82.22""}}",a47854d8-3051-70fa-00ce-ac30661244a5
868032061578211,1780380000,data.qo,"{""tE"":{""N"":""59.72""},""hL"":{""N"":""51.6""},""wL"":{""N"":""50.73313""},""tL"":{""N"":""94.28""},""hR"":{""N"":""47.5""},""wR"":{""N"":""32.217976""},""hE"":{""N"":""74.2""},""tR"":{""N"":""81.68""}}",a47854d8-3051-70fa-00ce-ac30661244a5
868032061578211,1780383600,data.qo,"{""tE"":{""N"":""59.72""},""hL"":{""N"":""50.2""},""wL"":{""N"":""50.601414""},""tL"":{""N"":""94.1""},""hR"":{""N"":""48.6""},""wR"":{""N"":""32.248848""},""hE"":{""N"":""71.4""},""tR"":{""N"":""81.5""}}",a47854d8-3051-70fa-00ce-ac30661244a5
868032061578211,1780387200,data.qo,"{""tE"":{""N"":""59""},""hL"":{""N"":""50.7""},""wL"":{""N"":""50.53514""},""tL"":{""N"":""94.1""},""hR"":{""N"":""48.3""},""wR"":{""N"":""32.31645""},""hE"":{""N"":""65.8""},""tR"":{""N"":""81.32""}}",a47854d8-3051-70fa-00ce-ac30661244a5
868032061578211,1780390800,data.qo,"{""tE"":{""N"":""58.46""},""hL"":{""N"":""49.7""},""wL"":{""N"":""50.478""},""tL"":{""N"":""94.1""},""hR"":{""N"":""47.4""},""wR"":{""N"":""32.24493""},""hE"":{""N"":""58""},""tR"":{""N"":""80.78""}}",a47854d8-3051-70fa-00ce-ac30661244a5
868032061578211,1780394400,data.qo,"{""tE"":{""N"":""57.92""},""hL"":{""N"":""50.4""},""wL"":{""N"":""50.694775""},""tL"":{""N"":""94.1""},""hR"":{""N"":""47.4""},""wR"":{""N"":""32.268932""},""hE"":{""N"":""55.9""},""tR"":{""N"":""80.06""}}",a47854d8-3051-70fa-00ce-ac30661244a5
868032061578211,1780398000,data.qo,"{""tE"":{""N"":""57.2""},""hL"":{""N"":""48.2""},""wL"":{""N"":""50.524075""},""tL"":{""N"":""93.92""},""hR"":{""N"":""44""},""wR"":{""N"":""32.015327""},""hE"":{""N"":""60""},""tR"":{""N"":""79.7""}}",a47854d8-3051-70fa-00ce-ac30661244a5
868032061578211,1780401600,data.qo,"{""tE"":{""N"":""56.3""},""hL"":{""N"":""50""},""wL"":{""N"":""50.481155""},""tL"":{""N"":""94.1""},""hR"":{""N"":""44.1""},""wR"":{""N"":""31.916082""},""hE"":{""N"":""63.8""},""tR"":{""N"":""79.34""}}",a47854d8-3051-70fa-00ce-ac30661244a5
868032061578211,1780405200,data.qo,"{""tE"":{""N"":""55.58""},""hL"":{""N"":""49.6""},""wL"":{""N"":""50.56398""},""tL"":{""N"":""94.1""},""hR"":{""N"":""44.9""},""wR"":{""N"":""31.751175""},""hE"":{""N"":""68.7""},""tR"":{""N"":""78.98""}}",a47854d8-3051-70fa-00ce-ac30661244a5
868032061578211,1780408800,data.qo,"{""tE"":{""N"":""54.86""},""hL"":{""N"":""49.2""},""wL"":{""N"":""50.448967""},""tL"":{""N"":""93.92""},""hR"":{""N"":""44.8""},""wR"":{""N"":""31.926437""},""hE"":{""N"":""71""},""tR"":{""N"":""78.8""}}",a47854d8-3051-70fa-00ce-ac30661244a5
868032061578211,1780412400,data.qo,"{""tE"":{""N"":""55.04""},""hL"":{""N"":""48.7""},""wL"":{""N"":""50.252872""},""tL"":{""N"":""93.92""},""hR"":{""N"":""46.5""},""wR"":{""N"":""32.2113""},""hE"":{""N"":""71.8""},""tR"":{""N"":""78.62""}}",a47854d8-3051-70fa-00ce-ac30661244a5
868032061578211,1780416000,data.qo,"{""tE"":{""N"":""55.4""},""hL"":{""N"":""53.3""},""wL"":{""N"":""50.364925""},""tL"":{""N"":""93.92""},""hR"":{""N"":""46.4""},""wR"":{""N"":""32.86309""},""hE"":{""N"":""65.4""},""tR"":{""N"":""78.98""}}",a47854d8-3051-70fa-00ce-ac30661244a5
868032061578211,1780419600,data.qo,"{""tE"":{""N"":""58.46""},""hL"":{""N"":""53.5""},""wL"":{""N"":""50.417892""},""tL"":{""N"":""94.1""},""hR"":{""N"":""49.4""},""wR"":{""N"":""33.03589""},""hE"":{""N"":""55.8""},""tR"":{""N"":""79.34""}}",a47854d8-3051-70fa-00ce-ac30661244a5
868032061578211,1780423200,data.qo,"{""tE"":{""N"":""60.44""},""hL"":{""N"":""58.4""},""wL"":{""N"":""50.292927""},""tL"":{""N"":""94.1""},""hR"":{""N"":""48.3""},""wR"":{""N"":""33.04426""},""hE"":{""N"":""51.1""},""tR"":{""N"":""80.78""}}",a47854d8-3051-70fa-00ce-ac30661244a5
868032061578211,1780426800,data.qo,"{""tE"":{""N"":""59""},""hL"":{""N"":""56""},""wL"":{""N"":""50.34225""},""tL"":{""N"":""94.28""},""hR"":{""N"":""46.9""},""wR"":{""N"":""33.1091""},""hE"":{""N"":""50.8""},""tR"":{""N"":""81.5""}}",a47854d8-3051-70fa-00ce-ac30661244a5
868032061578211,1780430400,data.qo,"{""tE"":{""N"":""60.44""},""hL"":{""N"":""54.6""},""wL"":{""N"":""50.847275""},""tL"":{""N"":""94.28""},""hR"":{""N"":""46.9""},""wR"":{""N"":""33.13813""},""hE"":{""N"":""54.2""},""tR"":{""N"":""82.4""}}",a47854d8-3051-70fa-00ce-ac30661244a5
868032061578211,1780434000,data.qo,"{""tE"":{""N"":""63.14""},""hL"":{""N"":""42.1""},""wL"":{""N"":""51.06876""},""tL"":{""N"":""94.1""},""hR"":{""N"":""51.2""},""wR"":{""N"":""32.996548""},""hE"":{""N"":""50.5""},""tR"":{""N"":""84.02""}}",a47854d8-3051-70fa-00ce-ac30661244a5
868032061578211,1780437600,data.qo,"{""tE"":{""N"":""60.44""},""hL"":{""N"":""41.9""},""wL"":{""N"":""51.038124""},""tL"":{""N"":""94.28""},""hR"":{""N"":""46.7""},""wR"":{""N"":""32.354675""},""hE"":{""N"":""57.5""},""tR"":{""N"":""84.92""}}",a47854d8-3051-70fa-00ce-ac30661244a5
868032061578211,1780441200,data.qo,"{""tE"":{""N"":""54.5""},""hL"":{""N"":""52.5""},""wL"":{""N"":""50.972534""},""tL"":{""N"":""94.1""},""hR"":{""N"":""50.6""},""wR"":{""N"":""32.901318""},""hE"":{""N"":""87.3""},""tR"":{""N"":""82.94""}}",a47854d8-3051-70fa-00ce-ac30661244a5
868032061578211,1780444800,data.qo,"{""tE"":{""N"":""54.5""},""hL"":{""N"":""52.8""},""wL"":{""N"":""50.733326""},""tL"":{""N"":""94.1""},""hR"":{""N"":""50.5""},""wR"":{""N"":""32.648586""},""hE"":{""N"":""87.3""},""tR"":{""N"":""82.58""}}",a47854d8-3051-70fa-00ce-ac30661244a5
868032061578211,1780448400,data.qo,"{""tE"":{""N"":""53.78""},""hL"":{""N"":""50""},""wL"":{""N"":""50.69662""},""tL"":{""N"":""93.92""},""hR"":{""N"":""46.1""},""wR"":{""N"":""32.482662""},""hE"":{""N"":""81.1""},""tR"":{""N"":""80.24""}}",a47854d8-3051-70fa-00ce-ac30661244a5
868032061578211,1780452000,data.qo,"{""tE"":{""N"":""50.9""},""hL"":{""N"":""45.3""},""wL"":{""N"":""50.568596""},""tL"":{""N"":""93.92""},""hR"":{""N"":""46.9""},""wR"":{""N"":""32.185654""},""hE"":{""N"":""85.1""},""tR"":{""N"":""78.44""}}",a47854d8-3051-70fa-00ce-ac30661244a5
868032061578211,1780455600,data.qo,"{""tE"":{""N"":""49.82""},""hL"":{""N"":""49.9""},""wL"":{""N"":""50.5416""},""tL"":{""N"":""93.56""},""hR"":{""N"":""46.7""},""wR"":{""N"":""31.994762""},""hE"":{""N"":""88.3""},""tR"":{""N"":""77.18""}}",a47854d8-3051-70fa-00ce-ac30661244a5
868032061578211,1780459200,data.qo,"{""tE"":{""N"":""48.56""},""hL"":{""N"":""45.8""},""wL"":{""N"":""50.24816""},""tL"":{""N"":""93.92""},""hR"":{""N"":""46.7""},""wR"":{""N"":""31.790854""},""hE"":{""N"":""89.3""},""tR"":{""N"":""77.18""}}",a47854d8-3051-70fa-00ce-ac30661244a5
868032061578211,1780462800,data.qo,"{""tE"":{""N"":""47.12""},""hL"":{""N"":""49.5""},""wL"":{""N"":""50.14912""},""tL"":{""N"":""93.92""},""hR"":{""N"":""46.7""},""wR"":{""N"":""31.750303""},""hE"":{""N"":""91.1""},""tR"":{""N"":""77.18""}}",a47854d8-3051-70fa-00ce-ac30661244a5
868032061578211,1780466400,data.qo,"{""tE"":{""N"":""46.04""},""hL"":{""N"":""51.4""},""wL"":{""N"":""50.14203""},""tL"":{""N"":""93.92""},""hR"":{""N"":""48.5""},""wR"":{""N"":""31.646994""},""hE"":{""N"":""92.5""},""tR"":{""N"":""73.76""}}",a47854d8-3051-70fa-00ce-ac30661244a5
868032061578211,1780470000,data.qo,"{""tE"":{""N"":""46.04""},""hL"":{""N"":""52.5""},""wL"":{""N"":""50.46984""},""tL"":{""N"":""93.56""},""hR"":{""N"":""49.9""},""wR"":{""N"":""31.587477""},""hE"":{""N"":""91.1""},""tR"":{""N"":""74.3""}}",a47854d8-3051-70fa-00ce-ac30661244a5
868032061578211,1780473600,data.qo,"{""tE"":{""N"":""45.32""},""hL"":{""N"":""51.3""},""wL"":{""N"":""50.443287""},""tL"":{""N"":""93.38""},""hR"":{""N"":""49""},""wR"":{""N"":""31.504732""},""hE"":{""N"":""91.2""},""tR"":{""N"":""73.22""}}",a47854d8-3051-70fa-00ce-ac30661244a5
868032061578211,1780477200,data.qo,"{""tE"":{""N"":""44.24""},""hL"":{""N"":""49.4""},""wL"":{""N"":""50.19568""},""tL"":{""N"":""93.56""},""hR"":{""N"":""51.1""},""wR"":{""N"":""31.362616""},""hE"":{""N"":""91.2""},""tR"":{""N"":""73.22""}}",a47854d8-3051-70fa-00ce-ac30661244a5
868032061578211,1780480800,data.qo,"{""tE"":{""N"":""43.52""},""hL"":{""N"":""49.6""},""wL"":{""N"":""50.30346""},""tL"":{""N"":""93.56""},""hR"":{""N"":""53.5""},""wR"":{""N"":""31.252531""},""hE"":{""N"":""91.3""},""tR"":{""N"":""71.96""}}",a47854d8-3051-70fa-00ce-ac30661244a5
868032061578211,1780484400,data.qo,"{""tE"":{""N"":""43.34""},""hL"":{""N"":""51.1""},""wL"":{""N"":""50.227383""},""tL"":{""N"":""93.74""},""hR"":{""N"":""50.5""},""wR"":{""N"":""31.231821""},""hE"":{""N"":""91.5""},""tR"":{""N"":""71.78""}}",a47854d8-3051-70fa-00ce-ac30661244a5
868032061578211,1780488000,data.qo,"{""tE"":{""N"":""43.16""},""hL"":{""N"":""50.9""},""wL"":{""N"":""50.605057""},""tL"":{""N"":""93.38""},""hR"":{""N"":""55.3""},""wR"":{""N"":""31.728287""},""hE"":{""N"":""92.2""},""tR"":{""N"":""71.42""}}",a47854d8-3051-70fa-00ce-ac30661244a5
868032061578211,1780491600,data.qo,"{""tE"":{""N"":""46.94""},""hL"":{""N"":""50.9""},""wL"":{""N"":""50.998653""},""tL"":{""N"":""93.56""},""hR"":{""N"":""53.5""},""wR"":{""N"":""32.269268""},""hE"":{""N"":""91.1""},""tR"":{""N"":""71.06""}}",a47854d8-3051-70fa-00ce-ac30661244a5
868032061578211,1780495200,data.qo,"{""tE"":{""N"":""57.02""},""hL"":{""N"":""55""},""wL"":{""N"":""51.275585""},""tL"":{""N"":""93.38""},""hR"":{""N"":""54""},""wR"":{""N"":""32.88414""},""hE"":{""N"":""87.9""},""tR"":{""N"":""73.4""}}",a47854d8-3051-70fa-00ce-ac30661244a5
868032061578211,1780498800,data.qo,"{""tE"":{""N"":""60.08""},""hL"":{""N"":""52.2""},""wL"":{""N"":""51.25665""},""tL"":{""N"":""93.56""},""hR"":{""N"":""53.2""},""wR"":{""N"":""33.575855""},""hE"":{""N"":""55.3""},""tR"":{""N"":""76.46""}}",a47854d8-3051-70fa-00ce-ac30661244a5
868032061578211,1780502400,data.qo,"{""tE"":{""N"":""62.6""},""hL"":{""N"":""50.5""},""wL"":{""N"":""50.8565""},""tL"":{""N"":""93.92""},""hR"":{""N"":""53.3""},""wR"":{""N"":""34.09085""},""hE"":{""N"":""49.7""},""tR"":{""N"":""79.88""}}",a47854d8-3051-70fa-00ce-ac30661244a5
868032061578211,1780506000,data.qo,"{""tE"":{""N"":""64.04""},""hL"":{""N"":""55.1""},""wL"":{""N"":""51.104298""},""tL"":{""N"":""94.28""},""hR"":{""N"":""50.8""},""wR"":{""N"":""33.888588""},""hE"":{""N"":""42.7""},""tR"":{""N"":""81.5""}}",a47854d8-3051-70fa-00ce-ac30661244a5
868032061578211,1780509600,data.qo,"{""tE"":{""N"":""64.58""},""hL"":{""N"":""53.2""},""wL"":{""N"":""51.978252""},""tL"":{""N"":""94.28""},""hR"":{""N"":""47.3""},""wR"":{""N"":""33.7336""},""hE"":{""N"":""42.8""},""tR"":{""N"":""82.04""}}",a47854d8-3051-70fa-00ce-ac30661244a5
868032061578211,1780513200,data.qo,"{""tE"":{""N"":""64.04""},""hL"":{""N"":""50.3""},""wL"":{""N"":""51.974613""},""tL"":{""N"":""92.84""},""hR"":{""N"":""49.7""},""wR"":{""N"":""33.55703""},""hE"":{""N"":""44""},""tR"":{""N"":""82.76""}}",a47854d8-3051-70fa-00ce-ac30661244a5
868032061578211,1780516800,data.qo,"{""tE"":{""N"":""65.66""},""hL"":{""N"":""52.7""},""wL"":{""N"":""51.711178""},""tL"":{""N"":""93.38""},""hR"":{""N"":""51.2""},""wR"":{""N"":""33.451397""},""hE"":{""N"":""46.2""},""tR"":{""N"":""85.46""}}",a47854d8-3051-70fa-00ce-ac30661244a5
868032061578211,1780520400,data.qo,"{""tE"":{""N"":""86.72""},""hL"":{""N"":""38.9""},""wL"":{""N"":""51.81187""},""tL"":{""N"":""93.38""},""hR"":{""N"":""56.1""},""wR"":{""N"":""33.832794""},""hE"":{""N"":""32.9""},""tR"":{""N"":""87.8""}}",a47854d8-3051-70fa-00ce-ac30661244a5
868032061578211,1780524000,data.qo,"{""tE"":{""N"":""95.72""},""hL"":{""N"":""37.2""},""wL"":{""N"":""51.98243""},""tL"":{""N"":""94.1""},""hR"":{""N"":""50.2""},""wR"":{""N"":""34.34049""},""hE"":{""N"":""25.7""},""tR"":{""N"":""89.6""}}",a47854d8-3051-70fa-00ce-ac30661244a5
868032061578211,1780527600,data.qo,"{""tE"":{""N"":""90.86""},""hL"":{""N"":""35.6""},""wL"":{""N"":""52.003937""},""tL"":{""N"":""94.28""},""hR"":{""N"":""48.2""},""wR"":{""N"":""34.32423""},""hE"":{""N"":""29.8""},""tR"":{""N"":""89.96""}}",a47854d8-3051-70fa-00ce-ac30661244a5
868032061578211,1780531200,data.qo,"{""tE"":{""N"":""77.36""},""hL"":{""N"":""40.3""},""wL"":{""N"":""51.876686""},""tL"":{""N"":""94.28""},""hR"":{""N"":""43.6""},""wR"":{""N"":""32.93122""},""hE"":{""N"":""35""},""tR"":{""N"":""89.6""}}",a47854d8-3051-70fa-00ce-ac30661244a5
868032061578211,1780534800,data.qo,"{""tE"":{""N"":""66.02""},""hL"":{""N"":""37.2""},""wL"":{""N"":""51.879066""},""tL"":{""N"":""93.02""},""hR"":{""N"":""41.8""},""wR"":{""N"":""32.42808""},""hE"":{""N"":""47.7""},""tR"":{""N"":""87.98""}}",a47854d8-3051-70fa-00ce-ac30661244a5
868032061578211,1780538400,data.qo,"{""tE"":{""N"":""60.98""},""hL"":{""N"":""26.9""},""wL"":{""N"":""51.6954""},""tL"":{""N"":""92.48""},""hR"":{""N"":""41.4""},""wR"":{""N"":""31.948599""},""hE"":{""N"":""57.3""},""tR"":{""N"":""85.1""}}",a47854d8-3051-70fa-00ce-ac30661244a5
868032061578211,1780542000,data.qo,"{""tE"":{""N"":""57.74""},""hL"":{""N"":""28.3""},""wL"":{""N"":""51.510616""},""tL"":{""N"":""92.12""},""hR"":{""N"":""44.2""},""wR"":{""N"":""31.412989""},""hE"":{""N"":""63.2""},""tR"":{""N"":""84.02""}}",a47854d8-3051-70fa-00ce-ac30661244a5
868032061578211,1780545600,data.qo,"{""tE"":{""N"":""55.22""},""hL"":{""N"":""28.3""},""wL"":{""N"":""51.3253""},""tL"":{""N"":""92.12""},""hR"":{""N"":""44.6""},""wR"":{""N"":""31.124352""},""hE"":{""N"":""69.6""},""tR"":{""N"":""82.22""}}",a47854d8-3051-70fa-00ce-ac30661244a5
868032061578211,1780549200,data.qo,"{""tE"":{""N"":""53.42""},""hL"":{""N"":""37.3""},""wL"":{""N"":""51.23689""},""tL"":{""N"":""93.02""},""hR"":{""N"":""49.1""},""wR"":{""N"":""30.925861""},""hE"":{""N"":""74""},""tR"":{""N"":""80.78""}}",a47854d8-3051-70fa-00ce-ac30661244a5
868032061578211,1780552800,data.qo,"{""tE"":{""N"":""53.42""},""hL"":{""N"":""46.4""},""wL"":{""N"":""51.153576""},""tL"":{""N"":""93.2""},""hR"":{""N"":""54.2""},""wR"":{""N"":""30.817278""},""hE"":{""N"":""74""},""tR"":{""N"":""79.52""}}",a47854d8-3051-70fa-00ce-ac30661244a5
868032061578211,1780556400,data.qo,"{""tE"":{""N"":""50.72""},""hL"":{""N"":""34""},""wL"":{""N"":""51.116""},""tL"":{""N"":""93.02""},""hR"":{""N"":""45.9""},""wR"":{""N"":""30.664951""},""hE"":{""N"":""80.4""},""tR"":{""N"":""77.9""}}",a47854d8-3051-70fa-00ce-ac30661244a5
868032061578211,1780560000,data.qo,"{""tE"":{""N"":""49.64""},""hL"":{""N"":""38""},""wL"":{""N"":""51.057934""},""tL"":{""N"":""93.02""},""hR"":{""N"":""52.4""},""wR"":{""N"":""31.221853""},""hE"":{""N"":""82.5""},""tR"":{""N"":""77.36""}}",a47854d8-3051-70fa-00ce-ac30661244a5
868032061578211,1780563600,data.qo,"{""tE"":{""N"":""48.56""},""hL"":{""N"":""50.6""},""wL"":{""N"":""50.991856""},""tL"":{""N"":""93.2""},""hR"":{""N"":""50.3""},""wR"":{""N"":""31.249096""},""hE"":{""N"":""84.5""},""tR"":{""N"":""76.46""}}",a47854d8-3051-70fa-00ce-ac30661244a5
868032061578211,1780567200,data.qo,"{""tE"":{""N"":""48.02""},""hL"":{""N"":""44.9""},""wL"":{""N"":""50.965397""},""tL"":{""N"":""93.2""},""hR"":{""N"":""53.7""},""wR"":{""N"":""31.313694""},""hE"":{""N"":""85.8""},""tR"":{""N"":""76.28""}}",a47854d8-3051-70fa-00ce-ac30661244a5
868032061578211,1780570800,data.qo,"{""tE"":{""N"":""47.3""},""hL"":{""N"":""46.2""},""wL"":{""N"":""50.956997""},""tL"":{""N"":""93.2""},""hR"":{""N"":""49.8""},""wR"":{""N"":""31.360922""},""hE"":{""N"":""87.1""},""tR"":{""N"":""75.56""}}",a47854d8-3051-70fa-00ce-ac30661244a5
868032061578211,1780574400,data.qo,"{""tE"":{""N"":""47.3""},""hL"":{""N"":""44""},""wL"":{""N"":""51.045406""},""tL"":{""N"":""93.2""},""hR"":{""N"":""48.5""},""wR"":{""N"":""31.687496""},""hE"":{""N"":""88.3""},""tR"":{""N"":""75.02""}}",a47854d8-3051-70fa-00ce-ac30661244a5
868032061578211,1780578000,data.qo,"{""tE"":{""N"":""51.26""},""hL"":{""N"":""51.6""},""wL"":{""N"":""51.184116""},""tL"":{""N"":""93.2""},""hR"":{""N"":""48.6""},""wR"":{""N"":""32.468002""},""hE"":{""N"":""84.7""},""tR"":{""N"":""75.2""}}",a47854d8-3051-70fa-00ce-ac30661244a5
868032061578211,1780581600,data.qo,"{""tE"":{""N"":""57.56""},""hL"":{""N"":""50""},""wL"":{""N"":""51.431576""},""tL"":{""N"":""93.2""},""hR"":{""N"":""52.6""},""wR"":{""N"":""33.024612""},""hE"":{""N"":""74.8""},""tR"":{""N"":""77""}}",a47854d8-3051-70fa-00ce-ac30661244a5
868032061578211,1780585200,data.qo,"{""tE"":{""N"":""62.42""},""hL"":{""N"":""45.8""},""wL"":{""N"":""51.724968""},""tL"":{""N"":""93.2""},""hR"":{""N"":""55.1""},""wR"":{""N"":""33.4964""},""hE"":{""N"":""61.4""},""tR"":{""N"":""80.06""}}",a47854d8-3051-70fa-00ce-ac30661244a5
868032061578211,1780588800,data.qo,"{""tE"":{""N"":""65.48""},""hL"":{""N"":""46.8""},""wL"":{""N"":""51.948395""},""tL"":{""N"":""93.92""},""hR"":{""N"":""50.8""},""wR"":{""N"":""33.915928""},""hE"":{""N"":""52.1""},""tR"":{""N"":""82.04""}}",a47854d8-3051-70fa-00ce-ac30661244a5
868032061578211,1780592400,data.qo,"{""tE"":{""N"":""67.46""},""hL"":{""N"":""46.8""},""wL"":{""N"":""52.136818""},""tL"":{""N"":""93.92""},""hR"":{""N"":""49""},""wR"":{""N"":""33.984978""},""hE"":{""N"":""47.9""},""tR"":{""N"":""84.02""}}",a47854d8-3051-70fa-00ce-ac30661244a5
868032061578211,1780596000,data.qo,"{""tE"":{""N"":""68.36""},""hL"":{""N"":""40""},""wL"":{""N"":""52.22091""},""tL"":{""N"":""93.56""},""hR"":{""N"":""47.5""},""wR"":{""N"":""34.153225""},""hE"":{""N"":""45.9""},""tR"":{""N"":""84.92""}}",a47854d8-3051-70fa-00ce-ac30661244a5
868032061578211,1780599600,data.qo,"{""tE"":{""N"":""71.06""},""hL"":{""N"":""42.3""},""wL"":{""N"":""52.3485""},""tL"":{""N"":""93.56""},""hR"":{""N"":""50.5""},""wR"":{""N"":""34.047737""},""hE"":{""N"":""40.2""},""tR"":{""N"":""86.36""}}",a47854d8-3051-70fa-00ce-ac30661244a5
868032061578211,1780603200,data.qo,"{""tE"":{""N"":""73.58""},""hL"":{""N"":""36.1""},""wL"":{""N"":""52.32738""},""tL"":{""N"":""93.56""},""hR"":{""N"":""52.8""},""wR"":{""N"":""34.135128""},""hE"":{""N"":""36.8""},""tR"":{""N"":""88.7""}}",a47854d8-3051-70fa-00ce-ac30661244a5
868032061578211,1780606800,data.qo,"{""tE"":{""N"":""96.98""},""hL"":{""N"":""58.2""},""wL"":{""N"":""52.518864""},""tL"":{""N"":""94.28""},""hR"":{""N"":""51.4""},""wR"":{""N"":""34.129852""},""hE"":{""N"":""26.8""},""tR"":{""N"":""89.6""}}",a47854d8-3051-70fa-00ce-ac30661244a5
868032061578211,1780610400,data.qo,"{""tE"":{""N"":""104.36""},""hL"":{""N"":""61""},""wL"":{""N"":""52.633442""},""tL"":{""N"":""95.36""},""hR"":{""N"":""50.1""},""wR"":{""N"":""34.20897""},""hE"":{""N"":""25.7""},""tR"":{""N"":""91.94""}}",a47854d8-3051-70fa-00ce-ac30661244a5
868032061578211,1780614000,data.qo,"{""tE"":{""N"":""104.36""},""hL"":{""N"":""64.6""},""wL"":{""N"":""52.811718""},""tL"":{""N"":""96.26""},""hR"":{""N"":""45.7""},""wR"":{""N"":""33.588337""},""hE"":{""N"":""25.7""},""tR"":{""N"":""92.48""}}",a47854d8-3051-70fa-00ce-ac30661244a5
868032061578211,1780617600,data.qo,"{""tE"":{""N"":""79.52""},""hL"":{""N"":""55.3""},""wL"":{""N"":""52.76244""},""tL"":{""N"":""95.18""},""hR"":{""N"":""41.9""},""wR"":{""N"":""33.185844""},""hE"":{""N"":""42.1""},""tR"":{""N"":""90.68""}}",a47854d8-3051-70fa-00ce-ac30661244a5
868032061578211,1780621200,data.qo,"{""tE"":{""N"":""70.52""},""hL"":{""N"":""51.5""},""wL"":{""N"":""52.79045""},""tL"":{""N"":""93.92""},""hR"":{""N"":""42.3""},""wR"":{""N"":""32.879543""},""hE"":{""N"":""52""},""tR"":{""N"":""88.7""}}",a47854d8-3051-70fa-00ce-ac30661244a5
868032061578211,1780624800,data.qo,"{""tE"":{""N"":""65.66""},""hL"":{""N"":""51.7""},""wL"":{""N"":""52.695004""},""tL"":{""N"":""93.56""},""hR"":{""N"":""45.7""},""wR"":{""N"":""32.33382""},""hE"":{""N"":""59""},""tR"":{""N"":""86.9""}}",a47854d8-3051-70fa-00ce-ac30661244a5
868032061578211,1780628400,data.qo,"{""tE"":{""N"":""62.96""},""hL"":{""N"":""47.5""},""wL"":{""N"":""52.584988""},""tL"":{""N"":""92.48""},""hR"":{""N"":""52.1""},""wR"":{""N"":""32.098457""},""hE"":{""N"":""64.3""},""tR"":{""N"":""86""}}",a47854d8-3051-70fa-00ce-ac30661244a5
868032061578211,1780632000,data.qo,"{""tE"":{""N"":""60.44""},""hL"":{""N"":""55.1""},""wL"":{""N"":""52.498375""},""tL"":{""N"":""93.2""},""hR"":{""N"":""47.6""},""wR"":{""N"":""31.807886""},""hE"":{""N"":""70.1""},""tR"":{""N"":""84.92""}}",a47854d8-3051-70fa-00ce-ac30661244a5
868032061578211,1780635540,data.qo,"{""tE"":{""N"":""58.28""},""hL"":{""N"":""53.6""},""wL"":{""N"":""52.40938""},""tL"":{""N"":""93.02""},""hR"":{""N"":""52.2""},""wR"":{""N"":""31.73477""},""hE"":{""N"":""74.2""},""tR"":{""N"":""83.3""}}",a47854d8-3051-70fa-00ce-ac30661244a5
868032061578211,1780639200,data.qo,"{""tE"":{""N"":""56.66""},""hL"":{""N"":""48.3""},""wL"":{""N"":""52.32495""},""tL"":{""N"":""92.48""},""hR"":{""N"":""50.4""},""wR"":{""N"":""31.469505""},""hE"":{""N"":""77.4""},""tR"":{""N"":""82.4""}}",a47854d8-3051-70fa-00ce-ac30661244a5
868032061578211,1780642800,data.qo,"{""tE"":{""N"":""55.22""},""hL"":{""N"":""47.1""},""wL"":{""N"":""52.238533""},""tL"":{""N"":""93.02""},""hR"":{""N"":""53.6""},""wR"":{""N"":""31.421988""},""hE"":{""N"":""80.3""},""tR"":{""N"":""81.86""}}",a47854d8-3051-70fa-00ce-ac30661244a5
868032061578211,1780646400,data.qo,"{""tE"":{""N"":""54.14""},""hL"":{""N"":""53.3""},""wL"":{""N"":""52.271885""},""tL"":{""N"":""93.02""},""hR"":{""N"":""48.9""},""wR"":{""N"":""31.450294""},""hE"":{""N"":""83""},""tR"":{""N"":""80.78""}}",a47854d8-3051-70fa-00ce-ac30661244a5
868032061578211,1780650000,data.qo,"{""tE"":{""N"":""53.24""},""hL"":{""N"":""54.6""},""wL"":{""N"":""52.13847""},""tL"":{""N"":""92.84""},""hR"":{""N"":""48.8""},""wR"":{""N"":""31.238209""},""hE"":{""N"":""83.7""},""tR"":{""N"":""80.24""}}",a47854d8-3051-70fa-00ce-ac30661244a5
868032061578211,1780653600,data.qo,"{""tE"":{""N"":""52.52""},""hL"":{""N"":""54.6""},""wL"":{""N"":""52.020782""},""tL"":{""N"":""92.84""},""hR"":{""N"":""49.2""},""wR"":{""N"":""31.285""},""hE"":{""N"":""85.5""},""tR"":{""N"":""79.16""}}",a47854d8-3051-70fa-00ce-ac30661244a5
868032061578211,1780657200,data.qo,"{""tE"":{""N"":""51.98""},""hL"":{""N"":""50.3""},""wL"":{""N"":""51.980244""},""tL"":{""N"":""93.2""},""hR"":{""N"":""46.6""},""wR"":{""N"":""31.366486""},""hE"":{""N"":""86.5""},""tR"":{""N"":""78.44""}}",a47854d8-3051-70fa-00ce-ac30661244a5
868032061578211,1780660800,data.qo,"{""tE"":{""N"":""52.34""},""hL"":{""N"":""46.9""},""wL"":{""N"":""52.0889""},""tL"":{""N"":""92.84""},""hR"":{""N"":""47.7""},""wR"":{""N"":""31.87592""},""hE"":{""N"":""86.7""},""tR"":{""N"":""78.08""}}",a47854d8-3051-70fa-00ce-ac30661244a5
868032061578211,1780664400,data.qo,"{""tE"":{""N"":""55.58""},""hL"":{""N"":""47.5""},""wL"":{""N"":""52.367092""},""tL"":{""N"":""93.02""},""hR"":{""N"":""49.3""},""wR"":{""N"":""32.726154""},""hE"":{""N"":""85.7""},""tR"":{""N"":""77.9""}}",a47854d8-3051-70fa-00ce-ac30661244a5
868032061578211,1780668000,data.qo,"{""tE"":{""N"":""62.6""},""hL"":{""N"":""53.3""},""wL"":{""N"":""52.777634""},""tL"":{""N"":""93.38""},""hR"":{""N"":""50.5""},""wR"":{""N"":""33.044598""},""hE"":{""N"":""68.6""},""tR"":{""N"":""80.24""}}",a47854d8-3051-70fa-00ce-ac30661244a5
868032061578211,1780671600,data.qo,"{""tE"":{""N"":""66.02""},""hL"":{""N"":""57.4""},""wL"":{""N"":""52.994995""},""tL"":{""N"":""93.92""},""hR"":{""N"":""50.8""},""wR"":{""N"":""33.67442""},""hE"":{""N"":""63.5""},""tR"":{""N"":""83.3""}}",a47854d8-3051-70fa-00ce-ac30661244a5
868032061578211,1780675200,data.qo,"{""tE"":{""N"":""70.16""},""hL"":{""N"":""60.3""},""wL"":{""N"":""53.0735""},""tL"":{""N"":""94.64""},""hR"":{""N"":""49.6""},""wR"":{""N"":""34.121483""},""hE"":{""N"":""53""},""tR"":{""N"":""85.46""}}",a47854d8-3051-70fa-00ce-ac30661244a5
868032061578211,1780678800,data.qo,"{""tE"":{""N"":""71.24""},""hL"":{""N"":""60.4""},""wL"":{""N"":""53.192547""},""tL"":{""N"":""95.36""},""hR"":{""N"":""49.4""},""wR"":{""N"":""34.361053""},""hE"":{""N"":""54.5""},""tR"":{""N"":""87.08""}}",a47854d8-3051-70fa-00ce-ac30661244a5
868032061578211,1780682400,data.qo,"{""tE"":{""N"":""73.04""},""hL"":{""N"":""60.8""},""wL"":{""N"":""53.430637""},""tL"":{""N"":""95.18""},""hR"":{""N"":""47.7""},""wR"":{""N"":""34.54875""},""hE"":{""N"":""51.5""},""tR"":{""N"":""87.8""}}",a47854d8-3051-70fa-00ce-ac30661244a5
868032061578211,1780686000,data.qo,"{""tE"":{""N"":""74.48""},""hL"":{""N"":""61.9""},""wL"":{""N"":""53.542255""},""tL"":{""N"":""95""},""hR"":{""N"":""46.1""},""wR"":{""N"":""34.507088""},""hE"":{""N"":""50.6""},""tR"":{""N"":""87.8""}}",a47854d8-3051-70fa-00ce-ac30661244a5
868032061578211,1780689600,data.qo,"{""tE"":{""N"":""77""},""hL"":{""N"":""63.9""},""wL"":{""N"":""53.56255""},""tL"":{""N"":""95.36""},""hR"":{""N"":""52.1""},""wR"":{""N"":""34.663383""},""hE"":{""N"":""47.5""},""tR"":{""N"":""89.6""}}",a47854d8-3051-70fa-00ce-ac30661244a5
868032061578211,1780693200,data.qo,"{""tE"":{""N"":""86.9""},""hL"":{""N"":""68.8""},""wL"":{""N"":""53.693733""},""tL"":{""N"":""96.44""},""hR"":{""N"":""51.8""},""wR"":{""N"":""34.672287""},""hE"":{""N"":""40.8""},""tR"":{""N"":""90.86""}}",a47854d8-3051-70fa-00ce-ac30661244a5
868032061578211,1780696800,data.qo,"{""tE"":{""N"":""97.7""},""hL"":{""N"":""70.4""},""wL"":{""N"":""53.85997""},""tL"":{""N"":""97.16""},""hR"":{""N"":""55.3""},""wR"":{""N"":""34.471428""},""hE"":{""N"":""35""},""tR"":{""N"":""92.12""}}",a47854d8-3051-70fa-00ce-ac30661244a5
868032061578211,1780700400,data.qo,"{""tE"":{""N"":""78.98""},""hL"":{""N"":""69.4""},""wL"":{""N"":""53.881863""},""tL"":{""N"":""97.34""},""hR"":{""N"":""42.9""},""wR"":{""N"":""34.34731""},""hE"":{""N"":""47.5""},""tR"":{""N"":""90.86""}}",a47854d8-3051-70fa-00ce-ac30661244a5
868032061578211,1780704000,data.qo,"{""tE"":{""N"":""75.56""},""hL"":{""N"":""67.4""},""wL"":{""N"":""53.880165""},""tL"":{""N"":""96.08""},""hR"":{""N"":""48.5""},""wR"":{""N"":""34.17345""},""hE"":{""N"":""51.9""},""tR"":{""N"":""89.6""}}",a47854d8-3051-70fa-00ce-ac30661244a5
868032061578211,1780707600,data.qo,"{""tE"":{""N"":""71.78""},""hL"":{""N"":""64.3""},""wL"":{""N"":""53.88497""},""tL"":{""N"":""94.64""},""hR"":{""N"":""46.7""},""wR"":{""N"":""33.990253""},""hE"":{""N"":""58.1""},""tR"":{""N"":""88.16""}}",a47854d8-3051-70fa-00ce-ac30661244a5
868032061578211,1780711200,data.qo,"{""tE"":{""N"":""68""},""hL"":{""N"":""61""},""wL"":{""N"":""53.765488""},""tL"":{""N"":""93.92""},""hR"":{""N"":""48.5""},""wR"":{""N"":""33.704082""},""hE"":{""N"":""63.3""},""tR"":{""N"":""86.54""}}",a47854d8-3051-70fa-00ce-ac30661244a5
868032061578211,1780714800,data.qo,"{""tE"":{""N"":""65.48""},""hL"":{""N"":""61""},""wL"":{""N"":""53.689167""},""tL"":{""N"":""93.92""},""hR"":{""N"":""48.3""},""wR"":{""N"":""33.50177""},""hE"":{""N"":""69.9""},""tR"":{""N"":""85.46""}}",a47854d8-3051-70fa-00ce-ac30661244a5
868032061578211,1780718400,data.qo,"{""tE"":{""N"":""63.14""},""hL"":{""N"":""59.1""},""wL"":{""N"":""53.594448""},""tL"":{""N"":""93.56""},""hR"":{""N"":""50.5""},""wR"":{""N"":""33.223003""},""hE"":{""N"":""74.5""},""tR"":{""N"":""84.38""}}",a47854d8-3051-70fa-00ce-ac30661244a5
868032061578211,1780722000,data.qo,"{""tE"":{""N"":""61.34""},""hL"":{""N"":""57.8""},""wL"":{""N"":""53.521523""},""tL"":{""N"":""93.38""},""hR"":{""N"":""52""},""wR"":{""N"":""33.019726""},""hE"":{""N"":""79.4""},""tR"":{""N"":""83.48""}}",a47854d8-3051-70fa-00ce-ac30661244a5
868032061578211,1780725600,data.qo,"{""tE"":{""N"":""61.52""},""hL"":{""N"":""57""},""wL"":{""N"":""53.44399""},""tL"":{""N"":""93.38""},""hR"":{""N"":""50.3""},""wR"":{""N"":""33.079243""},""hE"":{""N"":""82.5""},""tR"":{""N"":""82.76""}}",a47854d8-3051-70fa-00ce-ac30661244a5
868032061578211,1780729200,data.qo,"{""tE"":{""N"":""61.52""},""hL"":{""N"":""57.4""},""wL"":{""N"":""53.397964""},""tL"":{""N"":""93.56""},""hR"":{""N"":""48.9""},""wR"":{""N"":""33.059837""},""hE"":{""N"":""81.9""},""tR"":{""N"":""82.4""}}",a47854d8-3051-70fa-00ce-ac30661244a5
868032061578211,1780732800,data.qo,"{""tE"":{""N"":""60.08""},""hL"":{""N"":""56.1""},""wL"":{""N"":""53.371162""},""tL"":{""N"":""93.2""},""hR"":{""N"":""53.9""},""wR"":{""N"":""32.899868""},""hE"":{""N"":""83.5""},""tR"":{""N"":""82.58""}}",a47854d8-3051-70fa-00ce-ac30661244a5
868032061578211,1780736400,data.qo,"{""tE"":{""N"":""59.9""},""hL"":{""N"":""55.8""},""wL"":{""N"":""53.35213""},""tL"":{""N"":""93.38""},""hR"":{""N"":""49.7""},""wR"":{""N"":""33.033806""},""hE"":{""N"":""85.1""},""tR"":{""N"":""82.04""}}",a47854d8-3051-70fa-00ce-ac30661244a5
868032061578211,1780740000,data.qo,"{""tE"":{""N"":""59""},""hL"":{""N"":""55.1""},""wL"":{""N"":""53.234787""},""tL"":{""N"":""93.2""},""hR"":{""N"":""51.7""},""wR"":{""N"":""33.089745""},""hE"":{""N"":""85""},""tR"":{""N"":""81.68""}}",a47854d8-3051-70fa-00ce-ac30661244a5
868032061578211,1780743600,data.qo,"{""tE"":{""N"":""58.64""},""hL"":{""N"":""53.7""},""wL"":{""N"":""53.23964""},""tL"":{""N"":""93.2""},""hR"":{""N"":""51""},""wR"":{""N"":""33.128696""},""hE"":{""N"":""85.3""},""tR"":{""N"":""81.32""}}",a47854d8-3051-70fa-00ce-ac30661244a5
868032061578211,1780747200,data.qo,"{""tE"":{""N"":""59.72""},""hL"":{""N"":""58.9""},""wL"":{""N"":""53.325333""},""tL"":{""N"":""93.2""},""hR"":{""N"":""47.2""},""wR"":{""N"":""33.413704""},""hE"":{""N"":""80.9""},""tR"":{""N"":""80.42""}}",a47854d8-3051-70fa-00ce-ac30661244a5
868032061578211,1780750800,data.qo,"{""tE"":{""N"":""60.8""},""hL"":{""N"":""56.4""},""wL"":{""N"":""53.588913""},""tL"":{""N"":""93.38""},""hR"":{""N"":""49.2""},""wR"":{""N"":""33.82588""},""hE"":{""N"":""78.5""},""tR"":{""N"":""80.6""}}",a47854d8-3051-70fa-00ce-ac30661244a5
868032061578211,1780754400,data.qo,"{""tE"":{""N"":""64.22""},""hL"":{""N"":""59.3""},""wL"":{""N"":""53.791462""},""tL"":{""N"":""93.56""},""hR"":{""N"":""48.9""},""wR"":{""N"":""34.10532""},""hE"":{""N"":""71""},""tR"":{""N"":""81.86""}}",a47854d8-3051-70fa-00ce-ac30661244a5
868032061578211,1780758000,data.qo,"{""tE"":{""N"":""66.38""},""hL"":{""N"":""58.3""},""wL"":{""N"":""53.84516""},""tL"":{""N"":""93.92""},""hR"":{""N"":""53""},""wR"":{""N"":""34.44288""},""hE"":{""N"":""69.7""},""tR"":{""N"":""83.48""}}",a47854d8-3051-70fa-00ce-ac30661244a5
868032061578211,1780761600,data.qo,"{""tE"":{""N"":""69.44""},""hL"":{""N"":""60.3""},""wL"":{""N"":""53.991005""},""tL"":{""N"":""94.28""},""hR"":{""N"":""48.3""},""wR"":{""N"":""34.760548""},""hE"":{""N"":""60.8""},""tR"":{""N"":""84.74""}}",a47854d8-3051-70fa-00ce-ac30661244a5
868032061578211,1780765200,data.qo,"{""tE"":{""N"":""70.34""},""hL"":{""N"":""61""},""wL"":{""N"":""54.184624""},""tL"":{""N"":""94.46""},""hR"":{""N"":""51.1""},""wR"":{""N"":""34.88994""},""hE"":{""N"":""57.8""},""tR"":{""N"":""86""}}",a47854d8-3051-70fa-00ce-ac30661244a5
868032061578211,1780768800,data.qo,"{""tE"":{""N"":""71.42""},""hL"":{""N"":""60.1""},""wL"":{""N"":""54.32882""},""tL"":{""N"":""94.64""},""hR"":{""N"":""49.3""},""wR"":{""N"":""35.139767""},""hE"":{""N"":""57.4""},""tR"":{""N"":""86.54""}}",a47854d8-3051-70fa-00ce-ac30661244a5
868032061578211,1780772400,data.qo,"{""tE"":{""N"":""75.2""},""hL"":{""N"":""61.9""},""wL"":{""N"":""54.47209""},""tL"":{""N"":""94.64""},""hR"":{""N"":""50.1""},""wR"":{""N"":""35.249947""},""hE"":{""N"":""51.8""},""tR"":{""N"":""86.54""}}",a47854d8-3051-70fa-00ce-ac30661244a5
868032061578211,1780776000,data.qo,"{""tE"":{""N"":""77""},""hL"":{""N"":""62.5""},""wL"":{""N"":""54.54987""},""tL"":{""N"":""94.82""},""hR"":{""N"":""49.6""},""wR"":{""N"":""35.063168""},""hE"":{""N"":""49.7""},""tR"":{""N"":""87.08""}}",a47854d8-3051-70fa-00ce-ac30661244a5
868032061578211,1780779600,data.qo,"{""tE"":{""N"":""78.98""},""hL"":{""N"":""61.7""},""wL"":{""N"":""54.56987""},""tL"":{""N"":""95""},""hR"":{""N"":""57.2""},""wR"":{""N"":""35.235382""},""hE"":{""N"":""48""},""tR"":{""N"":""88.16""}}",a47854d8-3051-70fa-00ce-ac30661244a5
868032061578211,1780783200,data.qo,"{""tE"":{""N"":""96.98""},""hL"":{""N"":""67""},""wL"":{""N"":""54.57536""},""tL"":{""N"":""95.9""},""hR"":{""N"":""46.6""},""wR"":{""N"":""35.371643""},""hE"":{""N"":""34""},""tR"":{""N"":""89.96""}}",a47854d8-3051-70fa-00ce-ac30661244a5
868032061578211,1780786800,data.qo,"{""tE"":{""N"":""85.1""},""hL"":{""N"":""66.6""},""wL"":{""N"":""54.468742""},""tL"":{""N"":""96.62""},""hR"":{""N"":""43.8""},""wR"":{""N"":""35.02562""},""hE"":{""N"":""40""},""tR"":{""N"":""90.14""}}",a47854d8-3051-70fa-00ce-ac30661244a5
868032061578211,1780790400,data.qo,"{""tE"":{""N"":""79.88""},""hL"":{""N"":""65.3""},""wL"":{""N"":""54.405964""},""tL"":{""N"":""96.08""},""hR"":{""N"":""45.3""},""wR"":{""N"":""34.635704""},""hE"":{""N"":""45.1""},""tR"":{""N"":""89.96""}}",a47854d8-3051-70fa-00ce-ac30661244a5
868032061578211,1780794000,data.qo,"{""tE"":{""N"":""72.86""},""hL"":{""N"":""63.2""},""wL"":{""N"":""54.413975""},""tL"":{""N"":""95""},""hR"":{""N"":""42.2""},""wR"":{""N"":""34.50133""},""hE"":{""N"":""53.7""},""tR"":{""N"":""87.8""}}",a47854d8-3051-70fa-00ce-ac30661244a5
868032061578211,1780797600,data.qo,"{""tE"":{""N"":""69.26""},""hL"":{""N"":""58.5""},""wL"":{""N"":""54.264103""},""tL"":{""N"":""93.92""},""hR"":{""N"":""44.4""},""wR"":{""N"":""34.27071""},""hE"":{""N"":""60.1""},""tR"":{""N"":""86""}}",a47854d8-3051-70fa-00ce-ac30661244a5
868032061578211,1780801200,data.qo,"{""tE"":{""N"":""66.92""},""hL"":{""N"":""58.3""},""wL"":{""N"":""54.12821""},""tL"":{""N"":""93.92""},""hR"":{""N"":""45.9""},""wR"":{""N"":""33.923813""},""hE"":{""N"":""64.8""},""tR"":{""N"":""85.46""}}",a47854d8-3051-70fa-00ce-ac30661244a5
868032061578211,1780804800,data.qo,"{""tE"":{""N"":""64.22""},""hL"":{""N"":""57.3""},""wL"":{""N"":""54.08961""},""tL"":{""N"":""93.56""},""hR"":{""N"":""48.8""},""wR"":{""N"":""33.92072""},""hE"":{""N"":""72.2""},""tR"":{""N"":""84.74""}}",a47854d8-3051-70fa-00ce-ac30661244a5
868032061578211,1780808400,data.qo,"{""tE"":{""N"":""62.6""},""hL"":{""N"":""56.2""},""wL"":{""N"":""53.978188""},""tL"":{""N"":""93.56""},""hR"":{""N"":""47.8""},""wR"":{""N"":""33.762196""},""hE"":{""N"":""73.9""},""tR"":{""N"":""84.56""}}",a47854d8-3051-70fa-00ce-ac30661244a5
868032061578211,1780812000,data.qo,"{""tE"":{""N"":""62.6""},""hL"":{""N"":""57.5""},""wL"":{""N"":""53.88793""},""tL"":{""N"":""93.38""},""hR"":{""N"":""49.3""},""wR"":{""N"":""33.554707""},""hE"":{""N"":""76.2""},""tR"":{""N"":""84.2""}}",a47854d8-3051-70fa-00ce-ac30661244a5
868032061578211,1780815600,data.qo,"{""tE"":{""N"":""61.52""},""hL"":{""N"":""56.9""},""wL"":{""N"":""53.861423""},""tL"":{""N"":""93.2""},""hR"":{""N"":""49.8""},""wR"":{""N"":""33.676357""},""hE"":{""N"":""79.4""},""tR"":{""N"":""84.02""}}",a47854d8-3051-70fa-00ce-ac30661244a5
868032061578211,1780819200,data.qo,"{""tE"":{""N"":""60.08""},""hL"":{""N"":""56""},""wL"":{""N"":""53.790928""},""tL"":{""N"":""93.2""},""hR"":{""N"":""51.9""},""wR"":{""N"":""33.539417""},""hE"":{""N"":""81.3""},""tR"":{""N"":""83.48""}}",a47854d8-3051-70fa-00ce-ac30661244a5
868032061578211,1780822800,data.qo,"{""tE"":{""N"":""59.72""},""hL"":{""N"":""55.6""},""wL"":{""N"":""53.757477""},""tL"":{""N"":""93.2""},""hR"":{""N"":""49.5""},""wR"":{""N"":""33.771294""},""hE"":{""N"":""83.7""},""tR"":{""N"":""83.3""}}",a47854d8-3051-70fa-00ce-ac30661244a5
868032061578211,1780826400,data.qo,"{""tE"":{""N"":""60.8""},""hL"":{""N"":""56.8""},""wL"":{""N"":""53.736115""},""tL"":{""N"":""93.2""},""hR"":{""N"":""47.4""},""wR"":{""N"":""33.824665""},""hE"":{""N"":""80.5""},""tR"":{""N"":""82.58""}}",a47854d8-3051-70fa-00ce-ac30661244a5
868032061578211,1780830000,data.qo,"{""tE"":{""N"":""60.08""},""hL"":{""N"":""56.2""},""wL"":{""N"":""53.699753""},""tL"":{""N"":""93.2""},""hR"":{""N"":""46.9""},""wR"":{""N"":""33.726246""},""hE"":{""N"":""81.8""},""tR"":{""N"":""82.22""}}",a47854d8-3051-70fa-00ce-ac30661244a5
868032061578211,1780833600,data.qo,"{""tE"":{""N"":""61.16""},""hL"":{""N"":""57.2""},""wL"":{""N"":""53.94488""},""tL"":{""N"":""93.38""},""hR"":{""N"":""47.1""},""wR"":{""N"":""34.170208""},""hE"":{""N"":""79.3""},""tR"":{""N"":""82.04""}}",a47854d8-3051-70fa-00ce-ac30661244a5
868032061578211,1780837200,data.qo,"{""tE"":{""N"":""62.96""},""hL"":{""N"":""58.5""},""wL"":{""N"":""54.16108""},""tL"":{""N"":""93.2""},""hR"":{""N"":""51.1""},""wR"":{""N"":""34.464943""},""hE"":{""N"":""76.7""},""tR"":{""N"":""82.22""}}",a47854d8-3051-70fa-00ce-ac30661244a5
868032061578211,1780840800,data.qo,"{""tE"":{""N"":""66.38""},""hL"":{""N"":""58.1""},""wL"":{""N"":""54.290462""},""tL"":{""N"":""93.56""},""hR"":{""N"":""49.3""},""wR"":{""N"":""34.62738""},""hE"":{""N"":""71.4""},""tR"":{""N"":""83.48""}}",a47854d8-3051-70fa-00ce-ac30661244a5
868032061578211,1780844400,data.qo,"{""tE"":{""N"":""68.18""},""hL"":{""N"":""59.1""},""wL"":{""N"":""54.39417""},""tL"":{""N"":""93.92""},""hR"":{""N"":""48.1""},""wR"":{""N"":""34.79824""},""hE"":{""N"":""65.2""},""tR"":{""N"":""85.28""}}",a47854d8-3051-70fa-00ce-ac30661244a5
868032061578211,1780848000,data.qo,"{""tE"":{""N"":""69.98""},""hL"":{""N"":""59.9""},""wL"":{""N"":""54.50384""},""tL"":{""N"":""93.92""},""hR"":{""N"":""47.5""},""wR"":{""N"":""35.020344""},""hE"":{""N"":""65.1""},""tR"":{""N"":""86.18""}}",a47854d8-3051-70fa-00ce-ac30661244a5
868032061578211,1780851600,data.qo,"{""tE"":{""N"":""72.5""},""hL"":{""N"":""60.5""},""wL"":{""N"":""54.626045""},""tL"":{""N"":""94.28""},""hR"":{""N"":""51.8""},""wR"":{""N"":""35.307045""},""hE"":{""N"":""60.1""},""tR"":{""N"":""87.08""}}",a47854d8-3051-70fa-00ce-ac30661244a5
868032061578211,1780855200,data.qo,"{""tE"":{""N"":""74.12""},""hL"":{""N"":""60.8""},""wL"":{""N"":""54.8384""},""tL"":{""N"":""94.46""},""hR"":{""N"":""47.9""},""wR"":{""N"":""35.475777""},""hE"":{""N"":""55""},""tR"":{""N"":""87.62""}}",a47854d8-3051-70fa-00ce-ac30661244a5
868032061578211,1780858800,data.qo,"{""tE"":{""N"":""75.92""},""hL"":{""N"":""60.5""},""wL"":{""N"":""55.06057""},""tL"":{""N"":""94.64""},""hR"":{""N"":""49.2""},""wR"":{""N"":""35.686264""},""hE"":{""N"":""52.8""},""tR"":{""N"":""88.52""}}",a47854d8-3051-70fa-00ce-ac30661244a5
868032061578211,1780862400,data.qo,"{""tE"":{""N"":""77.72""},""hL"":{""N"":""61.9""},""wL"":{""N"":""55.077225""},""tL"":{""N"":""94.82""},""hR"":{""N"":""49.5""},""wR"":{""N"":""35.68186""},""hE"":{""N"":""52""},""tR"":{""N"":""89.06""}}",a47854d8-3051-70fa-00ce-ac30661244a5
868032061578211,1780866000,data.qo,"{""tE"":{""N"":""85.28""},""hL"":{""N"":""64.4""},""wL"":{""N"":""54.99867""},""tL"":{""N"":""95.18""},""hR"":{""N"":""48.3""},""wR"":{""N"":""35.428406""},""hE"":{""N"":""40.8""},""tR"":{""N"":""90.86""}}",a47854d8-3051-70fa-00ce-ac30661244a5
868032061578211,1780869600,data.qo,"{""tE"":{""N"":""78.26""},""hL"":{""N"":""64.3""},""wL"":{""N"":""55.06858""},""tL"":{""N"":""95.9""},""hR"":{""N"":""45.2""},""wR"":{""N"":""35.673298""},""hE"":{""N"":""47.1""},""tR"":{""N"":""91.04""}}",a47854d8-3051-70fa-00ce-ac30661244a5
868032061578211,1780873200,data.qo,"{""tE"":{""N"":""84.56""},""hL"":{""N"":""62.9""},""wL"":{""N"":""54.934486""},""tL"":{""N"":""95.36""},""hR"":{""N"":""43.1""},""wR"":{""N"":""35.424435""},""hE"":{""N"":""43.6""},""tR"":{""N"":""89.96""}}",a47854d8-3051-70fa-00ce-ac30661244a5
868032061578211,1780876800,data.qo,"{""tE"":{""N"":""75.38""},""hL"":{""N"":""63.6""},""wL"":{""N"":""54.880787""},""tL"":{""N"":""95""},""hR"":{""N"":""46.7""},""wR"":{""N"":""35.092636""},""hE"":{""N"":""53.3""},""tR"":{""N"":""89.6""}}",a47854d8-3051-70fa-00ce-ac30661244a5
868032061578211,1780880400,data.qo,"{""tE"":{""N"":""71.6""},""hL"":{""N"":""60.8""},""wL"":{""N"":""54.837482""},""tL"":{""N"":""94.64""},""hR"":{""N"":""45.4""},""wR"":{""N"":""34.911472""},""hE"":{""N"":""62""},""tR"":{""N"":""88.34""}}",a47854d8-3051-70fa-00ce-ac30661244a5
868032061578211,1780884000,data.qo,"{""tE"":{""N"":""68.54""},""hL"":{""N"":""58.9""},""wL"":{""N"":""54.7397""},""tL"":{""N"":""94.46""},""hR"":{""N"":""45""},""wR"":{""N"":""34.69493""},""hE"":{""N"":""68.6""},""tR"":{""N"":""87.44""}}",a47854d8-3051-70fa-00ce-ac30661244a5
868032061578211,1780887600,data.qo,"{""tE"":{""N"":""66.2""},""hL"":{""N"":""57.6""},""wL"":{""N"":""54.687946""},""tL"":{""N"":""94.28""},""hR"":{""N"":""45.1""},""wR"":{""N"":""34.50317""},""hE"":{""N"":""71.1""},""tR"":{""N"":""86.18""}}",a47854d8-3051-70fa-00ce-ac30661244a5
868032061578211,1780891200,data.qo,"{""tE"":{""N"":""64.4""},""hL"":{""N"":""58.8""},""wL"":{""N"":""54.570843""},""tL"":{""N"":""94.28""},""hR"":{""N"":""47.6""},""wR"":{""N"":""34.212692""},""hE"":{""N"":""74.3""},""tR"":{""N"":""85.46""}}",a47854d8-3051-70fa-00ce-ac30661244a5
868032061578211,1780894800,data.qo,"{""tE"":{""N"":""62.96""},""hL"":{""N"":""57.8""},""wL"":{""N"":""54.498745""},""tL"":{""N"":""93.92""},""hR"":{""N"":""45.8""},""wR"":{""N"":""34.053543""},""hE"":{""N"":""77.7""},""tR"":{""N"":""84.92""}}",a47854d8-3051-70fa-00ce-ac30661244a5
868032061578211,1780898400,data.qo,"{""tE"":{""N"":""60.98""},""hL"":{""N"":""56.9""},""wL"":{""N"":""54.44568""},""tL"":{""N"":""93.74""},""hR"":{""N"":""45.6""},""wR"":{""N"":""34.006847""},""hE"":{""N"":""81.4""},""tR"":{""N"":""84.38""}}",a47854d8-3051-70fa-00ce-ac30661244a5
868032061578211,1780902000,data.qo,"{""tE"":{""N"":""60.44""},""hL"":{""N"":""57.4""},""wL"":{""N"":""54.44529""},""tL"":{""N"":""93.56""},""hR"":{""N"":""50.1""},""wR"":{""N"":""33.779278""},""hE"":{""N"":""82.6""},""tR"":{""N"":""84.02""}}",a47854d8-3051-70fa-00ce-ac30661244a5
868032061578211,1780905600,data.qo,"{""tE"":{""N"":""59.72""},""hL"":{""N"":""56.2""},""wL"":{""N"":""54.42155""},""tL"":{""N"":""93.56""},""hR"":{""N"":""48.3""},""wR"":{""N"":""33.811554""},""hE"":{""N"":""83.9""},""tR"":{""N"":""84.02""}}",a47854d8-3051-70fa-00ce-ac30661244a5
868032061578211,1780909200,data.qo,"{""tE"":{""N"":""59""},""hL"":{""N"":""54.9""},""wL"":{""N"":""54.320713""},""tL"":{""N"":""93.2""},""hR"":{""N"":""47.7""},""wR"":{""N"":""33.67297""},""hE"":{""N"":""85.2""},""tR"":{""N"":""83.66""}}",a47854d8-3051-70fa-00ce-ac30661244a5
868032061578211,1780912800,data.qo,"{""tE"":{""N"":""58.28""},""hL"":{""N"":""56.4""},""wL"":{""N"":""54.332268""},""tL"":{""N"":""93.2""},""hR"":{""N"":""50.1""},""wR"":{""N"":""33.647373""},""hE"":{""N"":""86.7""},""tR"":{""N"":""83.48""}}",a47854d8-3051-70fa-00ce-ac30661244a5
868032061578211,1780916400,data.qo,"{""tE"":{""N"":""57.74""},""hL"":{""N"":""55""},""wL"":{""N"":""54.38271""},""tL"":{""N"":""93.2""},""hR"":{""N"":""46.5""},""wR"":{""N"":""33.65845""},""hE"":{""N"":""87.3""},""tR"":{""N"":""82.94""}}",a47854d8-3051-70fa-00ce-ac30661244a5
868032061578211,1780920000,data.qo,"{""tE"":{""N"":""58.1""},""hL"":{""N"":""54.3""},""wL"":{""N"":""54.502193""},""tL"":{""N"":""93.2""},""hR"":{""N"":""47.2""},""wR"":{""N"":""33.963783""},""hE"":{""N"":""87.1""},""tR"":{""N"":""81.5""}}",a47854d8-3051-70fa-00ce-ac30661244a5
868032061578211,1780923600,data.qo,"{""tE"":{""N"":""61.16""},""hL"":{""N"":""57.2""},""wL"":{""N"":""54.726494""},""tL"":{""N"":""93.2""},""hR"":{""N"":""50.4""},""wR"":{""N"":""34.445248""},""hE"":{""N"":""83.9""},""tR"":{""N"":""81.5""}}",a47854d8-3051-70fa-00ce-ac30661244a5
868032061578211,1780927200,data.qo,"{""tE"":{""N"":""67.1""},""hL"":{""N"":""58""},""wL"":{""N"":""54.88938""},""tL"":{""N"":""93.38""},""hR"":{""N"":""50.9""},""wR"":{""N"":""35.144073""},""hE"":{""N"":""75.3""},""tR"":{""N"":""84.02""}}",a47854d8-3051-70fa-00ce-ac30661244a5
868032061578211,1780930800,data.qo,"{""tE"":{""N"":""71.42""},""hL"":{""N"":""58""},""wL"":{""N"":""54.965946""},""tL"":{""N"":""93.38""},""hR"":{""N"":""54.1""},""wR"":{""N"":""35.34803""},""hE"":{""N"":""64.4""},""tR"":{""N"":""87.44""}}",a47854d8-3051-70fa-00ce-ac30661244a5
868032061578211,1780934400,data.qo,"{""tE"":{""N"":""74.84""},""hL"":{""N"":""60.4""},""wL"":{""N"":""55.0629""},""tL"":{""N"":""93.92""},""hR"":{""N"":""54.5""},""wR"":{""N"":""35.742493""},""hE"":{""N"":""59.7""},""tR"":{""N"":""89.42""}}",a47854d8-3051-70fa-00ce-ac30661244a5
868032061578211,1780938000,data.qo,"{""tE"":{""N"":""76.28""},""hL"":{""N"":""60.3""},""wL"":{""N"":""55.138397""},""tL"":{""N"":""94.64""},""hR"":{""N"":""54.7""},""wR"":{""N"":""35.994015""},""hE"":{""N"":""57.6""},""tR"":{""N"":""91.04""}}",a47854d8-3051-70fa-00ce-ac30661244a5
868032061578211,1780941600,data.qo,"{""tE"":{""N"":""78.08""},""hL"":{""N"":""61.9""},""wL"":{""N"":""55.125435""},""tL"":{""N"":""95""},""hR"":{""N"":""51.5""},""wR"":{""N"":""36.074436""},""hE"":{""N"":""58.6""},""tR"":{""N"":""91.04""}}",a47854d8-3051-70fa-00ce-ac30661244a5
868032061578211,1780945200,data.qo,"{""tE"":{""N"":""78.26""},""hL"":{""N"":""62.3""},""wL"":{""N"":""55.23035""},""tL"":{""N"":""95.18""},""hR"":{""N"":""50.2""},""wR"":{""N"":""36.209682""},""hE"":{""N"":""59.8""},""tR"":{""N"":""91.04""}}",a47854d8-3051-70fa-00ce-ac30661244a5
868032061578211,1780948800,data.qo,"{""tE"":{""N"":""78.62""},""hL"":{""N"":""62.5""},""wL"":{""N"":""55.055714""},""tL"":{""N"":""95.54""},""hR"":{""N"":""56.6""},""wR"":{""N"":""36.10192""},""hE"":{""N"":""60.4""},""tR"":{""N"":""91.4""}}",a47854d8-3051-70fa-00ce-ac30661244a5
868032061578211,1780952400,data.qo,"{""tE"":{""N"":""76.64""},""hL"":{""N"":""67.6""},""wL"":{""N"":""55.009594""},""tL"":{""N"":""96.62""},""hR"":{""N"":""55.1""},""wR"":{""N"":""36.018986""},""hE"":{""N"":""61.9""},""tR"":{""N"":""92.48""}}",a47854d8-3051-70fa-00ce-ac30661244a5
868032061578211,1780956000,data.qo,"{""tE"":{""N"":""84.38""},""hL"":{""N"":""64.5""},""wL"":{""N"":""55.048725""},""tL"":{""N"":""96.62""},""hR"":{""N"":""63""},""wR"":{""N"":""36.45932""},""hE"":{""N"":""54.2""},""tR"":{""N"":""93.74""}}",a47854d8-3051-70fa-00ce-ac30661244a5
868032061578211,1780959600,data.qo,"{""tE"":{""N"":""80.24""},""hL"":{""N"":""67.1""},""wL"":{""N"":""54.97624""},""tL"":{""N"":""97.16""},""hR"":{""N"":""46.4""},""wR"":{""N"":""35.754204""},""hE"":{""N"":""55.9""},""tR"":{""N"":""92.3""}}",a47854d8-3051-70fa-00ce-ac30661244a5
868032061578211,1780963200,data.qo,"{""tE"":{""N"":""75.56""},""hL"":{""N"":""65.8""},""wL"":{""N"":""54.920746""},""tL"":{""N"":""96.62""},""hR"":{""N"":""51.5""},""wR"":{""N"":""35.565006""},""hE"":{""N"":""67.7""},""tR"":{""N"":""90.86""}}",a47854d8-3051-70fa-00ce-ac30661244a5
868032061578211,1780966800,data.qo,"{""tE"":{""N"":""72.32""},""hL"":{""N"":""63.2""},""wL"":{""N"":""54.752956""},""tL"":{""N"":""95.36""},""hR"":{""N"":""50.3""},""wR"":{""N"":""35.192028""},""hE"":{""N"":""73.8""},""tR"":{""N"":""90.32""}}",a47854d8-3051-70fa-00ce-ac30661244a5
868032061578211,1780970400,data.qo,"{""tE"":{""N"":""66.74""},""hL"":{""N"":""59.3""},""wL"":{""N"":""54.628666""},""tL"":{""N"":""94.28""},""hR"":{""N"":""52.5""},""wR"":{""N"":""35.012604""},""hE"":{""N"":""84""},""tR"":{""N"":""88.52""}}",a47854d8-3051-70fa-00ce-ac30661244a5
868032061578211,1780974000,data.qo,"{""tE"":{""N"":""66.2""},""hL"":{""N"":""58.3""},""wL"":{""N"":""54.563656""},""tL"":{""N"":""93.92""},""hR"":{""N"":""50.5""},""wR"":{""N"":""35.04638""},""hE"":{""N"":""85.8""},""tR"":{""N"":""87.26""}}",a47854d8-3051-70fa-00ce-ac30661244a5
868032061578211,1780977600,data.qo,"{""tE"":{""N"":""65.66""},""hL"":{""N"":""59.2""},""wL"":{""N"":""54.600895""},""tL"":{""N"":""93.92""},""hR"":{""N"":""51""},""wR"":{""N"":""35.02741""},""hE"":{""N"":""87.3""},""tR"":{""N"":""86.18""}}",a47854d8-3051-70fa-00ce-ac30661244a5
868032061578211,1780981200,data.qo,"{""tE"":{""N"":""66.2""},""hL"":{""N"":""58.2""},""wL"":{""N"":""54.651""},""tL"":{""N"":""93.74""},""hR"":{""N"":""51.5""},""wR"":{""N"":""35.033314""},""hE"":{""N"":""88""},""tR"":{""N"":""85.64""}}",a47854d8-3051-70fa-00ce-ac30661244a5
868032061578211,1780984800,data.qo,"{""tE"":{""N"":""66.56""},""hL"":{""N"":""58.1""},""wL"":{""N"":""54.626385""},""tL"":{""N"":""93.56""},""hR"":{""N"":""53.4""},""wR"":{""N"":""35.099026""},""hE"":{""N"":""88.4""},""tR"":{""N"":""86""}}",a47854d8-3051-70fa-00ce-ac30661244a5
868032061578211,1780988400,data.qo,"{""tE"":{""N"":""66.56""},""hL"":{""N"":""57.8""},""wL"":{""N"":""54.56895""},""tL"":{""N"":""93.56""},""hR"":{""N"":""54""},""wR"":{""N"":""35.06588""},""hE"":{""N"":""88.4""},""tR"":{""N"":""86""}}",a47854d8-3051-70fa-00ce-ac30661244a5
868032061578211,1780992000,data.qo,"{""tE"":{""N"":""65.66""},""hL"":{""N"":""58.1""},""wL"":{""N"":""54.560745""},""tL"":{""N"":""93.56""},""hR"":{""N"":""51""},""wR"":{""N"":""35.16072""},""hE"":{""N"":""90""},""tR"":{""N"":""86""}}",a47854d8-3051-70fa-00ce-ac30661244a5
868032061578211,1780995600,data.qo,"{""tE"":{""N"":""65.3""},""hL"":{""N"":""56.8""},""wL"":{""N"":""54.566666""},""tL"":{""N"":""93.56""},""hR"":{""N"":""52""},""wR"":{""N"":""35.10101""},""hE"":{""N"":""90.9""},""tR"":{""N"":""86.18""}}",a47854d8-3051-70fa-00ce-ac30661244a5
868032061578211,1780999200,data.qo,"{""tE"":{""N"":""65.12""},""hL"":{""N"":""57.4""},""wL"":{""N"":""54.63517""},""tL"":{""N"":""93.56""},""hR"":{""N"":""54.7""},""wR"":{""N"":""35.275787""},""hE"":{""N"":""93""},""tR"":{""N"":""86""}}",a47854d8-3051-70fa-00ce-ac30661244a5
868032061578211,1781002800,data.qo,"{""tE"":{""N"":""65.3""},""hL"":{""N"":""56.8""},""wL"":{""N"":""54.633812""},""tL"":{""N"":""93.56""},""hR"":{""N"":""52.3""},""wR"":{""N"":""35.17485""},""hE"":{""N"":""93""},""tR"":{""N"":""85.82""}}",a47854d8-3051-70fa-00ce-ac30661244a5
868032061578211,1781006400,data.qo,"{""tE"":{""N"":""64.58""},""hL"":{""N"":""57""},""wL"":{""N"":""54.644783""},""tL"":{""N"":""93.2""},""hR"":{""N"":""53.9""},""wR"":{""N"":""35.211914""},""hE"":{""N"":""93.1""},""tR"":{""N"":""85.46""}}",a47854d8-3051-70fa-00ce-ac30661244a5
868032061578211,1781010000,data.qo,"{""tE"":{""N"":""64.04""},""hL"":{""N"":""57""},""wL"":{""N"":""54.669304""},""tL"":{""N"":""93.2""},""hR"":{""N"":""52.1""},""wR"":{""N"":""35.329693""},""hE"":{""N"":""93.8""},""tR"":{""N"":""85.1""}}",a47854d8-3051-70fa-00ce-ac30661244a5
868032061578211,1781013600,data.qo,"{""tE"":{""N"":""64.4""},""hL"":{""N"":""57.8""},""wL"":{""N"":""54.642307""},""tL"":{""N"":""93.2""},""hR"":{""N"":""53.8""},""wR"":{""N"":""35.60139""},""hE"":{""N"":""93.3""},""tR"":{""N"":""85.1""}}",a47854d8-3051-70fa-00ce-ac30661244a5
868032061578211,1781017200,data.qo,"{""tE"":{""N"":""64.4""},""hL"":{""N"":""57.6""},""wL"":{""N"":""54.781452""},""tL"":{""N"":""93.02""},""hR"":{""N"":""51.9""},""wR"":{""N"":""35.841446""},""hE"":{""N"":""93.1""},""tR"":{""N"":""85.1""}}",a47854d8-3051-70fa-00ce-ac30661244a5
868032061578211,1781020800,data.qo,"{""tE"":{""N"":""64.94""},""hL"":{""N"":""59.1""},""wL"":{""N"":""54.78393""},""tL"":{""N"":""93.2""},""hR"":{""N"":""53.4""},""wR"":{""N"":""35.480373""},""hE"":{""N"":""93.4""},""tR"":{""N"":""85.28""}}",a47854d8-3051-70fa-00ce-ac30661244a5
868032061578211,1781024400,data.qo,"{""tE"":{""N"":""65.48""},""hL"":{""N"":""59""},""wL"":{""N"":""54.843163""},""tL"":{""N"":""93.2""},""hR"":{""N"":""52.8""},""wR"":{""N"":""35.589294""},""hE"":{""N"":""95.3""},""tR"":{""N"":""85.82""}}",a47854d8-3051-70fa-00ce-ac30661244a5
868032061578211,1781028000,data.qo,"{""tE"":{""N"":""68.54""},""hL"":{""N"":""58.5""},""wL"":{""N"":""54.720863""},""tL"":{""N"":""93.38""},""hR"":{""N"":""52.9""},""wR"":{""N"":""35.510906""},""hE"":{""N"":""93.9""},""tR"":{""N"":""86.36""}}",a47854d8-3051-70fa-00ce-ac30661244a5
868032061578211,1781031600,data.qo,"{""tE"":{""N"":""69.8""},""hL"":{""N"":""59.1""},""wL"":{""N"":""54.819614""},""tL"":{""N"":""93.56""},""hR"":{""N"":""55.5""},""wR"":{""N"":""35.439823""},""hE"":{""N"":""87""},""tR"":{""N"":""86.9""}}",a47854d8-3051-70fa-00ce-ac30661244a5
868032061578211,1781035200,data.qo,"{""tE"":{""N"":""67.46""},""hL"":{""N"":""58.3""},""wL"":{""N"":""54.87836""},""tL"":{""N"":""93.74""},""hR"":{""N"":""54.6""},""wR"":{""N"":""35.540424""},""hE"":{""N"":""91.6""},""tR"":{""N"":""87.44""}}",a47854d8-3051-70fa-00ce-ac30661244a5
868032061578211,1781038800,data.qo,"{""tE"":{""N"":""68.36""},""hL"":{""N"":""58.6""},""wL"":{""N"":""54.83695""},""tL"":{""N"":""93.92""},""hR"":{""N"":""53.1""},""wR"":{""N"":""35.495277""},""hE"":{""N"":""90.9""},""tR"":{""N"":""87.8""}}",a47854d8-3051-70fa-00ce-ac30661244a5
868032061578211,1781042400,data.qo,"{""tE"":{""N"":""69.62""},""hL"":{""N"":""59.8""},""wL"":{""N"":""54.77456""},""tL"":{""N"":""93.92""},""hR"":{""N"":""56""},""wR"":{""N"":""35.537277""},""hE"":{""N"":""85.7""},""tR"":{""N"":""88.52""}}",a47854d8-3051-70fa-00ce-ac30661244a5
868032061578211,1781046000,data.qo,"{""tE"":{""N"":""71.96""},""hL"":{""N"":""59.3""},""wL"":{""N"":""54.82185""},""tL"":{""N"":""93.92""},""hR"":{""N"":""55.4""},""wR"":{""N"":""35.966145""},""hE"":{""N"":""77.8""},""tR"":{""N"":""89.42""}}",a47854d8-3051-70fa-00ce-ac30661244a5
868032061578211,1781049600,data.qo,"{""tE"":{""N"":""76.1""},""hL"":{""N"":""62.2""},""wL"":{""N"":""54.654057""},""tL"":{""N"":""94.1""},""hR"":{""N"":""59.8""},""wR"":{""N"":""35.38674""},""hE"":{""N"":""67.3""},""tR"":{""N"":""89.6""}}",a47854d8-3051-70fa-00ce-ac30661244a5
868032061578211,1781053200,data.qo,"{""tE"":{""N"":""67.46""},""hL"":{""N"":""62.2""},""wL"":{""N"":""54.828693""},""tL"":{""N"":""94.1""},""hR"":{""N"":""51.9""},""wR"":{""N"":""35.17514""},""hE"":{""N"":""86.2""},""tR"":{""N"":""88.7""}}",a47854d8-3051-70fa-00ce-ac30661244a5
868032061578211,1781056800,data.qo,"{""tE"":{""N"":""65.66""},""hL"":{""N"":""58""},""wL"":{""N"":""54.70654""},""tL"":{""N"":""93.92""},""hR"":{""N"":""51.7""},""wR"":{""N"":""34.927197""},""hE"":{""N"":""91.1""},""tR"":{""N"":""87.44""}}",a47854d8-3051-70fa-00ce-ac30661244a5
868032061578211,1781060400,data.qo,"{""tE"":{""N"":""64.58""},""hL"":{""N"":""57.4""},""wL"":{""N"":""54.539772""},""tL"":{""N"":""93.92""},""hR"":{""N"":""52.9""},""wR"":{""N"":""34.63977""},""hE"":{""N"":""93.2""},""tR"":{""N"":""86.9""}}",a47854d8-3051-70fa-00ce-ac30661244a5
868032061578211,1781064000,data.qo,"{""tE"":{""N"":""63.68""},""hL"":{""N"":""57.4""},""wL"":{""N"":""54.65469""},""tL"":{""N"":""93.92""},""hR"":{""N"":""52.2""},""wR"":{""N"":""34.685158""},""hE"":{""N"":""94.4""},""tR"":{""N"":""86.18""}}",a47854d8-3051-70fa-00ce-ac30661244a5
868032061578211,1781067600,data.qo,"{""tE"":{""N"":""62.78""},""hL"":{""N"":""55.5""},""wL"":{""N"":""54.663624""},""tL"":{""N"":""93.92""},""hR"":{""N"":""53.6""},""wR"":{""N"":""34.866276""},""hE"":{""N"":""95.5""},""tR"":{""N"":""86""}}",a47854d8-3051-70fa-00ce-ac30661244a5
868032061578211,1781071200,data.qo,"{""tE"":{""N"":""63.14""},""hL"":{""N"":""55.2""},""wL"":{""N"":""54.66032""},""tL"":{""N"":""93.92""},""hR"":{""N"":""51.1""},""wR"":{""N"":""34.697884""},""hE"":{""N"":""93.6""},""tR"":{""N"":""85.46""}}",a47854d8-3051-70fa-00ce-ac30661244a5
868032061578211,1781074800,data.qo,"{""tE"":{""N"":""62.24""},""hL"":{""N"":""54.3""},""wL"":{""N"":""54.507095""},""tL"":{""N"":""93.92""},""hR"":{""N"":""50.9""},""wR"":{""N"":""34.59138""},""hE"":{""N"":""95.1""},""tR"":{""N"":""85.46""}}",a47854d8-3051-70fa-00ce-ac30661244a5
868032061578211,1781078400,data.qo,"{""tE"":{""N"":""61.88""},""hL"":{""N"":""54.7""},""wL"":{""N"":""54.520447""},""tL"":{""N"":""93.56""},""hR"":{""N"":""52.4""},""wR"":{""N"":""34.727837""},""hE"":{""N"":""95.5""},""tR"":{""N"":""84.92""}}",a47854d8-3051-70fa-00ce-ac30661244a5
868032061578211,1781082000,data.qo,"{""tE"":{""N"":""61.88""},""hL"":{""N"":""56.2""},""wL"":{""N"":""54.522923""},""tL"":{""N"":""93.56""},""hR"":{""N"":""53.1""},""wR"":{""N"":""35.03457""},""hE"":{""N"":""96""},""tR"":{""N"":""85.1""}}",a47854d8-3051-70fa-00ce-ac30661244a5
868032061578211,1781085600,data.qo,"{""tE"":{""N"":""64.04""},""hL"":{""N"":""54.9""},""wL"":{""N"":""54.372562""},""tL"":{""N"":""93.56""},""hR"":{""N"":""50.9""},""wR"":{""N"":""35.148525""},""hE"":{""N"":""92.4""},""tR"":{""N"":""84.74""}}",a47854d8-3051-70fa-00ce-ac30661244a5
868032061578211,1781089200,data.qo,"{""tE"":{""N"":""64.4""},""hL"":{""N"":""54.4""},""wL"":{""N"":""54.352463""},""tL"":{""N"":""93.56""},""hR"":{""N"":""52.5""},""wR"":{""N"":""35.211575""},""hE"":{""N"":""91.4""},""tR"":{""N"":""84.74""}}",a47854d8-3051-70fa-00ce-ac30661244a5
868032061578211,1781092800,data.qo,"{""tE"":{""N"":""65.3""},""hL"":{""N"":""57.1""},""wL"":{""N"":""54.488937""},""tL"":{""N"":""93.56""},""hR"":{""N"":""51.9""},""wR"":{""N"":""35.480423""},""hE"":{""N"":""91""},""tR"":{""N"":""84.02""}}",a47854d8-3051-70fa-00ce-ac30661244a5
868032061578211,1781096400,data.qo,"{""tE"":{""N"":""66.2""},""hL"":{""N"":""57""},""wL"":{""N"":""54.55628""},""tL"":{""N"":""93.2""},""hR"":{""N"":""52.5""},""wR"":{""N"":""35.67151""},""hE"":{""N"":""91.1""},""tR"":{""N"":""84.38""}}",a47854d8-3051-70fa-00ce-ac30661244a5
868032061578211,1781100000,data.qo,"{""tE"":{""N"":""67.46""},""hL"":{""N"":""61.2""},""wL"":{""N"":""51.72749""},""tL"":{""N"":""93.2""},""hR"":{""N"":""54.4""},""wR"":{""N"":""35.906918""},""hE"":{""N"":""88.2""},""tR"":{""N"":""85.1""}}",a47854d8-3051-70fa-00ce-ac30661244a5
868032061578211,1781103600,data.qo,"{""tE"":{""N"":""69.62""},""hL"":{""N"":""69""},""wL"":{""N"":""50.040607""},""tL"":{""N"":""95.18""},""hR"":{""N"":""56.9""},""wR"":{""N"":""36.18099""},""hE"":{""N"":""84.2""},""tR"":{""N"":""86.9""}}",a47854d8-3051-70fa-00ce-ac30661244a5
868032061578211,1781107200,data.qo,"{""tE"":{""N"":""70.52""},""hL"":{""N"":""59""},""wL"":{""N"":""49.963707""},""tL"":{""N"":""95""},""hR"":{""N"":""58.8""},""wR"":{""N"":""36.310863""},""hE"":{""N"":""82.1""},""tR"":{""N"":""89.24""}}",a47854d8-3051-70fa-00ce-ac30661244a5
868032061578211,1781110800,data.qo,"{""tE"":{""N"":""71.78""},""hL"":{""N"":""58.9""},""wL"":{""N"":""50.091927""},""tL"":{""N"":""94.1""},""hR"":{""N"":""59.3""},""wR"":{""N"":""36.56984""},""hE"":{""N"":""79.6""},""tR"":{""N"":""90.5""}}",a47854d8-3051-70fa-00ce-ac30661244a5
868032061578211,1781114400,data.qo,"{""tE"":{""N"":""74.66""},""hL"":{""N"":""56.9""},""wL"":{""N"":""50.182472""},""tL"":{""N"":""93.56""},""hR"":{""N"":""55.9""},""wR"":{""N"":""36.635937""},""hE"":{""N"":""71.6""},""tR"":{""N"":""90.5""}}",a47854d8-3051-70fa-00ce-ac30661244a5
868032061578211,1781118000,data.qo,"{""tE"":{""N"":""76.82""},""hL"":{""N"":""58.6""},""wL"":{""N"":""50.07872""},""tL"":{""N"":""93.56""},""hR"":{""N"":""57""},""wR"":{""N"":""36.626648""},""hE"":{""N"":""69""},""tR"":{""N"":""91.58""}}",a47854d8-3051-70fa-00ce-ac30661244a5
868032061578211,1781121600,data.qo,"{""tE"":{""N"":""78.26""},""hL"":{""N"":""59.3""},""wL"":{""N"":""50.119793""},""tL"":{""N"":""93.56""},""hR"":{""N"":""61""},""wR"":{""N"":""36.64368""},""hE"":{""N"":""63.9""},""tR"":{""N"":""92.84""}}",a47854d8-3051-70fa-00ce-ac30661244a5
868032061578211,1781125200,data.qo,"{""tE"":{""N"":""89.96""},""hL"":{""N"":""58.6""},""wL"":{""N"":""50.16548""},""tL"":{""N"":""93.2""},""hR"":{""N"":""52.4""},""wR"":{""N"":""36.66976""},""hE"":{""N"":""48""},""tR"":{""N"":""93.2""}}",a47854d8-3051-70fa-00ce-ac30661244a5
868032061578211,1781128800,data.qo,"{""tE"":{""N"":""100.94""},""hL"":{""N"":""56.8""},""wL"":{""N"":""50.01347""},""tL"":{""N"":""93.56""},""hR"":{""N"":""52.5""},""wR"":{""N"":""36.32809""},""hE"":{""N"":""37.9""},""tR"":{""N"":""93.2""}}",a47854d8-3051-70fa-00ce-ac30661244a5
868032061578211,1781132400,data.qo,"{""tE"":{""N"":""82.94""},""hL"":{""N"":""57.2""},""wL"":{""N"":""50.083626""},""tL"":{""N"":""93.92""},""hR"":{""N"":""62.5""},""wR"":{""N"":""36.726665""},""hE"":{""N"":""56.5""},""tR"":{""N"":""94.28""}}",a47854d8-3051-70fa-00ce-ac30661244a5
868032061578211,1781136000,data.qo,"{""tE"":{""N"":""86.9""},""hL"":{""N"":""58.9""},""wL"":{""N"":""49.762222""},""tL"":{""N"":""93.92""},""hR"":{""N"":""52""},""wR"":{""N"":""35.851803""},""hE"":{""N"":""52.5""},""tR"":{""N"":""93.02""}}",a47854d8-3051-70fa-00ce-ac30661244a5
868032061578211,1781139600,data.qo,"{""tE"":{""N"":""75.02""},""hL"":{""N"":""56.4""},""wL"":{""N"":""49.648563""},""tL"":{""N"":""93.74""},""hR"":{""N"":""58.3""},""wR"":{""N"":""35.826836""},""hE"":{""N"":""69.5""},""tR"":{""N"":""92.12""}}",a47854d8-3051-70fa-00ce-ac30661244a5
868032061578211,1781143200,data.qo,"{""tE"":{""N"":""71.6""},""hL"":{""N"":""56.3""},""wL"":{""N"":""49.566128""},""tL"":{""N"":""93.56""},""hR"":{""N"":""50.3""},""wR"":{""N"":""35.461357""},""hE"":{""N"":""75.7""},""tR"":{""N"":""89.96""}}",a47854d8-3051-70fa-00ce-ac30661244a5
868032061578211,1781146800,data.qo,"{""tE"":{""N"":""68.9""},""hL"":{""N"":""57.8""},""wL"":{""N"":""49.49068""},""tL"":{""N"":""93.92""},""hR"":{""N"":""54""},""wR"":{""N"":""35.10183""},""hE"":{""N"":""80.2""},""tR"":{""N"":""89.24""}}",a47854d8-3051-70fa-00ce-ac30661244a5
868032061578211,1781150400,data.qo,"{""tE"":{""N"":""67.46""},""hL"":{""N"":""58.8""},""wL"":{""N"":""49.595985""},""tL"":{""N"":""93.92""},""hR"":{""N"":""56.1""},""wR"":{""N"":""35.268143""},""hE"":{""N"":""83.5""},""tR"":{""N"":""88.88""}}",a47854d8-3051-70fa-00ce-ac30661244a5
868032061578211,1781154000,data.qo,"{""tE"":{""N"":""69.08""},""hL"":{""N"":""56.3""},""wL"":{""N"":""49.56268""},""tL"":{""N"":""93.56""},""hR"":{""N"":""53.3""},""wR"":{""N"":""35.282608""},""hE"":{""N"":""80.4""},""tR"":{""N"":""87.98""}}",a47854d8-3051-70fa-00ce-ac30661244a5
868032061578211,1781157600,data.qo,"{""tE"":{""N"":""66.74""},""hL"":{""N"":""59.2""},""wL"":{""N"":""49.60084""},""tL"":{""N"":""93.56""},""hR"":{""N"":""51.4""},""wR"":{""N"":""35.35582""},""hE"":{""N"":""85.1""},""tR"":{""N"":""88.16""}}",a47854d8-3051-70fa-00ce-ac30661244a5
868032061578211,1781161200,data.qo,"{""tE"":{""N"":""66.74""},""hL"":{""N"":""59.2""},""wL"":{""N"":""49.617638""},""tL"":{""N"":""93.56""},""hR"":{""N"":""51.9""},""wR"":{""N"":""35.43576""},""hE"":{""N"":""85.1""},""tR"":{""N"":""87.98""}}",a47854d8-3051-70fa-00ce-ac30661244a5
868032061578211,1781164800,data.qo,"{""tE"":{""N"":""67.82""},""hL"":{""N"":""57.7""},""wL"":{""N"":""49.674686""},""tL"":{""N"":""93.38""},""hR"":{""N"":""51.5""},""wR"":{""N"":""35.708282""},""hE"":{""N"":""85.8""},""tR"":{""N"":""87.44""}}",a47854d8-3051-70fa-00ce-ac30661244a5
868032061578211,1781168400,data.qo,"{""tE"":{""N"":""68""},""hL"":{""N"":""58.1""},""wL"":{""N"":""49.70935""},""tL"":{""N"":""93.2""},""hR"":{""N"":""51""},""wR"":{""N"":""35.83448""},""hE"":{""N"":""85.7""},""tR"":{""N"":""87.44""}}",a47854d8-3051-70fa-00ce-ac30661244a5
868032061578211,1781172000,data.qo,"{""tE"":{""N"":""68""},""hL"":{""N"":""56.8""},""wL"":{""N"":""49.659584""},""tL"":{""N"":""93.38""},""hR"":{""N"":""55.5""},""wR"":{""N"":""35.941902""},""hE"":{""N"":""86""},""tR"":{""N"":""87.44""}}",a47854d8-3051-70fa-00ce-ac30661244a5
868032061578211,1781175600,data.qo,"{""tE"":{""N"":""68""},""hL"":{""N"":""56.8""},""wL"":{""N"":""49.73309""},""tL"":{""N"":""93.38""},""hR"":{""N"":""51.5""},""wR"":{""N"":""36.04018""},""hE"":{""N"":""85.7""},""tR"":{""N"":""87.26""}}",a47854d8-3051-70fa-00ce-ac30661244a5
868032061578211,1781179200,data.qo,"{""tE"":{""N"":""68.18""},""hL"":{""N"":""56.8""},""wL"":{""N"":""49.813248""},""tL"":{""N"":""93.38""},""hR"":{""N"":""52.7""},""wR"":{""N"":""36.49832""},""hE"":{""N"":""86""},""tR"":{""N"":""87.08""}}",a47854d8-3051-70fa-00ce-ac30661244a5
868032061578211,1781182800,data.qo,"{""tE"":{""N"":""69.08""},""hL"":{""N"":""56.3""},""wL"":{""N"":""49.918457""},""tL"":{""N"":""93.02""},""hR"":{""N"":""56""},""wR"":{""N"":""36.771328""},""hE"":{""N"":""85.5""},""tR"":{""N"":""88.88""}}",a47854d8-3051-70fa-00ce-ac30661244a5
868032061578211,1781186400,data.qo,"{""tE"":{""N"":""71.6""},""hL"":{""N"":""56.5""},""wL"":{""N"":""49.99701""},""tL"":{""N"":""92.84""},""hR"":{""N"":""58.7""},""wR"":{""N"":""36.99735""},""hE"":{""N"":""82.1""},""tR"":{""N"":""91.04""}}",a47854d8-3051-70fa-00ce-ac30661244a5
868032061578211,1781190000,data.qo,"{""tE"":{""N"":""74.48""},""hL"":{""N"":""55.8""},""wL"":{""N"":""50.057163""},""tL"":{""N"":""92.84""},""hR"":{""N"":""58.8""},""wR"":{""N"":""37.19129""},""hE"":{""N"":""75.6""},""tR"":{""N"":""91.94""}}",a47854d8-3051-70fa-00ce-ac30661244a5
868032061578211,1781193600,data.qo,"{""tE"":{""N"":""75.02""},""hL"":{""N"":""56.1""},""wL"":{""N"":""50.18354""},""tL"":{""N"":""93.02""},""hR"":{""N"":""54.1""},""wR"":{""N"":""37.55972""},""hE"":{""N"":""72.6""},""tR"":{""N"":""91.4""}}",a47854d8-3051-70fa-00ce-ac30661244a5
868032061578211,1781197200,data.qo,"{""tE"":{""N"":""77""},""hL"":{""N"":""56.5""},""wL"":{""N"":""50.22311""},""tL"":{""N"":""93.2""},""hR"":{""N"":""55.6""},""wR"":{""N"":""37.63521""},""hE"":{""N"":""67.2""},""tR"":{""N"":""91.58""}}",a47854d8-3051-70fa-00ce-ac30661244a5
868032061578211,1781200800,data.qo,"{""tE"":{""N"":""78.08""},""hL"":{""N"":""59.7""},""wL"":{""N"":""50.275204""},""tL"":{""N"":""93.2""},""hR"":{""N"":""59.3""},""wR"":{""N"":""37.696564""},""hE"":{""N"":""60.8""},""tR"":{""N"":""91.76""}}",a47854d8-3051-70fa-00ce-ac30661244a5
868032061578211,1781204400,data.qo,"{""tE"":{""N"":""79.88""},""hL"":{""N"":""55""},""wL"":{""N"":""50.249424""},""tL"":{""N"":""93.2""},""hR"":{""N"":""53.6""},""wR"":{""N"":""37.84434""},""hE"":{""N"":""58.9""},""tR"":{""N"":""91.4""}}",a47854d8-3051-70fa-00ce-ac30661244a5
868032061578211,1781208000,data.qo,"{""tE"":{""N"":""81.68""},""hL"":{""N"":""59.1""},""wL"":{""N"":""50.09251""},""tL"":{""N"":""93.2""},""hR"":{""N"":""53.4""},""wR"":{""N"":""37.60782""},""hE"":{""N"":""55""},""tR"":{""N"":""91.94""}}",a47854d8-3051-70fa-00ce-ac30661244a5
868032061578211,1781211600,data.qo,"{""tE"":{""N"":""84.56""},""hL"":{""N"":""55.4""},""wL"":{""N"":""50.076878""},""tL"":{""N"":""93.2""},""hR"":{""N"":""55.8""},""wR"":{""N"":""37.46062""},""hE"":{""N"":""50.1""},""tR"":{""N"":""93.92""}}",a47854d8-3051-70fa-00ce-ac30661244a5
868032061578211,1781215200,data.qo,"{""tE"":{""N"":""88.7""},""hL"":{""N"":""56.5""},""wL"":{""N"":""50.117466""},""tL"":{""N"":""93.56""},""hR"":{""N"":""50.2""},""wR"":{""N"":""37.62393""},""hE"":{""N"":""45.9""},""tR"":{""N"":""94.28""}}",a47854d8-3051-70fa-00ce-ac30661244a5
868032061578211,1781218800,data.qo,"{""tE"":{""N"":""91.94""},""hL"":{""N"":""57.4""},""wL"":{""N"":""49.958656""},""tL"":{""N"":""93.74""},""hR"":{""N"":""59.3""},""wR"":{""N"":""37.411507""},""hE"":{""N"":""42.6""},""tR"":{""N"":""95.18""}}",a47854d8-3051-70fa-00ce-ac30661244a5
868032061578211,1781222400,data.qo,"{""tE"":{""N"":""89.6""},""hL"":{""N"":""57.7""},""wL"":{""N"":""49.808636""},""tL"":{""N"":""93.92""},""hR"":{""N"":""42.7""},""wR"":{""N"":""36.718197""},""hE"":{""N"":""44.2""},""tR"":{""N"":""93.56""}}",a47854d8-3051-70fa-00ce-ac30661244a5
868032061578211,1781226000,data.qo,"{""tE"":{""N"":""80.42""},""hL"":{""N"":""53.4""},""wL"":{""N"":""49.691288""},""tL"":{""N"":""93.74""},""hR"":{""N"":""44.3""},""wR"":{""N"":""36.660084""},""hE"":{""N"":""53.3""},""tR"":{""N"":""91.76""}}",a47854d8-3051-70fa-00ce-ac30661244a5
868032061578211,1781229600,data.qo,"{""tE"":{""N"":""77.54""},""hL"":{""N"":""56""},""wL"":{""N"":""49.62769""},""tL"":{""N"":""93.56""},""hR"":{""N"":""48.4""},""wR"":{""N"":""36.47935""},""hE"":{""N"":""58.1""},""tR"":{""N"":""90.5""}}",a47854d8-3051-70fa-00ce-ac30661244a5
868032061578211,1781233200,data.qo,"{""tE"":{""N"":""75.02""},""hL"":{""N"":""56.7""},""wL"":{""N"":""49.517963""},""tL"":{""N"":""93.92""},""hR"":{""N"":""47.1""},""wR"":{""N"":""36.25904""},""hE"":{""N"":""62.5""},""tR"":{""N"":""89.6""}}",a47854d8-3051-70fa-00ce-ac30661244a5
868032061578211,1781236800,data.qo,"{""tE"":{""N"":""72.86""},""hL"":{""N"":""57.5""},""wL"":{""N"":""49.46854""},""tL"":{""N"":""93.92""},""hR"":{""N"":""57.9""},""wR"":{""N"":""36.118473""},""hE"":{""N"":""67.6""},""tR"":{""N"":""89.6""}}",a47854d8-3051-70fa-00ce-ac30661244a5
868032061578211,1781240400,data.qo,"{""tE"":{""N"":""71.42""},""hL"":{""N"":""53.8""},""wL"":{""N"":""49.46665""},""tL"":{""N"":""93.74""},""hR"":{""N"":""55.8""},""wR"":{""N"":""35.923466""},""hE"":{""N"":""69.7""},""tR"":{""N"":""89.6""}}",a47854d8-3051-70fa-00ce-ac30661244a5
868032061578211,1781244000,data.qo,"{""tE"":{""N"":""70.16""},""hL"":{""N"":""56.7""},""wL"":{""N"":""49.490097""},""tL"":{""N"":""93.92""},""hR"":{""N"":""52.1""},""wR"":{""N"":""36.041775""},""hE"":{""N"":""73.1""},""tR"":{""N"":""89.6""}}",a47854d8-3051-70fa-00ce-ac30661244a5
868032061578211,1781247600,data.qo,"{""tE"":{""N"":""70.7""},""hL"":{""N"":""57.4""},""wL"":{""N"":""49.642303""},""tL"":{""N"":""93.92""},""hR"":{""N"":""49.9""},""wR"":{""N"":""36.21036""},""hE"":{""N"":""74.5""},""tR"":{""N"":""89.24""}}",a47854d8-3051-70fa-00ce-ac30661244a5
868032061578211,1781251200,data.qo,"{""tE"":{""N"":""71.06""},""hL"":{""N"":""56.6""},""wL"":{""N"":""49.58443""},""tL"":{""N"":""93.74""},""hR"":{""N"":""52.3""},""wR"":{""N"":""36.37827""},""hE"":{""N"":""77.2""},""tR"":{""N"":""89.24""}}",a47854d8-3051-70fa-00ce-ac30661244a5
868032061578211,1781254800,data.qo,"{""tE"":{""N"":""70.52""},""hL"":{""N"":""57""},""wL"":{""N"":""49.606083""},""tL"":{""N"":""93.74""},""hR"":{""N"":""53.1""},""wR"":{""N"":""36.63942""},""hE"":{""N"":""79""},""tR"":{""N"":""88.52""}}",a47854d8-3051-70fa-00ce-ac30661244a5
868032061578211,1781258400,data.qo,"{""tE"":{""N"":""70.52""},""hL"":{""N"":""57.5""},""wL"":{""N"":""49.583702""},""tL"":{""N"":""93.56""},""hR"":{""N"":""56.1""},""wR"":{""N"":""36.668938""},""hE"":{""N"":""79""},""tR"":{""N"":""88.16""}}",a47854d8-3051-70fa-00ce-ac30661244a5
868032061578211,1781262000,data.qo,"{""tE"":{""N"":""69.98""},""hL"":{""N"":""55.8""},""wL"":{""N"":""49.578846""},""tL"":{""N"":""93.56""},""hR"":{""N"":""55.8""},""wR"":{""N"":""36.87183""},""hE"":{""N"":""82.8""},""tR"":{""N"":""88.52""}}",a47854d8-3051-70fa-00ce-ac30661244a5
868032061578211,1781265600,data.qo,"{""tE"":{""N"":""70.52""},""hL"":{""N"":""54.8""},""wL"":{""N"":""49.644146""},""tL"":{""N"":""93.2""},""hR"":{""N"":""56""},""wR"":{""N"":""37.094223""},""hE"":{""N"":""80.8""},""tR"":{""N"":""89.06""}}",a47854d8-3051-70fa-00ce-ac30661244a5
868032061578211,1781269200,data.qo,"{""tE"":{""N"":""70.88""},""hL"":{""N"":""55.3""},""wL"":{""N"":""49.751736""},""tL"":{""N"":""93.02""},""hR"":{""N"":""57.2""},""wR"":{""N"":""37.39278""},""hE"":{""N"":""80""},""tR"":{""N"":""89.6""}}",a47854d8-3051-70fa-00ce-ac30661244a5
868032061578211,1781272800,data.qo,"{""tE"":{""N"":""72.14""},""hL"":{""N"":""54.2""},""wL"":{""N"":""49.904087""},""tL"":{""N"":""93.02""},""hR"":{""N"":""57.2""},""wR"":{""N"":""37.578156""},""hE"":{""N"":""77""},""tR"":{""N"":""89.6""}}",a47854d8-3051-70fa-00ce-ac30661244a5
868032061578211,1781276400,data.qo,"{""tE"":{""N"":""73.94""},""hL"":{""N"":""57.8""},""wL"":{""N"":""49.972977""},""tL"":{""N"":""93.02""},""hR"":{""N"":""58.8""},""wR"":{""N"":""37.78337""},""hE"":{""N"":""71.6""},""tR"":{""N"":""91.04""}}",a47854d8-3051-70fa-00ce-ac30661244a5
868032061578211,1781280000,data.qo,"{""tE"":{""N"":""76.1""},""hL"":{""N"":""58.5""},""wL"":{""N"":""50.04828""},""tL"":{""N"":""93.2""},""hR"":{""N"":""60""},""wR"":{""N"":""38.038235""},""hE"":{""N"":""65.6""},""tR"":{""N"":""91.22""}}",a47854d8-3051-70fa-00ce-ac30661244a5
868032061578211,1781283600,data.qo,"{""tE"":{""N"":""77.72""},""hL"":{""N"":""58""},""wL"":{""N"":""50.09212""},""tL"":{""N"":""93.38""},""hR"":{""N"":""62""},""wR"":{""N"":""37.974167""},""hE"":{""N"":""59.4""},""tR"":{""N"":""92.12""}}",a47854d8-3051-70fa-00ce-ac30661244a5
868032061578211,1781287200,data.qo,"{""tE"":{""N"":""78.8""},""hL"":{""N"":""59""},""wL"":{""N"":""50.116783""},""tL"":{""N"":""93.2""},""hR"":{""N"":""58.3""},""wR"":{""N"":""38.078346""},""hE"":{""N"":""58.4""},""tR"":{""N"":""91.58""}}",a47854d8-3051-70fa-00ce-ac30661244a5
868032061578211,1781290800,data.qo,"{""tE"":{""N"":""80.6""},""hL"":{""N"":""55""},""wL"":{""N"":""50.042503""},""tL"":{""N"":""93.2""},""hR"":{""N"":""53.1""},""wR"":{""N"":""38.069977""},""hE"":{""N"":""53.1""},""tR"":{""N"":""92.3""}}",a47854d8-3051-70fa-00ce-ac30661244a5
868032061578211,1781294400,data.qo,"{""tE"":{""N"":""81.86""},""hL"":{""N"":""57.1""},""wL"":{""N"":""49.99677""},""tL"":{""N"":""93.2""},""hR"":{""N"":""53.6""},""wR"":{""N"":""37.842113""},""hE"":{""N"":""51.6""},""tR"":{""N"":""92.3""}}",a47854d8-3051-70fa-00ce-ac30661244a5
868032061578211,1781298000,data.qo,"{""tE"":{""N"":""84.74""},""hL"":{""N"":""56.7""},""wL"":{""N"":""49.943947""},""tL"":{""N"":""93.38""},""hR"":{""N"":""50.1""},""wR"":{""N"":""38.000973""},""hE"":{""N"":""48.7""},""tR"":{""N"":""93.2""}}",a47854d8-3051-70fa-00ce-ac30661244a5
868032061578211,1781301600,data.qo,"{""tE"":{""N"":""88.7""},""hL"":{""N"":""55.6""},""wL"":{""N"":""49.846554""},""tL"":{""N"":""93.56""},""hR"":{""N"":""50.2""},""wR"":{""N"":""37.188435""},""hE"":{""N"":""43.9""},""tR"":{""N"":""95""}}",a47854d8-3051-70fa-00ce-ac30661244a5
868032061578211,1781305200,data.qo,"{""tE"":{""N"":""88.7""},""hL"":{""N"":""55.6""},""wL"":{""N"":""49.73144""},""tL"":{""N"":""93.74""},""hR"":{""N"":""43.9""},""wR"":{""N"":""36.89738""},""hE"":{""N"":""43.9""},""tR"":{""N"":""92.48""}}",a47854d8-3051-70fa-00ce-ac30661244a5
868032061578211,1781308800,data.qo,"{""tE"":{""N"":""79.7""},""hL"":{""N"":""55""},""wL"":{""N"":""49.576565""},""tL"":{""N"":""93.56""},""hR"":{""N"":""50.5""},""wR"":{""N"":""36.59045""},""hE"":{""N"":""59.4""},""tR"":{""N"":""90.86""}}",a47854d8-3051-70fa-00ce-ac30661244a5
868032061578211,1781312400,data.qo,"{""tE"":{""N"":""76.28""},""hL"":{""N"":""56.7""},""wL"":{""N"":""49.558357""},""tL"":{""N"":""93.74""},""hR"":{""N"":""48.8""},""wR"":{""N"":""36.75086""},""hE"":{""N"":""67.2""},""tR"":{""N"":""90.5""}}",a47854d8-3051-70fa-00ce-ac30661244a5
868032061578211,1781316000,data.qo,"{""tE"":{""N"":""74.66""},""hL"":{""N"":""56.7""},""wL"":{""N"":""49.53651""},""tL"":{""N"":""93.74""},""hR"":{""N"":""50.7""},""wR"":{""N"":""36.76436""},""hE"":{""N"":""69.5""},""tR"":{""N"":""89.24""}}",a47854d8-3051-70fa-00ce-ac30661244a5
868032061578211,1781319600,data.qo,"{""tE"":{""N"":""72.86""},""hL"":{""N"":""56.7""},""wL"":{""N"":""49.482136""},""tL"":{""N"":""93.74""},""hR"":{""N"":""53.7""},""wR"":{""N"":""36.6715""},""hE"":{""N"":""72.8""},""tR"":{""N"":""89.42""}}",a47854d8-3051-70fa-00ce-ac30661244a5
868032061578211,1781323200,data.qo,"{""tE"":{""N"":""71.42""},""hL"":{""N"":""56.7""},""wL"":{""N"":""49.520054""},""tL"":{""N"":""93.74""},""hR"":{""N"":""50.1""},""wR"":{""N"":""36.80409""},""hE"":{""N"":""73.5""},""tR"":{""N"":""89.6""}}",a47854d8-3051-70fa-00ce-ac30661244a5
868032061578211,1781326800,data.qo,"{""tE"":{""N"":""70.88""},""hL"":{""N"":""56.7""},""wL"":{""N"":""49.544037""},""tL"":{""N"":""93.56""},""hR"":{""N"":""52""},""wR"":{""N"":""36.95472""},""hE"":{""N"":""72.2""},""tR"":{""N"":""89.24""}}",a47854d8-3051-70fa-00ce-ac30661244a5
868032061578211,1781330400,data.qo,"{""tE"":{""N"":""69.62""},""hL"":{""N"":""55.4""},""wL"":{""N"":""49.515003""},""tL"":{""N"":""93.38""},""hR"":{""N"":""54""},""wR"":{""N"":""36.76949""},""hE"":{""N"":""73.8""},""tR"":{""N"":""89.42""}}",a47854d8-3051-70fa-00ce-ac30661244a5
868032061578211,1781334000,data.qo,"{""tE"":{""N"":""68.54""},""hL"":{""N"":""57.2""},""wL"":{""N"":""49.48869""},""tL"":{""N"":""93.56""},""hR"":{""N"":""48""},""wR"":{""N"":""36.819378""},""hE"":{""N"":""74.4""},""tR"":{""N"":""88.34""}}",a47854d8-3051-70fa-00ce-ac30661244a5
868032061578211,1781337600,data.qo,"{""tE"":{""N"":""67.1""},""hL"":{""N"":""58.2""},""wL"":{""N"":""49.520878""},""tL"":{""N"":""93.56""},""hR"":{""N"":""48.8""},""wR"":{""N"":""36.858135""},""hE"":{""N"":""74.8""},""tR"":{""N"":""87.98""}}",a47854d8-3051-70fa-00ce-ac30661244a5
868032061578211,1781341200,data.qo,"{""tE"":{""N"":""66.38""},""hL"":{""N"":""57""},""wL"":{""N"":""49.5286""},""tL"":{""N"":""93.2""},""hR"":{""N"":""49.6""},""wR"":{""N"":""36.862152""},""hE"":{""N"":""75.1""},""tR"":{""N"":""87.8""}}",a47854d8-3051-70fa-00ce-ac30661244a5
868032061578211,1781344800,data.qo,"{""tE"":{""N"":""65.48""},""hL"":{""N"":""58.1""},""wL"":{""N"":""49.48252""},""tL"":{""N"":""93.2""},""hR"":{""N"":""48.6""},""wR"":{""N"":""36.8578""},""hE"":{""N"":""77.9""},""tR"":{""N"":""88.16""}}",a47854d8-3051-70fa-00ce-ac30661244a5
868032061578211,1781348400,data.qo,"{""tE"":{""N"":""64.4""},""hL"":{""N"":""55.7""},""wL"":{""N"":""49.51986""},""tL"":{""N"":""93.2""},""hR"":{""N"":""53.3""},""wR"":{""N"":""36.960285""},""hE"":{""N"":""81.2""},""tR"":{""N"":""87.26""}}",a47854d8-3051-70fa-00ce-ac30661244a5
868032061578211,1781352000,data.qo,"{""tE"":{""N"":""64.58""},""hL"":{""N"":""56.2""},""wL"":{""N"":""49.59691""},""tL"":{""N"":""93.02""},""hR"":{""N"":""53.6""},""wR"":{""N"":""37.273937""},""hE"":{""N"":""81.6""},""tR"":{""N"":""88.34""}}",a47854d8-3051-70fa-00ce-ac30661244a5
868032061578211,1781355600,data.qo,"{""tE"":{""N"":""65.66""},""hL"":{""N"":""57.1""},""wL"":{""N"":""49.584286""},""tL"":{""N"":""93.02""},""hR"":{""N"":""53.6""},""wR"":{""N"":""37.665207""},""hE"":{""N"":""81.6""},""tR"":{""N"":""88.34""}}",a47854d8-3051-70fa-00ce-ac30661244a5
868032061578211,1781359200,data.qo,"{""tE"":{""N"":""67.28""},""hL"":{""N"":""55.1""},""wL"":{""N"":""49.791157""},""tL"":{""N"":""92.84""},""hR"":{""N"":""57.6""},""wR"":{""N"":""37.969425""},""hE"":{""N"":""79""},""tR"":{""N"":""89.96""}}",a47854d8-3051-70fa-00ce-ac30661244a5
868032061578211,1781362800,data.qo,"{""tE"":{""N"":""70.34""},""hL"":{""N"":""53.9""},""wL"":{""N"":""49.946373""},""tL"":{""N"":""92.84""},""hR"":{""N"":""59.2""},""wR"":{""N"":""38.16051""},""hE"":{""N"":""71.9""},""tR"":{""N"":""90.5""}}",a47854d8-3051-70fa-00ce-ac30661244a5
868032061578211,1781366400,data.qo,"{""tE"":{""N"":""73.04""},""hL"":{""N"":""56.2""},""wL"":{""N"":""50.00575""},""tL"":{""N"":""93.2""},""hR"":{""N"":""48""},""wR"":{""N"":""38.309452""},""hE"":{""N"":""66""},""tR"":{""N"":""91.58""}}",a47854d8-3051-70fa-00ce-ac30661244a5
868032061578211,1781370000,data.qo,"{""tE"":{""N"":""74.3""},""hL"":{""N"":""56.7""},""wL"":{""N"":""49.951275""},""tL"":{""N"":""93.38""},""hR"":{""N"":""53.7""},""wR"":{""N"":""38.223995""},""hE"":{""N"":""62.1""},""tR"":{""N"":""91.76""}}",a47854d8-3051-70fa-00ce-ac30661244a5
868032061578211,1781373600,data.qo,"{""tE"":{""N"":""75.56""},""hL"":{""N"":""55""},""wL"":{""N"":""50.048378""},""tL"":{""N"":""93.2""},""hR"":{""N"":""52.4""},""wR"":{""N"":""38.291595""},""hE"":{""N"":""59.9""},""tR"":{""N"":""91.94""}}",a47854d8-3051-70fa-00ce-ac30661244a5
868032061578211,1781377200,data.qo,"{""tE"":{""N"":""75.56""},""hL"":{""N"":""57.1""},""wL"":{""N"":""50.075905""},""tL"":{""N"":""93.2""},""hR"":{""N"":""50.1""},""wR"":{""N"":""38.28477""},""hE"":{""N"":""59.9""},""tR"":{""N"":""91.94""}}",a47854d8-3051-70fa-00ce-ac30661244a5
868032061578211,1781380800,data.qo,"{""tE"":{""N"":""79.88""},""hL"":{""N"":""58.7""},""wL"":{""N"":""49.966183""},""tL"":{""N"":""93.2""},""hR"":{""N"":""44.5""},""wR"":{""N"":""38.31516""},""hE"":{""N"":""50.9""},""tR"":{""N"":""90.5""}}",a47854d8-3051-70fa-00ce-ac30661244a5
868032061578211,1781384400,data.qo,"{""tE"":{""N"":""82.4""},""hL"":{""N"":""56.8""},""wL"":{""N"":""49.99628""},""tL"":{""N"":""93.38""},""hR"":{""N"":""45.9""},""wR"":{""N"":""38.2915""},""hE"":{""N"":""47.3""},""tR"":{""N"":""91.04""}}",a47854d8-3051-70fa-00ce-ac30661244a5
868032061578211,1781388000,data.qo,"{""tE"":{""N"":""89.24""},""hL"":{""N"":""56.8""},""wL"":{""N"":""50.08756""},""tL"":{""N"":""93.74""},""hR"":{""N"":""56.1""},""wR"":{""N"":""38.237495""},""hE"":{""N"":""37.3""},""tR"":{""N"":""93.92""}}",a47854d8-3051-70fa-00ce-ac30661244a5
868032061578211,1781391600,data.qo,"{""tE"":{""N"":""89.96""},""hL"":{""N"":""57.9""},""wL"":{""N"":""49.976715""},""tL"":{""N"":""93.56""},""hR"":{""N"":""36.2""},""wR"":{""N"":""37.751724""},""hE"":{""N"":""37.3""},""tR"":{""N"":""92.84""}}",a47854d8-3051-70fa-00ce-ac30661244a5
868032061578211,1781395200,data.qo,"{""tE"":{""N"":""87.62""},""hL"":{""N"":""54.8""},""wL"":{""N"":""49.698185""},""tL"":{""N"":""93.92""},""hR"":{""N"":""35""},""wR"":{""N"":""36.82228""},""hE"":{""N"":""36.7""},""tR"":{""N"":""91.76""}}",a47854d8-3051-70fa-00ce-ac30661244a5
868032061578211,1781398800,data.qo,"{""tE"":{""N"":""79.52""},""hL"":{""N"":""54.3""},""wL"":{""N"":""49.57273""},""tL"":{""N"":""93.92""},""hR"":{""N"":""40.2""},""wR"":{""N"":""36.55411""},""hE"":{""N"":""46.5""},""tR"":{""N"":""88.88""}}",a47854d8-3051-70fa-00ce-ac30661244a5
868032061578211,1781402400,data.qo,"{""tE"":{""N"":""75.38""},""hL"":{""N"":""54.4""},""wL"":{""N"":""49.436497""},""tL"":{""N"":""93.56""},""hR"":{""N"":""41.7""},""wR"":{""N"":""36.174023""},""hE"":{""N"":""52.7""},""tR"":{""N"":""87.8""}}",a47854d8-3051-70fa-00ce-ac30661244a5
868032061578211,1781406000,data.qo,"{""tE"":{""N"":""72.32""},""hL"":{""N"":""53.5""},""wL"":{""N"":""49.39251""},""tL"":{""N"":""93.92""},""hR"":{""N"":""41.7""},""wR"":{""N"":""35.904255""},""hE"":{""N"":""56.5""},""tR"":{""N"":""87.8""}}",a47854d8-3051-70fa-00ce-ac30661244a5
868032061578211,1781409600,data.qo,"{""tE"":{""N"":""70.34""},""hL"":{""N"":""55.5""},""wL"":{""N"":""49.289097""},""tL"":{""N"":""93.92""},""hR"":{""N"":""44""},""wR"":{""N"":""35.552666""},""hE"":{""N"":""58.7""},""tR"":{""N"":""87.8""}}",a47854d8-3051-70fa-00ce-ac30661244a5
868032061578211,1781413200,data.qo,"{""tE"":{""N"":""68""},""hL"":{""N"":""55.5""},""wL"":{""N"":""49.242393""},""tL"":{""N"":""93.74""},""hR"":{""N"":""55.9""},""wR"":{""N"":""35.587845""},""hE"":{""N"":""66.3""},""tR"":{""N"":""88.16""}}",a47854d8-3051-70fa-00ce-ac30661244a5
868032061578211,1781416800,data.qo,"{""tE"":{""N"":""66.38""},""hL"":{""N"":""56.1""},""wL"":{""N"":""49.214573""},""tL"":{""N"":""93.56""},""hR"":{""N"":""45.9""},""wR"":{""N"":""35.510857""},""hE"":{""N"":""69.7""},""tR"":{""N"":""87.26""}}",a47854d8-3051-70fa-00ce-ac30661244a5
868032061578211,1781420400,data.qo,"{""tE"":{""N"":""64.4""},""hL"":{""N"":""55.7""},""wL"":{""N"":""49.153835""},""tL"":{""N"":""93.56""},""hR"":{""N"":""48.3""},""wR"":{""N"":""35.380596""},""hE"":{""N"":""71.8""},""tR"":{""N"":""87.26""}}",a47854d8-3051-70fa-00ce-ac30661244a5
868032061578211,1781424000,data.qo,"{""tE"":{""N"":""62.96""},""hL"":{""N"":""55.4""},""wL"":{""N"":""49.22409""},""tL"":{""N"":""93.38""},""hR"":{""N"":""49.3""},""wR"":{""N"":""35.439""},""hE"":{""N"":""76.6""},""tR"":{""N"":""87.62""}}",a47854d8-3051-70fa-00ce-ac30661244a5
868032061578211,1781427600,data.qo,"{""tE"":{""N"":""62.42""},""hL"":{""N"":""54.8""},""wL"":{""N"":""49.235256""},""tL"":{""N"":""93.2""},""hR"":{""N"":""46.8""},""wR"":{""N"":""35.43058""},""hE"":{""N"":""76.6""},""tR"":{""N"":""87.98""}}",a47854d8-3051-70fa-00ce-ac30661244a5
868032061578211,1781431200,data.qo,"{""tE"":{""N"":""61.7""},""hL"":{""N"":""56.3""},""wL"":{""N"":""49.240112""},""tL"":{""N"":""93.02""},""hR"":{""N"":""50.8""},""wR"":{""N"":""35.523293""},""hE"":{""N"":""78.3""},""tR"":{""N"":""88.16""}}",a47854d8-3051-70fa-00ce-ac30661244a5
868032061578211,1781434800,data.qo,"{""tE"":{""N"":""61.34""},""hL"":{""N"":""54.2""},""wL"":{""N"":""49.309296""},""tL"":{""N"":""93.2""},""hR"":{""N"":""45.9""},""wR"":{""N"":""35.563457""},""hE"":{""N"":""80.3""},""tR"":{""N"":""87.44""}}",a47854d8-3051-70fa-00ce-ac30661244a5
868032061578211,1781438400,data.qo,"{""tE"":{""N"":""61.16""},""hL"":{""N"":""55.5""},""wL"":{""N"":""49.46582""},""tL"":{""N"":""92.66""},""hR"":{""N"":""47.7""},""wR"":{""N"":""35.95124""},""hE"":{""N"":""79.8""},""tR"":{""N"":""87.08""}}",a47854d8-3051-70fa-00ce-ac30661244a5
868032061578211,1781442000,data.qo,"{""tE"":{""N"":""64.04""},""hL"":{""N"":""55.7""},""wL"":{""N"":""49.65235""},""tL"":{""N"":""92.66""},""hR"":{""N"":""48.2""},""wR"":{""N"":""36.647842""},""hE"":{""N"":""80""},""tR"":{""N"":""88.16""}}",a47854d8-3051-70fa-00ce-ac30661244a5
868032061578211,1781445600,data.qo,"{""tE"":{""N"":""67.82""},""hL"":{""N"":""55.3""},""wL"":{""N"":""49.865585""},""tL"":{""N"":""92.84""},""hR"":{""N"":""56.7""},""wR"":{""N"":""37.041965""},""hE"":{""N"":""70.3""},""tR"":{""N"":""91.58""}}",a47854d8-3051-70fa-00ce-ac30661244a5
868032061578211,1781449200,data.qo,"{""tE"":{""N"":""72.5""},""hL"":{""N"":""52.8""},""wL"":{""N"":""49.97094""},""tL"":{""N"":""93.02""},""hR"":{""N"":""48.1""},""wR"":{""N"":""37.187515""},""hE"":{""N"":""62.5""},""tR"":{""N"":""91.58""}}",a47854d8-3051-70fa-00ce-ac30661244a5
868032061578211,1781452800,data.qo,"{""tE"":{""N"":""74.84""},""hL"":{""N"":""52.9""},""wL"":{""N"":""50.017742""},""tL"":{""N"":""93.2""},""hR"":{""N"":""42.2""},""wR"":{""N"":""37.50988""},""hE"":{""N"":""60.3""},""tR"":{""N"":""91.04""}}",a47854d8-3051-70fa-00ce-ac30661244a5
868032061578211,1781456400,data.qo,"{""tE"":{""N"":""77.54""},""hL"":{""N"":""57.1""},""wL"":{""N"":""49.889618""},""tL"":{""N"":""93.56""},""hR"":{""N"":""44.3""},""wR"":{""N"":""37.286762""},""hE"":{""N"":""58.2""},""tR"":{""N"":""91.04""}}",a47854d8-3051-70fa-00ce-ac30661244a5
868032061578211,1781460000,data.qo,"{""tE"":{""N"":""69.08""},""hL"":{""N"":""58.7""},""wL"":{""N"":""49.747948""},""tL"":{""N"":""93.56""},""hR"":{""N"":""57.8""},""wR"":{""N"":""37.279118""},""hE"":{""N"":""76.8""},""tR"":{""N"":""92.48""}}",a47854d8-3051-70fa-00ce-ac30661244a5
868032061578211,1781463600,data.qo,"{""tE"":{""N"":""70.16""},""hL"":{""N"":""57.7""},""wL"":{""N"":""49.613365""},""tL"":{""N"":""93.38""},""hR"":{""N"":""47.2""},""wR"":{""N"":""37.576027""},""hE"":{""N"":""78.2""},""tR"":{""N"":""88.88""}}",a47854d8-3051-70fa-00ce-ac30661244a5
868032061578211,1781467200,data.qo,"{""tE"":{""N"":""70.52""},""hL"":{""N"":""55.7""},""wL"":{""N"":""49.65803""},""tL"":{""N"":""93.2""},""hR"":{""N"":""50.2""},""wR"":{""N"":""37.946247""},""hE"":{""N"":""77.3""},""tR"":{""N"":""87.8""}}",a47854d8-3051-70fa-00ce-ac30661244a5
868032061578211,1781470800,data.qo,"{""tE"":{""N"":""74.3""},""hL"":{""N"":""57.3""},""wL"":{""N"":""49.709106""},""tL"":{""N"":""93.2""},""hR"":{""N"":""48.7""},""wR"":{""N"":""38.073265""},""hE"":{""N"":""67.3""},""tR"":{""N"":""88.16""}}",a47854d8-3051-70fa-00ce-ac30661244a5
868032061578211,1781474400,data.qo,"{""tE"":{""N"":""82.76""},""hL"":{""N"":""57.7""},""wL"":{""N"":""49.797955""},""tL"":{""N"":""93.56""},""hR"":{""N"":""55.8""},""wR"":{""N"":""38.268707""},""hE"":{""N"":""58.5""},""tR"":{""N"":""90.5""}}",a47854d8-3051-70fa-00ce-ac30661244a5
868032061578211,1781478000,data.qo,"{""tE"":{""N"":""80.06""},""hL"":{""N"":""58.2""},""wL"":{""N"":""49.813103""},""tL"":{""N"":""93.56""},""hR"":{""N"":""43.9""},""wR"":{""N"":""37.417023""},""hE"":{""N"":""55.6""},""tR"":{""N"":""91.4""}}",a47854d8-3051-70fa-00ce-ac30661244a5
868032061578211,1781481600,data.qo,"{""tE"":{""N"":""72.5""},""hL"":{""N"":""57.5""},""wL"":{""N"":""49.558117""},""tL"":{""N"":""93.56""},""hR"":{""N"":""48.4""},""wR"":{""N"":""37.058414""},""hE"":{""N"":""69.7""},""tR"":{""N"":""89.06""}}",a47854d8-3051-70fa-00ce-ac30661244a5
868032061578211,1781485200,data.qo,"{""tE"":{""N"":""69.26""},""hL"":{""N"":""56.7""},""wL"":{""N"":""49.508984""},""tL"":{""N"":""93.2""},""hR"":{""N"":""47""},""wR"":{""N"":""37.090885""},""hE"":{""N"":""77.2""},""tR"":{""N"":""86.54""}}",a47854d8-3051-70fa-00ce-ac30661244a5
868032061578211,1781488800,data.qo,"{""tE"":{""N"":""67.46""},""hL"":{""N"":""56""},""wL"":{""N"":""49.43441""},""tL"":{""N"":""93.2""},""hR"":{""N"":""51.8""},""wR"":{""N"":""37.207355""},""hE"":{""N"":""82.5""},""tR"":{""N"":""86""}}",a47854d8-3051-70fa-00ce-ac30661244a5
868032061578211,1781492400,data.qo,"{""tE"":{""N"":""66.2""},""hL"":{""N"":""58.4""},""wL"":{""N"":""49.441013""},""tL"":{""N"":""93.2""},""hR"":{""N"":""49.9""},""wR"":{""N"":""37.08416""},""hE"":{""N"":""83.1""},""tR"":{""N"":""85.1""}}",a47854d8-3051-70fa-00ce-ac30661244a5
868032061578211,1781496000,data.qo,"{""tE"":{""N"":""64.58""},""hL"":{""N"":""58.4""},""wL"":{""N"":""49.447227""},""tL"":{""N"":""93.2""},""hR"":{""N"":""49.9""},""wR"":{""N"":""37.080383""},""hE"":{""N"":""82.6""},""tR"":{""N"":""85.1""}}",a47854d8-3051-70fa-00ce-ac30661244a5
868032061578211,1781499600,data.qo,"{""tE"":{""N"":""63.14""},""hL"":{""N"":""56.7""},""wL"":{""N"":""49.48""},""tL"":{""N"":""93.2""},""hR"":{""N"":""50.7""},""wR"":{""N"":""37.246067""},""hE"":{""N"":""86.6""},""tR"":{""N"":""84.74""}}",a47854d8-3051-70fa-00ce-ac30661244a5
868032061578211,1781503200,data.qo,"{""tE"":{""N"":""63.5""},""hL"":{""N"":""57.9""},""wL"":{""N"":""49.438004""},""tL"":{""N"":""93.2""},""hR"":{""N"":""54.3""},""wR"":{""N"":""37.256084""},""hE"":{""N"":""87.2""},""tR"":{""N"":""83.66""}}",a47854d8-3051-70fa-00ce-ac30661244a5
868032061578211,1781506800,data.qo,"{""tE"":{""N"":""62.6""},""hL"":{""N"":""55.5""},""wL"":{""N"":""49.513546""},""tL"":{""N"":""93.02""},""hR"":{""N"":""53.3""},""wR"":{""N"":""37.4387""},""hE"":{""N"":""87.5""},""tR"":{""N"":""83.66""}}",a47854d8-3051-70fa-00ce-ac30661244a5
868032061578211,1781510400,data.qo,"{""tE"":{""N"":""61.88""},""hL"":{""N"":""57.8""},""wL"":{""N"":""49.405666""},""tL"":{""N"":""92.84""},""hR"":{""N"":""51""},""wR"":{""N"":""37.171066""},""hE"":{""N"":""84.9""},""tR"":{""N"":""84.2""}}",a47854d8-3051-70fa-00ce-ac30661244a5
868032061578211,1781514000,data.qo,"{""tE"":{""N"":""61.7""},""hL"":{""N"":""56.2""},""wL"":{""N"":""49.313034""},""tL"":{""N"":""92.84""},""hR"":{""N"":""50.5""},""wR"":{""N"":""37.04951""},""hE"":{""N"":""86""},""tR"":{""N"":""83.48""}}",a47854d8-3051-70fa-00ce-ac30661244a5
868032061578211,1781517600,data.qo,"{""tE"":{""N"":""60.08""},""hL"":{""N"":""57.8""},""wL"":{""N"":""49.43873""},""tL"":{""N"":""92.48""},""hR"":{""N"":""54.2""},""wR"":{""N"":""36.853878""},""hE"":{""N"":""83.9""},""tR"":{""N"":""83.48""}}",a47854d8-3051-70fa-00ce-ac30661244a5
868032061578211,1781521200,data.qo,"{""tE"":{""N"":""58.1""},""hL"":{""N"":""57.1""},""wL"":{""N"":""49.239285""},""tL"":{""N"":""92.3""},""hR"":{""N"":""49""},""wR"":{""N"":""36.626404""},""hE"":{""N"":""84.5""},""tR"":{""N"":""82.94""}}",a47854d8-3051-70fa-00ce-ac30661244a5
868032061578211,1781524800,data.qo,"{""tE"":{""N"":""56.3""},""hL"":{""N"":""57.1""},""wL"":{""N"":""49.336967""},""tL"":{""N"":""92.3""},""hR"":{""N"":""45.9""},""wR"":{""N"":""36.442482""},""hE"":{""N"":""80.3""},""tR"":{""N"":""82.04""}}",a47854d8-3051-70fa-00ce-ac30661244a5
868032061578211,1781528400,data.qo,"{""tE"":{""N"":""55.4""},""hL"":{""N"":""53.8""},""wL"":{""N"":""49.40824""},""tL"":{""N"":""92.12""},""hR"":{""N"":""43.2""},""wR"":{""N"":""36.970398""},""hE"":{""N"":""78.3""},""tR"":{""N"":""80.96""}}",a47854d8-3051-70fa-00ce-ac30661244a5
868032061578211,1781532000,data.qo,"{""tE"":{""N"":""57.02""},""hL"":{""N"":""54.5""},""wL"":{""N"":""49.487038""},""tL"":{""N"":""91.58""},""hR"":{""N"":""45.8""},""wR"":{""N"":""37.05803""},""hE"":{""N"":""73.2""},""tR"":{""N"":""80.24""}}",a47854d8-3051-70fa-00ce-ac30661244a5
868032061578211,1781535600,data.qo,"{""tE"":{""N"":""57.92""},""hL"":{""N"":""55.7""},""wL"":{""N"":""49.678764""},""tL"":{""N"":""91.58""},""hR"":{""N"":""45.8""},""wR"":{""N"":""37.726467""},""hE"":{""N"":""69.5""},""tR"":{""N"":""80.24""}}",a47854d8-3051-70fa-00ce-ac30661244a5
868032061578211,1781539200,data.qo,"{""tE"":{""N"":""60.62""},""hL"":{""N"":""54.4""},""wL"":{""N"":""49.83791""},""tL"":{""N"":""91.4""},""hR"":{""N"":""43.4""},""wR"":{""N"":""38.05188""},""hE"":{""N"":""62.2""},""tR"":{""N"":""81.14""}}",a47854d8-3051-70fa-00ce-ac30661244a5
868032061578211,1781542800,data.qo,"{""tE"":{""N"":""62.6""},""hL"":{""N"":""55.5""},""wL"":{""N"":""49.80412""},""tL"":{""N"":""91.58""},""hR"":{""N"":""44.2""},""wR"":{""N"":""37.973007""},""hE"":{""N"":""60""},""tR"":{""N"":""81.5""}}",a47854d8-3051-70fa-00ce-ac30661244a5
868032061578211,1781546400,data.qo,"{""tE"":{""N"":""63.5""},""hL"":{""N"":""54.7""},""wL"":{""N"":""49.779747""},""tL"":{""N"":""91.22""},""hR"":{""N"":""45.2""},""wR"":{""N"":""38.013313""},""hE"":{""N"":""59.3""},""tR"":{""N"":""82.4""}}",a47854d8-3051-70fa-00ce-ac30661244a5
868032061578211,1781550000,data.qo,"{""tE"":{""N"":""64.4""},""hL"":{""N"":""54""},""wL"":{""N"":""49.812084""},""tL"":{""N"":""91.4""},""hR"":{""N"":""44.1""},""wR"":{""N"":""37.9777""},""hE"":{""N"":""57.4""},""tR"":{""N"":""83.3""}}",a47854d8-3051-70fa-00ce-ac30661244a5
868032061578211,1781553600,data.qo,"{""tE"":{""N"":""66.38""},""hL"":{""N"":""58.2""},""wL"":{""N"":""49.879227""},""tL"":{""N"":""91.4""},""hR"":{""N"":""44""},""wR"":{""N"":""38.020428""},""hE"":{""N"":""55.6""},""tR"":{""N"":""83.66""}}",a47854d8-3051-70fa-00ce-ac30661244a5
868032061578211,1781557200,data.qo,"{""tE"":{""N"":""66.38""},""hL"":{""N"":""59""},""wL"":{""N"":""49.77562""},""tL"":{""N"":""91.58""},""hR"":{""N"":""43.5""},""wR"":{""N"":""38.14943""},""hE"":{""N"":""55.6""},""tR"":{""N"":""83.66""}}",a47854d8-3051-70fa-00ce-ac30661244a5
868032061578211,1781560800,data.qo,"{""tE"":{""N"":""73.04""},""hL"":{""N"":""56.2""},""wL"":{""N"":""49.79441""},""tL"":{""N"":""91.76""},""hR"":{""N"":""40.7""},""wR"":{""N"":""38.075977""},""hE"":{""N"":""46.2""},""tR"":{""N"":""83.66""}}",a47854d8-3051-70fa-00ce-ac30661244a5
868032061578211,1781564400,data.qo,"{""tE"":{""N"":""73.76""},""hL"":{""N"":""57.2""},""wL"":{""N"":""49.58734""},""tL"":{""N"":""91.94""},""hR"":{""N"":""40""},""wR"":{""N"":""38.101284""},""hE"":{""N"":""46.8""},""tR"":{""N"":""83.66""}}",a47854d8-3051-70fa-00ce-ac30661244a5
868032061578211,1781568000,data.qo,"{""tE"":{""N"":""74.48""},""hL"":{""N"":""55""},""wL"":{""N"":""49.410767""},""tL"":{""N"":""91.94""},""hR"":{""N"":""41.2""},""wR"":{""N"":""37.364037""},""hE"":{""N"":""44.1""},""tR"":{""N"":""84.56""}}",a47854d8-3051-70fa-00ce-ac30661244a5
868032061578211,1781571600,data.qo,"{""tE"":{""N"":""66.56""},""hL"":{""N"":""54.7""},""wL"":{""N"":""49.33624""},""tL"":{""N"":""91.94""},""hR"":{""N"":""39.7""},""wR"":{""N"":""37.242245""},""hE"":{""N"":""54.7""},""tR"":{""N"":""84.02""}}",a47854d8-3051-70fa-00ce-ac30661244a5
868032061578211,1781575200,data.qo,"{""tE"":{""N"":""64.04""},""hL"":{""N"":""49.3""},""wL"":{""N"":""49.153885""},""tL"":{""N"":""91.76""},""hR"":{""N"":""45.7""},""wR"":{""N"":""36.789085""},""hE"":{""N"":""60.5""},""tR"":{""N"":""85.1""}}",a47854d8-3051-70fa-00ce-ac30661244a5
868032061578211,1781578800,data.qo,"{""tE"":{""N"":""60.8""},""hL"":{""N"":""55.3""},""wL"":{""N"":""49.130047""},""tL"":{""N"":""92.12""},""hR"":{""N"":""42.7""},""wR"":{""N"":""36.700874""},""hE"":{""N"":""65.7""},""tR"":{""N"":""84.02""}}",a47854d8-3051-70fa-00ce-ac30661244a5
868032061578211,1781582400,data.qo,"{""tE"":{""N"":""59.36""},""hL"":{""N"":""52.2""},""wL"":{""N"":""49.040665""},""tL"":{""N"":""91.94""},""hR"":{""N"":""43.7""},""wR"":{""N"":""36.50108""},""hE"":{""N"":""68.3""},""tR"":{""N"":""83.48""}}",a47854d8-3051-70fa-00ce-ac30661244a5
868032061578211,1781586000,data.qo,"{""tE"":{""N"":""57.56""},""hL"":{""N"":""54.8""},""wL"":{""N"":""49.05698""},""tL"":{""N"":""91.94""},""hR"":{""N"":""44.9""},""wR"":{""N"":""36.39893""},""hE"":{""N"":""73.4""},""tR"":{""N"":""82.58""}}",a47854d8-3051-70fa-00ce-ac30661244a5
868032061578211,1781589600,data.qo,"{""tE"":{""N"":""56.66""},""hL"":{""N"":""56.1""},""wL"":{""N"":""49.031296""},""tL"":{""N"":""91.58""},""hR"":{""N"":""43.8""},""wR"":{""N"":""36.369026""},""hE"":{""N"":""76.8""},""tR"":{""N"":""82.4""}}",a47854d8-3051-70fa-00ce-ac30661244a5
868032061578211,1781593200,data.qo,"{""tE"":{""N"":""55.58""},""hL"":{""N"":""55""},""wL"":{""N"":""49.00236""},""tL"":{""N"":""91.4""},""hR"":{""N"":""43.6""},""wR"":{""N"":""36.29388""},""hE"":{""N"":""78.8""},""tR"":{""N"":""82.04""}}",a47854d8-3051-70fa-00ce-ac30661244a5
868032061578211,1781596800,data.qo,"{""tE"":{""N"":""54.5""},""hL"":{""N"":""55.9""},""wL"":{""N"":""49.07358""},""tL"":{""N"":""91.94""},""hR"":{""N"":""44.6""},""wR"":{""N"":""36.30738""},""hE"":{""N"":""81.7""},""tR"":{""N"":""81.32""}}",a47854d8-3051-70fa-00ce-ac30661244a5
868032061578211,1781600400,data.qo,"{""tE"":{""N"":""54.68""},""hL"":{""N"":""55.9""},""wL"":{""N"":""49.178356""},""tL"":{""N"":""91.94""},""hR"":{""N"":""46""},""wR"":{""N"":""36.781006""},""hE"":{""N"":""82.6""},""tR"":{""N"":""80.78""}}",a47854d8-3051-70fa-00ce-ac30661244a5
868032061578211,1781604000,data.qo,"{""tE"":{""N"":""55.22""},""hL"":{""N"":""55.2""},""wL"":{""N"":""49.151264""},""tL"":{""N"":""91.58""},""hR"":{""N"":""46.6""},""wR"":{""N"":""36.706825""},""hE"":{""N"":""81.4""},""tR"":{""N"":""80.96""}}",a47854d8-3051-70fa-00ce-ac30661244a5
868032061578211,1781607600,data.qo,"{""tE"":{""N"":""55.04""},""hL"":{""N"":""55.2""},""wL"":{""N"":""49.08737""},""tL"":{""N"":""91.58""},""hR"":{""N"":""45.3""},""wR"":{""N"":""36.592968""},""hE"":{""N"":""82.3""},""tR"":{""N"":""80.6""}}",a47854d8-3051-70fa-00ce-ac30661244a5
868032061578211,1781611200,data.qo,"{""tE"":{""N"":""54.14""},""hL"":{""N"":""54.7""},""wL"":{""N"":""49.231224""},""tL"":{""N"":""91.76""},""hR"":{""N"":""44.5""},""wR"":{""N"":""36.86075""},""hE"":{""N"":""83.4""},""tR"":{""N"":""79.88""}}",a47854d8-3051-70fa-00ce-ac30661244a5
868032061578211,1781614800,data.qo,"{""tE"":{""N"":""56.3""},""hL"":{""N"":""56.4""},""wL"":{""N"":""49.295555""},""tL"":{""N"":""91.22""},""hR"":{""N"":""45.5""},""wR"":{""N"":""37.35915""},""hE"":{""N"":""81.8""},""tR"":{""N"":""79.7""}}",a47854d8-3051-70fa-00ce-ac30661244a5
868032061578211,1781618400,data.qo,"{""tE"":{""N"":""59.72""},""hL"":{""N"":""54.4""},""wL"":{""N"":""49.317356""},""tL"":{""N"":""91.4""},""hR"":{""N"":""51.4""},""wR"":{""N"":""37.560833""},""hE"":{""N"":""75.5""},""tR"":{""N"":""81.32""}}",a47854d8-3051-70fa-00ce-ac30661244a5
868032061578211,1781622000,data.qo,"{""tE"":{""N"":""61.16""},""hL"":{""N"":""54.6""},""wL"":{""N"":""49.463295""},""tL"":{""N"":""91.4""},""hR"":{""N"":""50.4""},""wR"":{""N"":""37.698597""},""hE"":{""N"":""73.3""},""tR"":{""N"":""82.76""}}",a47854d8-3051-70fa-00ce-ac30661244a5
868032061578211,1781625600,data.qo,"{""tE"":{""N"":""62.42""},""hL"":{""N"":""54""},""wL"":{""N"":""49.561077""},""tL"":{""N"":""91.4""},""hR"":{""N"":""51.6""},""wR"":{""N"":""37.856873""},""hE"":{""N"":""70.5""},""tR"":{""N"":""84.02""}}",a47854d8-3051-70fa-00ce-ac30661244a5
868032061578211,1781629200,data.qo,"{""tE"":{""N"":""64.04""},""hL"":{""N"":""58.4""},""wL"":{""N"":""49.499855""},""tL"":{""N"":""91.58""},""hR"":{""N"":""48.2""},""wR"":{""N"":""37.877632""},""hE"":{""N"":""66.9""},""tR"":{""N"":""84.74""}}",a47854d8-3051-70fa-00ce-ac30661244a5
868032061578211,1781632800,data.qo,"{""tE"":{""N"":""64.04""},""hL"":{""N"":""54.5""},""wL"":{""N"":""49.535152""},""tL"":{""N"":""91.58""},""hR"":{""N"":""50.3""},""wR"":{""N"":""38.021683""},""hE"":{""N"":""66.9""},""tR"":{""N"":""86""}}",a47854d8-3051-70fa-00ce-ac30661244a5
868032061578211,1781636400,data.qo,"{""tE"":{""N"":""67.82""},""hL"":{""N"":""58.1""},""wL"":{""N"":""49.486553""},""tL"":{""N"":""91.94""},""hR"":{""N"":""50.7""},""wR"":{""N"":""38.006344""},""hE"":{""N"":""61.5""},""tR"":{""N"":""86.54""}}",a47854d8-3051-70fa-00ce-ac30661244a5
868032061578211,1781640000,data.qo,"{""tE"":{""N"":""68""},""hL"":{""N"":""58""},""wL"":{""N"":""49.595207""},""tL"":{""N"":""91.76""},""hR"":{""N"":""46.5""},""wR"":{""N"":""37.864132""},""hE"":{""N"":""60""},""tR"":{""N"":""87.62""}}",a47854d8-3051-70fa-00ce-ac30661244a5
868032061578211,1781643600,data.qo,"{""tE"":{""N"":""69.98""},""hL"":{""N"":""60.6""},""wL"":{""N"":""49.50471""},""tL"":{""N"":""91.94""},""hR"":{""N"":""50.4""},""wR"":{""N"":""37.921955""},""hE"":{""N"":""58.7""},""tR"":{""N"":""88.7""}}",a47854d8-3051-70fa-00ce-ac30661244a5
868032061578211,1781647200,data.qo,"{""tE"":{""N"":""68.18""},""hL"":{""N"":""57.3""},""wL"":{""N"":""49.387608""},""tL"":{""N"":""91.58""},""hR"":{""N"":""50.4""},""wR"":{""N"":""37.547092""},""hE"":{""N"":""61.7""},""tR"":{""N"":""88.7""}}",a47854d8-3051-70fa-00ce-ac30661244a5
868032061578211,1781650800,data.qo,"{""tE"":{""N"":""67.1""},""hL"":{""N"":""59.3""},""wL"":{""N"":""49.313858""},""tL"":{""N"":""91.76""},""hR"":{""N"":""48""},""wR"":{""N"":""37.34589""},""hE"":{""N"":""64.5""},""tR"":{""N"":""88.34""}}",a47854d8-3051-70fa-00ce-ac30661244a5
868032061578211,1781654400,data.qo,"{""tE"":{""N"":""66.2""},""hL"":{""N"":""56.3""},""wL"":{""N"":""49.284195""},""tL"":{""N"":""91.94""},""hR"":{""N"":""47.8""},""wR"":{""N"":""37.446587""},""hE"":{""N"":""66.3""},""tR"":{""N"":""86.9""}}",a47854d8-3051-70fa-00ce-ac30661244a5
868032061578211,1781658000,data.qo,"{""tE"":{""N"":""65.48""},""hL"":{""N"":""54.6""},""wL"":{""N"":""49.277542""},""tL"":{""N"":""91.94""},""hR"":{""N"":""44.2""},""wR"":{""N"":""37.444508""},""hE"":{""N"":""64.6""},""tR"":{""N"":""86.18""}}",a47854d8-3051-70fa-00ce-ac30661244a5
868032061578211,1781661600,data.qo,"{""tE"":{""N"":""64.04""},""hL"":{""N"":""55""},""wL"":{""N"":""49.17588""},""tL"":{""N"":""91.76""},""hR"":{""N"":""47.4""},""wR"":{""N"":""37.364326""},""hE"":{""N"":""67.6""},""tR"":{""N"":""85.64""}}",a47854d8-3051-70fa-00ce-ac30661244a5
868032061578211,1781665200,data.qo,"{""tE"":{""N"":""62.6""},""hL"":{""N"":""56.9""},""wL"":{""N"":""49.12063""},""tL"":{""N"":""91.94""},""hR"":{""N"":""47.4""},""wR"":{""N"":""37.27089""},""hE"":{""N"":""70.6""},""tR"":{""N"":""85.1""}}",a47854d8-3051-70fa-00ce-ac30661244a5
868032061578211,1781668800,data.qo,"{""tE"":{""N"":""60.8""},""hL"":{""N"":""52.5""},""wL"":{""N"":""49.036053""},""tL"":{""N"":""91.94""},""hR"":{""N"":""46.3""},""wR"":{""N"":""36.966625""},""hE"":{""N"":""72.9""},""tR"":{""N"":""85.28""}}",a47854d8-3051-70fa-00ce-ac30661244a5
868032061578211,1781672400,data.qo,"{""tE"":{""N"":""58.82""},""hL"":{""N"":""55.9""},""wL"":{""N"":""48.963715""},""tL"":{""N"":""91.94""},""hR"":{""N"":""45""},""wR"":{""N"":""36.861427""},""hE"":{""N"":""77.1""},""tR"":{""N"":""84.74""}}",a47854d8-3051-70fa-00ce-ac30661244a5
868032061578211,1781676000,data.qo,"{""tE"":{""N"":""57.2""},""hL"":{""N"":""55.8""},""wL"":{""N"":""48.857243""},""tL"":{""N"":""91.76""},""hR"":{""N"":""45.4""},""wR"":{""N"":""36.729713""},""hE"":{""N"":""80.7""},""tR"":{""N"":""84.56""}}",a47854d8-3051-70fa-00ce-ac30661244a5
868032061578211,1781679600,data.qo,"{""tE"":{""N"":""55.76""},""hL"":{""N"":""55.3""},""wL"":{""N"":""48.910793""},""tL"":{""N"":""91.94""},""hR"":{""N"":""43.8""},""wR"":{""N"":""36.715054""},""hE"":{""N"":""81.8""},""tR"":{""N"":""83.84""}}",a47854d8-3051-70fa-00ce-ac30661244a5
868032061578211,1781683200,data.qo,"{""tE"":{""N"":""55.22""},""hL"":{""N"":""52.7""},""wL"":{""N"":""48.89079""},""tL"":{""N"":""91.4""},""hR"":{""N"":""47.7""},""wR"":{""N"":""36.57879""},""hE"":{""N"":""82.1""},""tR"":{""N"":""83.3""}}",a47854d8-3051-70fa-00ce-ac30661244a5
868032061578211,1781686800,data.qo,"{""tE"":{""N"":""54.14""},""hL"":{""N"":""55.1""},""wL"":{""N"":""49.076496""},""tL"":{""N"":""91.76""},""hR"":{""N"":""46.6""},""wR"":{""N"":""36.891865""},""hE"":{""N"":""83.3""},""tR"":{""N"":""82.58""}}",a47854d8-3051-70fa-00ce-ac30661244a5
868032061578211,1781690400,data.qo,"{""tE"":{""N"":""56.3""},""hL"":{""N"":""55.7""},""wL"":{""N"":""49.09781""},""tL"":{""N"":""91.94""},""hR"":{""N"":""46.4""},""wR"":{""N"":""37.188145""},""hE"":{""N"":""82.5""},""tR"":{""N"":""81.86""}}",a47854d8-3051-70fa-00ce-ac30661244a5
868032061578211,1781694000,data.qo,"{""tE"":{""N"":""57.02""},""hL"":{""N"":""54.3""},""wL"":{""N"":""49.055523""},""tL"":{""N"":""91.58""},""hR"":{""N"":""46.5""},""wR"":{""N"":""37.15476""},""hE"":{""N"":""80.9""},""tR"":{""N"":""81.14""}}",a47854d8-3051-70fa-00ce-ac30661244a5
868032061578211,1781697600,data.qo,"{""hR"":{""N"":""50.5""},""tL"":{""N"":""91.76""},""wR"":{""N"":""37.506977""},""tE"":{""N"":""58.1""},""tR"":{""N"":""81.32""},""wL"":{""N"":""49.074844""},""hL"":{""N"":""55.9""},""hE"":{""N"":""80""}}",a47854d8-3051-70fa-00ce-ac30661244a5
868032061578211,1781701200,data.qo,"{""tE"":{""N"":""59.72""},""hL"":{""N"":""53.2""},""wL"":{""N"":""49.190056""},""tL"":{""N"":""91.04""},""hR"":{""N"":""47.5""},""wR"":{""N"":""37.737064""},""hE"":{""N"":""78.4""},""tR"":{""N"":""81.14""}}",a47854d8-3051-70fa-00ce-ac30661244a5
868032061578211,1781704800,data.qo,"{""tE"":{""N"":""61.34""},""hL"":{""N"":""55.7""},""wL"":{""N"":""49.306625""},""tL"":{""N"":""91.58""},""hR"":{""N"":""47.6""},""wR"":{""N"":""37.946632""},""hE"":{""N"":""77.1""},""tR"":{""N"":""82.22""}}",a47854d8-3051-70fa-00ce-ac30661244a5
868032061578211,1781708400,data.qo,"{""tE"":{""N"":""64.04""},""hL"":{""N"":""53.9""},""wL"":{""N"":""49.47092""},""tL"":{""N"":""91.4""},""hR"":{""N"":""51.2""},""wR"":{""N"":""38.219448""},""hE"":{""N"":""69.5""},""tR"":{""N"":""83.66""}}",a47854d8-3051-70fa-00ce-ac30661244a5
868032061578211,1781712000,data.qo,"{""tE"":{""N"":""67.1""},""hL"":{""N"":""52.2""},""wL"":{""N"":""49.606182""},""tL"":{""N"":""91.58""},""hR"":{""N"":""52.5""},""wR"":{""N"":""38.47034""},""hE"":{""N"":""62.5""},""tR"":{""N"":""84.92""}}",a47854d8-3051-70fa-00ce-ac30661244a5
868032061578211,1781715600,data.qo,"{""tE"":{""N"":""69.26""},""hL"":{""N"":""55.1""},""wL"":{""N"":""49.699978""},""tL"":{""N"":""91.76""},""hR"":{""N"":""46""},""wR"":{""N"":""38.512634""},""hE"":{""N"":""56.5""},""tR"":{""N"":""85.82""}}",a47854d8-3051-70fa-00ce-ac30661244a5
868032061578211,1781719200,data.qo,"{""tE"":{""N"":""71.78""},""hL"":{""N"":""54.5""},""wL"":{""N"":""49.683666""},""tL"":{""N"":""91.76""},""hR"":{""N"":""43.4""},""wR"":{""N"":""38.514668""},""hE"":{""N"":""52.7""},""tR"":{""N"":""86.54""}}",a47854d8-3051-70fa-00ce-ac30661244a5
868032061578211,1781722800,data.qo,"{""tE"":{""N"":""73.94""},""hL"":{""N"":""55.7""},""wL"":{""N"":""49.504757""},""tL"":{""N"":""91.94""},""hR"":{""N"":""47.2""},""wR"":{""N"":""38.0918""},""hE"":{""N"":""52.7""},""tR"":{""N"":""88.34""}}",a47854d8-3051-70fa-00ce-ac30661244a5
868032061578211,1781726400,data.qo,"{""tE"":{""N"":""74.48""},""hL"":{""N"":""59.2""},""wL"":{""N"":""49.295944""},""tL"":{""N"":""92.12""},""hR"":{""N"":""53.4""},""wR"":{""N"":""37.953262""},""hE"":{""N"":""53.1""},""tR"":{""N"":""91.04""}}",a47854d8-3051-70fa-00ce-ac30661244a5
868032061578211,1781730000,data.qo,"{""tE"":{""N"":""75.56""},""hL"":{""N"":""57""},""wL"":{""N"":""49.28196""},""tL"":{""N"":""92.48""},""hR"":{""N"":""45.6""},""wR"":{""N"":""38.1533""},""hE"":{""N"":""51.1""},""tR"":{""N"":""91.4""}}",a47854d8-3051-70fa-00ce-ac30661244a5
868032061578211,1781733600,data.qo,"{""tE"":{""N"":""77.18""},""hL"":{""N"":""57.2""},""wL"":{""N"":""49.24482""},""tL"":{""N"":""93.02""},""hR"":{""N"":""39.2""},""wR"":{""N"":""37.823387""},""hE"":{""N"":""50.7""},""tR"":{""N"":""91.04""}}",a47854d8-3051-70fa-00ce-ac30661244a5
868032061578211,1781737200,data.qo,"{""tE"":{""N"":""78.62""},""hL"":{""N"":""54.5""},""wL"":{""N"":""49.191853""},""tL"":{""N"":""93.2""},""hR"":{""N"":""41.1""},""wR"":{""N"":""38.43647""},""hE"":{""N"":""51.2""},""tR"":{""N"":""90.68""}}",a47854d8-3051-70fa-00ce-ac30661244a5
868032061578211,1781740800,data.qo,"{""tE"":{""N"":""82.58""},""hL"":{""N"":""55""},""wL"":{""N"":""48.989395""},""tL"":{""N"":""93.2""},""hR"":{""N"":""42.9""},""wR"":{""N"":""37.63332""},""hE"":{""N"":""44.8""},""tR"":{""N"":""91.04""}}",a47854d8-3051-70fa-00ce-ac30661244a5
868032061578211,1781744400,data.qo,"{""tE"":{""N"":""82.58""},""hL"":{""N"":""55.1""},""wL"":{""N"":""48.90424""},""tL"":{""N"":""93.2""},""hR"":{""N"":""38.7""},""wR"":{""N"":""37.180016""},""hE"":{""N"":""44.8""},""tR"":{""N"":""89.96""}}",a47854d8-3051-70fa-00ce-ac30661244a5
868032061578211,1781748000,data.qo,"{""tE"":{""N"":""82.58""},""hL"":{""N"":""55.1""},""wL"":{""N"":""48.853455""},""tL"":{""N"":""93.2""},""hR"":{""N"":""39.8""},""wR"":{""N"":""36.988155""},""hE"":{""N"":""44.8""},""tR"":{""N"":""89.06""}}",a47854d8-3051-70fa-00ce-ac30661244a5
868032061578211,1781751600,data.qo,"{""tE"":{""N"":""69.62""},""hL"":{""N"":""54.8""},""wL"":{""N"":""48.806263""},""tL"":{""N"":""93.2""},""hR"":{""N"":""42.4""},""wR"":{""N"":""36.956898""},""hE"":{""N"":""62.3""},""tR"":{""N"":""88.16""}}",a47854d8-3051-70fa-00ce-ac30661244a5
868032061578211,1781755200,data.qo,"{""tE"":{""N"":""68.54""},""hL"":{""N"":""55.1""},""wL"":{""N"":""48.67673""},""tL"":{""N"":""93.2""},""hR"":{""N"":""47.9""},""wR"":{""N"":""36.852863""},""hE"":{""N"":""66.5""},""tR"":{""N"":""88.88""}}",a47854d8-3051-70fa-00ce-ac30661244a5
868032061578211,1781758740,data.qo,"{""tE"":{""N"":""67.1""},""hL"":{""N"":""57.3""},""wL"":{""N"":""48.709843""},""tL"":{""N"":""93.56""},""hR"":{""N"":""45.6""},""wR"":{""N"":""37.01351""},""hE"":{""N"":""68.6""},""tR"":{""N"":""88.16""}}",a47854d8-3051-70fa-00ce-ac30661244a5
868032061578211,1781762400,data.qo,"{""tE"":{""N"":""66.2""},""hL"":{""N"":""55.4""},""wL"":{""N"":""48.636726""},""tL"":{""N"":""93.2""},""hR"":{""N"":""48.2""},""wR"":{""N"":""36.8983""},""hE"":{""N"":""68.9""},""tR"":{""N"":""88.16""}}",a47854d8-3051-70fa-00ce-ac30661244a5
868032061578211,1781766000,data.qo,"{""tE"":{""N"":""65.3""},""hL"":{""N"":""56.9""},""wL"":{""N"":""48.68887""},""tL"":{""N"":""93.2""},""hR"":{""N"":""48.2""},""wR"":{""N"":""36.97514""},""hE"":{""N"":""70.6""},""tR"":{""N"":""87.08""}}",a47854d8-3051-70fa-00ce-ac30661244a5
868032061578211,1781769600,data.qo,"{""tE"":{""N"":""65.48""},""hL"":{""N"":""58.5""},""wL"":{""N"":""48.779514""},""tL"":{""N"":""93.02""},""hR"":{""N"":""49.9""},""wR"":{""N"":""37.281826""},""hE"":{""N"":""71.6""},""tR"":{""N"":""87.8""}}",a47854d8-3051-70fa-00ce-ac30661244a5
868032061578211,1781773200,data.qo,"{""tE"":{""N"":""65.84""},""hL"":{""N"":""54.2""},""wL"":{""N"":""48.731934""},""tL"":{""N"":""93.2""},""hR"":{""N"":""47.4""},""wR"":{""N"":""37.11334""},""hE"":{""N"":""72.3""},""tR"":{""N"":""87.62""}}",a47854d8-3051-70fa-00ce-ac30661244a5
868032061578211,1781776800,data.qo,"{""tE"":{""N"":""64.94""},""hL"":{""N"":""55.5""},""wL"":{""N"":""48.705086""},""tL"":{""N"":""93.2""},""hR"":{""N"":""49.7""},""wR"":{""N"":""37.14813""},""hE"":{""N"":""75""},""tR"":{""N"":""86.9""}}",a47854d8-3051-70fa-00ce-ac30661244a5
868032061578211,1781780400,data.qo,"{""tE"":{""N"":""64.4""},""hL"":{""N"":""55.6""},""wL"":{""N"":""48.675278""},""tL"":{""N"":""93.02""},""hR"":{""N"":""48.3""},""wR"":{""N"":""36.977703""},""hE"":{""N"":""77.3""},""tR"":{""N"":""86.54""}}",a47854d8-3051-70fa-00ce-ac30661244a5
868032061578211,1781784000,data.qo,"{""tE"":{""N"":""64.22""},""hL"":{""N"":""56""},""wL"":{""N"":""48.993816""},""tL"":{""N"":""93.2""},""hR"":{""N"":""47.8""},""wR"":{""N"":""37.51051""},""hE"":{""N"":""80.1""},""tR"":{""N"":""87.44""}}",a47854d8-3051-70fa-00ce-ac30661244a5
868032061578211,1781787600,data.qo,"{""tE"":{""N"":""68""},""hL"":{""N"":""56""},""wL"":{""N"":""49.10451""},""tL"":{""N"":""93.2""},""hR"":{""N"":""51.9""},""wR"":{""N"":""37.720127""},""hE"":{""N"":""76.2""},""tR"":{""N"":""89.42""}}",a47854d8-3051-70fa-00ce-ac30661244a5
868032061578211,1781791200,data.qo,"{""tE"":{""N"":""69.8""},""hL"":{""N"":""55.8""},""wL"":{""N"":""49.154564""},""tL"":{""N"":""93.2""},""hR"":{""N"":""52.5""},""wR"":{""N"":""37.925392""},""hE"":{""N"":""74.1""},""tR"":{""N"":""90.68""}}",a47854d8-3051-70fa-00ce-ac30661244a5
868032061578211,1781794800,data.qo,"{""tE"":{""N"":""72.68""},""hL"":{""N"":""55.6""},""wL"":{""N"":""49.427418""},""tL"":{""N"":""93.2""},""hR"":{""N"":""52.5""},""wR"":{""N"":""38.363693""},""hE"":{""N"":""69.4""},""tR"":{""N"":""90.68""}}",a47854d8-3051-70fa-00ce-ac30661244a5
868032061578211,1781798400,data.qo,"{""tE"":{""N"":""77""},""hL"":{""N"":""56.7""},""wL"":{""N"":""49.453976""},""tL"":{""N"":""93.56""},""hR"":{""N"":""49.4""},""wR"":{""N"":""38.38818""},""hE"":{""N"":""61.2""},""tR"":{""N"":""91.04""}}",a47854d8-3051-70fa-00ce-ac30661244a5
868032061578211,1781802000,data.qo,"{""tE"":{""N"":""77.9""},""hL"":{""N"":""57.3""},""wL"":{""N"":""49.538647""},""tL"":{""N"":""93.2""},""hR"":{""N"":""46.6""},""wR"":{""N"":""38.47973""},""hE"":{""N"":""61.4""},""tR"":{""N"":""89.6""}}",a47854d8-3051-70fa-00ce-ac30661244a5
868032061578211,1781805600,data.qo,"{""tE"":{""N"":""79.52""},""hL"":{""N"":""55.5""},""wL"":{""N"":""49.456257""},""tL"":{""N"":""93.74""},""hR"":{""N"":""46.6""},""wR"":{""N"":""37.58711""},""hE"":{""N"":""58.5""},""tR"":{""N"":""89.96""}}",a47854d8-3051-70fa-00ce-ac30661244a5
868032061578211,1781809200,data.qo,"{""tE"":{""N"":""74.84""},""hL"":{""N"":""59.5""},""wL"":{""N"":""49.37615""},""tL"":{""N"":""93.92""},""hR"":{""N"":""48.4""},""wR"":{""N"":""37.42259""},""hE"":{""N"":""74.2""},""tR"":{""N"":""89.96""}}",a47854d8-3051-70fa-00ce-ac30661244a5
868032061578211,1781812800,data.qo,"{""tE"":{""N"":""74.12""},""hL"":{""N"":""57.6""},""wL"":{""N"":""49.385567""},""tL"":{""N"":""93.92""},""hR"":{""N"":""50.8""},""wR"":{""N"":""37.716354""},""hE"":{""N"":""77""},""tR"":{""N"":""88.16""}}",a47854d8-3051-70fa-00ce-ac30661244a5
868032061578211,1781816400,data.qo,"{""tE"":{""N"":""74.12""},""hL"":{""N"":""59.9""},""wL"":{""N"":""49.3375""},""tL"":{""N"":""93.56""},""hR"":{""N"":""54.7""},""wR"":{""N"":""37.939957""},""hE"":{""N"":""77""},""tR"":{""N"":""87.62""}}",a47854d8-3051-70fa-00ce-ac30661244a5
868032061578211,1781820000,data.qo,"{""tE"":{""N"":""81.32""},""hL"":{""N"":""59.4""},""wL"":{""N"":""49.328423""},""tL"":{""N"":""93.92""},""hR"":{""N"":""52.9""},""wR"":{""N"":""37.83771""},""hE"":{""N"":""63.2""},""tR"":{""N"":""86.9""}}",a47854d8-3051-70fa-00ce-ac30661244a5
868032061578211,1781823600,data.qo,"{""tE"":{""N"":""77.36""},""hL"":{""N"":""58""},""wL"":{""N"":""49.258366""},""tL"":{""N"":""93.92""},""hR"":{""N"":""49.5""},""wR"":{""N"":""37.51056""},""hE"":{""N"":""67.1""},""tR"":{""N"":""88.34""}}",a47854d8-3051-70fa-00ce-ac30661244a5
868032061578211,1781827200,data.qo,"{""tE"":{""N"":""75.38""},""hL"":{""N"":""56.4""},""wL"":{""N"":""49.26463""},""tL"":{""N"":""93.74""},""hR"":{""N"":""49.8""},""wR"":{""N"":""37.27384""},""hE"":{""N"":""71.1""},""tR"":{""N"":""87.98""}}",a47854d8-3051-70fa-00ce-ac30661244a5
868032061578211,1781830800,data.qo,"{""tE"":{""N"":""73.94""},""hL"":{""N"":""54.9""},""wL"":{""N"":""49.196514""},""tL"":{""N"":""93.56""},""hR"":{""N"":""49.8""},""wR"":{""N"":""37.177402""},""hE"":{""N"":""72.4""},""tR"":{""N"":""87.08""}}",a47854d8-3051-70fa-00ce-ac30661244a5
868032061578211,1781834400,data.qo,"{""tE"":{""N"":""72.32""},""hL"":{""N"":""56.6""},""wL"":{""N"":""48.974056""},""tL"":{""N"":""93.56""},""hR"":{""N"":""50""},""wR"":{""N"":""36.923557""},""hE"":{""N"":""77.2""},""tR"":{""N"":""87.08""}}",a47854d8-3051-70fa-00ce-ac30661244a5
868032061578211,1781838000,data.qo,"{""tE"":{""N"":""69.8""},""hL"":{""N"":""56.9""},""wL"":{""N"":""48.85559""},""tL"":{""N"":""93.92""},""hR"":{""N"":""48.5""},""wR"":{""N"":""36.749603""},""hE"":{""N"":""77.9""},""tR"":{""N"":""86.54""}}",a47854d8-3051-70fa-00ce-ac30661244a5
868032061578211,1781841600,data.qo,"{""tE"":{""N"":""67.46""},""hL"":{""N"":""58.5""},""wL"":{""N"":""48.8704""},""tL"":{""N"":""93.92""},""hR"":{""N"":""48.2""},""wR"":{""N"":""36.89414""},""hE"":{""N"":""80.4""},""tR"":{""N"":""85.82""}}",a47854d8-3051-70fa-00ce-ac30661244a5
868032061578211,1781845200,data.qo,"{""tE"":{""N"":""66.38""},""hL"":{""N"":""58.4""},""wL"":{""N"":""48.962353""},""tL"":{""N"":""93.92""},""hR"":{""N"":""48.5""},""wR"":{""N"":""37.24737""},""hE"":{""N"":""83.6""},""tR"":{""N"":""86.36""}}",a47854d8-3051-70fa-00ce-ac30661244a5
868032061578211,1781848800,data.qo,"{""tE"":{""N"":""65.84""},""hL"":{""N"":""60""},""wL"":{""N"":""49.07329""},""tL"":{""N"":""93.56""},""hR"":{""N"":""49.9""},""wR"":{""N"":""37.299873""},""hE"":{""N"":""85.2""},""tR"":{""N"":""86.72""}}",a47854d8-3051-70fa-00ce-ac30661244a5
868032061578211,1781852400,data.qo,"{""tE"":{""N"":""65.48""},""hL"":{""N"":""57""},""wL"":{""N"":""49.058628""},""tL"":{""N"":""93.56""},""hR"":{""N"":""56.6""},""wR"":{""N"":""37.140144""},""hE"":{""N"":""85.9""},""tR"":{""N"":""87.8""}}",a47854d8-3051-70fa-00ce-ac30661244a5
868032061578211,1781856000,data.qo,"{""tE"":{""N"":""64.58""},""hL"":{""N"":""61.1""},""wL"":{""N"":""49.042267""},""tL"":{""N"":""93.38""},""hR"":{""N"":""47.9""},""wR"":{""N"":""36.944027""},""hE"":{""N"":""86.8""},""tR"":{""N"":""87.26""}}",a47854d8-3051-70fa-00ce-ac30661244a5
868032061578211,1781859600,data.qo,"{""tE"":{""N"":""64.4""},""hL"":{""N"":""59.5""},""wL"":{""N"":""49.007168""},""tL"":{""N"":""93.56""},""hR"":{""N"":""50.9""},""wR"":{""N"":""36.794266""},""hE"":{""N"":""87.3""},""tR"":{""N"":""86.9""}}",a47854d8-3051-70fa-00ce-ac30661244a5
868032061578211,1781863200,data.qo,"{""tE"":{""N"":""63.68""},""hL"":{""N"":""60.5""},""wL"":{""N"":""49.023624""},""tL"":{""N"":""93.56""},""hR"":{""N"":""50.2""},""wR"":{""N"":""36.76412""},""hE"":{""N"":""88.2""},""tR"":{""N"":""86.54""}}",a47854d8-3051-70fa-00ce-ac30661244a5
868032061578211,1781866800,data.qo,"{""tE"":{""N"":""63.68""},""hL"":{""N"":""56.4""},""wL"":{""N"":""49.104557""},""tL"":{""N"":""93.38""},""hR"":{""N"":""49.3""},""wR"":{""N"":""36.887074""},""hE"":{""N"":""88""},""tR"":{""N"":""86""}}",a47854d8-3051-70fa-00ce-ac30661244a5
868032061578211,1781870400,data.qo,"{""tE"":{""N"":""63.86""},""hL"":{""N"":""58""},""wL"":{""N"":""49.13058""},""tL"":{""N"":""93.2""},""hR"":{""N"":""52.8""},""wR"":{""N"":""36.851845""},""hE"":{""N"":""89.1""},""tR"":{""N"":""85.1""}}",a47854d8-3051-70fa-00ce-ac30661244a5
868032061578211,1781874000,data.qo,"{""tE"":{""N"":""63.5""},""hL"":{""N"":""55.4""},""wL"":{""N"":""49.078632""},""tL"":{""N"":""93.02""},""hR"":{""N"":""50.6""},""wR"":{""N"":""37.061466""},""hE"":{""N"":""91.5""},""tR"":{""N"":""84.74""}}",a47854d8-3051-70fa-00ce-ac30661244a5
868032061578211,1781877600,data.qo,"{""tE"":{""N"":""64.4""},""hL"":{""N"":""55.4""},""wL"":{""N"":""49.099945""},""tL"":{""N"":""92.84""},""hR"":{""N"":""51.4""},""wR"":{""N"":""37.246162""},""hE"":{""N"":""86.5""},""tR"":{""N"":""84.02""}}",a47854d8-3051-70fa-00ce-ac30661244a5
868032061578211,1781881200,data.qo,"{""tE"":{""N"":""64.58""},""hL"":{""N"":""56.4""},""wL"":{""N"":""49.045616""},""tL"":{""N"":""92.48""},""hR"":{""N"":""51.4""},""wR"":{""N"":""37.4613""},""hE"":{""N"":""80.5""},""tR"":{""N"":""83.3""}}",a47854d8-3051-70fa-00ce-ac30661244a5
868032061578211,1781884800,data.qo,"{""tE"":{""N"":""66.92""},""hL"":{""N"":""57.8""},""wL"":{""N"":""48.85642""},""tL"":{""N"":""92.3""},""hR"":{""N"":""56""},""wR"":{""N"":""37.59432""},""hE"":{""N"":""73.7""},""tR"":{""N"":""85.1""}}",a47854d8-3051-70fa-00ce-ac30661244a5
868032061578211,1781888400,data.qo,"{""tE"":{""N"":""67.1""},""hL"":{""N"":""59.3""},""wL"":{""N"":""48.828014""},""tL"":{""N"":""92.3""},""hR"":{""N"":""49.3""},""wR"":{""N"":""37.320004""},""hE"":{""N"":""68.2""},""tR"":{""N"":""84.92""}}",a47854d8-3051-70fa-00ce-ac30661244a5
868032061578211,1781892000,data.qo,"{""tE"":{""N"":""66.38""},""hL"":{""N"":""59.5""},""wL"":{""N"":""49.02338""},""tL"":{""N"":""92.48""},""hR"":{""N"":""45.1""},""wR"":{""N"":""37.80263""},""hE"":{""N"":""69.2""},""tR"":{""N"":""85.1""}}",a47854d8-3051-70fa-00ce-ac30661244a5
868032061578211,1781895600,data.qo,"{""tE"":{""N"":""68.36""},""hL"":{""N"":""60.4""},""wL"":{""N"":""49.094315""},""tL"":{""N"":""92.48""},""hR"":{""N"":""46.3""},""wR"":{""N"":""38.006054""},""hE"":{""N"":""64.8""},""tR"":{""N"":""84.92""}}",a47854d8-3051-70fa-00ce-ac30661244a5
868032061578211,1781899200,data.qo,"{""tE"":{""N"":""69.8""},""hL"":{""N"":""57.5""},""wL"":{""N"":""49.155586""},""tL"":{""N"":""92.48""},""hR"":{""N"":""45.5""},""wR"":{""N"":""37.945568""},""hE"":{""N"":""60.3""},""tR"":{""N"":""84.2""}}",a47854d8-3051-70fa-00ce-ac30661244a5
868032061578211,1781902800,data.qo,"{""tE"":{""N"":""69.8""},""hL"":{""N"":""54.4""},""wL"":{""N"":""49.214428""},""tL"":{""N"":""92.3""},""hR"":{""N"":""42.7""},""wR"":{""N"":""38.16932""},""hE"":{""N"":""60.3""},""tR"":{""N"":""84.2""}}",a47854d8-3051-70fa-00ce-ac30661244a5
868032061578211,1781906400,data.qo,"{""tE"":{""N"":""75.56""},""hL"":{""N"":""55.9""},""wL"":{""N"":""49.252007""},""tL"":{""N"":""92.48""},""hR"":{""N"":""41.3""},""wR"":{""N"":""37.924084""},""hE"":{""N"":""49.3""},""tR"":{""N"":""84.38""}}",a47854d8-3051-70fa-00ce-ac30661244a5
868032061578211,1781910000,data.qo,"{""tE"":{""N"":""77.54""},""hL"":{""N"":""57.8""},""wL"":{""N"":""48.907734""},""tL"":{""N"":""92.48""},""hR"":{""N"":""40.8""},""wR"":{""N"":""38.171738""},""hE"":{""N"":""47.3""},""tR"":{""N"":""84.02""}}",a47854d8-3051-70fa-00ce-ac30661244a5
868032061578211,1781913600,data.qo,"{""tE"":{""N"":""77.36""},""hL"":{""N"":""57.6""},""wL"":{""N"":""48.80505""},""tL"":{""N"":""92.66""},""hR"":{""N"":""39""},""wR"":{""N"":""37.02885""},""hE"":{""N"":""45.3""},""tR"":{""N"":""84.92""}}",a47854d8-3051-70fa-00ce-ac30661244a5
868032061578211,1781917200,data.qo,"{""tE"":{""N"":""68.9""},""hL"":{""N"":""58.3""},""wL"":{""N"":""48.66882""},""tL"":{""N"":""92.48""},""hR"":{""N"":""38.5""},""wR"":{""N"":""36.775974""},""hE"":{""N"":""55""},""tR"":{""N"":""84.56""}}",a47854d8-3051-70fa-00ce-ac30661244a5
868032061578211,1781920800,data.qo,"{""tE"":{""N"":""65.66""},""hL"":{""N"":""56.2""},""wL"":{""N"":""48.49564""},""tL"":{""N"":""92.48""},""hR"":{""N"":""43.8""},""wR"":{""N"":""36.504658""},""hE"":{""N"":""60.7""},""tR"":{""N"":""84.56""}}",a47854d8-3051-70fa-00ce-ac30661244a5
868032061578211,1781924400,data.qo,"{""tE"":{""N"":""65.66""},""hL"":{""N"":""57""},""wL"":{""N"":""48.39043""},""tL"":{""N"":""92.66""},""hR"":{""N"":""45.2""},""wR"":{""N"":""36.39627""},""hE"":{""N"":""60.7""},""tR"":{""N"":""85.82""}}",a47854d8-3051-70fa-00ce-ac30661244a5
868032061578211,1781928000,data.qo,"{""tE"":{""N"":""61.52""},""hL"":{""N"":""57""},""wL"":{""N"":""48.2894""},""tL"":{""N"":""92.66""},""hR"":{""N"":""46.2""},""wR"":{""N"":""36.044872""},""hE"":{""N"":""64.7""},""tR"":{""N"":""86""}}",a47854d8-3051-70fa-00ce-ac30661244a5
868032061578211,1781931540,data.qo,"{""tE"":{""N"":""59.36""},""hL"":{""N"":""57""},""wL"":{""N"":""48.309933""},""tL"":{""N"":""92.84""},""hR"":{""N"":""42.2""},""wR"":{""N"":""36.14794""},""hE"":{""N"":""71.3""},""tR"":{""N"":""85.46""}}",a47854d8-3051-70fa-00ce-ac30661244a5
868032061578211,1781935200,data.qo,"{""tE"":{""N"":""58.82""},""hL"":{""N"":""56.2""},""wL"":{""N"":""48.344746""},""tL"":{""N"":""92.84""},""hR"":{""N"":""43.2""},""wR"":{""N"":""36.315655""},""hE"":{""N"":""72.2""},""tR"":{""N"":""84.74""}}",a47854d8-3051-70fa-00ce-ac30661244a5
868032061578211,1781938800,data.qo,"{""tE"":{""N"":""59""},""hL"":{""N"":""56.6""},""wL"":{""N"":""48.328045""},""tL"":{""N"":""92.66""},""hR"":{""N"":""43.5""},""wR"":{""N"":""36.216263""},""hE"":{""N"":""69.8""},""tR"":{""N"":""83.84""}}",a47854d8-3051-70fa-00ce-ac30661244a5
868032061578211,1781942400,data.qo,"{""tE"":{""N"":""58.1""},""hL"":{""N"":""56.8""},""wL"":{""N"":""48.285755""},""tL"":{""N"":""92.48""},""hR"":{""N"":""43.7""},""wR"":{""N"":""36.13497""},""hE"":{""N"":""73.2""},""tR"":{""N"":""83.66""}}",a47854d8-3051-70fa-00ce-ac30661244a5
868032061578211,1781946000,data.qo,"{""tE"":{""N"":""57.02""},""hL"":{""N"":""57.4""},""wL"":{""N"":""48.315567""},""tL"":{""N"":""92.48""},""hR"":{""N"":""47.4""},""wR"":{""N"":""36.27399""},""hE"":{""N"":""75.6""},""tR"":{""N"":""83.66""}}",a47854d8-3051-70fa-00ce-ac30661244a5
868032061578211,1781949600,data.qo,"{""tE"":{""N"":""57.38""},""hL"":{""N"":""55.6""},""wL"":{""N"":""48.33382""},""tL"":{""N"":""92.48""},""hR"":{""N"":""45.9""},""wR"":{""N"":""36.436962""},""hE"":{""N"":""73.9""},""tR"":{""N"":""82.94""}}",a47854d8-3051-70fa-00ce-ac30661244a5
868032061578211,1781953200,data.qo,"{""tE"":{""N"":""57.38""},""hL"":{""N"":""57.6""},""wL"":{""N"":""48.500347""},""tL"":{""N"":""92.48""},""hR"":{""N"":""45.5""},""wR"":{""N"":""36.676826""},""hE"":{""N"":""73""},""tR"":{""N"":""82.58""}}",a47854d8-3051-70fa-00ce-ac30661244a5
868032061578211,1781956800,data.qo,"{""tE"":{""N"":""57.02""},""hL"":{""N"":""56.9""},""wL"":{""N"":""48.596043""},""tL"":{""N"":""92.48""},""hR"":{""N"":""45.1""},""wR"":{""N"":""36.85291""},""hE"":{""N"":""74.8""},""tR"":{""N"":""81.68""}}",a47854d8-3051-70fa-00ce-ac30661244a5
868032061578211,1781960400,data.qo,"{""tE"":{""N"":""58.64""},""hL"":{""N"":""57.6""},""wL"":{""N"":""48.791653""},""tL"":{""N"":""92.48""},""hR"":{""N"":""48.7""},""wR"":{""N"":""37.31328""},""hE"":{""N"":""71.2""},""tR"":{""N"":""82.22""}}",a47854d8-3051-70fa-00ce-ac30661244a5
868032061578211,1781964000,data.qo,"{""tE"":{""N"":""61.52""},""hL"":{""N"":""57.5""},""wL"":{""N"":""48.893364""},""tL"":{""N"":""92.12""},""hR"":{""N"":""51.6""},""wR"":{""N"":""37.595528""},""hE"":{""N"":""68""},""tR"":{""N"":""83.48""}}",a47854d8-3051-70fa-00ce-ac30661244a5
868032061578211,1781967600,data.qo,"{""tE"":{""N"":""64.04""},""hL"":{""N"":""61.4""},""wL"":{""N"":""48.985367""},""tL"":{""N"":""92.48""},""hR"":{""N"":""44.7""},""wR"":{""N"":""37.729904""},""hE"":{""N"":""60.5""},""tR"":{""N"":""84.2""}}",a47854d8-3051-70fa-00ce-ac30661244a5
868032061578211,1781971200,data.qo,"{""tE"":{""N"":""65.66""},""hL"":{""N"":""60.2""},""wL"":{""N"":""48.990417""},""tL"":{""N"":""92.48""},""hR"":{""N"":""43.3""},""wR"":{""N"":""37.721096""},""hE"":{""N"":""59""},""tR"":{""N"":""84.92""}}",a47854d8-3051-70fa-00ce-ac30661244a5
868032061578211,1781974800,data.qo,"{""tE"":{""N"":""66.56""},""hL"":{""N"":""62.2""},""wL"":{""N"":""49.055424""},""tL"":{""N"":""92.3""},""hR"":{""N"":""40.7""},""wR"":{""N"":""37.83897""},""hE"":{""N"":""57.3""},""tR"":{""N"":""84.74""}}",a47854d8-3051-70fa-00ce-ac30661244a5
868032061578211,1781978400,data.qo,"{""tE"":{""N"":""68""},""hL"":{""N"":""62.2""},""wL"":{""N"":""49.0311""},""tL"":{""N"":""92.3""},""hR"":{""N"":""39.5""},""wR"":{""N"":""37.785934""},""hE"":{""N"":""53.3""},""tR"":{""N"":""84.2""}}",a47854d8-3051-70fa-00ce-ac30661244a5
868032061578211,1781982000,data.qo,"{""tE"":{""N"":""69.08""},""hL"":{""N"":""58.7""},""wL"":{""N"":""49.046783""},""tL"":{""N"":""92.48""},""hR"":{""N"":""38.7""},""wR"":{""N"":""37.968845""},""hE"":{""N"":""50.7""},""tR"":{""N"":""84.92""}}",a47854d8-3051-70fa-00ce-ac30661244a5
868032061578211,1781985600,data.qo,"{""tE"":{""N"":""71.78""},""hL"":{""N"":""60""},""wL"":{""N"":""49.07703""},""tL"":{""N"":""92.48""},""hR"":{""N"":""36.3""},""wR"":{""N"":""37.789227""},""hE"":{""N"":""42.8""},""tR"":{""N"":""85.28""}}",a47854d8-3051-70fa-00ce-ac30661244a5
868032061578211,1781989200,data.qo,"{""tE"":{""N"":""75.56""},""hL"":{""N"":""61.1""},""wL"":{""N"":""49.093197""},""tL"":{""N"":""92.66""},""hR"":{""N"":""42.5""},""wR"":{""N"":""37.843277""},""hE"":{""N"":""41.5""},""tR"":{""N"":""88.52""}}",a47854d8-3051-70fa-00ce-ac30661244a5
868032061578211,1781992800,data.qo,"{""tE"":{""N"":""83.48""},""hL"":{""N"":""61.6""},""wL"":{""N"":""48.879917""},""tL"":{""N"":""93.02""},""hR"":{""N"":""35.8""},""wR"":{""N"":""37.63274""},""hE"":{""N"":""37.1""},""tR"":{""N"":""89.78""}}",a47854d8-3051-70fa-00ce-ac30661244a5
868032061578211,1781996400,data.qo,"{""tE"":{""N"":""82.94""},""hL"":{""N"":""60.7""},""wL"":{""N"":""48.654884""},""tL"":{""N"":""93.56""},""hR"":{""N"":""34.9""},""wR"":{""N"":""37.77355""},""hE"":{""N"":""38.8""},""tR"":{""N"":""89.96""}}",a47854d8-3051-70fa-00ce-ac30661244a5
868032061578211,1782000000,data.qo,"{""tE"":{""N"":""83.84""},""hL"":{""N"":""58.3""},""wL"":{""N"":""48.36606""},""tL"":{""N"":""93.74""},""hR"":{""N"":""34""},""wR"":{""N"":""36.71031""},""hE"":{""N"":""37.1""},""tR"":{""N"":""89.78""}}",a47854d8-3051-70fa-00ce-ac30661244a5
868032061578211,1782003600,data.qo,"{""tE"":{""N"":""73.94""},""hL"":{""N"":""58""},""wL"":{""N"":""48.23934""},""tL"":{""N"":""93.74""},""hR"":{""N"":""39.4""},""wR"":{""N"":""36.61576""},""hE"":{""N"":""47.2""},""tR"":{""N"":""90.86""}}",a47854d8-3051-70fa-00ce-ac30661244a5
868032061578211,1782007200,data.qo,"{""tE"":{""N"":""70.7""},""hL"":{""N"":""56.5""},""wL"":{""N"":""48.052326""},""tL"":{""N"":""93.56""},""hR"":{""N"":""37.3""},""wR"":{""N"":""36.22057""},""hE"":{""N"":""53.1""},""tR"":{""N"":""90.5""}}",a47854d8-3051-70fa-00ce-ac30661244a5
868032061578211,1782010800,data.qo,"{""tE"":{""N"":""67.46""},""hL"":{""N"":""58.2""},""wL"":{""N"":""47.95367""},""tL"":{""N"":""93.74""},""hR"":{""N"":""40.2""},""wR"":{""N"":""36.033016""},""hE"":{""N"":""57.8""},""tR"":{""N"":""89.42""}}",a47854d8-3051-70fa-00ce-ac30661244a5
868032061578211,1782014400,data.qo,"{""hR"":{""N"":""48.2""},""tE"":{""N"":""65.3""},""tL"":{""N"":""93.92""},""wR"":{""N"":""35.704315""},""hL"":{""N"":""56.2""},""tR"":{""N"":""89.42""},""hE"":{""N"":""61.3""},""wL"":{""N"":""47.911724""}}",a47854d8-3051-70fa-00ce-ac30661244a5
868032061578211,1782018000,data.qo,"{""tE"":{""N"":""64.04""},""hL"":{""N"":""54.8""},""wL"":{""N"":""47.95411""},""tL"":{""N"":""93.56""},""hR"":{""N"":""44.7""},""wR"":{""N"":""35.8369""},""hE"":{""N"":""65.3""},""tR"":{""N"":""88.7""}}",a47854d8-3051-70fa-00ce-ac30661244a5
868032061578211,1782021600,data.qo,"{""tE"":{""N"":""64.58""},""hL"":{""N"":""57.1""},""wL"":{""N"":""47.96144""},""tL"":{""N"":""93.92""},""hR"":{""N"":""43.8""},""wR"":{""N"":""36.040905""},""hE"":{""N"":""64.4""},""tR"":{""N"":""87.26""}}",a47854d8-3051-70fa-00ce-ac30661244a5
868032061578211,1782025200,data.qo,"{""tE"":{""N"":""63.32""},""hL"":{""N"":""57.2""},""wL"":{""N"":""47.88502""},""tL"":{""N"":""93.56""},""hR"":{""N"":""44.7""},""wR"":{""N"":""36.03505""},""hE"":{""N"":""67""},""tR"":{""N"":""87.08""}}",a47854d8-3051-70fa-00ce-ac30661244a5
868032061578211,1782028800,data.qo,"{""tE"":{""N"":""61.16""},""hL"":{""N"":""56.7""},""wL"":{""N"":""47.785202""},""tL"":{""N"":""93.56""},""hR"":{""N"":""44.8""},""wR"":{""N"":""35.7273""},""hE"":{""N"":""70.4""},""tR"":{""N"":""86.72""}}",a47854d8-3051-70fa-00ce-ac30661244a5
868032061578211,1782032400,data.qo,"{""tE"":{""N"":""59""},""hL"":{""N"":""55.7""},""wL"":{""N"":""47.750004""},""tL"":{""N"":""93.2""},""hR"":{""N"":""45.4""},""wR"":{""N"":""35.633038""},""hE"":{""N"":""75.9""},""tR"":{""N"":""86""}}",a47854d8-3051-70fa-00ce-ac30661244a5
868032061578211,1782036000,data.qo,"{""tE"":{""N"":""57.74""},""hL"":{""N"":""54""},""wL"":{""N"":""47.81176""},""tL"":{""N"":""93.38""},""hR"":{""N"":""44.7""},""wR"":{""N"":""35.687572""},""hE"":{""N"":""79.7""},""tR"":{""N"":""84.74""}}",a47854d8-3051-70fa-00ce-ac30661244a5
868032061578211,1782039600,data.qo,"{""tE"":{""N"":""57.02""},""hL"":{""N"":""57.5""},""wL"":{""N"":""47.92731""},""tL"":{""N"":""93.38""},""hR"":{""N"":""44.8""},""wR"":{""N"":""35.88911""},""hE"":{""N"":""80.8""},""tR"":{""N"":""83.84""}}",a47854d8-3051-70fa-00ce-ac30661244a5
868032061578211,1782043200,data.qo,"{""tE"":{""N"":""57.2""},""hL"":{""N"":""55.9""},""wL"":{""N"":""48.17817""},""tL"":{""N"":""93.2""},""hR"":{""N"":""46.4""},""wR"":{""N"":""36.298088""},""hE"":{""N"":""80.2""},""tR"":{""N"":""83.3""}}",a47854d8-3051-70fa-00ce-ac30661244a5
868032061578211,1782046800,data.qo,"{""tE"":{""N"":""59.54""},""hL"":{""N"":""56.9""},""wL"":{""N"":""48.41315""},""tL"":{""N"":""93.02""},""hR"":{""N"":""48.5""},""wR"":{""N"":""36.825718""},""hE"":{""N"":""81.3""},""tR"":{""N"":""84.56""}}",a47854d8-3051-70fa-00ce-ac30661244a5
868032061578211,1782050400,data.qo,"{""tE"":{""N"":""64.58""},""hL"":{""N"":""57.9""},""wL"":{""N"":""48.612938""},""tL"":{""N"":""93.2""},""hR"":{""N"":""53.5""},""wR"":{""N"":""37.155483""},""hE"":{""N"":""69.8""},""tR"":{""N"":""86.54""}}",a47854d8-3051-70fa-00ce-ac30661244a5
868032061578211,1782054000,data.qo,"{""tE"":{""N"":""67.64""},""hL"":{""N"":""58""},""wL"":{""N"":""48.788254""},""tL"":{""N"":""93.02""},""hR"":{""N"":""51.7""},""wR"":{""N"":""37.347294""},""hE"":{""N"":""61.3""},""tR"":{""N"":""87.62""}}",a47854d8-3051-70fa-00ce-ac30661244a5
868032061578211,1782057600,data.qo,"{""tE"":{""N"":""71.42""},""hL"":{""N"":""57.1""},""wL"":{""N"":""48.84394""},""tL"":{""N"":""93.2""},""hR"":{""N"":""52.1""},""wR"":{""N"":""37.808193""},""hE"":{""N"":""61.2""},""tR"":{""N"":""88.88""}}",a47854d8-3051-70fa-00ce-ac30661244a5
868032061578211,1782061200,data.qo,"{""tE"":{""N"":""75.2""},""hL"":{""N"":""57.8""},""wL"":{""N"":""48.79413""},""tL"":{""N"":""93.56""},""hR"":{""N"":""52.1""},""wR"":{""N"":""37.77616""},""hE"":{""N"":""51.5""},""tR"":{""N"":""88.88""}}",a47854d8-3051-70fa-00ce-ac30661244a5
868032061578211,1782064800,data.qo,"{""tE"":{""N"":""74.84""},""hL"":{""N"":""57.8""},""wL"":{""N"":""48.798885""},""tL"":{""N"":""93.74""},""hR"":{""N"":""51.3""},""wR"":{""N"":""37.904633""},""hE"":{""N"":""52.1""},""tR"":{""N"":""91.4""}}",a47854d8-3051-70fa-00ce-ac30661244a5
868032061578211,1782068400,data.qo,"{""tE"":{""N"":""76.28""},""hL"":{""N"":""56.6""},""wL"":{""N"":""48.73936""},""tL"":{""N"":""93.92""},""hR"":{""N"":""51.3""},""wR"":{""N"":""37.83447""},""hE"":{""N"":""48.1""},""tR"":{""N"":""91.4""}}",a47854d8-3051-70fa-00ce-ac30661244a5
868032061578211,1782072000,data.qo,"{""tE"":{""N"":""77""},""hL"":{""N"":""55.3""},""wL"":{""N"":""48.622356""},""tL"":{""N"":""93.92""},""hR"":{""N"":""51.8""},""wR"":{""N"":""37.893166""},""hE"":{""N"":""48.8""},""tR"":{""N"":""92.12""}}",a47854d8-3051-70fa-00ce-ac30661244a5
868032061578211,1782075600,data.qo,"{""tE"":{""N"":""78.8""},""hL"":{""N"":""58.9""},""wL"":{""N"":""48.552006""},""tL"":{""N"":""93.92""},""hR"":{""N"":""45.3""},""wR"":{""N"":""37.62035""},""hE"":{""N"":""47.2""},""tR"":{""N"":""93.2""}}",a47854d8-3051-70fa-00ce-ac30661244a5
868032061578211,1782079200,data.qo,"{""tE"":{""N"":""84.56""},""hL"":{""N"":""59""},""wL"":{""N"":""48.55424""},""tL"":{""N"":""94.46""},""hR"":{""N"":""39.3""},""wR"":{""N"":""37.96265""},""hE"":{""N"":""42""},""tR"":{""N"":""93.74""}}",a47854d8-3051-70fa-00ce-ac30661244a5
868032061578211,1782082800,data.qo,"{""tE"":{""N"":""86""},""hL"":{""N"":""58.6""},""wL"":{""N"":""48.54283""},""tL"":{""N"":""95""},""hR"":{""N"":""37.1""},""wR"":{""N"":""37.582027""},""hE"":{""N"":""42.8""},""tR"":{""N"":""93.74""}}",a47854d8-3051-70fa-00ce-ac30661244a5
868032061578211,1782086400,data.qo,"{""tE"":{""N"":""85.1""},""hL"":{""N"":""54.2""},""wL"":{""N"":""48.37538""},""tL"":{""N"":""94.82""},""hR"":{""N"":""37.9""},""wR"":{""N"":""36.96188""},""hE"":{""N"":""44.1""},""tR"":{""N"":""92.84""}}",a47854d8-3051-70fa-00ce-ac30661244a5
868032061578211,1782090000,data.qo,"{""tE"":{""N"":""77.18""},""hL"":{""N"":""53.5""},""wL"":{""N"":""48.296047""},""tL"":{""N"":""94.64""},""hR"":{""N"":""37.1""},""wR"":{""N"":""36.67344""},""hE"":{""N"":""50.1""},""tR"":{""N"":""91.94""}}",a47854d8-3051-70fa-00ce-ac30661244a5
868032061578211,1782093600,data.qo,"{""tE"":{""N"":""73.76""},""hL"":{""N"":""56.2""},""wL"":{""N"":""48.097477""},""tL"":{""N"":""94.46""},""hR"":{""N"":""38.1""},""wR"":{""N"":""36.305782""},""hE"":{""N"":""54.1""},""tR"":{""N"":""91.58""}}",a47854d8-3051-70fa-00ce-ac30661244a5
868032061578211,1782097200,data.qo,"{""tE"":{""N"":""71.42""},""hL"":{""N"":""55.2""},""wL"":{""N"":""47.96469""},""tL"":{""N"":""94.46""},""hR"":{""N"":""38.3""},""wR"":{""N"":""35.92269""},""hE"":{""N"":""56.1""},""tR"":{""N"":""89.96""}}",a47854d8-3051-70fa-00ce-ac30661244a5
868032061578211,1782100800,data.qo,"{""tE"":{""N"":""68.9""},""hL"":{""N"":""56.4""},""wL"":{""N"":""47.903324""},""tL"":{""N"":""94.46""},""hR"":{""N"":""44.1""},""wR"":{""N"":""35.815174""},""hE"":{""N"":""60.8""},""tR"":{""N"":""89.96""}}",a47854d8-3051-70fa-00ce-ac30661244a5
868032061578211,1782104400,data.qo,"{""tE"":{""N"":""67.1""},""hL"":{""N"":""55.9""},""wL"":{""N"":""47.89939""},""tL"":{""N"":""94.28""},""hR"":{""N"":""43.3""},""wR"":{""N"":""35.682056""},""hE"":{""N"":""63.9""},""tR"":{""N"":""89.78""}}",a47854d8-3051-70fa-00ce-ac30661244a5
868032061578211,1782108000,data.qo,"{""tE"":{""N"":""65.48""},""hL"":{""N"":""55.9""},""wL"":{""N"":""47.850502""},""tL"":{""N"":""94.28""},""hR"":{""N"":""48.1""},""wR"":{""N"":""35.64804""},""hE"":{""N"":""66.6""},""tR"":{""N"":""89.24""}}",a47854d8-3051-70fa-00ce-ac30661244a5
868032061578211,1782111600,data.qo,"{""tE"":{""N"":""65.48""},""hL"":{""N"":""56""},""wL"":{""N"":""47.813896""},""tL"":{""N"":""94.1""},""hR"":{""N"":""48.9""},""wR"":{""N"":""35.535538""},""hE"":{""N"":""66.6""},""tR"":{""N"":""89.06""}}",a47854d8-3051-70fa-00ce-ac30661244a5
868032061578211,1782115200,data.qo,"{""tE"":{""N"":""62.78""},""hL"":{""N"":""56.8""},""wL"":{""N"":""47.781853""},""tL"":{""N"":""93.92""},""hR"":{""N"":""45.8""},""wR"":{""N"":""35.367725""},""hE"":{""N"":""69.4""},""tR"":{""N"":""88.52""}}",a47854d8-3051-70fa-00ce-ac30661244a5
868032061578211,1782118800,data.qo,"{""tE"":{""N"":""61.88""},""hL"":{""N"":""57.3""},""wL"":{""N"":""47.76044""},""tL"":{""N"":""93.92""},""hR"":{""N"":""47.5""},""wR"":{""N"":""35.373386""},""hE"":{""N"":""73.2""},""tR"":{""N"":""87.8""}}",a47854d8-3051-70fa-00ce-ac30661244a5
868032061578211,1782122400,data.qo,"{""tE"":{""N"":""60.98""},""hL"":{""N"":""57.1""},""wL"":{""N"":""47.85385""},""tL"":{""N"":""93.92""},""hR"":{""N"":""48""},""wR"":{""N"":""35.562683""},""hE"":{""N"":""76.2""},""tR"":{""N"":""87.08""}}",a47854d8-3051-70fa-00ce-ac30661244a5
868032061578211,1782126000,data.qo,"{""tE"":{""N"":""60.44""},""hL"":{""N"":""57.2""},""wL"":{""N"":""47.9143""},""tL"":{""N"":""93.56""},""hR"":{""N"":""46""},""wR"":{""N"":""35.583878""},""hE"":{""N"":""77.3""},""tR"":{""N"":""86.54""}}",a47854d8-3051-70fa-00ce-ac30661244a5
868032061578211,1782129600,data.qo,"{""tE"":{""N"":""60.98""},""hL"":{""N"":""56.8""},""wL"":{""N"":""48.026886""},""tL"":{""N"":""93.38""},""hR"":{""N"":""50.4""},""wR"":{""N"":""36.188343""},""hE"":{""N"":""80.8""},""tR"":{""N"":""86.54""}}",a47854d8-3051-70fa-00ce-ac30661244a5
868032061578211,1782133200,data.qo,"{""tE"":{""N"":""64.22""},""hL"":{""N"":""57.2""},""wL"":{""N"":""48.262695""},""tL"":{""N"":""93.38""},""hR"":{""N"":""52.7""},""wR"":{""N"":""36.76015""},""hE"":{""N"":""80.7""},""tR"":{""N"":""88.88""}}",a47854d8-3051-70fa-00ce-ac30661244a5
868032061578211,1782136800,data.qo,"{""tE"":{""N"":""68""},""hL"":{""N"":""54.7""},""wL"":{""N"":""48.439514""},""tL"":{""N"":""93.38""},""hR"":{""N"":""50.7""},""wR"":{""N"":""37.1129""},""hE"":{""N"":""75.3""},""tR"":{""N"":""91.22""}}",a47854d8-3051-70fa-00ce-ac30661244a5
868032061578211,1782140400,data.qo,"{""tE"":{""N"":""71.96""},""hL"":{""N"":""54.9""},""wL"":{""N"":""48.62556""},""tL"":{""N"":""93.74""},""hR"":{""N"":""50.7""},""wR"":{""N"":""37.62795""},""hE"":{""N"":""68""},""tR"":{""N"":""91.22""}}",a47854d8-3051-70fa-00ce-ac30661244a5
868032061578211,1782144000,data.qo,"{""tE"":{""N"":""74.48""},""hL"":{""N"":""57.1""},""wL"":{""N"":""48.645176""},""tL"":{""N"":""93.92""},""hR"":{""N"":""46.9""},""wR"":{""N"":""37.640915""},""hE"":{""N"":""64""},""tR"":{""N"":""92.3""}}",a47854d8-3051-70fa-00ce-ac30661244a5
868032061578211,1782147600,data.qo,"{""tE"":{""N"":""74.66""},""hL"":{""N"":""56.8""},""wL"":{""N"":""48.776894""},""tL"":{""N"":""94.28""},""hR"":{""N"":""44.2""},""wR"":{""N"":""37.753372""},""hE"":{""N"":""65.3""},""tR"":{""N"":""92.48""}}",a47854d8-3051-70fa-00ce-ac30661244a5
868032061578211,1782151200,data.qo,"{""tE"":{""N"":""76.1""},""hL"":{""N"":""56.7""},""wL"":{""N"":""48.921425""},""tL"":{""N"":""94.46""},""hR"":{""N"":""43.8""},""wR"":{""N"":""38.06683""},""hE"":{""N"":""62.9""},""tR"":{""N"":""91.58""}}",a47854d8-3051-70fa-00ce-ac30661244a5
868032061578211,1782154800,data.qo,"{""tE"":{""N"":""78.8""},""hL"":{""N"":""57.1""},""wL"":{""N"":""49.021343""},""tL"":{""N"":""94.28""},""hR"":{""N"":""47.8""},""wR"":{""N"":""38.2014""},""hE"":{""N"":""60""},""tR"":{""N"":""91.4""}}",a47854d8-3051-70fa-00ce-ac30661244a5
868032061578211,1782158400,data.qo,"{""tE"":{""N"":""80.24""},""hL"":{""N"":""58""},""wL"":{""N"":""49.08499""},""tL"":{""N"":""94.64""},""hR"":{""N"":""45.7""},""wR"":{""N"":""38.138786""},""hE"":{""N"":""59.8""},""tR"":{""N"":""91.94""}}",a47854d8-3051-70fa-00ce-ac30661244a5
868032061578211,1782162000,data.qo,"{""tE"":{""N"":""78.26""},""hL"":{""N"":""60.1""},""wL"":{""N"":""48.883507""},""tL"":{""N"":""95""},""hR"":{""N"":""44.8""},""wR"":{""N"":""37.472137""},""hE"":{""N"":""64""},""tR"":{""N"":""92.48""}}",a47854d8-3051-70fa-00ce-ac30661244a5
868032061578211,1782165600,data.qo,"{""tE"":{""N"":""80.06""},""hL"":{""N"":""59.1""},""wL"":{""N"":""48.794952""},""tL"":{""N"":""95""},""hR"":{""N"":""48.7""},""wR"":{""N"":""37.37386""},""hE"":{""N"":""67.5""},""tR"":{""N"":""91.04""}}",a47854d8-3051-70fa-00ce-ac30661244a5
868032061578211,1782169200,data.qo,"{""tE"":{""N"":""75.92""},""hL"":{""N"":""58.2""},""wL"":{""N"":""48.620705""},""tL"":{""N"":""94.46""},""hR"":{""N"":""49.3""},""wR"":{""N"":""37.088177""},""hE"":{""N"":""73.9""},""tR"":{""N"":""89.6""}}",a47854d8-3051-70fa-00ce-ac30661244a5
868032061578211,1782172800,data.qo,"{""tE"":{""N"":""69.44""},""hL"":{""N"":""56.5""},""wL"":{""N"":""48.658527""},""tL"":{""N"":""94.46""},""hR"":{""N"":""47""},""wR"":{""N"":""37.111645""},""hE"":{""N"":""81.2""},""tR"":{""N"":""88.7""}}",a47854d8-3051-70fa-00ce-ac30661244a5
868032061578211,1782176400,data.qo,"{""tE"":{""N"":""69.08""},""hL"":{""N"":""53.7""},""wL"":{""N"":""48.58599""},""tL"":{""N"":""93.92""},""hR"":{""N"":""50.7""},""wR"":{""N"":""36.98622""},""hE"":{""N"":""82.4""},""tR"":{""N"":""84.56""}}",a47854d8-3051-70fa-00ce-ac30661244a5
868032061578211,1782180000,data.qo,"{""tE"":{""N"":""67.82""},""hL"":{""N"":""54.7""},""wL"":{""N"":""48.596966""},""tL"":{""N"":""93.74""},""hR"":{""N"":""50.4""},""wR"":{""N"":""37.096207""},""hE"":{""N"":""85.5""},""tR"":{""N"":""84.92""}}",a47854d8-3051-70fa-00ce-ac30661244a5
868032061578211,1782183600,data.qo,"{""tE"":{""N"":""67.82""},""hL"":{""N"":""56.9""},""wL"":{""N"":""48.51836""},""tL"":{""N"":""93.74""},""hR"":{""N"":""49.1""},""wR"":{""N"":""36.93943""},""hE"":{""N"":""84.2""},""tR"":{""N"":""86.9""}}",a47854d8-3051-70fa-00ce-ac30661244a5
868032061578211,1782187200,data.qo,"{""tE"":{""N"":""67.1""},""hL"":{""N"":""56.7""},""wL"":{""N"":""48.499622""},""tL"":{""N"":""93.92""},""hR"":{""N"":""47.4""},""wR"":{""N"":""36.99251""},""hE"":{""N"":""86.2""},""tR"":{""N"":""87.8""}}",a47854d8-3051-70fa-00ce-ac30661244a5
868032061578211,1782190800,data.qo,"{""tE"":{""N"":""66.74""},""hL"":{""N"":""56.2""},""wL"":{""N"":""48.52676""},""tL"":{""N"":""93.92""},""hR"":{""N"":""46.9""},""wR"":{""N"":""37.04235""},""hE"":{""N"":""85.8""},""tR"":{""N"":""88.52""}}",a47854d8-3051-70fa-00ce-ac30661244a5
868032061578211,1782194400,data.qo,"{""tE"":{""N"":""66.2""},""hL"":{""N"":""54.3""},""wL"":{""N"":""48.454662""},""tL"":{""N"":""93.74""},""hR"":{""N"":""50""},""wR"":{""N"":""36.935608""},""hE"":{""N"":""85.6""},""tR"":{""N"":""88.52""}}",a47854d8-3051-70fa-00ce-ac30661244a5
868032061578211,1782198000,data.qo,"{""tE"":{""N"":""65.48""},""hL"":{""N"":""55.9""},""wL"":{""N"":""48.40184""},""tL"":{""N"":""93.74""},""hR"":{""N"":""46.1""},""wR"":{""N"":""36.741764""},""hE"":{""N"":""86""},""tR"":{""N"":""88.52""}}",a47854d8-3051-70fa-00ce-ac30661244a5
868032061578211,1782201600,data.qo,"{""tE"":{""N"":""64.76""},""hL"":{""N"":""56.9""},""wL"":{""N"":""48.43529""},""tL"":{""N"":""93.56""},""hR"":{""N"":""47.4""},""wR"":{""N"":""36.8637""},""hE"":{""N"":""87""},""tR"":{""N"":""88.88""}}",a47854d8-3051-70fa-00ce-ac30661244a5
868032061578211,1782205200,data.qo,"{""tE"":{""N"":""64.76""},""hL"":{""N"":""56.7""},""wL"":{""N"":""48.395966""},""tL"":{""N"":""93.56""},""hR"":{""N"":""46.8""},""wR"":{""N"":""36.858425""},""hE"":{""N"":""86.9""},""tR"":{""N"":""88.88""}}",a47854d8-3051-70fa-00ce-ac30661244a5
868032061578211,1782208800,data.qo,"{""tE"":{""N"":""64.4""},""hL"":{""N"":""54.8""},""wL"":{""N"":""48.51613""},""tL"":{""N"":""93.2""},""hR"":{""N"":""48.7""},""wR"":{""N"":""36.957623""},""hE"":{""N"":""86.9""},""tR"":{""N"":""88.88""}}",a47854d8-3051-70fa-00ce-ac30661244a5
868032061578211,1782212400,data.qo,"{""tE"":{""N"":""64.4""},""hL"":{""N"":""56.4""},""wL"":{""N"":""48.877293""},""tL"":{""N"":""93.38""},""hR"":{""N"":""48.7""},""wR"":{""N"":""37.285164""},""hE"":{""N"":""87.7""},""tR"":{""N"":""88.88""}}",a47854d8-3051-70fa-00ce-ac30661244a5
868032061578211,1782216000,data.qo,"{""tE"":{""N"":""64.04""},""hL"":{""N"":""54.1""},""wL"":{""N"":""48.875984""},""tL"":{""N"":""93.2""},""hR"":{""N"":""46.6""},""wR"":{""N"":""37.25115""},""hE"":{""N"":""90""},""tR"":{""N"":""86.9""}}",a47854d8-3051-70fa-00ce-ac30661244a5
868032061578211,1782219600,data.qo,"{""tE"":{""N"":""64.04""},""hL"":{""N"":""57.9""},""wL"":{""N"":""48.80704""},""tL"":{""N"":""93.2""},""hR"":{""N"":""46.6""},""wR"":{""N"":""37.19434""},""hE"":{""N"":""89.5""},""tR"":{""N"":""86.9""}}",a47854d8-3051-70fa-00ce-ac30661244a5
868032061578211,1782223200,data.qo,"{""tE"":{""N"":""64.76""},""hL"":{""N"":""53.9""},""wL"":{""N"":""48.71426""},""tL"":{""N"":""92.48""},""hR"":{""N"":""47.7""},""wR"":{""N"":""37.268616""},""hE"":{""N"":""88.7""},""tR"":{""N"":""85.82""}}",a47854d8-3051-70fa-00ce-ac30661244a5
868032061578211,1782226800,data.qo,"{""tE"":{""N"":""64.4""},""hL"":{""N"":""55.8""},""wL"":{""N"":""48.75126""},""tL"":{""N"":""92.3""},""hR"":{""N"":""47.3""},""wR"":{""N"":""37.571625""},""hE"":{""N"":""86.5""},""tR"":{""N"":""85.1""}}",a47854d8-3051-70fa-00ce-ac30661244a5
868032061578211,1782230400,data.qo,"{""tE"":{""N"":""66.74""},""hL"":{""N"":""55.9""},""wL"":{""N"":""48.552834""},""tL"":{""N"":""92.3""},""hR"":{""N"":""48.2""},""wR"":{""N"":""37.522655""},""hE"":{""N"":""79.8""},""tR"":{""N"":""84.56""}}",a47854d8-3051-70fa-00ce-ac30661244a5
868032061578211,1782234000,data.qo,"{""tE"":{""N"":""66.92""},""hL"":{""N"":""56.1""},""wL"":{""N"":""48.715816""},""tL"":{""N"":""92.3""},""hR"":{""N"":""46.2""},""wR"":{""N"":""37.284584""},""hE"":{""N"":""77.7""},""tR"":{""N"":""85.46""}}",a47854d8-3051-70fa-00ce-ac30661244a5
868032061578211,1782237600,data.qo,"{""tE"":{""N"":""65.48""},""hL"":{""N"":""55.7""},""wL"":{""N"":""48.63464""},""tL"":{""N"":""92.3""},""hR"":{""N"":""45.7""},""wR"":{""N"":""37.250324""},""hE"":{""N"":""79.8""},""tR"":{""N"":""84.56""}}",a47854d8-3051-70fa-00ce-ac30661244a5
868032061578211,1782241200,data.qo,"{""tE"":{""N"":""64.4""},""hL"":{""N"":""54.5""},""wL"":{""N"":""48.701736""},""tL"":{""N"":""91.76""},""hR"":{""N"":""46.1""},""wR"":{""N"":""37.641304""},""hE"":{""N"":""81""},""tR"":{""N"":""84.56""}}",a47854d8-3051-70fa-00ce-ac30661244a5
868032061578211,1782244800,data.qo,"{""tE"":{""N"":""65.12""},""hL"":{""N"":""53.6""},""wL"":{""N"":""48.64226""},""tL"":{""N"":""91.76""},""hR"":{""N"":""53.1""},""wR"":{""N"":""37.542786""},""hE"":{""N"":""80""},""tR"":{""N"":""86.36""}}",a47854d8-3051-70fa-00ce-ac30661244a5
868032061578211,1782248400,data.qo,"{""tE"":{""N"":""64.94""},""hL"":{""N"":""56.2""},""wL"":{""N"":""48.637455""},""tL"":{""N"":""91.4""},""hR"":{""N"":""47.7""},""wR"":{""N"":""37.49077""},""hE"":{""N"":""74.8""},""tR"":{""N"":""84.92""}}",a47854d8-3051-70fa-00ce-ac30661244a5
868032061578211,1782252000,data.qo,"{""tE"":{""N"":""65.84""},""hL"":{""N"":""52.6""},""wL"":{""N"":""48.614395""},""tL"":{""N"":""91.58""},""hR"":{""N"":""41.5""},""wR"":{""N"":""37.462845""},""hE"":{""N"":""66.7""},""tR"":{""N"":""83.48""}}",a47854d8-3051-70fa-00ce-ac30661244a5
868032061578211,1782255600,data.qo,"{""tE"":{""N"":""64.04""},""hL"":{""N"":""54.4""},""wL"":{""N"":""48.74616""},""tL"":{""N"":""91.4""},""hR"":{""N"":""48.9""},""wR"":{""N"":""37.931293""},""hE"":{""N"":""66.1""},""tR"":{""N"":""83.84""}}",a47854d8-3051-70fa-00ce-ac30661244a5
868032061578211,1782259200,data.qo,"{""tE"":{""N"":""69.26""},""hL"":{""N"":""53.2""},""wL"":{""N"":""48.67955""},""tL"":{""N"":""91.04""},""hR"":{""N"":""40.4""},""wR"":{""N"":""37.350636""},""hE"":{""N"":""56.8""},""tR"":{""N"":""82.58""}}",a47854d8-3051-70fa-00ce-ac30661244a5
868032061578211,1782262800,data.qo,"{""tE"":{""N"":""63.5""},""hL"":{""N"":""50.4""},""wL"":{""N"":""48.627697""},""tL"":{""N"":""91.04""},""hR"":{""N"":""40.1""},""wR"":{""N"":""37.205227""},""hE"":{""N"":""63.5""},""tR"":{""N"":""81.86""}}",a47854d8-3051-70fa-00ce-ac30661244a5
868032061578211,1782266400,data.qo,"{""tE"":{""N"":""61.88""},""hL"":{""N"":""50.1""},""wL"":{""N"":""48.39213""},""tL"":{""N"":""90.68""},""hR"":{""N"":""44.3""},""wR"":{""N"":""36.882572""},""hE"":{""N"":""66.2""},""tR"":{""N"":""83.3""}}",a47854d8-3051-70fa-00ce-ac30661244a5
868032061578211,1782270000,data.qo,"{""tE"":{""N"":""60.44""},""hL"":{""N"":""56.5""},""wL"":{""N"":""48.34717""},""tL"":{""N"":""91.22""},""hR"":{""N"":""38.3""},""wR"":{""N"":""36.880104""},""hE"":{""N"":""65.9""},""tR"":{""N"":""82.58""}}",a47854d8-3051-70fa-00ce-ac30661244a5
868032061578211,1782273600,data.qo,"{""tE"":{""N"":""58.46""},""hL"":{""N"":""58""},""wL"":{""N"":""48.165157""},""tL"":{""N"":""91.4""},""hR"":{""N"":""47.1""},""wR"":{""N"":""36.56142""},""hE"":{""N"":""70.4""},""tR"":{""N"":""84.56""}}",a47854d8-3051-70fa-00ce-ac30661244a5
868032061578211,1782277200,data.qo,"{""tE"":{""N"":""57.38""},""hL"":{""N"":""60.6""},""wL"":{""N"":""48.099033""},""tL"":{""N"":""91.58""},""hR"":{""N"":""45""},""wR"":{""N"":""36.14944""},""hE"":{""N"":""73.8""},""tR"":{""N"":""84.92""}}",a47854d8-3051-70fa-00ce-ac30661244a5
868032061578211,1782280800,data.qo,"{""tE"":{""N"":""55.04""},""hL"":{""N"":""56.9""},""wL"":{""N"":""48.08335""},""tL"":{""N"":""91.58""},""hR"":{""N"":""45.1""},""wR"":{""N"":""36.19275""},""hE"":{""N"":""79.9""},""tR"":{""N"":""84.38""}}",a47854d8-3051-70fa-00ce-ac30661244a5
868032061578211,1782284400,data.qo,"{""tE"":{""N"":""55.4""},""hL"":{""N"":""57.8""},""wL"":{""N"":""48.025574""},""tL"":{""N"":""91.76""},""hR"":{""N"":""48.2""},""wR"":{""N"":""36.04521""},""hE"":{""N"":""78.7""},""tR"":{""N"":""84.92""}}",a47854d8-3051-70fa-00ce-ac30661244a5
868032061578211,1782288000,data.qo,"{""tE"":{""N"":""53.6""},""hL"":{""N"":""57.4""},""wL"":{""N"":""47.985714""},""tL"":{""N"":""91.58""},""hR"":{""N"":""44.5""},""wR"":{""N"":""35.88437""},""hE"":{""N"":""82.9""},""tR"":{""N"":""84.74""}}",a47854d8-3051-70fa-00ce-ac30661244a5
868032061578211,1782291600,data.qo,"{""tE"":{""N"":""53.06""},""hL"":{""N"":""58.4""},""wL"":{""N"":""48.01237""},""tL"":{""N"":""91.58""},""hR"":{""N"":""50.3""},""wR"":{""N"":""35.90445""},""hE"":{""N"":""83.5""},""tR"":{""N"":""84.38""}}",a47854d8-3051-70fa-00ce-ac30661244a5
868032061578211,1782295200,data.qo,"{""tE"":{""N"":""53.06""},""hL"":{""N"":""58.5""},""wL"":{""N"":""48.080048""},""tL"":{""N"":""91.4""},""hR"":{""N"":""43.3""},""wR"":{""N"":""36.261314""},""hE"":{""N"":""83.6""},""tR"":{""N"":""83.84""}}",a47854d8-3051-70fa-00ce-ac30661244a5
868032061578211,1782298800,data.qo,"{""tE"":{""N"":""53.24""},""hL"":{""N"":""55.5""},""wL"":{""N"":""48.15069""},""tL"":{""N"":""91.04""},""hR"":{""N"":""44.5""},""wR"":{""N"":""36.46498""},""hE"":{""N"":""82.3""},""tR"":{""N"":""83.48""}}",a47854d8-3051-70fa-00ce-ac30661244a5
868032061578211,1782302400,data.qo,"{""tE"":{""N"":""53.96""},""hL"":{""N"":""57.8""},""wL"":{""N"":""48.26357""},""tL"":{""N"":""90.68""},""hR"":{""N"":""45.3""},""wR"":{""N"":""36.70823""},""hE"":{""N"":""81.4""},""tR"":{""N"":""83.12""}}",a47854d8-3051-70fa-00ce-ac30661244a5
868032061578211,1782306000,data.qo,"{""tE"":{""N"":""55.58""},""hL"":{""N"":""59.2""},""wL"":{""N"":""48.382275""},""tL"":{""N"":""91.04""},""hR"":{""N"":""47""},""wR"":{""N"":""37.162643""},""hE"":{""N"":""79.1""},""tR"":{""N"":""83.3""}}",a47854d8-3051-70fa-00ce-ac30661244a5
868032061578211,1782309600,data.qo,"{""tE"":{""N"":""58.82""},""hL"":{""N"":""58.5""},""wL"":{""N"":""48.52603""},""tL"":{""N"":""91.4""},""hR"":{""N"":""52""},""wR"":{""N"":""37.35107""},""hE"":{""N"":""71.8""},""tR"":{""N"":""83.84""}}",a47854d8-3051-70fa-00ce-ac30661244a5
868032061578211,1782313200,data.qo,"{""tE"":{""N"":""61.16""},""hL"":{""N"":""59.4""},""wL"":{""N"":""48.482143""},""tL"":{""N"":""91.22""},""hR"":{""N"":""50.5""},""wR"":{""N"":""37.7315""},""hE"":{""N"":""68.2""},""tR"":{""N"":""84.74""}}",a47854d8-3051-70fa-00ce-ac30661244a5
868032061578211,1782316800,data.qo,"{""tE"":{""N"":""64.04""},""hL"":{""N"":""60.5""},""wL"":{""N"":""48.575214""},""tL"":{""N"":""91.58""},""hR"":{""N"":""47.2""},""wR"":{""N"":""37.981377""},""hE"":{""N"":""60.9""},""tR"":{""N"":""85.82""}}",a47854d8-3051-70fa-00ce-ac30661244a5
868032061578211,1782320400,data.qo,"{""tE"":{""N"":""66.2""},""hL"":{""N"":""60.4""},""wL"":{""N"":""48.528072""},""tL"":{""N"":""91.4""},""hR"":{""N"":""48.6""},""wR"":{""N"":""37.869648""},""hE"":{""N"":""55.5""},""tR"":{""N"":""86.9""}}",a47854d8-3051-70fa-00ce-ac30661244a5
868032061578211,1782324000,data.qo,"{""tE"":{""N"":""66.74""},""hL"":{""N"":""62.1""},""wL"":{""N"":""48.626774""},""tL"":{""N"":""91.76""},""hR"":{""N"":""45.7""},""wR"":{""N"":""37.766438""},""hE"":{""N"":""55.5""},""tR"":{""N"":""87.26""}}",a47854d8-3051-70fa-00ce-ac30661244a5
868032061578211,1782327600,data.qo,"{""tE"":{""N"":""67.82""},""hL"":{""N"":""64""},""wL"":{""N"":""48.72703""},""tL"":{""N"":""91.94""},""hR"":{""N"":""48.2""},""wR"":{""N"":""37.843567""},""hE"":{""N"":""52.7""},""tR"":{""N"":""87.98""}}",a47854d8-3051-70fa-00ce-ac30661244a5
868032061578211,1782331200,data.qo,"{""tE"":{""N"":""69.98""},""hL"":{""N"":""58""},""wL"":{""N"":""48.622986""},""tL"":{""N"":""91.76""},""hR"":{""N"":""50.5""},""wR"":{""N"":""37.66724""},""hE"":{""N"":""48""},""tR"":{""N"":""89.6""}}",a47854d8-3051-70fa-00ce-ac30661244a5
868032061578211,1782334800,data.qo,"{""tE"":{""N"":""73.22""},""hL"":{""N"":""58""},""wL"":{""N"":""48.81355""},""tL"":{""N"":""91.76""},""hR"":{""N"":""36.7""},""wR"":{""N"":""37.931538""},""hE"":{""N"":""44.7""},""tR"":{""N"":""90.32""}}",a47854d8-3051-70fa-00ce-ac30661244a5
868032061578211,1782338400,data.qo,"{""tE"":{""N"":""80.06""},""hL"":{""N"":""58.8""},""wL"":{""N"":""48.736984""},""tL"":{""N"":""92.66""},""hR"":{""N"":""35.8""},""wR"":{""N"":""37.88668""},""hE"":{""N"":""40.1""},""tR"":{""N"":""91.76""}}",a47854d8-3051-70fa-00ce-ac30661244a5
868032061578211,1782342000,data.qo,"{""tE"":{""N"":""82.58""},""hL"":{""N"":""58.2""},""wL"":{""N"":""48.661633""},""tL"":{""N"":""93.56""},""hR"":{""N"":""32.9""},""wR"":{""N"":""37.712772""},""hE"":{""N"":""37.9""},""tR"":{""N"":""92.48""}}",a47854d8-3051-70fa-00ce-ac30661244a5
868032061578211,1782345600,data.qo,"{""tE"":{""N"":""78.62""},""hL"":{""N"":""57.8""},""wL"":{""N"":""48.397373""},""tL"":{""N"":""93.92""},""hR"":{""N"":""35""},""wR"":{""N"":""36.795135""},""hE"":{""N"":""44.7""},""tR"":{""N"":""91.22""}}",a47854d8-3051-70fa-00ce-ac30661244a5
868032061578211,1782349200,data.qo,"{""tE"":{""N"":""71.06""},""hL"":{""N"":""56.5""},""wL"":{""N"":""48.151127""},""tL"":{""N"":""93.92""},""hR"":{""N"":""34.3""},""wR"":{""N"":""36.355816""},""hE"":{""N"":""50.9""},""tR"":{""N"":""90.32""}}",a47854d8-3051-70fa-00ce-ac30661244a5
868032061578211,1782352800,data.qo,"{""tE"":{""N"":""67.1""},""hL"":{""N"":""57.9""},""wL"":{""N"":""48.004505""},""tL"":{""N"":""93.92""},""hR"":{""N"":""35.9""},""wR"":{""N"":""35.93779""},""hE"":{""N"":""56""},""tR"":{""N"":""90.5""}}",a47854d8-3051-70fa-00ce-ac30661244a5
868032061578211,1782356400,data.qo,"{""tE"":{""N"":""64.04""},""hL"":{""N"":""56.1""},""wL"":{""N"":""47.863224""},""tL"":{""N"":""93.74""},""hR"":{""N"":""43.4""},""wR"":{""N"":""35.6012""},""hE"":{""N"":""61.7""},""tR"":{""N"":""91.4""}}",a47854d8-3051-70fa-00ce-ac30661244a5
868032061578211,1782360000,data.qo,"{""tE"":{""N"":""61.7""},""hL"":{""N"":""56.8""},""wL"":{""N"":""47.748886""},""tL"":{""N"":""93.56""},""hR"":{""N"":""44.9""},""wR"":{""N"":""35.302593""},""hE"":{""N"":""66.1""},""tR"":{""N"":""91.4""}}",a47854d8-3051-70fa-00ce-ac30661244a5
868032061578211,1782363600,data.qo,"{""tE"":{""N"":""61.7""},""hL"":{""N"":""56.8""},""wL"":{""N"":""47.765976""},""tL"":{""N"":""93.56""},""hR"":{""N"":""47.8""},""wR"":{""N"":""35.12438""},""hE"":{""N"":""66.1""},""tR"":{""N"":""91.04""}}",a47854d8-3051-70fa-00ce-ac30661244a5
868032061578211,1782367200,data.qo,"{""tE"":{""N"":""61.7""},""hL"":{""N"":""55.1""},""wL"":{""N"":""47.74704""},""tL"":{""N"":""93.2""},""hR"":{""N"":""46.7""},""wR"":{""N"":""35.08809""},""hE"":{""N"":""66.1""},""tR"":{""N"":""90.5""}}",a47854d8-3051-70fa-00ce-ac30661244a5
868032061578211,1782370800,data.qo,"{""tE"":{""N"":""56.3""},""hL"":{""N"":""55""},""wL"":{""N"":""47.724224""},""tL"":{""N"":""93.2""},""hR"":{""N"":""46""},""wR"":{""N"":""35.130768""},""hE"":{""N"":""76.4""},""tR"":{""N"":""89.96""}}",a47854d8-3051-70fa-00ce-ac30661244a5
868032061578211,1782374400,data.qo,"{""tE"":{""N"":""55.22""},""hL"":{""N"":""59.2""},""wL"":{""N"":""47.719273""},""tL"":{""N"":""93.2""},""hR"":{""N"":""48.2""},""wR"":{""N"":""35.016037""},""hE"":{""N"":""78""},""tR"":{""N"":""89.96""}}",a47854d8-3051-70fa-00ce-ac30661244a5
868032061578211,1782378000,data.qo,"{""tE"":{""N"":""54.5""},""hL"":{""N"":""57.2""},""wL"":{""N"":""47.75981""},""tL"":{""N"":""93.02""},""hR"":{""N"":""48.2""},""wR"":{""N"":""35.022522""},""hE"":{""N"":""80.6""},""tR"":{""N"":""89.96""}}",a47854d8-3051-70fa-00ce-ac30661244a5
868032061578211,1782381600,data.qo,"{""tE"":{""N"":""53.96""},""hL"":{""N"":""57.2""},""wL"":{""N"":""47.843414""},""tL"":{""N"":""93.02""},""hR"":{""N"":""43.9""},""wR"":{""N"":""35.18167""},""hE"":{""N"":""81.8""},""tR"":{""N"":""88.7""}}",a47854d8-3051-70fa-00ce-ac30661244a5
868032061578211,1782385200,data.qo,"{""tE"":{""N"":""53.6""},""hL"":{""N"":""56.9""},""wL"":{""N"":""47.88978""},""tL"":{""N"":""92.84""},""hR"":{""N"":""43.9""},""wR"":{""N"":""35.281933""},""hE"":{""N"":""82.3""},""tR"":{""N"":""88.7""}}",a47854d8-3051-70fa-00ce-ac30661244a5
868032061578211,1782388800,data.qo,"{""tE"":{""N"":""54.14""},""hL"":{""N"":""55.5""},""wL"":{""N"":""48.083885""},""tL"":{""N"":""92.48""},""hR"":{""N"":""48.6""},""wR"":{""N"":""35.720284""},""hE"":{""N"":""82.7""},""tR"":{""N"":""88.16""}}",a47854d8-3051-70fa-00ce-ac30661244a5
868032061578211,1782392400,data.qo,"{""tE"":{""N"":""56.12""},""hL"":{""N"":""57.4""},""wL"":{""N"":""48.214146""},""tL"":{""N"":""92.48""},""hR"":{""N"":""48.4""},""wR"":{""N"":""36.157326""},""hE"":{""N"":""83.1""},""tR"":{""N"":""87.98""}}",a47854d8-3051-70fa-00ce-ac30661244a5
868032061578211,1782396000,data.qo,"{""tE"":{""N"":""59.18""},""hL"":{""N"":""52.6""},""wL"":{""N"":""48.29197""},""tL"":{""N"":""92.12""},""hR"":{""N"":""49.6""},""wR"":{""N"":""36.855816""},""hE"":{""N"":""79.6""},""tR"":{""N"":""87.8""}}",a47854d8-3051-70fa-00ce-ac30661244a5
868032061578211,1782399600,data.qo,"{""tE"":{""N"":""64.4""},""hL"":{""N"":""58.5""},""wL"":{""N"":""48.40514""},""tL"":{""N"":""92.12""},""hR"":{""N"":""50.4""},""wR"":{""N"":""37.312744""},""hE"":{""N"":""69.1""},""tR"":{""N"":""89.06""}}",a47854d8-3051-70fa-00ce-ac30661244a5
868032061578211,1782403200,data.qo,"{""tE"":{""N"":""67.46""},""hL"":{""N"":""58.7""},""wL"":{""N"":""48.67455""},""tL"":{""N"":""92.48""},""hR"":{""N"":""50.9""},""wR"":{""N"":""37.64227""},""hE"":{""N"":""57.9""},""tR"":{""N"":""89.96""}}",a47854d8-3051-70fa-00ce-ac30661244a5
868032061578211,1782406800,data.qo,"{""tE"":{""N"":""70.34""},""hL"":{""N"":""56.7""},""wL"":{""N"":""48.89346""},""tL"":{""N"":""92.84""},""hR"":{""N"":""52.9""},""wR"":{""N"":""37.781193""},""hE"":{""N"":""55.1""},""tR"":{""N"":""92.48""}}",a47854d8-3051-70fa-00ce-ac30661244a5
868032061578211,1782410400,data.qo,"{""tE"":{""N"":""71.78""},""hL"":{""N"":""57.1""},""wL"":{""N"":""49.053482""},""tL"":{""N"":""93.02""},""hR"":{""N"":""44.3""},""wR"":{""N"":""37.811485""},""hE"":{""N"":""53.3""},""tR"":{""N"":""93.56""}}",a47854d8-3051-70fa-00ce-ac30661244a5
868032061578211,1782414000,data.qo,"{""tE"":{""N"":""72.68""},""hL"":{""N"":""57.9""},""wL"":{""N"":""49.18826""},""tL"":{""N"":""93.38""},""hR"":{""N"":""44.8""},""wR"":{""N"":""37.623302""},""hE"":{""N"":""55.5""},""tR"":{""N"":""94.1""}}",a47854d8-3051-70fa-00ce-ac30661244a5
868032061578211,1782417600,data.qo,"{""tE"":{""N"":""73.4""},""hL"":{""N"":""57.5""},""wL"":{""N"":""49.16976""},""tL"":{""N"":""93.56""},""hR"":{""N"":""39""},""wR"":{""N"":""38.005814""},""hE"":{""N"":""59.4""},""tR"":{""N"":""93.74""}}",a47854d8-3051-70fa-00ce-ac30661244a5
868032061578211,1782421200,data.qo,"{""tE"":{""N"":""75.56""},""hL"":{""N"":""59.7""},""wL"":{""N"":""49.323326""},""tL"":{""N"":""93.74""},""hR"":{""N"":""46""},""wR"":{""N"":""37.973682""},""hE"":{""N"":""56.8""},""tR"":{""N"":""95""}}",a47854d8-3051-70fa-00ce-ac30661244a5
868032061578211,1782424800,data.qo,"{""tE"":{""N"":""79.7""},""hL"":{""N"":""60.2""},""wL"":{""N"":""49.417755""},""tL"":{""N"":""94.1""},""hR"":{""N"":""40.9""},""wR"":{""N"":""38.523037""},""hE"":{""N"":""52.1""},""tR"":{""N"":""94.46""}}",a47854d8-3051-70fa-00ce-ac30661244a5
868032061578211,1782428400,data.qo,"{""tE"":{""N"":""79.52""},""hL"":{""N"":""62.2""},""wL"":{""N"":""49.33483""},""tL"":{""N"":""94.28""},""hR"":{""N"":""38.9""},""wR"":{""N"":""38.14827""},""hE"":{""N"":""51.8""},""tR"":{""N"":""94.1""}}",a47854d8-3051-70fa-00ce-ac30661244a5
868032061578211,1782432000,data.qo,"{""tE"":{""N"":""77.72""},""hL"":{""N"":""60.8""},""wL"":{""N"":""49.309296""},""tL"":{""N"":""94.64""},""hR"":{""N"":""38.4""},""wR"":{""N"":""37.827694""},""hE"":{""N"":""53.3""},""tR"":{""N"":""91.76""}}",a47854d8-3051-70fa-00ce-ac30661244a5
868032061578211,1782435600,data.qo,"{""tE"":{""N"":""74.3""},""hL"":{""N"":""60.3""},""wL"":{""N"":""49.201077""},""tL"":{""N"":""94.82""},""hR"":{""N"":""39.1""},""wR"":{""N"":""37.291744""},""hE"":{""N"":""57""},""tR"":{""N"":""91.04""}}",a47854d8-3051-70fa-00ce-ac30661244a5
868032061578211,1782439200,data.qo,"{""tE"":{""N"":""71.06""},""hL"":{""N"":""57.8""},""wL"":{""N"":""49.075672""},""tL"":{""N"":""94.46""},""hR"":{""N"":""41.6""},""wR"":{""N"":""36.996284""},""hE"":{""N"":""62.2""},""tR"":{""N"":""91.58""}}",a47854d8-3051-70fa-00ce-ac30661244a5
868032061578211,1782442800,data.qo,"{""tE"":{""N"":""68.72""},""hL"":{""N"":""57.8""},""wL"":{""N"":""49.01275""},""tL"":{""N"":""94.1""},""hR"":{""N"":""40.6""},""wR"":{""N"":""36.764988""},""hE"":{""N"":""66.5""},""tR"":{""N"":""90.32""}}",a47854d8-3051-70fa-00ce-ac30661244a5
868032061578211,1782446400,data.qo,"{""tE"":{""N"":""66.92""},""hL"":{""N"":""54.7""},""wL"":{""N"":""48.94842""},""tL"":{""N"":""94.1""},""hR"":{""N"":""42.2""},""wR"":{""N"":""36.59718""},""hE"":{""N"":""70.2""},""tR"":{""N"":""91.4""}}",a47854d8-3051-70fa-00ce-ac30661244a5
868032061578211,1782450000,data.qo,"{""tE"":{""N"":""65.48""},""hL"":{""N"":""56.3""},""wL"":{""N"":""48.913754""},""tL"":{""N"":""94.1""},""hR"":{""N"":""44.3""},""wR"":{""N"":""36.67813""},""hE"":{""N"":""73.2""},""tR"":{""N"":""91.4""}}",a47854d8-3051-70fa-00ce-ac30661244a5
868032061578211,1782453600,data.qo,"{""tE"":{""N"":""64.76""},""hL"":{""N"":""55.8""},""wL"":{""N"":""48.867874""},""tL"":{""N"":""93.74""},""hR"":{""N"":""47.7""},""wR"":{""N"":""36.654663""},""hE"":{""N"":""75""},""tR"":{""N"":""90.68""}}",a47854d8-3051-70fa-00ce-ac30661244a5
868032061578211,1782457200,data.qo,"{""tE"":{""N"":""63.5""},""hL"":{""N"":""56.7""},""wL"":{""N"":""48.901764""},""tL"":{""N"":""93.56""},""hR"":{""N"":""48.5""},""wR"":{""N"":""36.788895""},""hE"":{""N"":""77.9""},""tR"":{""N"":""91.4""}}",a47854d8-3051-70fa-00ce-ac30661244a5
868032061578211,1782460800,data.qo,"{""tE"":{""N"":""62.42""},""hL"":{""N"":""56""},""wL"":{""N"":""48.868847""},""tL"":{""N"":""93.56""},""hR"":{""N"":""49""},""wR"":{""N"":""36.62563""},""hE"":{""N"":""78.9""},""tR"":{""N"":""91.04""}}",a47854d8-3051-70fa-00ce-ac30661244a5
868032061578211,1782464400,data.qo,"{""tE"":{""N"":""61.52""},""hL"":{""N"":""53.2""},""wL"":{""N"":""48.81107""},""tL"":{""N"":""93.38""},""hR"":{""N"":""46.5""},""wR"":{""N"":""36.59766""},""hE"":{""N"":""81.3""},""tR"":{""N"":""90.86""}}",a47854d8-3051-70fa-00ce-ac30661244a5
868032061578211,1782468000,data.qo,"{""tE"":{""N"":""60.44""},""hL"":{""N"":""54.2""},""wL"":{""N"":""48.853943""},""tL"":{""N"":""93.2""},""hR"":{""N"":""45.5""},""wR"":{""N"":""36.736633""},""hE"":{""N"":""83""},""tR"":{""N"":""90.68""}}",a47854d8-3051-70fa-00ce-ac30661244a5
868032061578211,1782471600,data.qo,"{""tE"":{""N"":""59.9""},""hL"":{""N"":""53.8""},""wL"":{""N"":""48.84758""},""tL"":{""N"":""93.2""},""hR"":{""N"":""49""},""wR"":{""N"":""36.861137""},""hE"":{""N"":""83.9""},""tR"":{""N"":""90.68""}}",a47854d8-3051-70fa-00ce-ac30661244a5
868032061578211,1782475200,data.qo,"{""tE"":{""N"":""59.9""},""hL"":{""N"":""53.1""},""wL"":{""N"":""49.018917""},""tL"":{""N"":""92.66""},""hR"":{""N"":""46.9""},""wR"":{""N"":""37.23644""},""hE"":{""N"":""85.1""},""tR"":{""N"":""89.96""}}",a47854d8-3051-70fa-00ce-ac30661244a5
868032061578211,1782478800,data.qo,"{""tE"":{""N"":""61.88""},""hL"":{""N"":""54.7""},""wL"":{""N"":""49.11485""},""tL"":{""N"":""92.48""},""hR"":{""N"":""46.8""},""wR"":{""N"":""37.71587""},""hE"":{""N"":""85.3""},""tR"":{""N"":""90.5""}}",a47854d8-3051-70fa-00ce-ac30661244a5
868032061578211,1782482400,data.qo,"{""tE"":{""N"":""66.74""},""hL"":{""N"":""57.6""},""wL"":{""N"":""49.280407""},""tL"":{""N"":""92.66""},""hR"":{""N"":""52.3""},""wR"":{""N"":""38.049023""},""hE"":{""N"":""77""},""tR"":{""N"":""91.4""}}",a47854d8-3051-70fa-00ce-ac30661244a5
868032061578211,1782486000,data.qo,"{""tE"":{""N"":""69.26""},""hL"":{""N"":""58""},""wL"":{""N"":""49.517334""},""tL"":{""N"":""93.02""},""hR"":{""N"":""46.2""},""wR"":{""N"":""38.32474""},""hE"":{""N"":""70.1""},""tR"":{""N"":""92.12""}}",a47854d8-3051-70fa-00ce-ac30661244a5
868032061578211,1782489600,data.qo,"{""tE"":{""N"":""71.78""},""hL"":{""N"":""56.8""},""wL"":{""N"":""49.699543""},""tL"":{""N"":""93.38""},""hR"":{""N"":""44.3""},""wR"":{""N"":""38.519165""},""hE"":{""N"":""65.7""},""tR"":{""N"":""92.66""}}",a47854d8-3051-70fa-00ce-ac30661244a5
868032061578211,1782493200,data.qo,"{""tE"":{""N"":""73.4""},""hL"":{""N"":""51.1""},""wL"":{""N"":""49.971375""},""tL"":{""N"":""91.04""},""hR"":{""N"":""54.9""},""wR"":{""N"":""38.646233""},""hE"":{""N"":""63.2""},""tR"":{""N"":""89.6""}}",a47854d8-3051-70fa-00ce-ac30661244a5
868032061578211,1782496800,data.qo,"{""tE"":{""N"":""74.48""},""hL"":{""N"":""42.1""},""wL"":{""N"":""49.994827""},""tL"":{""N"":""93.02""},""hR"":{""N"":""42.9""},""wR"":{""N"":""38.809353""},""hE"":{""N"":""60.3""},""tR"":{""N"":""89.06""}}",a47854d8-3051-70fa-00ce-ac30661244a5
868032061578211,1782500400,data.qo,"{""tE"":{""N"":""76.46""},""hL"":{""N"":""39.4""},""wL"":{""N"":""49.991184""},""tL"":{""N"":""93.56""},""hR"":{""N"":""42.4""},""wR"":{""N"":""38.857788""},""hE"":{""N"":""56.1""},""tR"":{""N"":""89.96""}}",a47854d8-3051-70fa-00ce-ac30661244a5
868032061578211,1782504000,data.qo,"{""tE"":{""N"":""77""},""hL"":{""N"":""45.3""},""wL"":{""N"":""50.033035""},""tL"":{""N"":""93.92""},""hR"":{""N"":""48.6""},""wR"":{""N"":""39.03528""},""hE"":{""N"":""56.9""},""tR"":{""N"":""90.32""}}",a47854d8-3051-70fa-00ce-ac30661244a5
868032061578211,1782507600,data.qo,"{""tE"":{""N"":""80.42""},""hL"":{""N"":""41.5""},""wL"":{""N"":""49.86209""},""tL"":{""N"":""94.46""},""hR"":{""N"":""48.6""},""wR"":{""N"":""38.771027""},""hE"":{""N"":""53.8""},""tR"":{""N"":""90.32""}}",a47854d8-3051-70fa-00ce-ac30661244a5
868032061578211,1782511200,data.qo,"{""tE"":{""N"":""78.44""},""hL"":{""N"":""41.5""},""wL"":{""N"":""50.197186""},""tL"":{""N"":""94.64""},""hR"":{""N"":""41.9""},""wR"":{""N"":""39.179813""},""hE"":{""N"":""58.3""},""tR"":{""N"":""92.84""}}",a47854d8-3051-70fa-00ce-ac30661244a5
868032061578211,1782514800,data.qo,"{""tE"":{""N"":""86.54""},""hL"":{""N"":""41.5""},""wL"":{""N"":""50.080566""},""tL"":{""N"":""94.64""},""hR"":{""N"":""43.8""},""wR"":{""N"":""38.838192""},""hE"":{""N"":""48.9""},""tR"":{""N"":""92.48""}}",a47854d8-3051-70fa-00ce-ac30661244a5
868032061578211,1782518400,data.qo,"{""tE"":{""N"":""78.44""},""hL"":{""N"":""52""},""wL"":{""N"":""50.14645""},""tL"":{""N"":""95.18""},""hR"":{""N"":""43.7""},""wR"":{""N"":""38.652187""},""hE"":{""N"":""59.6""},""tR"":{""N"":""90.5""}}",a47854d8-3051-70fa-00ce-ac30661244a5
868032061578211,1782522000,data.qo,"{""tE"":{""N"":""75.74""},""hL"":{""N"":""57.1""},""wL"":{""N"":""49.986816""},""tL"":{""N"":""95""},""hR"":{""N"":""45.4""},""wR"":{""N"":""38.27195""},""hE"":{""N"":""64.3""},""tR"":{""N"":""88.52""}}",a47854d8-3051-70fa-00ce-ac30661244a5
868032061578211,1782525600,data.qo,"{""tE"":{""N"":""72.14""},""hL"":{""N"":""45.4""},""wL"":{""N"":""49.897095""},""tL"":{""N"":""94.28""},""hR"":{""N"":""46.1""},""wR"":{""N"":""38.08764""},""hE"":{""N"":""70""},""tR"":{""N"":""87.8""}}",a47854d8-3051-70fa-00ce-ac30661244a5
868032061578211,1782529200,data.qo,"{""tE"":{""N"":""70.34""},""hL"":{""N"":""55.4""},""wL"":{""N"":""49.916126""},""tL"":{""N"":""94.28""},""hR"":{""N"":""45.1""},""wR"":{""N"":""37.996815""},""hE"":{""N"":""73.8""},""tR"":{""N"":""88.34""}}",a47854d8-3051-70fa-00ce-ac30661244a5
868032061578211,1782532800,data.qo,"{""tL"":{""N"":""93.92""},""wR"":{""N"":""38.04409""},""hR"":{""N"":""44.6""},""wL"":{""N"":""49.887966""},""hE"":{""N"":""77.5""},""tE"":{""N"":""69.26""},""tR"":{""N"":""89.42""},""hL"":{""N"":""55.9""}}",a47854d8-3051-70fa-00ce-ac30661244a5
868032061578211,1782536400,data.qo,"{""tE"":{""N"":""68.9""},""hL"":{""N"":""51.1""},""wL"":{""N"":""49.893986""},""tL"":{""N"":""93.92""},""hR"":{""N"":""45.8""},""wR"":{""N"":""38.032425""},""hE"":{""N"":""78.8""},""tR"":{""N"":""88.88""}}",a47854d8-3051-70fa-00ce-ac30661244a5
868032061578211,1782540000,data.qo,"{""tE"":{""N"":""68.54""},""hL"":{""N"":""54.2""},""wL"":{""N"":""49.914574""},""tL"":{""N"":""94.1""},""hR"":{""N"":""45.7""},""wR"":{""N"":""38.266964""},""hE"":{""N"":""80""},""tR"":{""N"":""89.96""}}",a47854d8-3051-70fa-00ce-ac30661244a5
868032061578211,1782543600,data.qo,"{""tE"":{""N"":""68""},""hL"":{""N"":""54.3""},""wL"":{""N"":""49.92166""},""tL"":{""N"":""93.56""},""hR"":{""N"":""45.5""},""wR"":{""N"":""38.24219""},""hE"":{""N"":""79.8""},""tR"":{""N"":""88.7""}}",a47854d8-3051-70fa-00ce-ac30661244a5
868032061578211,1782547200,data.qo,"{""tE"":{""N"":""67.64""},""hL"":{""N"":""49.4""},""wL"":{""N"":""49.87612""},""tL"":{""N"":""93.56""},""hR"":{""N"":""47""},""wR"":{""N"":""38.23261""},""hE"":{""N"":""81.5""},""tR"":{""N"":""88.34""}}",a47854d8-3051-70fa-00ce-ac30661244a5
868032061578211,1782550800,data.qo,"{""tE"":{""N"":""66.2""},""hL"":{""N"":""52.5""},""wL"":{""N"":""49.8282""},""tL"":{""N"":""93.92""},""hR"":{""N"":""45.3""},""wR"":{""N"":""38.12127""},""hE"":{""N"":""82.3""},""tR"":{""N"":""87.98""}}",a47854d8-3051-70fa-00ce-ac30661244a5
868032061578211,1782554400,data.qo,"{""tE"":{""N"":""65.48""},""hL"":{""N"":""49.4""},""wL"":{""N"":""49.847183""},""tL"":{""N"":""93.56""},""hR"":{""N"":""44.7""},""wR"":{""N"":""38.1894""},""hE"":{""N"":""83.6""},""tR"":{""N"":""88.88""}}",a47854d8-3051-70fa-00ce-ac30661244a5
868032061578211,1782558000,data.qo,"{""tE"":{""N"":""65.3""},""hL"":{""N"":""52.5""},""wL"":{""N"":""49.88583""},""tL"":{""N"":""93.56""},""hR"":{""N"":""47""},""wR"":{""N"":""38.22259""},""hE"":{""N"":""83.3""},""tR"":{""N"":""87.44""}}",a47854d8-3051-70fa-00ce-ac30661244a5
868032061578211,1782561600,data.qo,"{""tE"":{""N"":""65.66""},""hL"":{""N"":""48.8""},""wL"":{""N"":""49.93642""},""tL"":{""N"":""93.56""},""hR"":{""N"":""45.7""},""wR"":{""N"":""38.575974""},""hE"":{""N"":""84""},""tR"":{""N"":""88.16""}}",a47854d8-3051-70fa-00ce-ac30661244a5
868032061578211,1782565200,data.qo,"{""tE"":{""N"":""67.82""},""hL"":{""N"":""51""},""wL"":{""N"":""50.020412""},""tL"":{""N"":""93.56""},""hR"":{""N"":""45.7""},""wR"":{""N"":""38.885853""},""hE"":{""N"":""81.2""},""tR"":{""N"":""88.7""}}",a47854d8-3051-70fa-00ce-ac30661244a5
868032061578211,1782568800,data.qo,"{""tE"":{""N"":""68.54""},""hL"":{""N"":""56.9""},""wL"":{""N"":""50.023277""},""tL"":{""N"":""93.92""},""hR"":{""N"":""47.5""},""wR"":{""N"":""39.07597""},""hE"":{""N"":""82.5""},""tR"":{""N"":""88.16""}}",a47854d8-3051-70fa-00ce-ac30661244a5
868032061578211,1782572400,data.qo,"{""tE"":{""N"":""70.52""},""hL"":{""N"":""55.9""},""wL"":{""N"":""50.184124""},""tL"":{""N"":""93.56""},""hR"":{""N"":""48.2""},""wR"":{""N"":""39.4234""},""hE"":{""N"":""78.4""},""tR"":{""N"":""88.7""}}",a47854d8-3051-70fa-00ce-ac30661244a5
868032061578211,1782576000,data.qo,"{""tE"":{""N"":""72.5""},""hL"":{""N"":""58.1""},""wL"":{""N"":""50.16388""},""tL"":{""N"":""93.92""},""hR"":{""N"":""47.3""},""wR"":{""N"":""39.348156""},""hE"":{""N"":""74.1""},""tR"":{""N"":""88.52""}}",a47854d8-3051-70fa-00ce-ac30661244a5
868032061578211,1782579600,data.qo,"{""tE"":{""N"":""72.5""},""hL"":{""N"":""58.2""},""wL"":{""N"":""50.26559""},""tL"":{""N"":""93.92""},""hR"":{""N"":""46.8""},""wR"":{""N"":""39.618454""},""hE"":{""N"":""74.3""},""tR"":{""N"":""89.06""}}",a47854d8-3051-70fa-00ce-ac30661244a5
868032061578211,1782583200,data.qo,"{""tE"":{""N"":""73.94""},""hL"":{""N"":""60.1""},""wL"":{""N"":""50.272243""},""tL"":{""N"":""93.56""},""hR"":{""N"":""48""},""wR"":{""N"":""39.617825""},""hE"":{""N"":""70.8""},""tR"":{""N"":""87.26""}}",a47854d8-3051-70fa-00ce-ac30661244a5
868032061578211,1782586800,data.qo,"{""tE"":{""N"":""75.92""},""hL"":{""N"":""60.1""},""wL"":{""N"":""50.210194""},""tL"":{""N"":""93.56""},""hR"":{""N"":""46.3""},""wR"":{""N"":""39.22801""},""hE"":{""N"":""61.8""},""tR"":{""N"":""87.08""}}",a47854d8-3051-70fa-00ce-ac30661244a5
868032061578211,1782590400,data.qo,"{""tE"":{""N"":""73.22""},""hL"":{""N"":""54.6""},""wL"":{""N"":""50.133923""},""tL"":{""N"":""93.92""},""hR"":{""N"":""47.9""},""wR"":{""N"":""38.61628""},""hE"":{""N"":""70.7""},""tR"":{""N"":""87.8""}}",a47854d8-3051-70fa-00ce-ac30661244a5
868032061578211,1782594000,data.qo,"{""tE"":{""N"":""66.2""},""hL"":{""N"":""59.5""},""wL"":{""N"":""50.159847""},""tL"":{""N"":""94.1""},""hR"":{""N"":""46.3""},""wR"":{""N"":""38.859577""},""hE"":{""N"":""81.2""},""tR"":{""N"":""85.82""}}",a47854d8-3051-70fa-00ce-ac30661244a5
868032061578211,1782597600,data.qo,"{""tE"":{""N"":""68.54""},""hL"":{""N"":""56.4""},""wL"":{""N"":""50.15645""},""tL"":{""N"":""93.92""},""hR"":{""N"":""49.5""},""wR"":{""N"":""39.54737""},""hE"":{""N"":""79.2""},""tR"":{""N"":""83.66""}}",a47854d8-3051-70fa-00ce-ac30661244a5
868032061578211,1782601200,data.qo,"{""tE"":{""N"":""72.68""},""hL"":{""N"":""58.9""},""wL"":{""N"":""50.285156""},""tL"":{""N"":""93.92""},""hR"":{""N"":""49""},""wR"":{""N"":""39.42616""},""hE"":{""N"":""71.5""},""tR"":{""N"":""86.9""}}",a47854d8-3051-70fa-00ce-ac30661244a5
868032061578211,1782604800,data.qo,"{""tE"":{""N"":""71.06""},""hL"":{""N"":""57.7""},""wL"":{""N"":""50.343563""},""tL"":{""N"":""93.92""},""hR"":{""N"":""49.3""},""wR"":{""N"":""39.58468""},""hE"":{""N"":""76.8""},""tR"":{""N"":""86""}}",a47854d8-3051-70fa-00ce-ac30661244a5
868032061578211,1782608400,data.qo,"{""tE"":{""N"":""70.52""},""hL"":{""N"":""59.2""},""wL"":{""N"":""50.30482""},""tL"":{""N"":""93.74""},""hR"":{""N"":""49.3""},""wR"":{""N"":""39.468933""},""hE"":{""N"":""78.1""},""tR"":{""N"":""86""}}",a47854d8-3051-70fa-00ce-ac30661244a5
868032061578211,1782612000,data.qo,"{""tE"":{""N"":""69.44""},""hL"":{""N"":""52.6""},""wL"":{""N"":""50.064495""},""tL"":{""N"":""93.56""},""hR"":{""N"":""49.9""},""wR"":{""N"":""38.993664""},""hE"":{""N"":""79.6""},""tR"":{""N"":""86""}}",a47854d8-3051-70fa-00ce-ac30661244a5
868032061578211,1782615600,data.qo,"{""tE"":{""N"":""68.72""},""hL"":{""N"":""53.2""},""wL"":{""N"":""50.076344""},""tL"":{""N"":""93.38""},""hR"":{""N"":""49.2""},""wR"":{""N"":""39.02197""},""hE"":{""N"":""81.3""},""tR"":{""N"":""85.1""}}",a47854d8-3051-70fa-00ce-ac30661244a5
868032061578211,1782619200,data.qo,"{""tE"":{""N"":""68.18""},""hL"":{""N"":""54.7""},""wL"":{""N"":""50.21937""},""tL"":{""N"":""93.2""},""hR"":{""N"":""51.5""},""wR"":{""N"":""39.43245""},""hE"":{""N"":""83.3""},""tR"":{""N"":""83.66""}}",a47854d8-3051-70fa-00ce-ac30661244a5
868032061578211,1782622740,data.qo,"{""tE"":{""N"":""67.46""},""hL"":{""N"":""54.2""},""wL"":{""N"":""50.18592""},""tL"":{""N"":""92.84""},""hR"":{""N"":""48.4""},""wR"":{""N"":""39.538857""},""hE"":{""N"":""84.7""},""tR"":{""N"":""87.44""}}",a47854d8-3051-70fa-00ce-ac30661244a5
868032061578211,1782626400,data.qo,"{""tE"":{""N"":""67.1""},""hL"":{""N"":""54.8""},""wL"":{""N"":""50.15742""},""tL"":{""N"":""92.84""},""hR"":{""N"":""48.3""},""wR"":{""N"":""39.482483""},""hE"":{""N"":""85.2""},""tR"":{""N"":""86.9""}}",a47854d8-3051-70fa-00ce-ac30661244a5
868032061578211,1782630000,data.qo,"{""tE"":{""N"":""67.64""},""hL"":{""N"":""55""},""wL"":{""N"":""49.97283""},""tL"":{""N"":""92.66""},""hR"":{""N"":""49.3""},""wR"":{""N"":""39.296864""},""hE"":{""N"":""85.5""},""tR"":{""N"":""86""}}",a47854d8-3051-70fa-00ce-ac30661244a5
868032061578211,1782633600,data.qo,"{""tE"":{""N"":""66.74""},""hL"":{""N"":""55.7""},""wL"":{""N"":""50.31788""},""tL"":{""N"":""92.3""},""hR"":{""N"":""49.2""},""wR"":{""N"":""39.578484""},""hE"":{""N"":""86.9""},""tR"":{""N"":""85.46""}}",a47854d8-3051-70fa-00ce-ac30661244a5
868032061578211,1782637200,data.qo,"{""tE"":{""N"":""66.2""},""hL"":{""N"":""55.2""},""wL"":{""N"":""50.256996""},""tL"":{""N"":""92.3""},""hR"":{""N"":""49.7""},""wR"":{""N"":""39.148556""},""hE"":{""N"":""88.2""},""tR"":{""N"":""84.74""}}",a47854d8-3051-70fa-00ce-ac30661244a5
868032061578211,1782640800,data.qo,"{""tE"":{""N"":""64.58""},""hL"":{""N"":""54.7""},""wL"":{""N"":""50.31958""},""tL"":{""N"":""92.3""},""hR"":{""N"":""50.5""},""wR"":{""N"":""40.078434""},""hE"":{""N"":""89.7""},""tR"":{""N"":""82.76""}}",a47854d8-3051-70fa-00ce-ac30661244a5
868032061578211,1782644400,data.qo,"{""tE"":{""N"":""64.22""},""hL"":{""N"":""51.1""},""wL"":{""N"":""50.28739""},""tL"":{""N"":""91.76""},""hR"":{""N"":""51.5""},""wR"":{""N"":""40.036964""},""hE"":{""N"":""91.5""},""tR"":{""N"":""82.4""}}",a47854d8-3051-70fa-00ce-ac30661244a5
868032061578211,1782648000,data.qo,"{""tE"":{""N"":""64.4""},""hL"":{""N"":""55.7""},""wL"":{""N"":""50.24952""},""tL"":{""N"":""92.12""},""hR"":{""N"":""52.3""},""wR"":{""N"":""40.00053""},""hE"":{""N"":""91.5""},""tR"":{""N"":""81.68""}}",a47854d8-3051-70fa-00ce-ac30661244a5
868032061578211,1782651600,data.qo,"{""tE"":{""N"":""64.94""},""hL"":{""N"":""54.3""},""wL"":{""N"":""50.290936""},""tL"":{""N"":""91.58""},""hR"":{""N"":""51.3""},""wR"":{""N"":""40.10316""},""hE"":{""N"":""90.6""},""tR"":{""N"":""82.94""}}",a47854d8-3051-70fa-00ce-ac30661244a5
868032061578211,1782655200,data.qo,"{""tE"":{""N"":""66.56""},""hL"":{""N"":""56.4""},""wL"":{""N"":""50.312443""},""tL"":{""N"":""91.76""},""hR"":{""N"":""52""},""wR"":{""N"":""40.203373""},""hE"":{""N"":""89.6""},""tR"":{""N"":""84.38""}}",a47854d8-3051-70fa-00ce-ac30661244a5
868032061578211,1782658800,data.qo,"{""tE"":{""N"":""67.82""},""hL"":{""N"":""58""},""wL"":{""N"":""50.22243""},""tL"":{""N"":""91.58""},""hR"":{""N"":""51.5""},""wR"":{""N"":""39.99332""},""hE"":{""N"":""87.5""},""tR"":{""N"":""85.82""}}",a47854d8-3051-70fa-00ce-ac30661244a5
868032061578211,1782662400,data.qo,"{""tE"":{""N"":""69.44""},""hL"":{""N"":""56.5""},""wL"":{""N"":""50.174267""},""tL"":{""N"":""91.04""},""hR"":{""N"":""53.1""},""wR"":{""N"":""39.89369""},""hE"":{""N"":""84""},""tR"":{""N"":""83.48""}}",a47854d8-3051-70fa-00ce-ac30661244a5
868032061578211,1782666000,data.qo,"{""tE"":{""N"":""69.98""},""hL"":{""N"":""61.2""},""wL"":{""N"":""50.220245""},""tL"":{""N"":""91.22""},""hR"":{""N"":""52""},""wR"":{""N"":""39.81428""},""hE"":{""N"":""82.2""},""tR"":{""N"":""85.46""}}",a47854d8-3051-70fa-00ce-ac30661244a5
868032061578211,1782669600,data.qo,"{""tE"":{""N"":""68.9""},""hL"":{""N"":""60.8""},""wL"":{""N"":""50.240005""},""tL"":{""N"":""91.4""},""hR"":{""N"":""52.2""},""wR"":{""N"":""39.60268""},""hE"":{""N"":""84.2""},""tR"":{""N"":""84.38""}}",a47854d8-3051-70fa-00ce-ac30661244a5
868032061578211,1782673200,data.qo,"{""tE"":{""N"":""68.9""},""hL"":{""N"":""58.5""},""wL"":{""N"":""50.386627""},""tL"":{""N"":""91.4""},""hR"":{""N"":""52""},""wR"":{""N"":""40.0344""},""hE"":{""N"":""81.1""},""tR"":{""N"":""83.3""}}",a47854d8-3051-70fa-00ce-ac30661244a5
868032061578211,1782676800,data.qo,"{""tE"":{""N"":""70.34""},""hL"":{""N"":""59.2""},""wL"":{""N"":""50.3005""},""tL"":{""N"":""91.76""},""hR"":{""N"":""50.5""},""wR"":{""N"":""40.240826""},""hE"":{""N"":""75.3""},""tR"":{""N"":""84.92""}}",a47854d8-3051-70fa-00ce-ac30661244a5
868032061578211,1782680400,data.qo,"{""tE"":{""N"":""71.42""},""hL"":{""N"":""63.3""},""wL"":{""N"":""50.226944""},""tL"":{""N"":""92.12""},""hR"":{""N"":""46.3""},""wR"":{""N"":""39.923058""},""hE"":{""N"":""72""},""tR"":{""N"":""88.16""}}",a47854d8-3051-70fa-00ce-ac30661244a5
868032061578211,1782684000,data.qo,"{""tE"":{""N"":""71.6""},""hL"":{""N"":""60.2""},""wL"":{""N"":""50.51237""},""tL"":{""N"":""93.2""},""hR"":{""N"":""47""},""wR"":{""N"":""40.491383""},""hE"":{""N"":""73.2""},""tR"":{""N"":""86.9""}}",a47854d8-3051-70fa-00ce-ac30661244a5
868032061578211,1782687600,data.qo,"{""tE"":{""N"":""71.42""},""hL"":{""N"":""59.7""},""wL"":{""N"":""50.46353""},""tL"":{""N"":""93.2""},""hR"":{""N"":""48.3""},""wR"":{""N"":""40.512043""},""hE"":{""N"":""73""},""tR"":{""N"":""86.18""}}",a47854d8-3051-70fa-00ce-ac30661244a5
868032061578211,1782691200,data.qo,"{""tE"":{""N"":""71.6""},""hL"":{""N"":""60.3""},""wL"":{""N"":""50.665405""},""tL"":{""N"":""93.56""},""hR"":{""N"":""50.2""},""wR"":{""N"":""40.430073""},""hE"":{""N"":""74.7""},""tR"":{""N"":""84.56""}}",a47854d8-3051-70fa-00ce-ac30661244a5
868032061578211,1782694800,data.qo,"{""tE"":{""N"":""70.16""},""hL"":{""N"":""60""},""wL"":{""N"":""50.61996""},""tL"":{""N"":""93.38""},""hR"":{""N"":""52.5""},""wR"":{""N"":""40.410862""},""hE"":{""N"":""79""},""tR"":{""N"":""82.58""}}",a47854d8-3051-70fa-00ce-ac30661244a5
868032061578211,1782698400,data.qo,"{""tE"":{""N"":""69.62""},""hL"":{""N"":""58.5""},""wL"":{""N"":""50.701138""},""tL"":{""N"":""92.84""},""hR"":{""N"":""52.8""},""wR"":{""N"":""40.31888""},""hE"":{""N"":""81.4""},""tR"":{""N"":""83.48""}}",a47854d8-3051-70fa-00ce-ac30661244a5
868032061578211,1782702000,data.qo,"{""tE"":{""N"":""68.9""},""hL"":{""N"":""60.7""},""wL"":{""N"":""50.423573""},""tL"":{""N"":""92.48""},""hR"":{""N"":""52.1""},""wR"":{""N"":""40.09716""},""hE"":{""N"":""83.7""},""tR"":{""N"":""84.92""}}",a47854d8-3051-70fa-00ce-ac30661244a5
868032061578211,1782705600,data.qo,"{""tE"":{""N"":""68.72""},""hL"":{""N"":""57""},""wL"":{""N"":""50.374634""},""tL"":{""N"":""92.48""},""hR"":{""N"":""51.2""},""wR"":{""N"":""40.038513""},""hE"":{""N"":""85.2""},""tR"":{""N"":""85.28""}}",a47854d8-3051-70fa-00ce-ac30661244a5
868032061578211,1782709200,data.qo,"{""tE"":{""N"":""68""},""hL"":{""N"":""55.7""},""wL"":{""N"":""50.333466""},""tL"":{""N"":""92.12""},""hR"":{""N"":""52.7""},""wR"":{""N"":""39.97343""},""hE"":{""N"":""86.4""},""tR"":{""N"":""84.02""}}",a47854d8-3051-70fa-00ce-ac30661244a5
868032061578211,1782712800,data.qo,"{""tE"":{""N"":""68""},""hL"":{""N"":""56.7""},""wL"":{""N"":""50.380608""},""tL"":{""N"":""92.48""},""hR"":{""N"":""51.4""},""wR"":{""N"":""40.019447""},""hE"":{""N"":""87.6""},""tR"":{""N"":""85.1""}}",a47854d8-3051-70fa-00ce-ac30661244a5
868032061578211,1782716400,data.qo,"{""tE"":{""N"":""66.74""},""hL"":{""N"":""57.4""},""wL"":{""N"":""50.253986""},""tL"":{""N"":""91.94""},""hR"":{""N"":""52.3""},""wR"":{""N"":""39.851784""},""hE"":{""N"":""88.2""},""tR"":{""N"":""83.48""}}",a47854d8-3051-70fa-00ce-ac30661244a5
868032061578211,1782720000,data.qo,"{""tE"":{""N"":""66.02""},""hL"":{""N"":""57.3""},""wL"":{""N"":""50.262096""},""tL"":{""N"":""92.3""},""hR"":{""N"":""52""},""wR"":{""N"":""39.72786""},""hE"":{""N"":""88.7""},""tR"":{""N"":""82.94""}}",a47854d8-3051-70fa-00ce-ac30661244a5
868032061578211,1782723600,data.qo,"{""tE"":{""N"":""65.48""},""hL"":{""N"":""56.4""},""wL"":{""N"":""50.195095""},""tL"":{""N"":""91.76""},""hR"":{""N"":""50.8""},""wR"":{""N"":""39.784283""},""hE"":{""N"":""88.2""},""tR"":{""N"":""83.66""}}",a47854d8-3051-70fa-00ce-ac30661244a5
868032061578211,1782727200,data.qo,"{""tE"":{""N"":""64.76""},""hL"":{""N"":""56""},""wL"":{""N"":""50.25952""},""tL"":{""N"":""91.94""},""hR"":{""N"":""50.9""},""wR"":{""N"":""39.771942""},""hE"":{""N"":""88.5""},""tR"":{""N"":""83.3""}}",a47854d8-3051-70fa-00ce-ac30661244a5
868032061578211,1782730800,data.qo,"{""tE"":{""N"":""65.48""},""hL"":{""N"":""56""},""wL"":{""N"":""50.46654""},""tL"":{""N"":""91.94""},""hR"":{""N"":""52.7""},""wR"":{""N"":""39.998787""},""hE"":{""N"":""90.6""},""tR"":{""N"":""83.3""}}",a47854d8-3051-70fa-00ce-ac30661244a5
868032061578211,1782734400,data.qo,"{""tE"":{""N"":""66.38""},""hL"":{""N"":""59.1""},""wL"":{""N"":""50.52718""},""tL"":{""N"":""91.4""},""hR"":{""N"":""55.6""},""wR"":{""N"":""40.11937""},""hE"":{""N"":""90.3""},""tR"":{""N"":""81.14""}}",a47854d8-3051-70fa-00ce-ac30661244a5
868032061578211,1782738000,data.qo,"{""tE"":{""N"":""68.9""},""hL"":{""N"":""60""},""wL"":{""N"":""50.613647""},""tL"":{""N"":""91.22""},""hR"":{""N"":""57.4""},""wR"":{""N"":""40.296375""},""hE"":{""N"":""88.9""},""tR"":{""N"":""81.5""}}",a47854d8-3051-70fa-00ce-ac30661244a5
868032061578211,1782741600,data.qo,"{""tR"":{""N"":""82.58""},""wL"":{""N"":""50.651615""},""hR"":{""N"":""56.5""},""wR"":{""N"":""40.47309""},""tE"":{""N"":""68.9""},""hE"":{""N"":""88.9""},""hL"":{""N"":""58.9""},""tL"":{""N"":""91.04""}}",a47854d8-3051-70fa-00ce-ac30661244a5
868032061578211,1782745200,data.qo,"{""tE"":{""N"":""73.04""},""hL"":{""N"":""58.9""},""wL"":{""N"":""50.60355""},""tL"":{""N"":""91.04""},""hR"":{""N"":""55.1""},""wR"":{""N"":""40.66137""},""hE"":{""N"":""79.7""},""tR"":{""N"":""84.92""}}",a47854d8-3051-70fa-00ce-ac30661244a5
868032061578211,1782748800,data.qo,"{""tE"":{""N"":""75.2""},""hL"":{""N"":""64.7""},""wL"":{""N"":""50.729004""},""tL"":{""N"":""93.2""},""hR"":{""N"":""52.6""},""wR"":{""N"":""41.02975""},""hE"":{""N"":""72.2""},""tR"":{""N"":""86.54""}}",a47854d8-3051-70fa-00ce-ac30661244a5
868032061578211,1782752400,data.qo,"{""tE"":{""N"":""76.46""},""hL"":{""N"":""64""},""wL"":{""N"":""50.922916""},""tL"":{""N"":""94.1""},""hR"":{""N"":""52.6""},""wR"":{""N"":""41.182465""},""hE"":{""N"":""67.9""},""tR"":{""N"":""86.54""}}",a47854d8-3051-70fa-00ce-ac30661244a5
868032061578211,1782756000,data.qo,"{""tE"":{""N"":""78.8""},""hL"":{""N"":""61""},""wL"":{""N"":""51.016373""},""tL"":{""N"":""95""},""hR"":{""N"":""46.9""},""wR"":{""N"":""41.210144""},""hE"":{""N"":""59.8""},""tR"":{""N"":""88.7""}}",a47854d8-3051-70fa-00ce-ac30661244a5
868032061578211,1782759600,data.qo,"{""tE"":{""N"":""79.88""},""hL"":{""N"":""67.6""},""wL"":{""N"":""51.073517""},""tL"":{""N"":""94.46""},""hR"":{""N"":""47.3""},""wR"":{""N"":""41.086315""},""hE"":{""N"":""58.9""},""tR"":{""N"":""88.34""}}",a47854d8-3051-70fa-00ce-ac30661244a5
868032061578211,1782763200,data.qo,"{""tE"":{""N"":""81.32""},""hL"":{""N"":""67.5""},""wL"":{""N"":""51.005013""},""tL"":{""N"":""95.36""},""hR"":{""N"":""49""},""wR"":{""N"":""40.83257""},""hE"":{""N"":""56.2""},""tR"":{""N"":""90.5""}}",a47854d8-3051-70fa-00ce-ac30661244a5
868032061578211,1782766800,data.qo,"{""tE"":{""N"":""82.4""},""hL"":{""N"":""66.3""},""wL"":{""N"":""51.243202""},""tL"":{""N"":""95.9""},""hR"":{""N"":""47.7""},""wR"":{""N"":""41.299274""},""hE"":{""N"":""59.4""},""tR"":{""N"":""90.68""}}",a47854d8-3051-70fa-00ce-ac30661244a5
868032061578211,1782770400,data.qo,"{""tE"":{""N"":""87.98""},""hL"":{""N"":""67.4""},""wL"":{""N"":""51.15853""},""tL"":{""N"":""96.08""},""hR"":{""N"":""45.4""},""wR"":{""N"":""41.094593""},""hE"":{""N"":""50.1""},""tR"":{""N"":""93.2""}}",a47854d8-3051-70fa-00ce-ac30661244a5
868032061578211,1782774000,data.qo,"{""tE"":{""N"":""84.56""},""hL"":{""N"":""67.2""},""wL"":{""N"":""51.2684""},""tL"":{""N"":""96.44""},""hR"":{""N"":""45.7""},""wR"":{""N"":""40.780598""},""hE"":{""N"":""56""},""tR"":{""N"":""92.12""}}",a47854d8-3051-70fa-00ce-ac30661244a5
868032061578211,1782777600,data.qo,"{""tE"":{""N"":""80.96""},""hL"":{""N"":""66.7""},""wL"":{""N"":""51.54533""},""tL"":{""N"":""95.9""},""hR"":{""N"":""48.5""},""wR"":{""N"":""40.803436""},""hE"":{""N"":""61.2""},""tR"":{""N"":""89.06""}}",a47854d8-3051-70fa-00ce-ac30661244a5
868032061578211,1782781200,data.qo,"{""tE"":{""N"":""79.7""},""hL"":{""N"":""65.5""},""wL"":{""N"":""51.592422""},""tL"":{""N"":""95.36""},""hR"":{""N"":""50""},""wR"":{""N"":""40.58361""},""hE"":{""N"":""64.3""},""tR"":{""N"":""88.34""}}",a47854d8-3051-70fa-00ce-ac30661244a5
868032061578211,1782784800,data.qo,"{""tE"":{""N"":""76.64""},""hL"":{""N"":""64.2""},""wL"":{""N"":""51.58951""},""tL"":{""N"":""95.36""},""hR"":{""N"":""53.9""},""wR"":{""N"":""40.46138""},""hE"":{""N"":""71.4""},""tR"":{""N"":""85.46""}}",a47854d8-3051-70fa-00ce-ac30661244a5
868032061578211,1782788400,data.qo,"{""tE"":{""N"":""74.12""},""hL"":{""N"":""61.3""},""wL"":{""N"":""51.452015""},""tL"":{""N"":""95""},""hR"":{""N"":""54.6""},""wR"":{""N"":""40.32575""},""hE"":{""N"":""75.3""},""tR"":{""N"":""84.56""}}",a47854d8-3051-70fa-00ce-ac30661244a5
868032061578211,1782792000,data.qo,"{""tE"":{""N"":""73.04""},""hL"":{""N"":""62.6""},""wL"":{""N"":""51.335934""},""tL"":{""N"":""94.64""},""hR"":{""N"":""54.3""},""wR"":{""N"":""40.340893""},""hE"":{""N"":""78.6""},""tR"":{""N"":""85.1""}}",a47854d8-3051-70fa-00ce-ac30661244a5
868032061578211,1782795540,data.qo,"{""tE"":{""N"":""71.96""},""hL"":{""N"":""61.2""},""wL"":{""N"":""51.427013""},""tL"":{""N"":""94.28""},""hR"":{""N"":""55""},""wR"":{""N"":""40.43317""},""hE"":{""N"":""80""},""tR"":{""N"":""84.38""}}",a47854d8-3051-70fa-00ce-ac30661244a5
868032061578211,1782799200,data.qo,"{""tE"":{""N"":""71.42""},""hL"":{""N"":""61.8""},""wL"":{""N"":""51.5146""},""tL"":{""N"":""93.92""},""hR"":{""N"":""55""},""wR"":{""N"":""40.72776""},""hE"":{""N"":""82.6""},""tR"":{""N"":""84.2""}}",a47854d8-3051-70fa-00ce-ac30661244a5
868032061578211,1782802800,data.qo,"{""tE"":{""N"":""70.7""},""hL"":{""N"":""61.9""},""wL"":{""N"":""51.51683""},""tL"":{""N"":""93.92""},""hR"":{""N"":""54.7""},""wR"":{""N"":""40.55656""},""hE"":{""N"":""82.4""},""tR"":{""N"":""84.38""}}",a47854d8-3051-70fa-00ce-ac30661244a5
868032061578211,1782806400,data.qo,"{""tE"":{""N"":""69.98""},""hL"":{""N"":""58.8""},""wL"":{""N"":""51.453327""},""tL"":{""N"":""93.74""},""hR"":{""N"":""56.1""},""wR"":{""N"":""40.57098""},""hE"":{""N"":""85.6""},""tR"":{""N"":""82.94""}}",a47854d8-3051-70fa-00ce-ac30661244a5
868032061578211,1782810000,data.qo,"{""tE"":{""N"":""69.44""},""hL"":{""N"":""59""},""wL"":{""N"":""51.42842""},""tL"":{""N"":""93.56""},""hR"":{""N"":""55.7""},""wR"":{""N"":""40.613464""},""hE"":{""N"":""85.7""},""tR"":{""N"":""82.94""}}",a47854d8-3051-70fa-00ce-ac30661244a5
868032061578211,1782813600,data.qo,"{""tE"":{""N"":""68.54""},""hL"":{""N"":""57.8""},""wL"":{""N"":""51.54033""},""tL"":{""N"":""93.38""},""hR"":{""N"":""55.3""},""wR"":{""N"":""40.636982""},""hE"":{""N"":""86.4""},""tR"":{""N"":""82.76""}}",a47854d8-3051-70fa-00ce-ac30661244a5
868032061578211,1782817200,data.qo,"{""tE"":{""N"":""68.36""},""hL"":{""N"":""58.6""},""wL"":{""N"":""51.63544""},""tL"":{""N"":""93.2""},""hR"":{""N"":""56.3""},""wR"":{""N"":""40.774986""},""hE"":{""N"":""86.7""},""tR"":{""N"":""81.86""}}",a47854d8-3051-70fa-00ce-ac30661244a5
868032061578211,1782820800,data.qo,"{""tE"":{""N"":""68.72""},""hL"":{""N"":""57.1""},""wL"":{""N"":""51.692""},""tL"":{""N"":""93.2""},""hR"":{""N"":""57.1""},""wR"":{""N"":""40.841328""},""hE"":{""N"":""87.2""},""tR"":{""N"":""81.86""}}",a47854d8-3051-70fa-00ce-ac30661244a5
868032061578211,1782824400,data.qo,"{""tE"":{""N"":""69.44""},""hL"":{""N"":""58.9""},""wL"":{""N"":""51.83139""},""tL"":{""N"":""93.2""},""hR"":{""N"":""57""},""wR"":{""N"":""41.212612""},""hE"":{""N"":""87.5""},""tR"":{""N"":""82.58""}}",a47854d8-3051-70fa-00ce-ac30661244a5
868032061578211,1782828000,data.qo,"{""tE"":{""N"":""71.78""},""hL"":{""N"":""61.3""},""wL"":{""N"":""51.890377""},""tL"":{""N"":""93.2""},""hR"":{""N"":""56.4""},""wR"":{""N"":""41.275227""},""hE"":{""N"":""83""},""tR"":{""N"":""84.02""}}",a47854d8-3051-70fa-00ce-ac30661244a5
868032061578211,1782831600,data.qo,"{""tE"":{""N"":""74.3""},""hL"":{""N"":""63.8""},""wL"":{""N"":""51.76701""},""tL"":{""N"":""93.2""},""hR"":{""N"":""56.6""},""wR"":{""N"":""41.52728""},""hE"":{""N"":""79.3""},""tR"":{""N"":""85.1""}}",a47854d8-3051-70fa-00ce-ac30661244a5
868032061578211,1782835200,data.qo,"{""tE"":{""N"":""76.1""},""hL"":{""N"":""65.8""},""wL"":{""N"":""52.06788""},""tL"":{""N"":""93.2""},""hR"":{""N"":""53.3""},""wR"":{""N"":""41.823273""},""hE"":{""N"":""72.8""},""tR"":{""N"":""87.08""}}",a47854d8-3051-70fa-00ce-ac30661244a5
868032061578211,1782838800,data.qo,"{""tE"":{""N"":""78.44""},""hL"":{""N"":""65.8""},""wL"":{""N"":""52.26067""},""tL"":{""N"":""94.28""},""hR"":{""N"":""54.2""},""wR"":{""N"":""41.905872""},""hE"":{""N"":""70.9""},""tR"":{""N"":""87.62""}}",a47854d8-3051-70fa-00ce-ac30661244a5
868032061578211,1782842400,data.qo,"{""tE"":{""N"":""79.16""},""hL"":{""N"":""65.8""},""wL"":{""N"":""52.423996""},""tL"":{""N"":""94.28""},""hR"":{""N"":""54""},""wR"":{""N"":""42.071022""},""hE"":{""N"":""72""},""tR"":{""N"":""88.7""}}",a47854d8-3051-70fa-00ce-ac30661244a5
868032061578211,1782846000,data.qo,"{""tE"":{""N"":""79.7""},""hL"":{""N"":""68""},""wL"":{""N"":""52.641987""},""tL"":{""N"":""95.36""},""hR"":{""N"":""54.5""},""wR"":{""N"":""41.750546""},""hE"":{""N"":""70.7""},""tR"":{""N"":""88.34""}}",a47854d8-3051-70fa-00ce-ac30661244a5
868032061578211,1782849600,data.qo,"{""tE"":{""N"":""75.92""},""hL"":{""N"":""68.7""},""wL"":{""N"":""52.43754""},""tL"":{""N"":""95.9""},""hR"":{""N"":""58.7""},""wR"":{""N"":""41.337986""},""hE"":{""N"":""81.3""},""tR"":{""N"":""85.64""}}",a47854d8-3051-70fa-00ce-ac30661244a5
868032061578211,1782853200,data.qo,"{""tE"":{""N"":""78.44""},""hL"":{""N"":""69.7""},""wL"":{""N"":""52.57858""},""tL"":{""N"":""95.9""},""hR"":{""N"":""59.3""},""wR"":{""N"":""41.96718""},""hE"":{""N"":""79.9""},""tR"":{""N"":""88.52""}}",a47854d8-3051-70fa-00ce-ac30661244a5
868032061578211,1782856800,data.qo,"{""tE"":{""N"":""86.54""},""hL"":{""N"":""70.4""},""wL"":{""N"":""52.6784""},""tL"":{""N"":""96.8""},""hR"":{""N"":""55.2""},""wR"":{""N"":""41.64951""},""hE"":{""N"":""66.6""},""tR"":{""N"":""93.02""}}",a47854d8-3051-70fa-00ce-ac30661244a5
868032061578211,1782860400,data.qo,"{""tE"":{""N"":""79.16""},""hL"":{""N"":""70.3""},""wL"":{""N"":""52.505512""},""tL"":{""N"":""96.8""},""hR"":{""N"":""57.1""},""wR"":{""N"":""41.015236""},""hE"":{""N"":""77.3""},""tR"":{""N"":""88.34""}}",a47854d8-3051-70fa-00ce-ac30661244a5
868032061578211,1782864000,data.qo,"{""tE"":{""N"":""75.2""},""hL"":{""N"":""66.5""},""wL"":{""N"":""52.43662""},""tL"":{""N"":""95.9""},""hR"":{""N"":""59""},""wR"":{""N"":""40.705547""},""hE"":{""N"":""80""},""tR"":{""N"":""84.2""}}",a47854d8-3051-70fa-00ce-ac30661244a5
868032061578211,1782867600,data.qo,"{""tE"":{""N"":""73.4""},""hL"":{""N"":""64.7""},""wL"":{""N"":""52.471527""},""tL"":{""N"":""94.64""},""hR"":{""N"":""61.6""},""wR"":{""N"":""40.80363""},""hE"":{""N"":""84.5""},""tR"":{""N"":""82.22""}}",a47854d8-3051-70fa-00ce-ac30661244a5
868032061578211,1782871200,data.qo,"{""tE"":{""N"":""73.04""},""hL"":{""N"":""62.9""},""wL"":{""N"":""52.381027""},""tL"":{""N"":""94.46""},""hR"":{""N"":""64.6""},""wR"":{""N"":""40.65237""},""hE"":{""N"":""84.7""},""tR"":{""N"":""80.78""}}",a47854d8-3051-70fa-00ce-ac30661244a5
868032061578211,1782874800,data.qo,"{""tE"":{""N"":""72.14""},""hL"":{""N"":""62.4""},""wL"":{""N"":""52.27208""},""tL"":{""N"":""94.1""},""hR"":{""N"":""60.6""},""wR"":{""N"":""40.545578""},""hE"":{""N"":""85.6""},""tR"":{""N"":""83.12""}}",a47854d8-3051-70fa-00ce-ac30661244a5
868032061578211,1782878400,data.qo,"{""tE"":{""N"":""71.42""},""hL"":{""N"":""61.9""},""wL"":{""N"":""52.304802""},""tL"":{""N"":""93.92""},""hR"":{""N"":""59.7""},""wR"":{""N"":""40.684692""},""hE"":{""N"":""87""},""tR"":{""N"":""82.58""}}",a47854d8-3051-70fa-00ce-ac30661244a5
868032061578211,1782882000,data.qo,"{""tE"":{""N"":""71.06""},""hL"":{""N"":""62.8""},""wL"":{""N"":""52.211636""},""tL"":{""N"":""93.56""},""hR"":{""N"":""60.4""},""wR"":{""N"":""40.73434""},""hE"":{""N"":""86.7""},""tR"":{""N"":""82.4""}}",a47854d8-3051-70fa-00ce-ac30661244a5
868032061578211,1782885600,data.qo,"{""tE"":{""N"":""70.34""},""hL"":{""N"":""62.2""},""wL"":{""N"":""52.11191""},""tL"":{""N"":""93.2""},""hR"":{""N"":""59.5""},""wR"":{""N"":""40.645016""},""hE"":{""N"":""86.7""},""tR"":{""N"":""82.4""}}",a47854d8-3051-70fa-00ce-ac30661244a5
868032061578211,1782889200,data.qo,"{""tE"":{""N"":""69.44""},""hL"":{""N"":""60.5""},""wL"":{""N"":""52.1074""},""tL"":{""N"":""93.2""},""hR"":{""N"":""60.2""},""wR"":{""N"":""40.643322""},""hE"":{""N"":""87.8""},""tR"":{""N"":""80.78""}}",a47854d8-3051-70fa-00ce-ac30661244a5
868032061578211,1782892800,data.qo,"{""tE"":{""N"":""68.54""},""hL"":{""N"":""60.5""},""wL"":{""N"":""52.064285""},""tL"":{""N"":""93.2""},""hR"":{""N"":""60""},""wR"":{""N"":""40.691322""},""hE"":{""N"":""88.3""},""tR"":{""N"":""80.06""}}",a47854d8-3051-70fa-00ce-ac30661244a5
868032061578211,1782896400,data.qo,"{""tE"":{""N"":""68""},""hL"":{""N"":""60.4""},""wL"":{""N"":""52.026367""},""tL"":{""N"":""92.48""},""hR"":{""N"":""57.1""},""wR"":{""N"":""40.667755""},""hE"":{""N"":""88.3""},""tR"":{""N"":""82.58""}}",a47854d8-3051-70fa-00ce-ac30661244a5
868032061578211,1782900000,data.qo,"{""tE"":{""N"":""67.28""},""hL"":{""N"":""60.1""},""wL"":{""N"":""51.994568""},""tL"":{""N"":""92.48""},""hR"":{""N"":""59.2""},""wR"":{""N"":""40.571804""},""hE"":{""N"":""88.7""},""tR"":{""N"":""79.52""}}",a47854d8-3051-70fa-00ce-ac30661244a5
868032061578211,1782903600,data.qo,"{""tE"":{""N"":""66.92""},""hL"":{""N"":""59.8""},""wL"":{""N"":""52.077053""},""tL"":{""N"":""92.48""},""hR"":{""N"":""60.7""},""wR"":{""N"":""40.956345""},""hE"":{""N"":""90.8""},""tR"":{""N"":""78.8""}}",a47854d8-3051-70fa-00ce-ac30661244a5
868032061578211,1782907200,data.qo,"{""tE"":{""N"":""67.1""},""hL"":{""N"":""60.9""},""wL"":{""N"":""52.151337""},""tL"":{""N"":""92.12""},""hR"":{""N"":""64.3""},""wR"":{""N"":""41.184063""},""hE"":{""N"":""90.4""},""tR"":{""N"":""76.46""}}",a47854d8-3051-70fa-00ce-ac30661244a5
868032061578211,1782910800,data.qo,"{""tE"":{""N"":""68.9""},""hL"":{""N"":""63.2""},""wL"":{""N"":""52.2463""},""tL"":{""N"":""91.76""},""hR"":{""N"":""65.1""},""wR"":{""N"":""41.53333""},""hE"":{""N"":""91.8""},""tR"":{""N"":""78.44""}}",a47854d8-3051-70fa-00ce-ac30661244a5
868032061578211,1782914400,data.qo,"{""tE"":{""N"":""71.6""},""hL"":{""N"":""61.9""},""wL"":{""N"":""52.40846""},""tL"":{""N"":""92.3""},""hR"":{""N"":""63.3""},""wR"":{""N"":""41.845097""},""hE"":{""N"":""89.2""},""tR"":{""N"":""81.5""}}",a47854d8-3051-70fa-00ce-ac30661244a5
868032061578211,1782918000,data.qo,"{""tE"":{""N"":""74.48""},""hL"":{""N"":""66.2""},""wL"":{""N"":""52.437782""},""tL"":{""N"":""93.56""},""hR"":{""N"":""61.8""},""wR"":{""N"":""42.44511""},""hE"":{""N"":""86.3""},""tR"":{""N"":""85.1""}}",a47854d8-3051-70fa-00ce-ac30661244a5
868032061578211,1782921600,data.qo,"{""tE"":{""N"":""78.08""},""hL"":{""N"":""67.1""},""wL"":{""N"":""52.644268""},""tL"":{""N"":""95""},""hR"":{""N"":""56""},""wR"":{""N"":""42.96219""},""hE"":{""N"":""72.3""},""tR"":{""N"":""88.16""}}",a47854d8-3051-70fa-00ce-ac30661244a5
868032061578211,1782925200,data.qo,"{""tE"":{""N"":""79.88""},""hL"":{""N"":""68""},""wL"":{""N"":""53.066753""},""tL"":{""N"":""95.72""},""hR"":{""N"":""51""},""wR"":{""N"":""43.188118""},""hE"":{""N"":""63.8""},""tR"":{""N"":""89.24""}}",a47854d8-3051-70fa-00ce-ac30661244a5
868032061578211,1782928800,data.qo,"{""tE"":{""N"":""81.68""},""hL"":{""N"":""67.7""},""wL"":{""N"":""53.355095""},""tL"":{""N"":""95.72""},""hR"":{""N"":""48.5""},""wR"":{""N"":""43.24807""},""hE"":{""N"":""58.3""},""tR"":{""N"":""90.14""}}",a47854d8-3051-70fa-00ce-ac30661244a5
868032061578211,1782932400,data.qo,"{""tE"":{""N"":""82.94""},""hL"":{""N"":""67.5""},""wL"":{""N"":""53.583084""},""tL"":{""N"":""96.08""},""hR"":{""N"":""46.8""},""wR"":{""N"":""43.310055""},""hE"":{""N"":""55.3""},""tR"":{""N"":""90.32""}}",a47854d8-3051-70fa-00ce-ac30661244a5
868032061578211,1782936000,data.qo,"{""tE"":{""N"":""85.64""},""hL"":{""N"":""68.4""},""wL"":{""N"":""53.737038""},""tL"":{""N"":""96.44""},""hR"":{""N"":""45.8""},""wR"":{""N"":""43.024128""},""hE"":{""N"":""50""},""tR"":{""N"":""91.4""}}",a47854d8-3051-70fa-00ce-ac30661244a5
868032061578211,1782939600,data.qo,"{""tE"":{""N"":""88.52""},""hL"":{""N"":""69.4""},""wL"":{""N"":""54.019943""},""tL"":{""N"":""96.98""},""hR"":{""N"":""45.3""},""wR"":{""N"":""43.42038""},""hE"":{""N"":""48.8""},""tR"":{""N"":""93.56""}}",a47854d8-3051-70fa-00ce-ac30661244a5
868032061578211,1782943200,data.qo,"{""tE"":{""N"":""94.28""},""hL"":{""N"":""71.5""},""wL"":{""N"":""54.538994""},""tL"":{""N"":""98.6""},""hR"":{""N"":""43.2""},""wR"":{""N"":""43.74047""},""hE"":{""N"":""44.2""},""tR"":{""N"":""96.62""}}",a47854d8-3051-70fa-00ce-ac30661244a5
868032061578211,1782946800,data.qo,"{""tE"":{""N"":""96.98""},""hL"":{""N"":""71.5""},""wL"":{""N"":""54.47316""},""tL"":{""N"":""98.6""},""hR"":{""N"":""43.2""},""wR"":{""N"":""43.018707""},""hE"":{""N"":""42.1""},""tR"":{""N"":""98.06""}}",a47854d8-3051-70fa-00ce-ac30661244a5
868032061578211,1782950400,data.qo,"{""tE"":{""N"":""90.5""},""hL"":{""N"":""71.5""},""wL"":{""N"":""54.65741""},""tL"":{""N"":""100.22""},""hR"":{""N"":""43.9""},""wR"":{""N"":""42.404224""},""hE"":{""N"":""48.3""},""tR"":{""N"":""95.18""}}",a47854d8-3051-70fa-00ce-ac30661244a5
868032061578211,1782954000,data.qo,"{""tE"":{""N"":""86""},""hL"":{""N"":""63.3""},""wL"":{""N"":""54.825634""},""tL"":{""N"":""98.6""},""hR"":{""N"":""44.9""},""wR"":{""N"":""42.08907""},""hE"":{""N"":""50.7""},""tR"":{""N"":""90.5""}}",a47854d8-3051-70fa-00ce-ac30661244a5
868032061578211,1782957600,data.qo,"{""tE"":{""N"":""81.68""},""hL"":{""N"":""65.4""},""wL"":{""N"":""54.70635""},""tL"":{""N"":""96.62""},""hR"":{""N"":""48.5""},""wR"":{""N"":""41.73119""},""hE"":{""N"":""56.8""},""tR"":{""N"":""87.62""}}",a47854d8-3051-70fa-00ce-ac30661244a5
868032061578211,1782961200,data.qo,"{""tE"":{""N"":""78.44""},""hL"":{""N"":""60.3""},""wL"":{""N"":""54.602158""},""tL"":{""N"":""95.72""},""hR"":{""N"":""50""},""wR"":{""N"":""41.429195""},""hE"":{""N"":""61.7""},""tR"":{""N"":""86.9""}}",a47854d8-3051-70fa-00ce-ac30661244a5
868032061578211,1782964800,data.qo,"{""tE"":{""N"":""75.2""},""hL"":{""N"":""55""},""wL"":{""N"":""54.519524""},""tL"":{""N"":""94.64""},""hR"":{""N"":""50.7""},""wR"":{""N"":""41.281902""},""hE"":{""N"":""67.6""},""tR"":{""N"":""85.46""}}",a47854d8-3051-70fa-00ce-ac30661244a5
868032061578211,1782968400,data.qo,"{""tE"":{""N"":""75.2""},""hL"":{""N"":""55.5""},""wL"":{""N"":""54.444904""},""tL"":{""N"":""93.92""},""hR"":{""N"":""51.6""},""wR"":{""N"":""41.178738""},""hE"":{""N"":""67.6""},""tR"":{""N"":""84.56""}}",a47854d8-3051-70fa-00ce-ac30661244a5
868032061578211,1782972000,data.qo,"{""tE"":{""N"":""71.42""},""hL"":{""N"":""59""},""wL"":{""N"":""54.481995""},""tL"":{""N"":""93.38""},""hR"":{""N"":""52.2""},""wR"":{""N"":""41.28055""},""hE"":{""N"":""75.8""},""tR"":{""N"":""84.2""}}",a47854d8-3051-70fa-00ce-ac30661244a5
868032061578211,1782975600,data.qo,"{""tE"":{""N"":""69.98""},""hL"":{""N"":""48.9""},""wL"":{""N"":""54.470734""},""tL"":{""N"":""92.84""},""hR"":{""N"":""53.1""},""wR"":{""N"":""41.362324""},""hE"":{""N"":""77.3""},""tR"":{""N"":""83.12""}}",a47854d8-3051-70fa-00ce-ac30661244a5
868032061578211,1782979200,data.qo,"{""tE"":{""N"":""68.54""},""hL"":{""N"":""45.8""},""wL"":{""N"":""54.50564""},""tL"":{""N"":""92.48""},""hR"":{""N"":""52.8""},""wR"":{""N"":""41.4216""},""hE"":{""N"":""78.8""},""tR"":{""N"":""81.86""}}",a47854d8-3051-70fa-00ce-ac30661244a5
868032061578211,1782982800,data.qo,"{""tE"":{""N"":""67.1""},""hL"":{""N"":""47.8""},""wL"":{""N"":""54.54914""},""tL"":{""N"":""92.3""},""hR"":{""N"":""51.9""},""wR"":{""N"":""41.496796""},""hE"":{""N"":""80.9""},""tR"":{""N"":""82.22""}}",a47854d8-3051-70fa-00ce-ac30661244a5
868032061578211,1782986400,data.qo,"{""tE"":{""N"":""66.38""},""hL"":{""N"":""40.5""},""wL"":{""N"":""54.6008""},""tL"":{""N"":""91.94""},""hR"":{""N"":""51.3""},""wR"":{""N"":""41.59178""},""hE"":{""N"":""82""},""tR"":{""N"":""82.58""}}",a47854d8-3051-70fa-00ce-ac30661244a5
868032061578211,1782990000,data.qo,"{""tE"":{""N"":""65.48""},""hL"":{""N"":""41.2""},""wL"":{""N"":""54.565258""},""tL"":{""N"":""91.76""},""hR"":{""N"":""51""},""wR"":{""N"":""41.79748""},""hE"":{""N"":""83""},""tR"":{""N"":""81.68""}}",a47854d8-3051-70fa-00ce-ac30661244a5
868032061578211,1782993600,data.qo,"{""tE"":{""N"":""64.76""},""hL"":{""N"":""41.9""},""wL"":{""N"":""54.664692""},""tL"":{""N"":""91.4""},""hR"":{""N"":""53.6""},""wR"":{""N"":""42.1632""},""hE"":{""N"":""83.5""},""tR"":{""N"":""79.16""}}",a47854d8-3051-70fa-00ce-ac30661244a5
868032061578211,1782997200,data.qo,"{""tE"":{""N"":""66.38""},""hL"":{""N"":""60.5""},""wL"":{""N"":""55.04275""},""tL"":{""N"":""91.94""},""hR"":{""N"":""52.7""},""wR"":{""N"":""42.905964""},""hE"":{""N"":""83.7""},""tR"":{""N"":""81.86""}}",a47854d8-3051-70fa-00ce-ac30661244a5
868032061578211,1783000800,data.qo,"{""tE"":{""N"":""70.7""},""hL"":{""N"":""45.1""},""wL"":{""N"":""55.469753""},""tL"":{""N"":""92.48""},""hR"":{""N"":""51.5""},""wR"":{""N"":""43.37059""},""hE"":{""N"":""78.3""},""tR"":{""N"":""85.46""}}",a47854d8-3051-70fa-00ce-ac30661244a5
868032061578211,1783004400,data.qo,"{""tE"":{""N"":""75.56""},""hL"":{""N"":""65.8""},""wL"":{""N"":""55.721825""},""tL"":{""N"":""94.28""},""hR"":{""N"":""50.4""},""wR"":{""N"":""43.92565""},""hE"":{""N"":""69.1""},""tR"":{""N"":""87.44""}}",a47854d8-3051-70fa-00ce-ac30661244a5
868032061578211,1783008000,data.qo,"{""tE"":{""N"":""79.7""},""hL"":{""N"":""64.6""},""wL"":{""N"":""55.98521""},""tL"":{""N"":""95""},""hR"":{""N"":""45.7""},""wR"":{""N"":""44.561523""},""hE"":{""N"":""55.2""},""tR"":{""N"":""89.24""}}",a47854d8-3051-70fa-00ce-ac30661244a5
868032061578211,1783011600,data.qo,"{""tE"":{""N"":""79.7""},""hL"":{""N"":""62.8""},""wL"":{""N"":""55.96987""},""tL"":{""N"":""95.72""},""hR"":{""N"":""38.1""},""wR"":{""N"":""44.308357""},""hE"":{""N"":""55.2""},""tR"":{""N"":""91.22""}}",a47854d8-3051-70fa-00ce-ac30661244a5
868032061578211,1783015200,data.qo,"{""tE"":{""N"":""85.1""},""hL"":{""N"":""62.2""},""wL"":{""N"":""55.99031""},""tL"":{""N"":""95.36""},""hR"":{""N"":""34.1""},""wR"":{""N"":""44.08553""},""hE"":{""N"":""37.6""},""tR"":{""N"":""91.22""}}",a47854d8-3051-70fa-00ce-ac30661244a5
868032061578211,1783018800,data.qo,"{""tE"":{""N"":""85.1""},""hL"":{""N"":""54""},""wL"":{""N"":""55.961132""},""tL"":{""N"":""94.82""},""hR"":{""N"":""33.7""},""wR"":{""N"":""43.88065""},""hE"":{""N"":""37.6""},""tR"":{""N"":""91.94""}}",a47854d8-3051-70fa-00ce-ac30661244a5
868032061578211,1783022400,data.qo,"{""tE"":{""N"":""87.98""},""hL"":{""N"":""61.2""},""wL"":{""N"":""55.89918""},""tL"":{""N"":""95.36""},""hR"":{""N"":""33.7""},""wR"":{""N"":""43.752033""},""hE"":{""N"":""33.5""},""tR"":{""N"":""92.48""}}",a47854d8-3051-70fa-00ce-ac30661244a5
868032061578211,1783026000,data.qo,"{""tE"":{""N"":""91.58""},""hL"":{""N"":""63.6""},""wL"":{""N"":""55.929718""},""tL"":{""N"":""95.54""},""hR"":{""N"":""34.5""},""wR"":{""N"":""44.01159""},""hE"":{""N"":""32.3""},""tR"":{""N"":""94.46""}}",a47854d8-3051-70fa-00ce-ac30661244a5
868032061578211,1783029600,data.qo,"{""tE"":{""N"":""98.06""},""hL"":{""N"":""64.5""},""wL"":{""N"":""56.222187""},""tL"":{""N"":""96.62""},""hR"":{""N"":""33.9""},""wR"":{""N"":""44.284454""},""hE"":{""N"":""30""},""tR"":{""N"":""98.96""}}",a47854d8-3051-70fa-00ce-ac30661244a5
868032061578211,1783033200,data.qo,"{""tE"":{""N"":""98.6""},""hL"":{""N"":""67.8""},""wL"":{""N"":""56.4143""},""tL"":{""N"":""98.24""},""hR"":{""N"":""34.1""},""wR"":{""N"":""44.23684""},""hE"":{""N"":""33.7""},""tR"":{""N"":""98.42""}}",a47854d8-3051-70fa-00ce-ac30661244a5
868032061578211,1783036800,data.qo,"{""tE"":{""N"":""98.78""},""hL"":{""N"":""68.4""},""wL"":{""N"":""56.506596""},""tL"":{""N"":""98.96""},""hR"":{""N"":""34""},""wR"":{""N"":""42.753635""},""hE"":{""N"":""31.5""},""tR"":{""N"":""97.34""}}",a47854d8-3051-70fa-00ce-ac30661244a5
868032061578211,1783040400,data.qo,"{""tE"":{""N"":""87.26""},""hL"":{""N"":""64.6""},""wL"":{""N"":""56.54359""},""tL"":{""N"":""97.88""},""hR"":{""N"":""37.6""},""wR"":{""N"":""42.44705""},""hE"":{""N"":""40.7""},""tR"":{""N"":""91.04""}}",a47854d8-3051-70fa-00ce-ac30661244a5
868032061578211,1783044000,data.qo,"{""tE"":{""N"":""82.4""},""hL"":{""N"":""61.3""},""wL"":{""N"":""56.352203""},""tL"":{""N"":""96.08""},""hR"":{""N"":""41.6""},""wR"":{""N"":""41.9531""},""hE"":{""N"":""48.4""},""tR"":{""N"":""88.52""}}",a47854d8-3051-70fa-00ce-ac30661244a5
868032061578211,1783047600,data.qo,"{""tE"":{""N"":""78.08""},""hL"":{""N"":""54.8""},""wL"":{""N"":""56.24884""},""tL"":{""N"":""95.18""},""hR"":{""N"":""43.2""},""wR"":{""N"":""41.634895""},""hE"":{""N"":""53.5""},""tR"":{""N"":""86.9""}}",a47854d8-3051-70fa-00ce-ac30661244a5
868032061578211,1783051200,data.qo,"{""tE"":{""N"":""75.2""},""hL"":{""N"":""44.7""},""wL"":{""N"":""56.120716""},""tL"":{""N"":""93.92""},""hR"":{""N"":""44.6""},""wR"":{""N"":""41.253643""},""hE"":{""N"":""57.7""},""tR"":{""N"":""85.28""}}",a47854d8-3051-70fa-00ce-ac30661244a5
868032061578211,1783054800,data.qo,"{""tE"":{""N"":""72.14""},""hL"":{""N"":""44.7""},""wL"":{""N"":""56.085613""},""tL"":{""N"":""93.92""},""hR"":{""N"":""45.6""},""wR"":{""N"":""41.117092""},""hE"":{""N"":""62.7""},""tR"":{""N"":""84.02""}}",a47854d8-3051-70fa-00ce-ac30661244a5
868032061578211,1783058400,data.qo,"{""tE"":{""N"":""70.16""},""hL"":{""N"":""54""},""wL"":{""N"":""56.06508""},""tL"":{""N"":""92.48""},""hR"":{""N"":""45.1""},""wR"":{""N"":""40.876213""},""hE"":{""N"":""65.3""},""tR"":{""N"":""84.02""}}",a47854d8-3051-70fa-00ce-ac30661244a5
868032061578211,1783062000,data.qo,"{""tE"":{""N"":""68.18""},""hL"":{""N"":""51.3""},""wL"":{""N"":""56.112656""},""tL"":{""N"":""92.12""},""hR"":{""N"":""44.8""},""wR"":{""N"":""40.864212""},""hE"":{""N"":""68.2""},""tR"":{""N"":""83.66""}}",a47854d8-3051-70fa-00ce-ac30661244a5
868032061578211,1783065600,data.qo,"{""tE"":{""N"":""67.1""},""hL"":{""N"":""54.7""},""wL"":{""N"":""56.08906""},""tL"":{""N"":""91.94""},""hR"":{""N"":""44.8""},""wR"":{""N"":""40.85226""},""hE"":{""N"":""69""},""tR"":{""N"":""83.3""}}",a47854d8-3051-70fa-00ce-ac30661244a5
868032061578211,1783069200,data.qo,"{""tE"":{""N"":""66.02""},""hL"":{""N"":""54.7""},""wL"":{""N"":""56.110764""},""tL"":{""N"":""91.58""},""hR"":{""N"":""45.1""},""wR"":{""N"":""40.858795""},""hE"":{""N"":""72.5""},""tR"":{""N"":""83.3""}}",a47854d8-3051-70fa-00ce-ac30661244a5
868032061578211,1783072800,data.qo,"{""tE"":{""N"":""65.12""},""hL"":{""N"":""55.6""},""wL"":{""N"":""56.13863""},""tL"":{""N"":""91.4""},""hR"":{""N"":""44.9""},""wR"":{""N"":""40.94904""},""hE"":{""N"":""74.8""},""tR"":{""N"":""83.48""}}",a47854d8-3051-70fa-00ce-ac30661244a5
868032061578211,1783076400,data.qo,"{""tE"":{""N"":""64.4""},""hL"":{""N"":""56.2""},""wL"":{""N"":""56.094303""},""tL"":{""N"":""91.76""},""hR"":{""N"":""44.9""},""wR"":{""N"":""41.209755""},""hE"":{""N"":""76.7""},""tR"":{""N"":""83.3""}}",a47854d8-3051-70fa-00ce-ac30661244a5
868032061578211,1783080000,data.qo,"{""tE"":{""N"":""64.4""},""hL"":{""N"":""51.4""},""wL"":{""N"":""56.395706""},""tL"":{""N"":""91.04""},""hR"":{""N"":""46.4""},""wR"":{""N"":""42.12386""},""hE"":{""N"":""77.3""},""tR"":{""N"":""82.22""}}",a47854d8-3051-70fa-00ce-ac30661244a5
868032061578211,1783083600,data.qo,"{""tE"":{""N"":""67.1""},""hL"":{""N"":""58.3""},""wL"":{""N"":""56.809498""},""tL"":{""N"":""92.12""},""hR"":{""N"":""46.8""},""wR"":{""N"":""42.969547""},""hE"":{""N"":""75.7""},""tR"":{""N"":""83.66""}}",a47854d8-3051-70fa-00ce-ac30661244a5
868032061578211,1783087200,data.qo,"{""tE"":{""N"":""71.42""},""hL"":{""N"":""61.4""},""wL"":{""N"":""57.25131""},""tL"":{""N"":""92.3""},""hR"":{""N"":""46.9""},""wR"":{""N"":""43.436783""},""hE"":{""N"":""72.9""},""tR"":{""N"":""86.9""}}",a47854d8-3051-70fa-00ce-ac30661244a5
868032061578211,1783090800,data.qo,"{""tE"":{""N"":""77.54""},""hL"":{""N"":""62.2""},""wL"":{""N"":""57.499447""},""tL"":{""N"":""94.46""},""hR"":{""N"":""46.8""},""wR"":{""N"":""44.37731""},""hE"":{""N"":""64.6""},""tR"":{""N"":""89.24""}}",a47854d8-3051-70fa-00ce-ac30661244a5
868032061578211,1783094400,data.qo,"{""tE"":{""N"":""83.84""},""hL"":{""N"":""63.5""},""wL"":{""N"":""57.663013""},""tL"":{""N"":""95.36""},""hR"":{""N"":""44.9""},""wR"":{""N"":""45.28653""},""hE"":{""N"":""56.7""},""tR"":{""N"":""91.58""}}",a47854d8-3051-70fa-00ce-ac30661244a5
868032061578211,1783098000,data.qo,"{""tE"":{""N"":""86""},""hL"":{""N"":""63.6""},""wL"":{""N"":""57.619854""},""tL"":{""N"":""96.62""},""hR"":{""N"":""42.5""},""wR"":{""N"":""45.110878""},""hE"":{""N"":""50.2""},""tR"":{""N"":""92.84""}}",a47854d8-3051-70fa-00ce-ac30661244a5
868032061578211,1783101600,data.qo,"{""tE"":{""N"":""85.46""},""hL"":{""N"":""63.3""},""wL"":{""N"":""57.66821""},""tL"":{""N"":""96.62""},""hR"":{""N"":""42.6""},""wR"":{""N"":""45.0892""},""hE"":{""N"":""50.5""},""tR"":{""N"":""92.12""}}",a47854d8-3051-70fa-00ce-ac30661244a5
868032061578211,1783105200,data.qo,"{""tE"":{""N"":""86.18""},""hL"":{""N"":""62.7""},""wL"":{""N"":""57.71273""},""tL"":{""N"":""96.44""},""hR"":{""N"":""42.9""},""wR"":{""N"":""45.212833""},""hE"":{""N"":""49.7""},""tR"":{""N"":""92.3""}}",a47854d8-3051-70fa-00ce-ac30661244a5
868032061578211,1783108800,data.qo,"{""tE"":{""N"":""87.08""},""hL"":{""N"":""62.9""},""wL"":{""N"":""57.611893""},""tL"":{""N"":""96.44""},""hR"":{""N"":""42.7""},""wR"":{""N"":""45.0066""},""hE"":{""N"":""49.6""},""tR"":{""N"":""92.84""}}",a47854d8-3051-70fa-00ce-ac30661244a5
868032061578211,1783112400,data.qo,"{""tE"":{""N"":""88.16""},""hL"":{""N"":""64.2""},""wL"":{""N"":""57.65345""},""tL"":{""N"":""96.44""},""hR"":{""N"":""40""},""wR"":{""N"":""45.31919""},""hE"":{""N"":""44.1""},""tR"":{""N"":""93.92""}}",a47854d8-3051-70fa-00ce-ac30661244a5
868032061578211,1783116000,data.qo,"{""tE"":{""N"":""95""},""hL"":{""N"":""66.2""},""wL"":{""N"":""57.88664""},""tL"":{""N"":""97.34""},""hR"":{""N"":""39""},""wR"":{""N"":""45.641846""},""hE"":{""N"":""39.6""},""tR"":{""N"":""98.06""}}",a47854d8-3051-70fa-00ce-ac30661244a5
868032061578211,1783119600,data.qo,"{""tE"":{""N"":""97.52""},""hL"":{""N"":""68.6""},""wL"":{""N"":""58.056225""},""tL"":{""N"":""98.96""},""hR"":{""N"":""38""},""wR"":{""N"":""45.059975""},""hE"":{""N"":""37""},""tR"":{""N"":""98.42""}}",a47854d8-3051-70fa-00ce-ac30661244a5
868032061578211,1783123200,data.qo,"{""tE"":{""N"":""91.94""},""hL"":{""N"":""67.9""},""wL"":{""N"":""58.049717""},""tL"":{""N"":""99.14""},""hR"":{""N"":""39.7""},""wR"":{""N"":""44.221836""},""hE"":{""N"":""43.4""},""tR"":{""N"":""94.64""}}",a47854d8-3051-70fa-00ce-ac30661244a5
868032061578211,1783126800,data.qo,"{""tE"":{""N"":""87.08""},""hL"":{""N"":""65.7""},""wL"":{""N"":""58.07419""},""tL"":{""N"":""97.7""},""hR"":{""N"":""42.3""},""wR"":{""N"":""43.658546""},""hE"":{""N"":""46.6""},""tR"":{""N"":""91.04""}}",a47854d8-3051-70fa-00ce-ac30661244a5
868032061578211,1783130400,data.qo,"{""tE"":{""N"":""82.58""},""hL"":{""N"":""55.5""},""wL"":{""N"":""57.927467""},""tL"":{""N"":""96.08""},""hR"":{""N"":""44.5""},""wR"":{""N"":""43.202003""},""hE"":{""N"":""51.5""},""tR"":{""N"":""88.88""}}",a47854d8-3051-70fa-00ce-ac30661244a5
868032061578211,1783134000,data.qo,"{""tE"":{""N"":""78.98""},""hL"":{""N"":""53.8""},""wL"":{""N"":""57.81182""},""tL"":{""N"":""95.36""},""hR"":{""N"":""46.4""},""wR"":{""N"":""42.89174""},""hE"":{""N"":""56.3""},""tR"":{""N"":""87.08""}}",a47854d8-3051-70fa-00ce-ac30661244a5
868032061578211,1783137600,data.qo,"{""tE"":{""N"":""76.82""},""hL"":{""N"":""43.2""},""wL"":{""N"":""57.716858""},""tL"":{""N"":""94.28""},""hR"":{""N"":""47.7""},""wR"":{""N"":""42.68541""},""hE"":{""N"":""62.1""},""tR"":{""N"":""86.54""}}",a47854d8-3051-70fa-00ce-ac30661244a5
868032061578211,1783141140,data.qo,"{""tE"":{""N"":""75.02""},""hL"":{""N"":""48.5""},""wL"":{""N"":""57.651604""},""tL"":{""N"":""93.56""},""hR"":{""N"":""48.2""},""wR"":{""N"":""42.479324""},""hE"":{""N"":""65.5""},""tR"":{""N"":""86.54""}}",a47854d8-3051-70fa-00ce-ac30661244a5
868032061578211,1783144800,data.qo,"{""tE"":{""N"":""73.22""},""hL"":{""N"":""48.7""},""wL"":{""N"":""57.596695""},""tL"":{""N"":""93.2""},""hR"":{""N"":""49.4""},""wR"":{""N"":""42.306576""},""hE"":{""N"":""69.2""},""tR"":{""N"":""85.1""}}",a47854d8-3051-70fa-00ce-ac30661244a5
868032061578211,1783148400,data.qo,"{""tE"":{""N"":""71.96""},""hL"":{""N"":""41.7""},""wL"":{""N"":""57.636894""},""tL"":{""N"":""92.66""},""hR"":{""N"":""49.7""},""wR"":{""N"":""42.235252""},""hE"":{""N"":""72.2""},""tR"":{""N"":""85.1""}}",a47854d8-3051-70fa-00ce-ac30661244a5
868032061578211,1783152000,data.qo,"{""tE"":{""N"":""70.52""},""hL"":{""N"":""41.8""},""wL"":{""N"":""57.670734""},""tL"":{""N"":""92.84""},""hR"":{""N"":""50.7""},""wR"":{""N"":""42.070488""},""hE"":{""N"":""74.9""},""tR"":{""N"":""84.02""}}",a47854d8-3051-70fa-00ce-ac30661244a5
868032061578211,1783155600,data.qo,"{""tE"":{""N"":""69.26""},""hL"":{""N"":""47.7""},""wL"":{""N"":""57.733994""},""tL"":{""N"":""92.84""},""hR"":{""N"":""50.8""},""wR"":{""N"":""42.153328""},""hE"":{""N"":""77.7""},""tR"":{""N"":""83.66""}}",a47854d8-3051-70fa-00ce-ac30661244a5
868032061578211,1783159200,data.qo,"{""tE"":{""N"":""69.26""},""hL"":{""N"":""44.8""},""wL"":{""N"":""57.710545""},""tL"":{""N"":""92.3""},""hR"":{""N"":""51.2""},""wR"":{""N"":""42.220978""},""hE"":{""N"":""77.7""},""tR"":{""N"":""83.48""}}",a47854d8-3051-70fa-00ce-ac30661244a5
868032061578211,1783162800,data.qo,"{""tE"":{""N"":""68""},""hL"":{""N"":""44.2""},""wL"":{""N"":""57.708214""},""tL"":{""N"":""92.3""},""hR"":{""N"":""51.1""},""wR"":{""N"":""42.218945""},""hE"":{""N"":""80.7""},""tR"":{""N"":""83.3""}}",a47854d8-3051-70fa-00ce-ac30661244a5
868032061578211,1783166400,data.qo,"{""tE"":{""N"":""67.82""},""hL"":{""N"":""54.6""},""wL"":{""N"":""57.971165""},""tL"":{""N"":""92.12""},""hR"":{""N"":""51.7""},""wR"":{""N"":""42.859753""},""hE"":{""N"":""81.6""},""tR"":{""N"":""82.76""}}",a47854d8-3051-70fa-00ce-ac30661244a5
868032061578211,1783170000,data.qo,"{""tE"":{""N"":""70.34""},""hL"":{""N"":""53.1""},""wL"":{""N"":""58.2513""},""tL"":{""N"":""92.48""},""hR"":{""N"":""50.9""},""wR"":{""N"":""43.73147""},""hE"":{""N"":""80.1""},""tR"":{""N"":""85.46""}}",a47854d8-3051-70fa-00ce-ac30661244a5
868032061578211,1783173600,data.qo,"{""tE"":{""N"":""73.76""},""hL"":{""N"":""53.3""},""wL"":{""N"":""58.5594""},""tL"":{""N"":""92.48""},""hR"":{""N"":""51.8""},""wR"":{""N"":""44.084656""},""hE"":{""N"":""74.3""},""tR"":{""N"":""85.82""}}",a47854d8-3051-70fa-00ce-ac30661244a5
868032061578211,1783177200,data.qo,"{""tE"":{""N"":""77.72""},""hL"":{""N"":""53.3""},""wL"":{""N"":""58.69816""},""tL"":{""N"":""92.48""},""hR"":{""N"":""51.6""},""wR"":{""N"":""45.109814""},""hE"":{""N"":""68.4""},""tR"":{""N"":""87.26""}}",a47854d8-3051-70fa-00ce-ac30661244a5
868032061578211,1783180800,data.qo,"{""tE"":{""N"":""80.96""},""hL"":{""N"":""62.3""},""wL"":{""N"":""58.889687""},""tL"":{""N"":""95.36""},""hR"":{""N"":""47""},""wR"":{""N"":""45.893707""},""hE"":{""N"":""56.4""},""tR"":{""N"":""89.24""}}",a47854d8-3051-70fa-00ce-ac30661244a5
868032061578211,1783184400,data.qo,"{""tE"":{""N"":""84.38""},""hL"":{""N"":""62.5""},""wL"":{""N"":""58.75205""},""tL"":{""N"":""95.9""},""hR"":{""N"":""42.6""},""wR"":{""N"":""45.96663""},""hE"":{""N"":""51""},""tR"":{""N"":""90.68""}}",a47854d8-3051-70fa-00ce-ac30661244a5
868032061578211,1783188000,data.qo,"{""tE"":{""N"":""85.1""},""hL"":{""N"":""59.9""},""wL"":{""N"":""58.72015""},""tL"":{""N"":""95.36""},""hR"":{""N"":""41""},""wR"":{""N"":""45.953564""},""hE"":{""N"":""45.9""},""tR"":{""N"":""91.4""}}",a47854d8-3051-70fa-00ce-ac30661244a5
868032061578211,1783191600,data.qo,"{""tE"":{""N"":""85.28""},""hL"":{""N"":""61.7""},""wL"":{""N"":""58.61795""},""tL"":{""N"":""95.72""},""hR"":{""N"":""42""},""wR"":{""N"":""45.19604""},""hE"":{""N"":""48.4""},""tR"":{""N"":""91.4""}}",a47854d8-3051-70fa-00ce-ac30661244a5
868032061578211,1783195200,data.qo,"{""tE"":{""N"":""81.32""},""hL"":{""N"":""61.4""},""wL"":{""N"":""58.52085""},""tL"":{""N"":""96.08""},""hR"":{""N"":""47.3""},""wR"":{""N"":""44.99044""},""hE"":{""N"":""60.1""},""tR"":{""N"":""89.42""}}",a47854d8-3051-70fa-00ce-ac30661244a5
868032061578211,1783198800,data.qo,"{""tE"":{""N"":""80.6""},""hL"":{""N"":""61.5""},""wL"":{""N"":""58.68733""},""tL"":{""N"":""95.54""},""hR"":{""N"":""46.6""},""wR"":{""N"":""45.586926""},""hE"":{""N"":""57.9""},""tR"":{""N"":""88.88""}}",a47854d8-3051-70fa-00ce-ac30661244a5
868032061578211,1783202400,data.qo,"{""tE"":{""N"":""88.52""},""hL"":{""N"":""63.4""},""wL"":{""N"":""58.65592""},""tL"":{""N"":""95.72""},""hR"":{""N"":""45.5""},""wR"":{""N"":""45.855625""},""hE"":{""N"":""50.8""},""tR"":{""N"":""93.2""}}",a47854d8-3051-70fa-00ce-ac30661244a5
868032061578211,1783206000,data.qo,"{""tE"":{""N"":""82.94""},""hL"":{""N"":""64.5""},""wL"":{""N"":""58.72777""},""tL"":{""N"":""96.98""},""hR"":{""N"":""45.2""},""wR"":{""N"":""45.906334""},""hE"":{""N"":""58.5""},""tR"":{""N"":""92.84""}}",a47854d8-3051-70fa-00ce-ac30661244a5
868032061578211,1783209600,data.qo,"{""tE"":{""N"":""82.94""},""hL"":{""N"":""63.5""},""wL"":{""N"":""58.828808""},""tL"":{""N"":""96.98""},""hR"":{""N"":""48.6""},""wR"":{""N"":""45.648666""},""hE"":{""N"":""59.3""},""tR"":{""N"":""90.32""}}",a47854d8-3051-70fa-00ce-ac30661244a5
868032061578211,1783213200,data.qo,"{""tE"":{""N"":""80.42""},""hL"":{""N"":""62.2""},""wL"":{""N"":""58.857353""},""tL"":{""N"":""96.08""},""hR"":{""N"":""52.4""},""wR"":{""N"":""45.527405""},""hE"":{""N"":""63.3""},""tR"":{""N"":""86.9""}}",a47854d8-3051-70fa-00ce-ac30661244a5
868032061578211,1783216800,data.qo,"{""tE"":{""N"":""78.08""},""hL"":{""N"":""60.7""},""wL"":{""N"":""58.706993""},""tL"":{""N"":""95.54""},""hR"":{""N"":""52.5""},""wR"":{""N"":""45.185444""},""hE"":{""N"":""64.9""},""tR"":{""N"":""85.82""}}",a47854d8-3051-70fa-00ce-ac30661244a5
868032061578211,1783220400,data.qo,"{""tE"":{""N"":""75.92""},""hL"":{""N"":""55.6""},""wL"":{""N"":""58.64009""},""tL"":{""N"":""94.82""},""hR"":{""N"":""52""},""wR"":{""N"":""44.91418""},""hE"":{""N"":""66.7""},""tR"":{""N"":""84.92""}}",a47854d8-3051-70fa-00ce-ac30661244a5
868032061578211,1783224000,data.qo,"{""tE"":{""N"":""74.48""},""hL"":{""N"":""54.2""},""wL"":{""N"":""58.590958""},""tL"":{""N"":""94.28""},""hR"":{""N"":""52.5""},""wR"":{""N"":""44.72919""},""hE"":{""N"":""69.2""},""tR"":{""N"":""84.74""}}",a47854d8-3051-70fa-00ce-ac30661244a5
868032061578211,1783227600,data.qo,"{""tE"":{""N"":""73.58""},""hL"":{""N"":""55.2""},""wL"":{""N"":""58.516968""},""tL"":{""N"":""94.28""},""hR"":{""N"":""52""},""wR"":{""N"":""44.413116""},""hE"":{""N"":""71.8""},""tR"":{""N"":""84.56""}}",a47854d8-3051-70fa-00ce-ac30661244a5
868032061578211,1783231200,data.qo,"{""tE"":{""N"":""72.5""},""hL"":{""N"":""56.6""},""wL"":{""N"":""58.412487""},""tL"":{""N"":""93.92""},""hR"":{""N"":""54""},""wR"":{""N"":""44.05877""},""hE"":{""N"":""75.9""},""tR"":{""N"":""83.48""}}",a47854d8-3051-70fa-00ce-ac30661244a5
868032061578211,1783234800,data.qo,"{""tE"":{""N"":""70.34""},""hL"":{""N"":""56.8""},""wL"":{""N"":""58.445454""},""tL"":{""N"":""93.92""},""hR"":{""N"":""53""},""wR"":{""N"":""44.30434""},""hE"":{""N"":""76.2""},""tR"":{""N"":""82.58""}}",a47854d8-3051-70fa-00ce-ac30661244a5
868032061578211,1783238400,data.qo,"{""tE"":{""N"":""68.72""},""hL"":{""N"":""44.7""},""wL"":{""N"":""58.42142""},""tL"":{""N"":""93.56""},""hR"":{""N"":""51.2""},""wR"":{""N"":""44.296597""},""hE"":{""N"":""73.3""},""tR"":{""N"":""81.32""}}",a47854d8-3051-70fa-00ce-ac30661244a5
868032061578211,1783242000,data.qo,"{""tE"":{""N"":""67.46""},""hL"":{""N"":""38""},""wL"":{""N"":""58.278244""},""tL"":{""N"":""93.02""},""hR"":{""N"":""49.6""},""wR"":{""N"":""43.922073""},""hE"":{""N"":""74.5""},""tR"":{""N"":""82.04""}}",a47854d8-3051-70fa-00ce-ac30661244a5
868032061578211,1783245600,data.qo,"{""tE"":{""N"":""66.38""},""hL"":{""N"":""38""},""wL"":{""N"":""58.306404""},""tL"":{""N"":""93.02""},""hR"":{""N"":""49.1""},""wR"":{""N"":""44.063995""},""hE"":{""N"":""77.5""},""tR"":{""N"":""82.58""}}",a47854d8-3051-70fa-00ce-ac30661244a5
868032061578211,1783249200,data.qo,"{""tE"":{""N"":""65.84""},""hL"":{""N"":""38.1""},""wL"":{""N"":""58.393795""},""tL"":{""N"":""92.48""},""hR"":{""N"":""50.5""},""wR"":{""N"":""43.731663""},""hE"":{""N"":""78.3""},""tR"":{""N"":""81.32""}}",a47854d8-3051-70fa-00ce-ac30661244a5
868032061578211,1783252800,data.qo,"{""tE"":{""N"":""65.66""},""hL"":{""N"":""44.2""},""wL"":{""N"":""58.54736""},""tL"":{""N"":""92.48""},""hR"":{""N"":""50.8""},""wR"":{""N"":""44.30797""},""hE"":{""N"":""80.8""},""tR"":{""N"":""80.6""}}",a47854d8-3051-70fa-00ce-ac30661244a5
868032061578211,1783256400,data.qo,"{""tE"":{""N"":""66.74""},""hL"":{""N"":""53.9""},""wL"":{""N"":""58.840897""},""tL"":{""N"":""92.48""},""hR"":{""N"":""49.4""},""wR"":{""N"":""44.968376""},""hE"":{""N"":""78.5""},""tR"":{""N"":""82.94""}}",a47854d8-3051-70fa-00ce-ac30661244a5
868032061578211,1783260000,data.qo,"{""tE"":{""N"":""71.42""},""hL"":{""N"":""50.4""},""wL"":{""N"":""59.103165""},""tL"":{""N"":""92.66""},""hR"":{""N"":""49""},""wR"":{""N"":""45.42221""},""hE"":{""N"":""70.1""},""tR"":{""N"":""84.92""}}",a47854d8-3051-70fa-00ce-ac30661244a5
868032061578211,1783263600,data.qo,"{""tE"":{""N"":""73.94""},""hL"":{""N"":""60.1""},""wL"":{""N"":""59.260273""},""tL"":{""N"":""93.2""},""hR"":{""N"":""48.2""},""wR"":{""N"":""45.87745""},""hE"":{""N"":""66.1""},""tR"":{""N"":""86""}}",a47854d8-3051-70fa-00ce-ac30661244a5
868032061578211,1783267200,data.qo,"{""tE"":{""N"":""76.82""},""hL"":{""N"":""62.3""},""wL"":{""N"":""59.27387""},""tL"":{""N"":""94.46""},""hR"":{""N"":""49.6""},""wR"":{""N"":""46.460915""},""hE"":{""N"":""63.4""},""tR"":{""N"":""86.18""}}",a47854d8-3051-70fa-00ce-ac30661244a5
868032061578211,1783270800,data.qo,"{""tE"":{""N"":""78.08""},""hL"":{""N"":""57.3""},""wL"":{""N"":""59.175407""},""tL"":{""N"":""95.18""},""hR"":{""N"":""48.2""},""wR"":{""N"":""46.3758""},""hE"":{""N"":""61.5""},""tR"":{""N"":""87.08""}}",a47854d8-3051-70fa-00ce-ac30661244a5
868032061578211,1783274400,data.qo,"{""tE"":{""N"":""77""},""hL"":{""N"":""60.3""},""wL"":{""N"":""59.32499""},""tL"":{""N"":""95""},""hR"":{""N"":""47.9""},""wR"":{""N"":""46.526047""},""hE"":{""N"":""61""},""tR"":{""N"":""86.18""}}",a47854d8-3051-70fa-00ce-ac30661244a5
868032061578211,1783278000,data.qo,"{""tE"":{""N"":""76.28""},""hL"":{""N"":""58.7""},""wL"":{""N"":""59.389854""},""tL"":{""N"":""94.64""},""hR"":{""N"":""47.7""},""wR"":{""N"":""46.48051""},""hE"":{""N"":""61.9""},""tR"":{""N"":""86""}}",a47854d8-3051-70fa-00ce-ac30661244a5
868032061578211,1783281600,data.qo,"{""tE"":{""N"":""77.9""},""hL"":{""N"":""61.1""},""wL"":{""N"":""59.3934""},""tL"":{""N"":""94.64""},""hR"":{""N"":""48.5""},""wR"":{""N"":""46.989315""},""hE"":{""N"":""62.8""},""tR"":{""N"":""87.98""}}",a47854d8-3051-70fa-00ce-ac30661244a5
868032061578211,1783285200,data.qo,"{""tE"":{""N"":""82.94""},""hL"":{""N"":""64""},""wL"":{""N"":""59.399223""},""tL"":{""N"":""95.36""},""hR"":{""N"":""44.7""},""wR"":{""N"":""47.424812""},""hE"":{""N"":""51.9""},""tR"":{""N"":""90.32""}}",a47854d8-3051-70fa-00ce-ac30661244a5
868032061578211,1783288800,data.qo,"{""tE"":{""N"":""86.36""},""hL"":{""N"":""64.8""},""wL"":{""N"":""59.349655""},""tL"":{""N"":""96.44""},""hR"":{""N"":""41.9""},""wR"":{""N"":""47.273018""},""hE"":{""N"":""47.9""},""tR"":{""N"":""93.02""}}",a47854d8-3051-70fa-00ce-ac30661244a5
868032061578211,1783292400,data.qo,"{""tE"":{""N"":""84.38""},""hL"":{""N"":""63.4""},""wL"":{""N"":""59.300377""},""tL"":{""N"":""96.98""},""hR"":{""N"":""42.8""},""wR"":{""N"":""46.948284""},""hE"":{""N"":""50.9""},""tR"":{""N"":""91.76""}}",a47854d8-3051-70fa-00ce-ac30661244a5
868032061578211,1783296000,data.qo,"{""tE"":{""N"":""84.38""},""hL"":{""N"":""62""},""wL"":{""N"":""59.299065""},""tL"":{""N"":""96.26""},""hR"":{""N"":""47.2""},""wR"":{""N"":""46.423706""},""hE"":{""N"":""50.9""},""tR"":{""N"":""88.7""}}",a47854d8-3051-70fa-00ce-ac30661244a5
868032061578211,1783299600,data.qo,"{""tE"":{""N"":""77""},""hL"":{""N"":""60.1""},""wL"":{""N"":""59.32426""},""tL"":{""N"":""95.54""},""hR"":{""N"":""49.6""},""wR"":{""N"":""46.397476""},""hE"":{""N"":""63.3""},""tR"":{""N"":""85.46""}}",a47854d8-3051-70fa-00ce-ac30661244a5
868032061578211,1783303200,data.qo,"{""tE"":{""N"":""74.84""},""hL"":{""N"":""56.9""},""wL"":{""N"":""59.36087""},""tL"":{""N"":""94.82""},""hR"":{""N"":""52.4""},""wR"":{""N"":""46.54405""},""hE"":{""N"":""68.6""},""tR"":{""N"":""83.66""}}",a47854d8-3051-70fa-00ce-ac30661244a5
868032061578211,1783306800,data.qo,"{""tE"":{""N"":""73.76""},""hL"":{""N"":""55.9""},""wL"":{""N"":""59.19041""},""tL"":{""N"":""94.1""},""hR"":{""N"":""52.4""},""wR"":{""N"":""46.19933""},""hE"":{""N"":""69""},""tR"":{""N"":""83.66""}}",a47854d8-3051-70fa-00ce-ac30661244a5
868032061578211,1783310400,data.qo,"{""tE"":{""N"":""72.5""},""hL"":{""N"":""55.9""},""wL"":{""N"":""59.182156""},""tL"":{""N"":""94.1""},""hR"":{""N"":""52.4""},""wR"":{""N"":""46.318703""},""hE"":{""N"":""71.2""},""tR"":{""N"":""83.66""}}",a47854d8-3051-70fa-00ce-ac30661244a5
868032061578211,1783314000,data.qo,"{""tE"":{""N"":""71.42""},""hL"":{""N"":""43.5""},""wL"":{""N"":""59.11467""},""tL"":{""N"":""93.56""},""hR"":{""N"":""52.9""},""wR"":{""N"":""46.109566""},""hE"":{""N"":""73.1""},""tR"":{""N"":""82.94""}}",a47854d8-3051-70fa-00ce-ac30661244a5
868032061578211,1783317600,data.qo,"{""tE"":{""N"":""69.8""},""hL"":{""N"":""40.8""},""wL"":{""N"":""59.064957""},""tL"":{""N"":""93.2""},""hR"":{""N"":""53.3""},""wR"":{""N"":""45.591183""},""hE"":{""N"":""74.6""},""tR"":{""N"":""81.5""}}",a47854d8-3051-70fa-00ce-ac30661244a5
868032061578211,1783321200,data.qo,"{""tE"":{""N"":""68.54""},""hL"":{""N"":""52.5""},""wL"":{""N"":""59.03772""},""tL"":{""N"":""93.2""},""hR"":{""N"":""52.2""},""wR"":{""N"":""45.57226""},""hE"":{""N"":""76.4""},""tR"":{""N"":""81.86""}}",a47854d8-3051-70fa-00ce-ac30661244a5
868032061578211,1783324800,data.qo,"{""tE"":{""N"":""67.1""},""hL"":{""N"":""38.9""},""wL"":{""N"":""59.073742""},""tL"":{""N"":""92.84""},""hR"":{""N"":""51.7""},""wR"":{""N"":""45.497356""},""hE"":{""N"":""77.8""},""tR"":{""N"":""80.78""}}",a47854d8-3051-70fa-00ce-ac30661244a5
868032061578211,1783328400,data.qo,"{""tE"":{""N"":""66.38""},""hL"":{""N"":""53.7""},""wL"":{""N"":""59.122925""},""tL"":{""N"":""92.48""},""hR"":{""N"":""52.6""},""wR"":{""N"":""45.43813""},""hE"":{""N"":""78.8""},""tR"":{""N"":""80.06""}}",a47854d8-3051-70fa-00ce-ac30661244a5
868032061578211,1783332000,data.qo,"{""tE"":{""N"":""65.84""},""hL"":{""N"":""53.8""},""wL"":{""N"":""59.1522""},""tL"":{""N"":""92.3""},""hR"":{""N"":""52.5""},""wR"":{""N"":""45.525665""},""hE"":{""N"":""80.7""},""tR"":{""N"":""80.06""}}",a47854d8-3051-70fa-00ce-ac30661244a5
868032061578211,1783335600,data.qo,"{""tE"":{""N"":""65.12""},""hL"":{""N"":""46.9""},""wL"":{""N"":""59.199924""},""tL"":{""N"":""92.3""},""hR"":{""N"":""52.5""},""wR"":{""N"":""45.577003""},""hE"":{""N"":""81.4""},""tR"":{""N"":""79.52""}}",a47854d8-3051-70fa-00ce-ac30661244a5
868032061578211,1783339200,data.qo,"{""tE"":{""N"":""65.66""},""hL"":{""N"":""55.7""},""wL"":{""N"":""59.36854""},""tL"":{""N"":""92.48""},""hR"":{""N"":""52.9""},""wR"":{""N"":""45.866123""},""hE"":{""N"":""80.9""},""tR"":{""N"":""79.52""}}",a47854d8-3051-70fa-00ce-ac30661244a5
868032061578211,1783342800,data.qo,"{""tE"":{""N"":""66.74""},""hL"":{""N"":""55.9""},""wL"":{""N"":""59.511425""},""tL"":{""N"":""92.48""},""hR"":{""N"":""54""},""wR"":{""N"":""46.229908""},""hE"":{""N"":""81""},""tR"":{""N"":""82.4""}}",a47854d8-3051-70fa-00ce-ac30661244a5
868032061578211,1783346400,data.qo,"{""tE"":{""N"":""67.82""},""hL"":{""N"":""56.8""},""wL"":{""N"":""59.73092""},""tL"":{""N"":""92.48""},""hR"":{""N"":""51.2""},""wR"":{""N"":""46.463577""},""hE"":{""N"":""78.2""},""tR"":{""N"":""82.4""}}",a47854d8-3051-70fa-00ce-ac30661244a5
868032061578211,1783350000,data.qo,"{""tE"":{""N"":""68.72""},""hL"":{""N"":""59.4""},""wL"":{""N"":""59.874775""},""tL"":{""N"":""93.02""},""hR"":{""N"":""52""},""wR"":{""N"":""46.6926""},""hE"":{""N"":""78.4""},""tR"":{""N"":""82.58""}}",a47854d8-3051-70fa-00ce-ac30661244a5
868032061578211,1783353600,data.qo,"{""tE"":{""N"":""69.8""},""hL"":{""N"":""61.4""},""wL"":{""N"":""59.96566""},""tL"":{""N"":""93.2""},""hR"":{""N"":""52.3""},""wR"":{""N"":""47.0634""},""hE"":{""N"":""77.6""},""tR"":{""N"":""82.94""}}",a47854d8-3051-70fa-00ce-ac30661244a5
868032061578211,1783357200,data.qo,"{""tE"":{""N"":""73.04""},""hL"":{""N"":""63.1""},""wL"":{""N"":""60.153404""},""tL"":{""N"":""93.2""},""hR"":{""N"":""53.3""},""wR"":{""N"":""47.666416""},""hE"":{""N"":""74.4""},""tR"":{""N"":""84.2""}}",a47854d8-3051-70fa-00ce-ac30661244a5
868032061578211,1783360800,data.qo,"{""tE"":{""N"":""76.28""},""hL"":{""N"":""62.9""},""wL"":{""N"":""60.21487""},""tL"":{""N"":""94.64""},""hR"":{""N"":""51.3""},""wR"":{""N"":""48.058945""},""hE"":{""N"":""68.9""},""tR"":{""N"":""86.54""}}",a47854d8-3051-70fa-00ce-ac30661244a5
868032061578211,1783364400,data.qo,"{""tE"":{""N"":""78.26""},""hL"":{""N"":""62.2""},""wL"":{""N"":""60.395817""},""tL"":{""N"":""95""},""hR"":{""N"":""48""},""wR"":{""N"":""48.445034""},""hE"":{""N"":""59.7""},""tR"":{""N"":""87.62""}}",a47854d8-3051-70fa-00ce-ac30661244a5
868032061578211,1783368000,data.qo,"{""tE"":{""N"":""80.96""},""hL"":{""N"":""58.2""},""wL"":{""N"":""60.38033""},""tL"":{""N"":""95""},""hR"":{""N"":""46.9""},""wR"":{""N"":""48.70619""},""hE"":{""N"":""54.6""},""tR"":{""N"":""88.34""}}",a47854d8-3051-70fa-00ce-ac30661244a5
868032061578211,1783371600,data.qo,"{""tE"":{""N"":""80.6""},""hL"":{""N"":""63.5""},""wL"":{""N"":""60.07315""},""tL"":{""N"":""95.54""},""hR"":{""N"":""46.4""},""wR"":{""N"":""47.85392""},""hE"":{""N"":""57.1""},""tR"":{""N"":""90.5""}}",a47854d8-3051-70fa-00ce-ac30661244a5
868032061578211,1783375200,data.qo,"{""tE"":{""N"":""77.18""},""hL"":{""N"":""63.2""},""wL"":{""N"":""60.009647""},""tL"":{""N"":""95.18""},""hR"":{""N"":""49.7""},""wR"":{""N"":""47.370716""},""hE"":{""N"":""67.4""},""tR"":{""N"":""88.16""}}",a47854d8-3051-70fa-00ce-ac30661244a5
868032061578211,1783378800,data.qo,"{""tE"":{""N"":""73.76""},""hL"":{""N"":""53.4""},""wL"":{""N"":""60.051933""},""tL"":{""N"":""95""},""hR"":{""N"":""48.8""},""wR"":{""N"":""47.90052""},""hE"":{""N"":""66.5""},""tR"":{""N"":""84.74""}}",a47854d8-3051-70fa-00ce-ac30661244a5
868032061578211,1783382400,data.qo,"{""tE"":{""N"":""73.22""},""hL"":{""N"":""52.1""},""wL"":{""N"":""60.118935""},""tL"":{""N"":""94.46""},""hR"":{""N"":""48.6""},""wR"":{""N"":""47.732273""},""hE"":{""N"":""66.3""},""tR"":{""N"":""84.38""}}",a47854d8-3051-70fa-00ce-ac30661244a5
868032061578211,1783386000,data.qo,"{""tE"":{""N"":""71.06""},""hL"":{""N"":""46.2""},""wL"":{""N"":""60.327847""},""tL"":{""N"":""94.28""},""hR"":{""N"":""52""},""wR"":{""N"":""48.097023""},""hE"":{""N"":""71.9""},""tR"":{""N"":""81.68""}}",a47854d8-3051-70fa-00ce-ac30661244a5
868032061578211,1783389600,data.qo,"{""tE"":{""N"":""70.52""},""hL"":{""N"":""39.8""},""wL"":{""N"":""60.233757""},""tL"":{""N"":""93.56""},""hR"":{""N"":""53.9""},""wR"":{""N"":""48.029427""},""hE"":{""N"":""72""},""tR"":{""N"":""79.88""}}",a47854d8-3051-70fa-00ce-ac30661244a5
868032061578211,1783393200,data.qo,"{""tE"":{""N"":""69.8""},""hL"":{""N"":""41""},""wL"":{""N"":""60.143402""},""tL"":{""N"":""93.2""},""hR"":{""N"":""53.5""},""wR"":{""N"":""47.81816""},""hE"":{""N"":""73.2""},""tR"":{""N"":""80.42""}}",a47854d8-3051-70fa-00ce-ac30661244a5
868032061578211,1783396800,data.qo,"{""tE"":{""N"":""68.9""},""hL"":{""N"":""40.6""},""wL"":{""N"":""60.223705""},""tL"":{""N"":""93.2""},""hR"":{""N"":""55.1""},""wR"":{""N"":""48.00049""},""hE"":{""N"":""77.9""},""tR"":{""N"":""80.06""}}",a47854d8-3051-70fa-00ce-ac30661244a5
868032061578211,1783400400,data.qo,"{""tE"":{""N"":""68.72""},""hL"":{""N"":""42.8""},""wL"":{""N"":""60.160686""},""tL"":{""N"":""93.02""},""hR"":{""N"":""55.4""},""wR"":{""N"":""47.949005""},""hE"":{""N"":""78.5""},""tR"":{""N"":""80.24""}}",a47854d8-3051-70fa-00ce-ac30661244a5
868032061578211,1783404000,data.qo,"{""tE"":{""N"":""68""},""hL"":{""N"":""40.5""},""wL"":{""N"":""60.04883""},""tL"":{""N"":""92.66""},""hR"":{""N"":""54.8""},""wR"":{""N"":""47.714466""},""hE"":{""N"":""78.5""},""tR"":{""N"":""80.24""}}",a47854d8-3051-70fa-00ce-ac30661244a5
868032061578211,1783407600,data.qo,"{""tE"":{""N"":""67.1""},""hL"":{""N"":""40.6""},""wL"":{""N"":""60.09602""},""tL"":{""N"":""92.3""},""hR"":{""N"":""55.1""},""wR"":{""N"":""47.67498""},""hE"":{""N"":""79.9""},""tR"":{""N"":""79.52""}}",a47854d8-3051-70fa-00ce-ac30661244a5
868032061578211,1783411200,data.qo,"{""tE"":{""N"":""66.38""},""hL"":{""N"":""52.2""},""wL"":{""N"":""60.101406""},""tL"":{""N"":""92.48""},""hR"":{""N"":""54.7""},""wR"":{""N"":""47.458492""},""hE"":{""N"":""81.1""},""tR"":{""N"":""79.34""}}",a47854d8-3051-70fa-00ce-ac30661244a5
868032061578211,1783414800,data.qo,"{""tE"":{""N"":""65.84""},""hL"":{""N"":""40.5""},""wL"":{""N"":""60.0598""},""tL"":{""N"":""92.3""},""hR"":{""N"":""55.8""},""wR"":{""N"":""47.2916""},""hE"":{""N"":""81.8""},""tR"":{""N"":""78.26""}}",a47854d8-3051-70fa-00ce-ac30661244a5
868032061578211,1783418400,data.qo,"{""tE"":{""N"":""64.76""},""hL"":{""N"":""39.7""},""wL"":{""N"":""60.070625""},""tL"":{""N"":""91.94""},""hR"":{""N"":""54.7""},""wR"":{""N"":""47.55014""},""hE"":{""N"":""83.6""},""tR"":{""N"":""78.44""}}",a47854d8-3051-70fa-00ce-ac30661244a5
868032061578211,1783422000,data.qo,"{""tE"":{""N"":""64.58""},""hL"":{""N"":""39.9""},""wL"":{""N"":""60.03742""},""tL"":{""N"":""91.76""},""hR"":{""N"":""55.8""},""wR"":{""N"":""47.38547""},""hE"":{""N"":""83.4""},""tR"":{""N"":""77.36""}}",a47854d8-3051-70fa-00ce-ac30661244a5
868032061578211,1783425600,data.qo,"{""tE"":{""N"":""64.4""},""hL"":{""N"":""54.3""},""wL"":{""N"":""60.086113""},""tL"":{""N"":""91.94""},""hR"":{""N"":""57.6""},""wR"":{""N"":""47.397133""},""hE"":{""N"":""84.8""},""tR"":{""N"":""76.28""}}",a47854d8-3051-70fa-00ce-ac30661244a5
868032061578211,1783429200,data.qo,"{""tE"":{""N"":""64.4""},""hL"":{""N"":""52.4""},""wL"":{""N"":""60.24128""},""tL"":{""N"":""91.94""},""hR"":{""N"":""56.7""},""wR"":{""N"":""48.15122""},""hE"":{""N"":""84.8""},""tR"":{""N"":""78.44""}}",a47854d8-3051-70fa-00ce-ac30661244a5
868032061578211,1783432800,data.qo,"{""tE"":{""N"":""69.98""},""hL"":{""N"":""60.3""},""wL"":{""N"":""60.432133""},""tL"":{""N"":""92.84""},""hR"":{""N"":""56.8""},""wR"":{""N"":""48.28535""},""hE"":{""N"":""80""},""tR"":{""N"":""80.6""}}",a47854d8-3051-70fa-00ce-ac30661244a5
868032061578211,1783436400,data.qo,"{""tE"":{""N"":""71.96""},""hL"":{""N"":""58.5""},""wL"":{""N"":""60.653427""},""tL"":{""N"":""93.56""},""hR"":{""N"":""54.1""},""wR"":{""N"":""49.05942""},""hE"":{""N"":""77.2""},""tR"":{""N"":""84.02""}}",a47854d8-3051-70fa-00ce-ac30661244a5
868032061578211,1783440000,data.qo,"{""tE"":{""N"":""74.48""},""hL"":{""N"":""61.5""},""wL"":{""N"":""60.801067""},""tL"":{""N"":""94.46""},""hR"":{""N"":""52.1""},""wR"":{""N"":""49.71368""},""hE"":{""N"":""71.8""},""tR"":{""N"":""85.82""}}",a47854d8-3051-70fa-00ce-ac30661244a5
868032061578211,1783443600,data.qo,"{""tE"":{""N"":""75.92""},""hL"":{""N"":""62.5""},""wL"":{""N"":""60.922733""},""tL"":{""N"":""95""},""hR"":{""N"":""50.5""},""wR"":{""N"":""50.064644""},""hE"":{""N"":""66.4""},""tR"":{""N"":""86.18""}}",a47854d8-3051-70fa-00ce-ac30661244a5
868032061578211,1783447200,data.qo,"{""tE"":{""N"":""77""},""hL"":{""N"":""64.3""},""wL"":{""N"":""61.26181""},""tL"":{""N"":""95""},""hR"":{""N"":""49.8""},""wR"":{""N"":""50.472557""},""hE"":{""N"":""63.9""},""tR"":{""N"":""86.54""}}",a47854d8-3051-70fa-00ce-ac30661244a5
868032061578211,1783450800,data.qo,"{""tE"":{""N"":""79.16""},""hL"":{""N"":""63.7""},""wL"":{""N"":""61.395226""},""tL"":{""N"":""94.28""},""hR"":{""N"":""49.2""},""wR"":{""N"":""50.710533""},""hE"":{""N"":""60.5""},""tR"":{""N"":""87.08""}}",a47854d8-3051-70fa-00ce-ac30661244a5
868032061578211,1783454400,data.qo,"{""tE"":{""N"":""80.96""},""hL"":{""N"":""62.1""},""wL"":{""N"":""61.2488""},""tL"":{""N"":""95""},""hR"":{""N"":""46.9""},""wR"":{""N"":""50.610126""},""hE"":{""N"":""55.1""},""tR"":{""N"":""88.34""}}",a47854d8-3051-70fa-00ce-ac30661244a5
868032061578211,1783458000,data.qo,"{""tE"":{""N"":""81.5""},""hL"":{""N"":""66.4""},""wL"":{""N"":""57.208973""},""tL"":{""N"":""95""},""hR"":{""N"":""45.8""},""wR"":{""N"":""48.6097""},""hE"":{""N"":""55.5""},""tR"":{""N"":""89.06""}}",a47854d8-3051-70fa-00ce-ac30661244a5
868032061578211,1783461600,data.qo,"{""tE"":{""N"":""87.26""},""hL"":{""N"":""66.4""},""wL"":{""N"":""57.38162""},""tL"":{""N"":""95""},""hR"":{""N"":""43.3""},""wR"":{""N"":""48.483166""},""hE"":{""N"":""48.6""},""tR"":{""N"":""95.36""}}",a47854d8-3051-70fa-00ce-ac30661244a5
868032061578211,1783465200,data.qo,"{""tE"":{""N"":""89.42""},""hL"":{""N"":""58.9""},""wL"":{""N"":""57.061913""},""tL"":{""N"":""97.52""},""hR"":{""N"":""45""},""wR"":{""N"":""48.62136""},""hE"":{""N"":""49.7""},""tR"":{""N"":""93.38""}}",a47854d8-3051-70fa-00ce-ac30661244a5
868032061578211,1783468800,data.qo,"{""tE"":{""N"":""87.98""},""hL"":{""N"":""61.3""},""wL"":{""N"":""57.281166""},""tL"":{""N"":""97.7""},""hR"":{""N"":""45.5""},""wR"":{""N"":""47.725933""},""hE"":{""N"":""51.7""},""tR"":{""N"":""93.02""}}",a47854d8-3051-70fa-00ce-ac30661244a5
868032061578211,1783472400,data.qo,"{""tE"":{""N"":""73.94""},""hL"":{""N"":""60.2""},""wL"":{""N"":""57.504887""},""tL"":{""N"":""95.18""},""hR"":{""N"":""50.2""},""wR"":{""N"":""47.639416""},""hE"":{""N"":""76.4""},""tR"":{""N"":""86.9""}}",a47854d8-3051-70fa-00ce-ac30661244a5
868032061578211,1783476000,data.qo,"{""tE"":{""N"":""69.26""},""hL"":{""N"":""54""},""wL"":{""N"":""57.379868""},""tL"":{""N"":""94.64""},""hR"":{""N"":""54.4""},""wR"":{""N"":""47.491055""},""hE"":{""N"":""84.5""},""tR"":{""N"":""81.68""}}",a47854d8-3051-70fa-00ce-ac30661244a5
868032061578211,1783479600,data.qo,"{""tE"":{""N"":""69.08""},""hL"":{""N"":""51.5""},""wL"":{""N"":""57.28966""},""tL"":{""N"":""93.56""},""hR"":{""N"":""57.8""},""wR"":{""N"":""47.408215""},""hE"":{""N"":""85.4""},""tR"":{""N"":""81.32""}}",a47854d8-3051-70fa-00ce-ac30661244a5
868032061578211,1783483200,data.qo,"{""tE"":{""N"":""68.9""},""hL"":{""N"":""51.2""},""wL"":{""N"":""57.255726""},""tL"":{""N"":""93.74""},""hR"":{""N"":""58""},""wR"":{""N"":""47.335293""},""hE"":{""N"":""86.4""},""tR"":{""N"":""81.5""}}",a47854d8-3051-70fa-00ce-ac30661244a5
868032061578211,1783486740,data.qo,"{""tE"":{""N"":""68.9""},""hL"":{""N"":""52.9""},""wL"":{""N"":""57.185715""},""tL"":{""N"":""93.74""},""hR"":{""N"":""59.6""},""wR"":{""N"":""47.27094""},""hE"":{""N"":""88.2""},""tR"":{""N"":""80.6""}}",a47854d8-3051-70fa-00ce-ac30661244a5
868032061578211,1783490400,data.qo,"{""tE"":{""N"":""68.18""},""hL"":{""N"":""51""},""wL"":{""N"":""57.195038""},""tL"":{""N"":""94.28""},""hR"":{""N"":""60""},""wR"":{""N"":""47.301956""},""hE"":{""N"":""88.6""},""tR"":{""N"":""79.88""}}",a47854d8-3051-70fa-00ce-ac30661244a5
868032061578211,1783494000,data.qo,"{""tE"":{""N"":""67.82""},""hL"":{""N"":""50.8""},""wL"":{""N"":""57.20528""},""tL"":{""N"":""94.28""},""hR"":{""N"":""59.9""},""wR"":{""N"":""47.38736""},""hE"":{""N"":""88.6""},""tR"":{""N"":""79.88""}}",a47854d8-3051-70fa-00ce-ac30661244a5
868032061578211,1783497600,data.qo,"{""tE"":{""N"":""67.28""},""hL"":{""N"":""49.8""},""wL"":{""N"":""57.152264""},""tL"":{""N"":""93.92""},""hR"":{""N"":""60.7""},""wR"":{""N"":""47.644062""},""hE"":{""N"":""89.1""},""tR"":{""N"":""78.62""}}",a47854d8-3051-70fa-00ce-ac30661244a5
868032061578211,1783501200,data.qo,"{""tE"":{""N"":""66.74""},""hL"":{""N"":""51.1""},""wL"":{""N"":""57.132553""},""tL"":{""N"":""93.92""},""hR"":{""N"":""60""},""wR"":{""N"":""47.819324""},""hE"":{""N"":""89""},""tR"":{""N"":""78.44""}}",a47854d8-3051-70fa-00ce-ac30661244a5
868032061578211,1783504800,data.qo,"{""tE"":{""N"":""65.84""},""hL"":{""N"":""52.6""},""wL"":{""N"":""57.21407""},""tL"":{""N"":""93.74""},""hR"":{""N"":""60.7""},""wR"":{""N"":""47.91552""},""hE"":{""N"":""89.8""},""tR"":{""N"":""77.54""}}",a47854d8-3051-70fa-00ce-ac30661244a5
868032061578211,1783508400,data.qo,"{""tE"":{""N"":""65.66""},""hL"":{""N"":""51.9""},""wL"":{""N"":""57.267765""},""tL"":{""N"":""93.92""},""hR"":{""N"":""60""},""wR"":{""N"":""48.1834""},""hE"":{""N"":""89.7""},""tR"":{""N"":""77.9""}}",a47854d8-3051-70fa-00ce-ac30661244a5
868032061578211,1783512000,data.qo,"{""tE"":{""N"":""65.66""},""hL"":{""N"":""56.2""},""wL"":{""N"":""57.387684""},""tL"":{""N"":""93.56""},""hR"":{""N"":""60""},""wR"":{""N"":""48.337852""},""hE"":{""N"":""89.4""},""tR"":{""N"":""77.9""}}",a47854d8-3051-70fa-00ce-ac30661244a5
868032061578211,1783515600,data.qo,"{""tE"":{""N"":""67.1""},""hL"":{""N"":""58.9""},""wL"":{""N"":""57.282623""},""tL"":{""N"":""93.2""},""hR"":{""N"":""60.7""},""wR"":{""N"":""48.323387""},""hE"":{""N"":""90.2""},""tR"":{""N"":""78.8""}}",a47854d8-3051-70fa-00ce-ac30661244a5
868032061578211,1783519200,data.qo,"{""tE"":{""N"":""69.08""},""hL"":{""N"":""57.2""},""wL"":{""N"":""57.069874""},""tL"":{""N"":""93.38""},""hR"":{""N"":""59.9""},""wR"":{""N"":""48.2704""},""hE"":{""N"":""86.9""},""tR"":{""N"":""80.06""}}",a47854d8-3051-70fa-00ce-ac30661244a5
868032061578211,1783522800,data.qo,"{""tE"":{""N"":""71.6""},""hL"":{""N"":""58.6""},""wL"":{""N"":""56.971706""},""tL"":{""N"":""93.92""},""hR"":{""N"":""57.9""},""wR"":{""N"":""48.56199""},""hE"":{""N"":""79.7""},""tR"":{""N"":""81.86""}}",a47854d8-3051-70fa-00ce-ac30661244a5
868032061578211,1783526400,data.qo,"{""tE"":{""N"":""71.6""},""hL"":{""N"":""59.2""},""wL"":{""N"":""57.384434""},""tL"":{""N"":""94.46""},""hR"":{""N"":""57.1""},""wR"":{""N"":""49.133503""},""hE"":{""N"":""79.7""},""tR"":{""N"":""83.48""}}",a47854d8-3051-70fa-00ce-ac30661244a5
868032061578211,1783530000,data.qo,"{""tE"":{""N"":""76.1""},""hL"":{""N"":""58.2""},""wL"":{""N"":""57.59315""},""tL"":{""N"":""95.36""},""hR"":{""N"":""52.9""},""wR"":{""N"":""49.4504""},""hE"":{""N"":""66.3""},""tR"":{""N"":""85.64""}}",a47854d8-3051-70fa-00ce-ac30661244a5
868032061578211,1783533600,data.qo,"{""tE"":{""N"":""77.54""},""hL"":{""N"":""61.7""},""wL"":{""N"":""57.824203""},""tL"":{""N"":""95.72""},""hR"":{""N"":""51.4""},""wR"":{""N"":""49.845493""},""hE"":{""N"":""63""},""tR"":{""N"":""86""}}",a47854d8-3051-70fa-00ce-ac30661244a5
868032061578211,1783537200,data.qo,"{""tE"":{""N"":""78.98""},""hL"":{""N"":""55.3""},""wL"":{""N"":""57.93067""},""tL"":{""N"":""95.72""},""hR"":{""N"":""50""},""wR"":{""N"":""50.042675""},""hE"":{""N"":""59.7""},""tR"":{""N"":""86.54""}}",a47854d8-3051-70fa-00ce-ac30661244a5
868032061578211,1783540800,data.qo,"{""tE"":{""N"":""80.06""},""hL"":{""N"":""56.4""},""wL"":{""N"":""58.012333""},""tL"":{""N"":""96.44""},""hR"":{""N"":""52.1""},""wR"":{""N"":""50.166306""},""hE"":{""N"":""60.1""},""tR"":{""N"":""88.52""}}",a47854d8-3051-70fa-00ce-ac30661244a5
868032061578211,1783544400,data.qo,"{""tE"":{""N"":""78.98""},""hL"":{""N"":""60""},""wL"":{""N"":""57.948006""},""tL"":{""N"":""96.62""},""hR"":{""N"":""50.9""},""wR"":{""N"":""49.856815""},""hE"":{""N"":""65.6""},""tR"":{""N"":""89.24""}}",a47854d8-3051-70fa-00ce-ac30661244a5
868032061578211,1783548000,data.qo,"{""tE"":{""N"":""82.22""},""hL"":{""N"":""62.6""},""wL"":{""N"":""58.143127""},""tL"":{""N"":""96.62""},""hR"":{""N"":""53.7""},""wR"":{""N"":""49.97996""},""hE"":{""N"":""64.2""},""tR"":{""N"":""88.34""}}",a47854d8-3051-70fa-00ce-ac30661244a5
868032061578211,1783551600,data.qo,"{""tE"":{""N"":""76.1""},""hL"":{""N"":""60.5""},""wL"":{""N"":""58.42739""},""tL"":{""N"":""96.08""},""hR"":{""N"":""54.4""},""wR"":{""N"":""49.79778""},""hE"":{""N"":""72.7""},""tR"":{""N"":""84.74""}}",a47854d8-3051-70fa-00ce-ac30661244a5
868032061578211,1783555200,data.qo,"{""tE"":{""N"":""71.24""},""hL"":{""N"":""58.2""},""wL"":{""N"":""58.24688""},""tL"":{""N"":""95.72""},""hR"":{""N"":""58.2""},""wR"":{""N"":""50.536236""},""hE"":{""N"":""81.2""},""tR"":{""N"":""80.96""}}",a47854d8-3051-70fa-00ce-ac30661244a5
868032061578211,1783558800,data.qo,"{""tE"":{""N"":""69.8""},""hL"":{""N"":""61.1""},""wL"":{""N"":""58.19576""},""tL"":{""N"":""95""},""hR"":{""N"":""63""},""wR"":{""N"":""50.627934""},""hE"":{""N"":""86""},""tR"":{""N"":""78.08""}}",a47854d8-3051-70fa-00ce-ac30661244a5
868032061578211,1783562400,data.qo,"{""tE"":{""N"":""69.44""},""hL"":{""N"":""58.6""},""wL"":{""N"":""58.169346""},""tL"":{""N"":""94.28""},""hR"":{""N"":""63.9""},""wR"":{""N"":""50.63408""},""hE"":{""N"":""86""},""tR"":{""N"":""77.72""}}",a47854d8-3051-70fa-00ce-ac30661244a5
868032061578211,1783566000,data.qo,"{""tE"":{""N"":""68.54""},""hL"":{""N"":""58.6""},""wL"":{""N"":""58.14876""},""tL"":{""N"":""94.28""},""hR"":{""N"":""63.8""},""wR"":{""N"":""50.663982""},""hE"":{""N"":""87.1""},""tR"":{""N"":""77.18""}}",a47854d8-3051-70fa-00ce-ac30661244a5
868032061578211,1783569600,data.qo,"{""tE"":{""N"":""68.54""},""hL"":{""N"":""56.3""},""wL"":{""N"":""58.08783""},""tL"":{""N"":""94.64""},""hR"":{""N"":""64.9""},""wR"":{""N"":""50.510204""},""hE"":{""N"":""87.2""},""tR"":{""N"":""77""}}",a47854d8-3051-70fa-00ce-ac30661244a5
868032061578211,1783573200,data.qo,"{""tE"":{""N"":""68.54""},""hL"":{""N"":""56.3""},""wL"":{""N"":""58.064285""},""tL"":{""N"":""94.64""},""hR"":{""N"":""65.4""},""wR"":{""N"":""50.32144""},""hE"":{""N"":""87.7""},""tR"":{""N"":""77""}}",a47854d8-3051-70fa-00ce-ac30661244a5
868032061578211,1783576800,data.qo,"{""tE"":{""N"":""68.36""},""hL"":{""N"":""55.2""},""wL"":{""N"":""58.0001""},""tL"":{""N"":""94.46""},""hR"":{""N"":""65.1""},""wR"":{""N"":""50.325794""},""hE"":{""N"":""87.6""},""tR"":{""N"":""76.82""}}",a47854d8-3051-70fa-00ce-ac30661244a5
868032061578211,1783580400,data.qo,"{""tE"":{""N"":""68""},""hL"":{""N"":""55.6""},""wL"":{""N"":""57.97092""},""tL"":{""N"":""95""},""hR"":{""N"":""64""},""wR"":{""N"":""50.491673""},""hE"":{""N"":""87.6""},""tR"":{""N"":""76.82""}}",a47854d8-3051-70fa-00ce-ac30661244a5
868032061578211,1783584000,data.qo,"{""tE"":{""N"":""67.1""},""hL"":{""N"":""51""},""wL"":{""N"":""57.918003""},""tL"":{""N"":""95""},""hR"":{""N"":""64.2""},""wR"":{""N"":""50.462154""},""hE"":{""N"":""86.5""},""tR"":{""N"":""75.92""}}",a47854d8-3051-70fa-00ce-ac30661244a5
868032061578211,1783587600,data.qo,"{""tE"":{""N"":""67.1""},""hL"":{""N"":""53.1""},""wL"":{""N"":""57.808228""},""tL"":{""N"":""94.64""},""hR"":{""N"":""64.1""},""wR"":{""N"":""50.15687""},""hE"":{""N"":""86.5""},""tR"":{""N"":""75.38""}}",a47854d8-3051-70fa-00ce-ac30661244a5
868032061578211,1783591200,data.qo,"{""tE"":{""N"":""66.38""},""hL"":{""N"":""53.5""},""wL"":{""N"":""57.864597""},""tL"":{""N"":""94.46""},""hR"":{""N"":""64.1""},""wR"":{""N"":""50.269905""},""hE"":{""N"":""87.2""},""tR"":{""N"":""75.2""}}",a47854d8-3051-70fa-00ce-ac30661244a5
868032061578211,1783594800,data.qo,"{""tE"":{""N"":""66.56""},""hL"":{""N"":""54.1""},""wL"":{""N"":""57.82192""},""tL"":{""N"":""94.64""},""hR"":{""N"":""63.7""},""wR"":{""N"":""50.36523""},""hE"":{""N"":""87""},""tR"":{""N"":""75.2""}}",a47854d8-3051-70fa-00ce-ac30661244a5
868032061578211,1783598400,data.qo,"{""tE"":{""N"":""66.38""},""hL"":{""N"":""54.4""},""wL"":{""N"":""57.93936""},""tL"":{""N"":""94.28""},""hR"":{""N"":""64.6""},""wR"":{""N"":""50.630787""},""hE"":{""N"":""87.1""},""tR"":{""N"":""74.48""}}",a47854d8-3051-70fa-00ce-ac30661244a5
868032061578211,1783602000,data.qo,"{""tE"":{""N"":""67.46""},""hL"":{""N"":""57.9""},""wL"":{""N"":""57.900036""},""tL"":{""N"":""93.56""},""hR"":{""N"":""65.4""},""wR"":{""N"":""50.762936""},""hE"":{""N"":""86.6""},""tR"":{""N"":""75.02""}}",a47854d8-3051-70fa-00ce-ac30661244a5
868032061578211,1783605600,data.qo,"{""tE"":{""N"":""68.9""},""hL"":{""N"":""53.2""},""wL"":{""N"":""58.00277""},""tL"":{""N"":""93.56""},""hR"":{""N"":""65.4""},""wR"":{""N"":""50.723305""},""hE"":{""N"":""83.3""},""tR"":{""N"":""75.02""}}",a47854d8-3051-70fa-00ce-ac30661244a5
868032061578211,1783609200,data.qo,"{""tE"":{""N"":""70.7""},""hL"":{""N"":""57.4""},""wL"":{""N"":""57.877754""},""tL"":{""N"":""94.64""},""hR"":{""N"":""59""},""wR"":{""N"":""50.975845""},""hE"":{""N"":""77.6""},""tR"":{""N"":""80.24""}}",a47854d8-3051-70fa-00ce-ac30661244a5
868032061578211,1783612800,data.qo,"{""tE"":{""N"":""72.68""},""hL"":{""N"":""59.4""},""wL"":{""N"":""58.03015""},""tL"":{""N"":""95.54""},""hR"":{""N"":""54.8""},""wR"":{""N"":""51.206562""},""hE"":{""N"":""69.9""},""tR"":{""N"":""82.58""}}",a47854d8-3051-70fa-00ce-ac30661244a5
868032061578211,1783616400,data.qo,"{""tE"":{""N"":""73.4""},""hL"":{""N"":""58.6""},""wL"":{""N"":""58.175705""},""tL"":{""N"":""95.9""},""hR"":{""N"":""52.5""},""wR"":{""N"":""51.26327""},""hE"":{""N"":""67.9""},""tR"":{""N"":""84.02""}}",a47854d8-3051-70fa-00ce-ac30661244a5
868032061578211,1783620000,data.qo,"{""tE"":{""N"":""73.76""},""hL"":{""N"":""49.1""},""wL"":{""N"":""58.264893""},""tL"":{""N"":""95.36""},""hR"":{""N"":""52.5""},""wR"":{""N"":""51.46418""},""hE"":{""N"":""68.1""},""tR"":{""N"":""84.02""}}",a47854d8-3051-70fa-00ce-ac30661244a5
868032061578211,1783623600,data.qo,"{""tE"":{""N"":""75.02""},""hL"":{""N"":""50.9""},""wL"":{""N"":""58.42817""},""tL"":{""N"":""95.9""},""hR"":{""N"":""52.8""},""wR"":{""N"":""51.7383""},""hE"":{""N"":""65.6""},""tR"":{""N"":""83.66""}}",a47854d8-3051-70fa-00ce-ac30661244a5
868032061578211,1783627200,data.qo,"{""tE"":{""N"":""77""},""hL"":{""N"":""49.4""},""wL"":{""N"":""58.32859""},""tL"":{""N"":""95.72""},""hR"":{""N"":""50""},""wR"":{""N"":""51.569283""},""hE"":{""N"":""59.7""},""tR"":{""N"":""84.56""}}",a47854d8-3051-70fa-00ce-ac30661244a5
868032061578211,1783630800,data.qo,"{""tE"":{""N"":""78.98""},""hL"":{""N"":""59.3""},""wL"":{""N"":""58.321163""},""tL"":{""N"":""95.9""},""hR"":{""N"":""49.2""},""wR"":{""N"":""51.680622""},""hE"":{""N"":""56.1""},""tR"":{""N"":""85.46""}}",a47854d8-3051-70fa-00ce-ac30661244a5
868032061578211,1783634400,data.qo,"{""tE"":{""N"":""84.2""},""hL"":{""N"":""60.6""},""wL"":{""N"":""58.588676""},""tL"":{""N"":""96.8""},""hR"":{""N"":""47.1""},""wR"":{""N"":""52.0627""},""hE"":{""N"":""48.3""},""tR"":{""N"":""87.62""}}",a47854d8-3051-70fa-00ce-ac30661244a5
868032061578211,1783638000,data.qo,"{""tE"":{""N"":""86""},""hL"":{""N"":""61.8""},""wL"":{""N"":""58.474632""},""tL"":{""N"":""96.98""},""hR"":{""N"":""47.3""},""wR"":{""N"":""51.913128""},""hE"":{""N"":""47.8""},""tR"":{""N"":""87.26""}}",a47854d8-3051-70fa-00ce-ac30661244a5
868032061578211,1783641600,data.qo,"{""tE"":{""N"":""82.94""},""hL"":{""N"":""57.3""},""wL"":{""N"":""58.456764""},""tL"":{""N"":""96.62""},""hR"":{""N"":""47.6""},""wR"":{""N"":""51.38158""},""hE"":{""N"":""50.7""},""tR"":{""N"":""86""}}",a47854d8-3051-70fa-00ce-ac30661244a5
868032061578211,1783645200,data.qo,"{""tE"":{""N"":""77""},""hL"":{""N"":""58.6""},""wL"":{""N"":""58.22246""},""tL"":{""N"":""95.54""},""hR"":{""N"":""51""},""wR"":{""N"":""50.715275""},""hE"":{""N"":""60.1""},""tR"":{""N"":""82.76""}}",a47854d8-3051-70fa-00ce-ac30661244a5
868032061578211,1783648800,data.qo,"{""tE"":{""N"":""74.48""},""hL"":{""N"":""48""},""wL"":{""N"":""58.332817""},""tL"":{""N"":""95.18""},""hR"":{""N"":""52.4""},""wR"":{""N"":""50.772614""},""hE"":{""N"":""65.2""},""tR"":{""N"":""82.22""}}",a47854d8-3051-70fa-00ce-ac30661244a5
868032061578211,1783652400,data.qo,"{""tE"":{""N"":""71.78""},""hL"":{""N"":""58.3""},""wL"":{""N"":""58.089725""},""tL"":{""N"":""95.36""},""hR"":{""N"":""54.7""},""wR"":{""N"":""50.347088""},""hE"":{""N"":""70.2""},""tR"":{""N"":""80.42""}}",a47854d8-3051-70fa-00ce-ac30661244a5
868032061578211,1783656000,data.qo,"{""tE"":{""N"":""69.98""},""hL"":{""N"":""57.2""},""wL"":{""N"":""58.208817""},""tL"":{""N"":""95.18""},""hR"":{""N"":""55.7""},""wR"":{""N"":""50.72955""},""hE"":{""N"":""74.8""},""tR"":{""N"":""79.7""}}",a47854d8-3051-70fa-00ce-ac30661244a5
868032061578211,1783659600,data.qo,"{""tE"":{""N"":""69.44""},""hL"":{""N"":""55.1""},""wL"":{""N"":""58.05705""},""tL"":{""N"":""95.36""},""hR"":{""N"":""56.8""},""wR"":{""N"":""50.236324""},""hE"":{""N"":""78.1""},""tR"":{""N"":""79.16""}}",a47854d8-3051-70fa-00ce-ac30661244a5
868032061578211,1783663200,data.qo,"{""tE"":{""N"":""69.44""},""hL"":{""N"":""45.9""},""wL"":{""N"":""58.064865""},""tL"":{""N"":""94.28""},""hR"":{""N"":""58.6""},""wR"":{""N"":""50.32236""},""hE"":{""N"":""78.1""},""tR"":{""N"":""78.08""}}",a47854d8-3051-70fa-00ce-ac30661244a5
868032061578211,1783666800,data.qo,"{""tE"":{""N"":""68.54""},""hL"":{""N"":""52.6""},""wL"":{""N"":""58.098316""},""tL"":{""N"":""94.46""},""hR"":{""N"":""59.6""},""wR"":{""N"":""50.45001""},""hE"":{""N"":""82.3""},""tR"":{""N"":""77.72""}}",a47854d8-3051-70fa-00ce-ac30661244a5
868032061578211,1783670400,data.qo,"{""tE"":{""N"":""68.54""},""hL"":{""N"":""52.6""},""wL"":{""N"":""58.173523""},""tL"":{""N"":""94.28""},""hR"":{""N"":""59.8""},""wR"":{""N"":""50.76255""},""hE"":{""N"":""81.8""},""tR"":{""N"":""77.54""}}",a47854d8-3051-70fa-00ce-ac30661244a5
868032061578211,1783674000,data.qo,"{""tE"":{""N"":""67.64""},""hL"":{""N"":""53.2""},""wL"":{""N"":""58.221634""},""tL"":{""N"":""93.92""},""hR"":{""N"":""60.7""},""wR"":{""N"":""50.903843""},""hE"":{""N"":""82.8""},""tR"":{""N"":""76.64""}}",a47854d8-3051-70fa-00ce-ac30661244a5
868032061578211,1783677600,data.qo,"{""tE"":{""N"":""67.82""},""hL"":{""N"":""51.7""},""wL"":{""N"":""58.124485""},""tL"":{""N"":""94.28""},""hR"":{""N"":""61""},""wR"":{""N"":""50.686337""},""hE"":{""N"":""82.7""},""tR"":{""N"":""76.64""}}",a47854d8-3051-70fa-00ce-ac30661244a5
868032061578211,1783681200,data.qo,"{""tE"":{""N"":""67.82""},""hL"":{""N"":""57.8""},""wL"":{""N"":""58.242123""},""tL"":{""N"":""94.1""},""hR"":{""N"":""61.4""},""wR"":{""N"":""50.90791""},""hE"":{""N"":""83.1""},""tR"":{""N"":""76.28""}}",a47854d8-3051-70fa-00ce-ac30661244a5
868032061578211,1783684800,data.qo,"{""tE"":{""N"":""68""},""hL"":{""N"":""58.5""},""wL"":{""N"":""58.239307""},""tL"":{""N"":""93.92""},""hR"":{""N"":""61.8""},""wR"":{""N"":""50.913715""},""hE"":{""N"":""82.6""},""tR"":{""N"":""76.1""}}",a47854d8-3051-70fa-00ce-ac30661244a5
868032061578211,1783688400,data.qo,"{""tE"":{""N"":""69.8""},""hL"":{""N"":""58.5""},""wL"":{""N"":""58.301548""},""tL"":{""N"":""93.92""},""hR"":{""N"":""61.5""},""wR"":{""N"":""51.00638""},""hE"":{""N"":""80.1""},""tR"":{""N"":""77.54""}}",a47854d8-3051-70fa-00ce-ac30661244a5
868032061578211,1783692000,data.qo,"{""tE"":{""N"":""69.62""},""hL"":{""N"":""60.3""},""wL"":{""N"":""58.328396""},""tL"":{""N"":""94.64""},""hR"":{""N"":""59""},""wR"":{""N"":""51.107704""},""hE"":{""N"":""83.8""},""tR"":{""N"":""81.14""}}",a47854d8-3051-70fa-00ce-ac30661244a5
868032061578211,1783695600,data.qo,"{""tE"":{""N"":""70.7""},""hL"":{""N"":""59.7""},""wL"":{""N"":""58.178085""},""tL"":{""N"":""94.82""},""hR"":{""N"":""59.9""},""wR"":{""N"":""51.260273""},""hE"":{""N"":""83.5""},""tR"":{""N"":""80.6""}}",a47854d8-3051-70fa-00ce-ac30661244a5
868032061578211,1783699200,data.qo,"{""tE"":{""N"":""72.68""},""hL"":{""N"":""58.9""},""wL"":{""N"":""58.27164""},""tL"":{""N"":""95""},""hR"":{""N"":""58.3""},""wR"":{""N"":""51.392807""},""hE"":{""N"":""76.3""},""tR"":{""N"":""81.68""}}",a47854d8-3051-70fa-00ce-ac30661244a5
868032061578211,1783702800,data.qo,"{""tE"":{""N"":""74.48""},""hL"":{""N"":""59.2""},""wL"":{""N"":""58.31893""},""tL"":{""N"":""95.36""},""hR"":{""N"":""56.1""},""wR"":{""N"":""51.379696""},""hE"":{""N"":""68.6""},""tR"":{""N"":""81.86""}}",a47854d8-3051-70fa-00ce-ac30661244a5
868032061578211,1783706400,data.qo,"{""tE"":{""N"":""74.12""},""hL"":{""N"":""58.4""},""wL"":{""N"":""58.390007""},""tL"":{""N"":""95.36""},""hR"":{""N"":""54.9""},""wR"":{""N"":""51.18077""},""hE"":{""N"":""67.6""},""tR"":{""N"":""82.04""}}",a47854d8-3051-70fa-00ce-ac30661244a5
868032061578211,1783710000,data.qo,"{""tE"":{""N"":""74.48""},""hL"":{""N"":""57.9""},""wL"":{""N"":""58.527504""},""tL"":{""N"":""95.18""},""hR"":{""N"":""54.7""},""wR"":{""N"":""51.37568""},""hE"":{""N"":""67.2""},""tR"":{""N"":""82.4""}}",a47854d8-3051-70fa-00ce-ac30661244a5
868032061578211,1783713600,data.qo,"{""tE"":{""N"":""74.84""},""hL"":{""N"":""53.1""},""wL"":{""N"":""58.50284""},""tL"":{""N"":""94.82""},""hR"":{""N"":""54.5""},""wR"":{""N"":""51.34926""},""hE"":{""N"":""67.9""},""tR"":{""N"":""83.3""}}",a47854d8-3051-70fa-00ce-ac30661244a5
868032061578211,1783717200,data.qo,"{""tE"":{""N"":""75.02""},""hL"":{""N"":""57.8""},""wL"":{""N"":""58.43841""},""tL"":{""N"":""95""},""hR"":{""N"":""54.6""},""wR"":{""N"":""51.386227""},""hE"":{""N"":""67.7""},""tR"":{""N"":""82.94""}}",a47854d8-3051-70fa-00ce-ac30661244a5
868032061578211,1783720800,data.qo,"{""tE"":{""N"":""73.22""},""hL"":{""N"":""55.1""},""wL"":{""N"":""58.27577""},""tL"":{""N"":""95""},""hR"":{""N"":""55.1""},""wR"":{""N"":""51.209126""},""hE"":{""N"":""71.4""},""tR"":{""N"":""82.04""}}",a47854d8-3051-70fa-00ce-ac30661244a5
868032061578211,1783724400,data.qo,"{""tE"":{""N"":""71.42""},""hL"":{""N"":""52.7""},""wL"":{""N"":""58.248386""},""tL"":{""N"":""94.64""},""hR"":{""N"":""56.2""},""wR"":{""N"":""50.995586""},""hE"":{""N"":""77.1""},""tR"":{""N"":""81.32""}}",a47854d8-3051-70fa-00ce-ac30661244a5
868032061578211,1783728000,data.qo,"{""tE"":{""N"":""69.08""},""hL"":{""N"":""55.2""},""wL"":{""N"":""58.41341""},""tL"":{""N"":""93.92""},""hR"":{""N"":""59.4""},""wR"":{""N"":""51.263515""},""hE"":{""N"":""82.3""},""tR"":{""N"":""78.08""}}",a47854d8-3051-70fa-00ce-ac30661244a5
868032061578211,1783731600,data.qo,"{""tE"":{""N"":""69.62""},""hL"":{""N"":""59.5""},""wL"":{""N"":""58.34879""},""tL"":{""N"":""93.92""},""hR"":{""N"":""62.4""},""wR"":{""N"":""51.14719""},""hE"":{""N"":""83.1""},""tR"":{""N"":""77""}}",a47854d8-3051-70fa-00ce-ac30661244a5
868032061578211,1783735200,data.qo,"{""tE"":{""N"":""68.9""},""hL"":{""N"":""59.6""},""wL"":{""N"":""58.1023""},""tL"":{""N"":""93.2""},""hR"":{""N"":""63.8""},""wR"":{""N"":""51.07306""},""hE"":{""N"":""84.7""},""tR"":{""N"":""76.1""}}",a47854d8-3051-70fa-00ce-ac30661244a5
868032061578211,1783738800,data.qo,"{""tE"":{""N"":""68""},""hL"":{""N"":""59.2""},""wL"":{""N"":""58.17425""},""tL"":{""N"":""93.2""},""hR"":{""N"":""65.3""},""wR"":{""N"":""51.46931""},""hE"":{""N"":""88.3""},""tR"":{""N"":""75.56""}}",a47854d8-3051-70fa-00ce-ac30661244a5
868032061578211,1783742400,data.qo,"{""tE"":{""N"":""67.64""},""hL"":{""N"":""57.4""},""wL"":{""N"":""58.068943""},""tL"":{""N"":""93.02""},""hR"":{""N"":""66.1""},""wR"":{""N"":""51.44478""},""hE"":{""N"":""88.9""},""tR"":{""N"":""75.02""}}",a47854d8-3051-70fa-00ce-ac30661244a5
868032061578211,1783746000,data.qo,"{""tE"":{""N"":""67.46""},""hL"":{""N"":""56.8""},""wL"":{""N"":""58.060642""},""tL"":{""N"":""92.66""},""hR"":{""N"":""66.4""},""wR"":{""N"":""51.218803""},""hE"":{""N"":""87.3""},""tR"":{""N"":""74.3""}}",a47854d8-3051-70fa-00ce-ac30661244a5
868032061578211,1783749600,data.qo,"{""tE"":{""N"":""67.1""},""hL"":{""N"":""56.8""},""wL"":{""N"":""58.0939""},""tL"":{""N"":""92.66""},""hR"":{""N"":""67.6""},""wR"":{""N"":""51.44797""},""hE"":{""N"":""87.4""},""tR"":{""N"":""73.4""}}",a47854d8-3051-70fa-00ce-ac30661244a5
868032061578211,1783753200,data.qo,"{""tE"":{""N"":""67.1""},""hL"":{""N"":""57.1""},""wL"":{""N"":""58.141964""},""tL"":{""N"":""92.48""},""hR"":{""N"":""68.2""},""wR"":{""N"":""51.534683""},""hE"":{""N"":""87""},""tR"":{""N"":""73.04""}}",a47854d8-3051-70fa-00ce-ac30661244a5
868032061578211,1783756800,data.qo,"{""tE"":{""N"":""66.92""},""hL"":{""N"":""53.5""},""wL"":{""N"":""58.03316""},""tL"":{""N"":""91.94""},""hR"":{""N"":""68.7""},""wR"":{""N"":""51.33808""},""hE"":{""N"":""87.3""},""tR"":{""N"":""72.68""}}",a47854d8-3051-70fa-00ce-ac30661244a5
868032061578211,1783760400,data.qo,"{""tE"":{""N"":""66.92""},""hL"":{""N"":""56.1""},""wL"":{""N"":""58.12536""},""tL"":{""N"":""92.3""},""hR"":{""N"":""68.9""},""wR"":{""N"":""51.48973""},""hE"":{""N"":""87.9""},""tR"":{""N"":""72.86""}}",a47854d8-3051-70fa-00ce-ac30661244a5
868032061578211,1783764000,data.qo,"{""tE"":{""N"":""67.1""},""hL"":{""N"":""56.2""},""wL"":{""N"":""58.216633""},""tL"":{""N"":""91.76""},""hR"":{""N"":""69.6""},""wR"":{""N"":""51.324""},""hE"":{""N"":""88.3""},""tR"":{""N"":""72.86""}}",a47854d8-3051-70fa-00ce-ac30661244a5
868032061578211,1783767600,data.qo,"{""tE"":{""N"":""67.1""},""hL"":{""N"":""58.8""},""wL"":{""N"":""58.300625""},""tL"":{""N"":""91.76""},""hR"":{""N"":""69.5""},""wR"":{""N"":""51.649025""},""hE"":{""N"":""88.4""},""tR"":{""N"":""72.86""}}",a47854d8-3051-70fa-00ce-ac30661244a5
868032061578211,1783771200,data.qo,"{""tE"":{""N"":""67.46""},""hL"":{""N"":""59.9""},""wL"":{""N"":""58.13638""},""tL"":{""N"":""91.58""},""hR"":{""N"":""70.5""},""wR"":{""N"":""51.377422""},""hE"":{""N"":""88.4""},""tR"":{""N"":""72.68""}}",a47854d8-3051-70fa-00ce-ac30661244a5
868032061578211,1783774800,data.qo,"{""tE"":{""N"":""67.82""},""hL"":{""N"":""60.8""},""wL"":{""N"":""58.35185""},""tL"":{""N"":""91.58""},""hR"":{""N"":""70.6""},""wR"":{""N"":""51.78635""},""hE"":{""N"":""88.7""},""tR"":{""N"":""73.22""}}",a47854d8-3051-70fa-00ce-ac30661244a5
868032061578211,1783778400,data.qo,"{""tE"":{""N"":""69.08""},""hL"":{""N"":""60.8""},""wL"":{""N"":""58.259068""},""tL"":{""N"":""91.58""},""hR"":{""N"":""70.1""},""wR"":{""N"":""51.346596""},""hE"":{""N"":""87.2""},""tR"":{""N"":""74.66""}}",a47854d8-3051-70fa-00ce-ac30661244a5
868032061578211,1783782000,data.qo,"{""tE"":{""N"":""65.48""},""hL"":{""N"":""60.1""},""wL"":{""N"":""58.506577""},""tL"":{""N"":""91.4""},""hR"":{""N"":""65.6""},""wR"":{""N"":""51.776287""},""hE"":{""N"":""88.2""},""tR"":{""N"":""73.94""}}",a47854d8-3051-70fa-00ce-ac30661244a5
868032061578211,1783785600,data.qo,"{""tE"":{""N"":""64.4""},""hL"":{""N"":""61""},""wL"":{""N"":""58.738163""},""tL"":{""N"":""90.86""},""hR"":{""N"":""65.9""},""wR"":{""N"":""52.163345""},""hE"":{""N"":""90.3""},""tR"":{""N"":""73.4""}}",a47854d8-3051-70fa-00ce-ac30661244a5
868032061578211,1783789200,data.qo,"{""tE"":{""N"":""64.4""},""hL"":{""N"":""60.4""},""wL"":{""N"":""58.66966""},""tL"":{""N"":""90.68""},""hR"":{""N"":""65.7""},""wR"":{""N"":""52.118538""},""hE"":{""N"":""90.9""},""tR"":{""N"":""73.58""}}",a47854d8-3051-70fa-00ce-ac30661244a5
868032061578211,1783792800,data.qo,"{""tE"":{""N"":""65.48""},""hL"":{""N"":""60""},""wL"":{""N"":""58.572365""},""tL"":{""N"":""90.5""},""hR"":{""N"":""65.8""},""wR"":{""N"":""52.080795""},""hE"":{""N"":""89""},""tR"":{""N"":""73.76""}}",a47854d8-3051-70fa-00ce-ac30661244a5
868032061578211,1783796400,data.qo,"{""tE"":{""N"":""70.34""},""hL"":{""N"":""62.5""},""wL"":{""N"":""58.617756""},""tL"":{""N"":""90.14""},""hR"":{""N"":""69.2""},""wR"":{""N"":""52.10644""},""hE"":{""N"":""84""},""tR"":{""N"":""75.02""}}",a47854d8-3051-70fa-00ce-ac30661244a5
868032061578211,1783800000,data.qo,"{""tE"":{""N"":""74.12""},""hL"":{""N"":""62.5""},""wL"":{""N"":""58.49604""},""tL"":{""N"":""90.14""},""hR"":{""N"":""66.7""},""wR"":{""N"":""51.86121""},""hE"":{""N"":""75.3""},""tR"":{""N"":""77.54""}}",a47854d8-3051-70fa-00ce-ac30661244a5
868032061578211,1783803600,data.qo,"{""tE"":{""N"":""72.68""},""hL"":{""N"":""60.4""},""wL"":{""N"":""58.543087""},""tL"":{""N"":""90.68""},""hR"":{""N"":""65.6""},""wR"":{""N"":""51.818287""},""hE"":{""N"":""77.5""},""tR"":{""N"":""77.18""}}",a47854d8-3051-70fa-00ce-ac30661244a5
868032061578211,1783807200,data.qo,"{""tE"":{""N"":""72.68""},""hL"":{""N"":""62.8""},""wL"":{""N"":""58.745056""},""tL"":{""N"":""90.5""},""hR"":{""N"":""64""},""wR"":{""N"":""52.158604""},""hE"":{""N"":""77.5""},""tR"":{""N"":""77.72""}}",a47854d8-3051-70fa-00ce-ac30661244a5
868032061578211,1783810800,data.qo,"{""tE"":{""N"":""75.56""},""hL"":{""N"":""63.2""},""wL"":{""N"":""58.814823""},""tL"":{""N"":""91.76""},""hR"":{""N"":""64.3""},""wR"":{""N"":""52.57765""},""hE"":{""N"":""69.1""},""tR"":{""N"":""78.44""}}",a47854d8-3051-70fa-00ce-ac30661244a5
868032061578211,1783814400,data.qo,"{""tE"":{""N"":""75.38""},""hL"":{""N"":""60.9""},""wL"":{""N"":""58.548717""},""tL"":{""N"":""91.94""},""hR"":{""N"":""61.8""},""wR"":{""N"":""52.063038""},""hE"":{""N"":""68.3""},""tR"":{""N"":""78.98""}}",a47854d8-3051-70fa-00ce-ac30661244a5
868032061578211,1783818000,data.qo,"{""tE"":{""N"":""71.78""},""hL"":{""N"":""62.2""},""wL"":{""N"":""58.5124""},""tL"":{""N"":""91.94""},""hR"":{""N"":""62.7""},""wR"":{""N"":""51.92871""},""hE"":{""N"":""75.2""},""tR"":{""N"":""77""}}",a47854d8-3051-70fa-00ce-ac30661244a5
868032061578211,1783821600,data.qo,"{""tE"":{""N"":""69.98""},""hL"":{""N"":""60""},""wL"":{""N"":""58.528717""},""tL"":{""N"":""91.76""},""hR"":{""N"":""65""},""wR"":{""N"":""52.05002""},""hE"":{""N"":""80.3""},""tR"":{""N"":""75.56""}}",a47854d8-3051-70fa-00ce-ac30661244a5
868032061578211,1783825200,data.qo,"{""tE"":{""N"":""69.26""},""hL"":{""N"":""59.9""},""wL"":{""N"":""58.36175""},""tL"":{""N"":""91.4""},""hR"":{""N"":""66.6""},""wR"":{""N"":""51.949806""},""hE"":{""N"":""81.4""},""tR"":{""N"":""74.48""}}",a47854d8-3051-70fa-00ce-ac30661244a5
868032061578211,1783828800,data.qo,"{""tE"":{""N"":""69.08""},""hL"":{""N"":""57.1""},""wL"":{""N"":""58.31699""},""tL"":{""N"":""91.22""},""hR"":{""N"":""67.2""},""wR"":{""N"":""52.12386""},""hE"":{""N"":""83.8""},""tR"":{""N"":""74.84""}}",a47854d8-3051-70fa-00ce-ac30661244a5
868032061578211,1783832400,data.qo,"{""tE"":{""N"":""69.08""},""hL"":{""N"":""56.8""},""wL"":{""N"":""58.165024""},""tL"":{""N"":""91.76""},""hR"":{""N"":""64.3""},""wR"":{""N"":""51.7983""},""hE"":{""N"":""74.7""},""tR"":{""N"":""73.76""}}",a47854d8-3051-70fa-00ce-ac30661244a5
868032061578211,1783836000,data.qo,"{""tE"":{""N"":""66.92""},""hL"":{""N"":""57.5""},""wL"":{""N"":""58.154003""},""tL"":{""N"":""91.4""},""hR"":{""N"":""64.2""},""wR"":{""N"":""51.900063""},""hE"":{""N"":""81.6""},""tR"":{""N"":""73.94""}}",a47854d8-3051-70fa-00ce-ac30661244a5
868032061578211,1783839600,data.qo,"{""tE"":{""N"":""67.1""},""hL"":{""N"":""57.6""},""wL"":{""N"":""58.094288""},""tL"":{""N"":""91.4""},""hR"":{""N"":""65.7""},""wR"":{""N"":""51.89808""},""hE"":{""N"":""83.2""},""tR"":{""N"":""73.76""}}",a47854d8-3051-70fa-00ce-ac30661244a5
868032061578211,1783843200,data.qo,"{""tE"":{""N"":""67.1""},""hL"":{""N"":""56""},""wL"":{""N"":""58.017822""},""tL"":{""N"":""91.76""},""hR"":{""N"":""67.1""},""wR"":{""N"":""51.63354""},""hE"":{""N"":""85.1""},""tR"":{""N"":""73.4""}}",a47854d8-3051-70fa-00ce-ac30661244a5
868032061578211,1783846800,data.qo,"{""tE"":{""N"":""66.92""},""hL"":{""N"":""56.8""},""wL"":{""N"":""57.972622""},""tL"":{""N"":""91.4""},""hR"":{""N"":""68.9""},""wR"":{""N"":""51.533085""},""hE"":{""N"":""89""},""tR"":{""N"":""73.22""}}",a47854d8-3051-70fa-00ce-ac30661244a5
868032061578211,1783850400,data.qo,"{""tE"":{""N"":""65.66""},""hL"":{""N"":""56.8""},""wL"":{""N"":""58.145702""},""tL"":{""N"":""91.4""},""hR"":{""N"":""68.2""},""wR"":{""N"":""51.832176""},""hE"":{""N"":""87.7""},""tR"":{""N"":""71.96""}}",a47854d8-3051-70fa-00ce-ac30661244a5
868032061578211,1783854000,data.qo,"{""tE"":{""N"":""65.12""},""hL"":{""N"":""57.7""},""wL"":{""N"":""58.158665""},""tL"":{""N"":""90.86""},""hR"":{""N"":""68.9""},""wR"":{""N"":""51.931904""},""hE"":{""N"":""88.4""},""tR"":{""N"":""71.06""}}",a47854d8-3051-70fa-00ce-ac30661244a5
868032061578211,1783857600,data.qo,"{""tE"":{""N"":""65.3""},""hL"":{""N"":""56.1""},""wL"":{""N"":""58.219547""},""tL"":{""N"":""91.04""},""hR"":{""N"":""70.3""},""wR"":{""N"":""51.842724""},""hE"":{""N"":""89.6""},""tR"":{""N"":""71.24""}}",a47854d8-3051-70fa-00ce-ac30661244a5
868032061578211,1783861200,data.qo,"{""tE"":{""N"":""65.3""},""hL"":{""N"":""58.8""},""wL"":{""N"":""58.259697""},""tL"":{""N"":""90.68""},""hR"":{""N"":""71""},""wR"":{""N"":""51.771206""},""hE"":{""N"":""89.8""},""tR"":{""N"":""71.42""}}",a47854d8-3051-70fa-00ce-ac30661244a5
868032061578211,1783864800,data.qo,"{""tE"":{""N"":""67.1""},""hL"":{""N"":""60""},""wL"":{""N"":""58.442295""},""tL"":{""N"":""90.14""},""hR"":{""N"":""70.8""},""wR"":{""N"":""51.91831""},""hE"":{""N"":""88.5""},""tR"":{""N"":""72.68""}}",a47854d8-3051-70fa-00ce-ac30661244a5
868032061578211,1783868400,data.qo,"{""tE"":{""N"":""68.18""},""hL"":{""N"":""60.9""},""wL"":{""N"":""58.41744""},""tL"":{""N"":""89.6""},""hR"":{""N"":""70.3""},""wR"":{""N"":""51.73738""},""hE"":{""N"":""86.7""},""tR"":{""N"":""73.94""}}",a47854d8-3051-70fa-00ce-ac30661244a5
868032061578211,1783872000,data.qo,"{""tE"":{""N"":""68""},""hL"":{""N"":""61.2""},""wL"":{""N"":""58.551826""},""tL"":{""N"":""89.6""},""hR"":{""N"":""67.7""},""wR"":{""N"":""51.960598""},""hE"":{""N"":""86.1""},""tR"":{""N"":""75.02""}}",a47854d8-3051-70fa-00ce-ac30661244a5
868032061578211,1783875600,data.qo,"{""tE"":{""N"":""68.54""},""hL"":{""N"":""61.6""},""wL"":{""N"":""58.509346""},""tL"":{""N"":""89.78""},""hR"":{""N"":""67.4""},""wR"":{""N"":""51.751465""},""hE"":{""N"":""87.5""},""tR"":{""N"":""75.92""}}",a47854d8-3051-70fa-00ce-ac30661244a5
868032061578211,1783879200,data.qo,"{""tE"":{""N"":""69.08""},""hL"":{""N"":""61""},""wL"":{""N"":""58.608727""},""tL"":{""N"":""89.6""},""hR"":{""N"":""66.8""},""wR"":{""N"":""51.617912""},""hE"":{""N"":""88.2""},""tR"":{""N"":""76.82""}}",a47854d8-3051-70fa-00ce-ac30661244a5
868032061578211,1783882800,data.qo,"{""tE"":{""N"":""68.36""},""hL"":{""N"":""61""},""wL"":{""N"":""58.702915""},""tL"":{""N"":""89.6""},""hR"":{""N"":""65.2""},""wR"":{""N"":""51.690495""},""hE"":{""N"":""87.5""},""tR"":{""N"":""77.72""}}",a47854d8-3051-70fa-00ce-ac30661244a5
868032061578211,1783886400,data.qo,"{""tE"":{""N"":""67.1""},""hL"":{""N"":""63.2""},""wL"":{""N"":""58.72117""},""tL"":{""N"":""89.24""},""hR"":{""N"":""62.9""},""wR"":{""N"":""51.998196""},""hE"":{""N"":""89.6""},""tR"":{""N"":""78.44""}}",a47854d8-3051-70fa-00ce-ac30661244a5
868032061578211,1783890000,data.qo,"{""tE"":{""N"":""66.92""},""hL"":{""N"":""61.6""},""wL"":{""N"":""58.66087""},""tL"":{""N"":""89.42""},""hR"":{""N"":""62.9""},""wR"":{""N"":""51.947968""},""hE"":{""N"":""89.4""},""tR"":{""N"":""78.44""}}",a47854d8-3051-70fa-00ce-ac30661244a5
868032061578211,1783893600,data.qo,"{""tE"":{""N"":""74.12""},""hL"":{""N"":""61.5""},""wL"":{""N"":""58.593967""},""tL"":{""N"":""89.24""},""hR"":{""N"":""65.4""},""wR"":{""N"":""51.89595""},""hE"":{""N"":""76.6""},""tR"":{""N"":""78.98""}}",a47854d8-3051-70fa-00ce-ac30661244a5
868032061578211,1783897200,data.qo,"{""tE"":{""N"":""73.58""},""hL"":{""N"":""65.2""},""wL"":{""N"":""58.637905""},""tL"":{""N"":""89.42""},""hR"":{""N"":""62.9""},""wR"":{""N"":""51.6197""},""hE"":{""N"":""77.4""},""tR"":{""N"":""82.58""}}",a47854d8-3051-70fa-00ce-ac30661244a5
868032061578211,1783900800,data.qo,"{""tE"":{""N"":""76.46""},""hL"":{""N"":""64""},""wL"":{""N"":""58.53857""},""tL"":{""N"":""89.78""},""hR"":{""N"":""63""},""wR"":{""N"":""51.403164""},""hE"":{""N"":""73.7""},""tR"":{""N"":""82.58""}}",a47854d8-3051-70fa-00ce-ac30661244a5
868032061578211,1783904400,data.qo,"{""tE"":{""N"":""76.46""},""hL"":{""N"":""63.7""},""wL"":{""N"":""58.98179""},""tL"":{""N"":""89.78""},""hR"":{""N"":""59.8""},""wR"":{""N"":""52.68347""},""hE"":{""N"":""73.7""},""tR"":{""N"":""82.22""}}",a47854d8-3051-70fa-00ce-ac30661244a5
868032061578211,1783908000,data.qo,"{""tE"":{""N"":""65.66""},""hL"":{""N"":""63.9""},""wL"":{""N"":""58.89071""},""tL"":{""N"":""89.96""},""hR"":{""N"":""57.2""},""wR"":{""N"":""52.500175""},""hE"":{""N"":""93.1""},""tR"":{""N"":""81.14""}}",a47854d8-3051-70fa-00ce-ac30661244a5
868032061578211,1783911600,data.qo,"{""tE"":{""N"":""65.66""},""hL"":{""N"":""62""},""wL"":{""N"":""58.824726""},""tL"":{""N"":""89.96""},""hR"":{""N"":""56.4""},""wR"":{""N"":""52.19988""},""hE"":{""N"":""94""},""tR"":{""N"":""80.96""}}",a47854d8-3051-70fa-00ce-ac30661244a5
868032061578211,1783915200,data.qo,"{""tE"":{""N"":""65.66""},""hL"":{""N"":""58.7""},""wL"":{""N"":""58.765495""},""tL"":{""N"":""89.6""},""hR"":{""N"":""59.3""},""wR"":{""N"":""51.869774""},""hE"":{""N"":""94.4""},""tR"":{""N"":""78.62""}}",a47854d8-3051-70fa-00ce-ac30661244a5
868032061578211,1783918740,data.qo,"{""tE"":{""N"":""65.66""},""hL"":{""N"":""61""},""wL"":{""N"":""58.716362""},""tL"":{""N"":""89.42""},""hR"":{""N"":""60.3""},""wR"":{""N"":""51.696495""},""hE"":{""N"":""94.7""},""tR"":{""N"":""78.08""}}",a47854d8-3051-70fa-00ce-ac30661244a5
868032061578211,1783922400,data.qo,"{""tE"":{""N"":""65.48""},""hL"":{""N"":""61.1""},""wL"":{""N"":""58.69471""},""tL"":{""N"":""89.42""},""hR"":{""N"":""60.9""},""wR"":{""N"":""51.606686""},""hE"":{""N"":""94.7""},""tR"":{""N"":""77.9""}}",a47854d8-3051-70fa-00ce-ac30661244a5
868032061578211,1783926000,data.qo,"{""tE"":{""N"":""64.94""},""hL"":{""N"":""60""},""wL"":{""N"":""58.72486""},""tL"":{""N"":""89.24""},""hR"":{""N"":""60.8""},""wR"":{""N"":""51.503086""},""hE"":{""N"":""94.6""},""tR"":{""N"":""77.18""}}",a47854d8-3051-70fa-00ce-ac30661244a5
868032061578211,1783929600,data.qo,"{""tE"":{""N"":""64.94""},""hL"":{""N"":""60""},""wL"":{""N"":""58.80215""},""tL"":{""N"":""88.88""},""hR"":{""N"":""61.5""},""wR"":{""N"":""51.504925""},""hE"":{""N"":""94.8""},""tR"":{""N"":""77.18""}}",a47854d8-3051-70fa-00ce-ac30661244a5
868032061578211,1783933200,data.qo,"{""tE"":{""N"":""64.94""},""hL"":{""N"":""60.3""},""wL"":{""N"":""58.79759""},""tL"":{""N"":""89.6""},""hR"":{""N"":""60.6""},""wR"":{""N"":""51.493164""},""hE"":{""N"":""95""},""tR"":{""N"":""77.54""}}",a47854d8-3051-70fa-00ce-ac30661244a5
868032061578211,1783936800,data.qo,"{""tE"":{""N"":""64.94""},""hL"":{""N"":""61""},""wL"":{""N"":""58.778606""},""tL"":{""N"":""89.06""},""hR"":{""N"":""61.2""},""wR"":{""N"":""51.454018""},""hE"":{""N"":""95.4""},""tR"":{""N"":""77""}}",a47854d8-3051-70fa-00ce-ac30661244a5
868032061578211,1783940400,data.qo,"{""tE"":{""N"":""65.12""},""hL"":{""N"":""62""},""wL"":{""N"":""58.768166""},""tL"":{""N"":""88.88""},""hR"":{""N"":""60.2""},""wR"":{""N"":""51.522778""},""hE"":{""N"":""95.4""},""tR"":{""N"":""78.44""}}",a47854d8-3051-70fa-00ce-ac30661244a5
868032061578211,1783944000,data.qo,"{""tE"":{""N"":""65.3""},""hL"":{""N"":""60.7""},""wL"":{""N"":""58.776905""},""tL"":{""N"":""88.88""},""hR"":{""N"":""60.9""},""wR"":{""N"":""51.377033""},""hE"":{""N"":""95.3""},""tR"":{""N"":""77.9""}}",a47854d8-3051-70fa-00ce-ac30661244a5
868032061578211,1783947600,data.qo,"{""tE"":{""N"":""65.3""},""hL"":{""N"":""60.7""},""wL"":{""N"":""58.75671""},""tL"":{""N"":""88.88""},""hR"":{""N"":""61.9""},""wR"":{""N"":""51.400307""},""hE"":{""N"":""95.4""},""tR"":{""N"":""77""}}",a47854d8-3051-70fa-00ce-ac30661244a5
868032061578211,1783951200,data.qo,"{""tE"":{""N"":""65.84""},""hL"":{""N"":""62.3""},""wL"":{""N"":""58.696556""},""tL"":{""N"":""88.52""},""hR"":{""N"":""61.9""},""wR"":{""N"":""51.35589""},""hE"":{""N"":""95.4""},""tR"":{""N"":""77""}}",a47854d8-3051-70fa-00ce-ac30661244a5
868032061578211,1783954800,data.qo,"{""tE"":{""N"":""65.48""},""hL"":{""N"":""59.5""},""wL"":{""N"":""58.738598""},""tL"":{""N"":""88.52""},""hR"":{""N"":""62.1""},""wR"":{""N"":""51.415405""},""hE"":{""N"":""95""},""tR"":{""N"":""77.9""}}",a47854d8-3051-70fa-00ce-ac30661244a5
868032061578211,1783958400,data.qo,"{""tE"":{""N"":""66.2""},""hL"":{""N"":""62.4""},""wL"":{""N"":""58.70685""},""tL"":{""N"":""88.16""},""hR"":{""N"":""62.5""},""wR"":{""N"":""51.45431""},""hE"":{""N"":""94.8""},""tR"":{""N"":""77.36""}}",a47854d8-3051-70fa-00ce-ac30661244a5
868032061578211,1783962000,data.qo,"{""tE"":{""N"":""66.2""},""hL"":{""N"":""62.6""},""wL"":{""N"":""58.693253""},""tL"":{""N"":""87.8""},""hR"":{""N"":""61.5""},""wR"":{""N"":""51.66359""},""hE"":{""N"":""94.2""},""tR"":{""N"":""78.8""}}",a47854d8-3051-70fa-00ce-ac30661244a5
868032061578211,1783965600,data.qo,"{""tE"":{""N"":""67.46""},""hL"":{""N"":""61.4""},""wL"":{""N"":""58.650433""},""tL"":{""N"":""87.8""},""hR"":{""N"":""62.9""},""wR"":{""N"":""51.40205""},""hE"":{""N"":""92.1""},""tR"":{""N"":""79.16""}}",a47854d8-3051-70fa-00ce-ac30661244a5
868032061578211,1783969200,data.qo,"{""tE"":{""N"":""67.1""},""hL"":{""N"":""62.6""},""wL"":{""N"":""58.65708""},""tL"":{""N"":""87.62""},""hR"":{""N"":""61.7""},""wR"":{""N"":""51.295403""},""hE"":{""N"":""90.3""},""tR"":{""N"":""79.34""}}",a47854d8-3051-70fa-00ce-ac30661244a5
868032061578211,1783972800,data.qo,"{""tE"":{""N"":""66.2""},""hL"":{""N"":""62.6""},""wL"":{""N"":""58.70942""},""tL"":{""N"":""87.62""},""hR"":{""N"":""60.7""},""wR"":{""N"":""51.203804""},""hE"":{""N"":""90.3""},""tR"":{""N"":""79.52""}}",a47854d8-3051-70fa-00ce-ac30661244a5
868032061578211,1783976400,data.qo,"{""tE"":{""N"":""66.2""},""hL"":{""N"":""64.2""},""wL"":{""N"":""58.68364""},""tL"":{""N"":""87.44""},""hR"":{""N"":""59.9""},""wR"":{""N"":""51.211933""},""hE"":{""N"":""91.3""},""tR"":{""N"":""78.26""}}",a47854d8-3051-70fa-00ce-ac30661244a5
868032061578211,1783980000,data.qo,"{""tE"":{""N"":""66.56""},""hL"":{""N"":""64.1""},""wL"":{""N"":""58.69238""},""tL"":{""N"":""87.26""},""hR"":{""N"":""62.7""},""wR"":{""N"":""51.225964""},""hE"":{""N"":""90.3""},""tR"":{""N"":""77.36""}}",a47854d8-3051-70fa-00ce-ac30661244a5
868032061578211,1783983600,data.qo,"{""tE"":{""N"":""65.3""},""hL"":{""N"":""64.9""},""wL"":{""N"":""58.74758""},""tL"":{""N"":""86.9""},""hR"":{""N"":""61""},""wR"":{""N"":""51.193546""},""hE"":{""N"":""92""},""tR"":{""N"":""77.36""}}",a47854d8-3051-70fa-00ce-ac30661244a5
868032061578211,1783987200,data.qo,"{""tE"":{""N"":""64.4""},""hL"":{""N"":""64.9""},""wL"":{""N"":""58.724422""},""tL"":{""N"":""86.9""},""hR"":{""N"":""61.6""},""wR"":{""N"":""51.216675""},""hE"":{""N"":""93.1""},""tR"":{""N"":""75.56""}}",a47854d8-3051-70fa-00ce-ac30661244a5
868032061578211,1783990800,data.qo,"{""tE"":{""N"":""64.4""},""hL"":{""N"":""62.6""},""wL"":{""N"":""58.724277""},""tL"":{""N"":""86.36""},""hR"":{""N"":""62.3""},""wR"":{""N"":""51.182465""},""hE"":{""N"":""93.1""},""tR"":{""N"":""75.02""}}",a47854d8-3051-70fa-00ce-ac30661244a5
868032061578211,1783994400,data.qo,"{""tE"":{""N"":""64.22""},""hL"":{""N"":""62.2""},""wL"":{""N"":""58.750446""},""tL"":{""N"":""86.18""},""hR"":{""N"":""63.3""},""wR"":{""N"":""51.256546""},""hE"":{""N"":""93.4""},""tR"":{""N"":""74.48""}}",a47854d8-3051-70fa-00ce-ac30661244a5
868032061578211,1783998000,data.qo,"{""tE"":{""N"":""64.04""},""hL"":{""N"":""61.3""},""wL"":{""N"":""58.754185""},""tL"":{""N"":""86.18""},""hR"":{""N"":""62.5""},""wR"":{""N"":""51.220497""},""hE"":{""N"":""93.5""},""tR"":{""N"":""75.02""}}",a47854d8-3051-70fa-00ce-ac30661244a5
868032061578211,1784001600,data.qo,"{""tE"":{""N"":""64.04""},""hL"":{""N"":""61.3""},""wL"":{""N"":""58.727043""},""tL"":{""N"":""86.18""},""hR"":{""N"":""62.7""},""wR"":{""N"":""51.286354""},""hE"":{""N"":""93.4""},""tR"":{""N"":""74.3""}}",a47854d8-3051-70fa-00ce-ac30661244a5
868032061578211,1784005200,data.qo,"{""tE"":{""N"":""64.04""},""hL"":{""N"":""62.1""},""wL"":{""N"":""58.62266""},""tL"":{""N"":""85.82""},""hR"":{""N"":""63.7""},""wR"":{""N"":""51.01596""},""hE"":{""N"":""92.9""},""tR"":{""N"":""73.76""}}",a47854d8-3051-70fa-00ce-ac30661244a5
868032061578211,1784008800,data.qo,"{""tE"":{""N"":""63.32""},""hL"":{""N"":""61.8""},""wL"":{""N"":""58.620914""},""tL"":{""N"":""86.18""},""hR"":{""N"":""63.2""},""wR"":{""N"":""50.972942""},""hE"":{""N"":""91.2""},""tR"":{""N"":""73.58""}}",a47854d8-3051-70fa-00ce-ac30661244a5
868032061578211,1784012400,data.qo,"{""tE"":{""N"":""62.78""},""hL"":{""N"":""59.1""},""wL"":{""N"":""58.60494""},""tL"":{""N"":""86""},""hR"":{""N"":""63.5""},""wR"":{""N"":""50.9621""},""hE"":{""N"":""93.2""},""tR"":{""N"":""72.86""}}",a47854d8-3051-70fa-00ce-ac30661244a5
868032061578211,1784016000,data.qo,"{""tE"":{""N"":""62.78""},""hL"":{""N"":""59.6""},""wL"":{""N"":""58.580616""},""tL"":{""N"":""86.18""},""hR"":{""N"":""64.3""},""wR"":{""N"":""51.062317""},""hE"":{""N"":""93.7""},""tR"":{""N"":""72.5""}}",a47854d8-3051-70fa-00ce-ac30661244a5
868032061578211,1784019600,data.qo,"{""tE"":{""N"":""62.78""},""hL"":{""N"":""61.4""},""wL"":{""N"":""58.5812""},""tL"":{""N"":""86""},""hR"":{""N"":""64.9""},""wR"":{""N"":""51.0222""},""hE"":{""N"":""93.8""},""tR"":{""N"":""72.14""}}",a47854d8-3051-70fa-00ce-ac30661244a5
868032061578211,1784023200,data.qo,"{""tE"":{""N"":""62.6""},""hL"":{""N"":""59.6""},""wL"":{""N"":""58.574207""},""tL"":{""N"":""85.82""},""hR"":{""N"":""64.6""},""wR"":{""N"":""51.14893""},""hE"":{""N"":""93.4""},""tR"":{""N"":""72.32""}}",a47854d8-3051-70fa-00ce-ac30661244a5
868032061578211,1784026800,data.qo,"{""tE"":{""N"":""62.6""},""hL"":{""N"":""62.2""},""wL"":{""N"":""58.520317""},""tL"":{""N"":""86""},""hR"":{""N"":""65.2""},""wR"":{""N"":""51.01243""},""hE"":{""N"":""92.7""},""tR"":{""N"":""71.96""}}",a47854d8-3051-70fa-00ce-ac30661244a5
868032061578211,1784030400,data.qo,"{""tE"":{""N"":""62.6""},""hL"":{""N"":""61.7""},""wL"":{""N"":""58.64621""},""tL"":{""N"":""86.18""},""hR"":{""N"":""65.7""},""wR"":{""N"":""51.0777""},""hE"":{""N"":""92.8""},""tR"":{""N"":""71.78""}}",a47854d8-3051-70fa-00ce-ac30661244a5
868032061578211,1784034000,data.qo,"{""tE"":{""N"":""62.96""},""hL"":{""N"":""61.7""},""wL"":{""N"":""58.688206""},""tL"":{""N"":""86""},""hR"":{""N"":""65.9""},""wR"":{""N"":""51.223495""},""hE"":{""N"":""93.4""},""tR"":{""N"":""72.14""}}",a47854d8-3051-70fa-00ce-ac30661244a5
868032061578211,1784037600,data.qo,"{""tE"":{""N"":""63.5""},""hL"":{""N"":""60.9""},""wL"":{""N"":""58.82036""},""tL"":{""N"":""86""},""hR"":{""N"":""65.6""},""wR"":{""N"":""51.33779""},""hE"":{""N"":""93.7""},""tR"":{""N"":""72.68""}}",a47854d8-3051-70fa-00ce-ac30661244a5
868032061578211,1784041200,data.qo,"{""tE"":{""N"":""64.22""},""hL"":{""N"":""61.5""},""wL"":{""N"":""58.86886""},""tL"":{""N"":""85.64""},""hR"":{""N"":""65.9""},""wR"":{""N"":""51.464375""},""hE"":{""N"":""92.5""},""tR"":{""N"":""73.58""}}",a47854d8-3051-70fa-00ce-ac30661244a5
868032061578211,1784044800,data.qo,"{""tE"":{""N"":""66.2""},""hL"":{""N"":""61.5""},""wL"":{""N"":""58.781857""},""tL"":{""N"":""85.64""},""hR"":{""N"":""67.5""},""wR"":{""N"":""51.367985""},""hE"":{""N"":""88.4""},""tR"":{""N"":""74.84""}}",a47854d8-3051-70fa-00ce-ac30661244a5
868032061578211,1784048400,data.qo,"{""tE"":{""N"":""67.46""},""hL"":{""N"":""59.3""},""wL"":{""N"":""58.837738""},""tL"":{""N"":""86""},""hR"":{""N"":""64.7""},""wR"":{""N"":""51.5177""},""hE"":{""N"":""79.4""},""tR"":{""N"":""75.74""}}",a47854d8-3051-70fa-00ce-ac30661244a5
868032061578211,1784052000,data.qo,"{""tE"":{""N"":""67.46""},""hL"":{""N"":""65.3""},""wL"":{""N"":""58.83172""},""tL"":{""N"":""86.18""},""hR"":{""N"":""63.4""},""wR"":{""N"":""51.52612""},""hE"":{""N"":""79.4""},""tR"":{""N"":""77.18""}}",a47854d8-3051-70fa-00ce-ac30661244a5
868032061578211,1784055600,data.qo,"{""tE"":{""N"":""67.46""},""hL"":{""N"":""67.6""},""wL"":{""N"":""58.310387""},""tL"":{""N"":""86.9""},""hR"":{""N"":""61.3""},""wR"":{""N"":""51.483246""},""hE"":{""N"":""79.4""},""tR"":{""N"":""78.98""}}",a47854d8-3051-70fa-00ce-ac30661244a5
868032061578211,1784059200,data.qo,"{""tE"":{""N"":""67.46""},""hL"":{""N"":""66.3""},""wL"":{""N"":""58.362236""},""tL"":{""N"":""87.8""},""hR"":{""N"":""56.8""},""wR"":{""N"":""51.268497""},""hE"":{""N"":""79.4""},""tR"":{""N"":""81.86""}}",a47854d8-3051-70fa-00ce-ac30661244a5
868032061578211,1784062800,data.qo,"{""tE"":{""N"":""73.58""},""hL"":{""N"":""67.2""},""wL"":{""N"":""58.45623""},""tL"":{""N"":""88.52""},""hR"":{""N"":""56.8""},""wR"":{""N"":""51.741833""},""hE"":{""N"":""63.4""},""tR"":{""N"":""81.86""}}",a47854d8-3051-70fa-00ce-ac30661244a5
868032061578211,1784066400,data.qo,"{""tE"":{""N"":""80.96""},""hL"":{""N"":""67.2""},""wL"":{""N"":""58.58955""},""tL"":{""N"":""88.52""},""hR"":{""N"":""57.6""},""wR"":{""N"":""52.226154""},""hE"":{""N"":""55.2""},""tR"":{""N"":""86.36""}}",a47854d8-3051-70fa-00ce-ac30661244a5
868032061578211,1784070000,data.qo,"{""tE"":{""N"":""84.2""},""hL"":{""N"":""65""},""wL"":{""N"":""58.45288""},""tL"":{""N"":""90.14""},""hR"":{""N"":""52.4""},""wR"":{""N"":""52.71144""},""hE"":{""N"":""50""},""tR"":{""N"":""88.52""}}",a47854d8-3051-70fa-00ce-ac30661244a5
868032061578211,1784073600,data.qo,"{""tE"":{""N"":""85.46""},""hL"":{""N"":""63.9""},""wL"":{""N"":""57.71836""},""tL"":{""N"":""90.68""},""hR"":{""N"":""49""},""wR"":{""N"":""51.11414""},""hE"":{""N"":""50""},""tR"":{""N"":""87.98""}}",a47854d8-3051-70fa-00ce-ac30661244a5
868032061578211,1784077200,data.qo,"{""tE"":{""N"":""75.02""},""hL"":{""N"":""62.6""},""wL"":{""N"":""57.428177""},""tL"":{""N"":""90.5""},""hR"":{""N"":""48.3""},""wR"":{""N"":""50.334698""},""hE"":{""N"":""61.6""},""tR"":{""N"":""84.38""}}",a47854d8-3051-70fa-00ce-ac30661244a5
868032061578211,1784080800,data.qo,"{""tE"":{""N"":""70.88""},""hL"":{""N"":""60.8""},""wL"":{""N"":""57.24446""},""tL"":{""N"":""90.14""},""hR"":{""N"":""50.4""},""wR"":{""N"":""49.85217""},""hE"":{""N"":""67.6""},""tR"":{""N"":""81.5""}}",a47854d8-3051-70fa-00ce-ac30661244a5
868032061578211,1784084400,data.qo,"{""tE"":{""N"":""68.54""},""hL"":{""N"":""60.1""},""wL"":{""N"":""57.062397""},""tL"":{""N"":""89.96""},""hR"":{""N"":""51.6""},""wR"":{""N"":""49.46027""},""hE"":{""N"":""73.2""},""tR"":{""N"":""80.06""}}",a47854d8-3051-70fa-00ce-ac30661244a5
868032061578211,1784088000,data.qo,"{""tE"":{""N"":""65.84""},""hL"":{""N"":""60.3""},""wL"":{""N"":""56.975155""},""tL"":{""N"":""90.32""},""hR"":{""N"":""52.4""},""wR"":{""N"":""49.303394""},""hE"":{""N"":""78.5""},""tR"":{""N"":""78.8""}}",a47854d8-3051-70fa-00ce-ac30661244a5
868032061578211,1784091600,data.qo,"{""tE"":{""N"":""64.4""},""hL"":{""N"":""56""},""wL"":{""N"":""56.946022""},""tL"":{""N"":""89.96""},""hR"":{""N"":""52.4""},""wR"":{""N"":""49.181362""},""hE"":{""N"":""80.4""},""tR"":{""N"":""78.8""}}",a47854d8-3051-70fa-00ce-ac30661244a5
868032061578211,1784095200,data.qo,"{""tE"":{""N"":""62.96""},""hL"":{""N"":""59""},""wL"":{""N"":""56.9736""},""tL"":{""N"":""89.96""},""hR"":{""N"":""56.2""},""wR"":{""N"":""49.117924""},""hE"":{""N"":""82.3""},""tR"":{""N"":""73.58""}}",a47854d8-3051-70fa-00ce-ac30661244a5
868032061578211,1784098800,data.qo,"{""tE"":{""N"":""61.88""},""hL"":{""N"":""58.2""},""wL"":{""N"":""56.93238""},""tL"":{""N"":""89.6""},""hR"":{""N"":""55.4""},""wR"":{""N"":""48.991""},""hE"":{""N"":""84.9""},""tR"":{""N"":""73.76""}}",a47854d8-3051-70fa-00ce-ac30661244a5
868032061578211,1784102400,data.qo,"{""tE"":{""N"":""60.98""},""hL"":{""N"":""56.4""},""wL"":{""N"":""57.009674""},""tL"":{""N"":""89.24""},""hR"":{""N"":""55.4""},""wR"":{""N"":""48.95074""},""hE"":{""N"":""85.8""},""tR"":{""N"":""73.04""}}",a47854d8-3051-70fa-00ce-ac30661244a5
868032061578211,1784106000,data.qo,"{""tE"":{""N"":""60.44""},""hL"":{""N"":""57.2""},""wL"":{""N"":""57.047638""},""tL"":{""N"":""88.88""},""hR"":{""N"":""55.3""},""wR"":{""N"":""48.911015""},""hE"":{""N"":""85.9""},""tR"":{""N"":""72.68""}}",a47854d8-3051-70fa-00ce-ac30661244a5
868032061578211,1784109600,data.qo,"{""tE"":{""N"":""59.72""},""hL"":{""N"":""55""},""wL"":{""N"":""57.097256""},""tL"":{""N"":""88.52""},""hR"":{""N"":""55.7""},""wR"":{""N"":""48.97092""},""hE"":{""N"":""86.8""},""tR"":{""N"":""72.14""}}",a47854d8-3051-70fa-00ce-ac30661244a5
868032061578211,1784113200,data.qo,"{""tE"":{""N"":""59""},""hL"":{""N"":""57""},""wL"":{""N"":""57.175278""},""tL"":{""N"":""88.52""},""hR"":{""N"":""55.5""},""wR"":{""N"":""48.961098""},""hE"":{""N"":""87.5""},""tR"":{""N"":""71.78""}}",a47854d8-3051-70fa-00ce-ac30661244a5
868032061578211,1784116800,data.qo,"{""tE"":{""N"":""59""},""hL"":{""N"":""57""},""wL"":{""N"":""57.677483""},""tL"":{""N"":""88.16""},""hR"":{""N"":""56.9""},""wR"":{""N"":""49.518433""},""hE"":{""N"":""88.3""},""tR"":{""N"":""70.34""}}",a47854d8-3051-70fa-00ce-ac30661244a5
868032061578211,1784120400,data.qo,"{""tE"":{""N"":""61.52""},""hL"":{""N"":""57""},""wL"":{""N"":""57.82192""},""tL"":{""N"":""88.16""},""hR"":{""N"":""61.1""},""wR"":{""N"":""49.987415""},""hE"":{""N"":""88.7""},""tR"":{""N"":""69.98""}}",a47854d8-3051-70fa-00ce-ac30661244a5
868032061578211,1784124000,data.qo,"{""tE"":{""N"":""64.58""},""hL"":{""N"":""60""},""wL"":{""N"":""58.184933""},""tL"":{""N"":""87.44""},""hR"":{""N"":""61.1""},""wR"":{""N"":""50.096966""},""hE"":{""N"":""80.5""},""tR"":{""N"":""69.98""}}",a47854d8-3051-70fa-00ce-ac30661244a5
868032061578211,1784127600,data.qo,"{""tE"":{""N"":""64.58""},""hL"":{""N"":""61.7""},""wL"":{""N"":""58.32835""},""tL"":{""N"":""87.62""},""hR"":{""N"":""61.9""},""wR"":{""N"":""50.711643""},""hE"":{""N"":""80.5""},""tR"":{""N"":""72.68""}}",a47854d8-3051-70fa-00ce-ac30661244a5
868032061578211,1784131200,data.qo,"{""tE"":{""N"":""72.5""},""hL"":{""N"":""62.2""},""wL"":{""N"":""58.32767""},""tL"":{""N"":""88.52""},""hR"":{""N"":""58.8""},""wR"":{""N"":""51.138866""},""hE"":{""N"":""63.5""},""tR"":{""N"":""75.56""}}",a47854d8-3051-70fa-00ce-ac30661244a5
868032061578211,1784134800,data.qo,"{""tE"":{""N"":""75.2""},""hL"":{""N"":""63""},""wL"":{""N"":""58.36214""},""tL"":{""N"":""89.42""},""hR"":{""N"":""52.7""},""wR"":{""N"":""50.974686""},""hE"":{""N"":""56.3""},""tR"":{""N"":""78.44""}}",a47854d8-3051-70fa-00ce-ac30661244a5
868032061578211,1784138400,data.qo,"{""tE"":{""N"":""76.46""},""hL"":{""N"":""63.1""},""wL"":{""N"":""58.326115""},""tL"":{""N"":""89.96""},""hR"":{""N"":""50.5""},""wR"":{""N"":""50.899296""},""hE"":{""N"":""52.5""},""tR"":{""N"":""78.8""}}",a47854d8-3051-70fa-00ce-ac30661244a5
868032061578211,1784142000,data.qo,"{""tE"":{""N"":""78.44""},""hL"":{""N"":""64.2""},""wL"":{""N"":""58.178524""},""tL"":{""N"":""90.14""},""hR"":{""N"":""51""},""wR"":{""N"":""50.792404""},""hE"":{""N"":""53.4""},""tR"":{""N"":""80.78""}}",a47854d8-3051-70fa-00ce-ac30661244a5
868032061578211,1784145600,data.qo,"{""tE"":{""N"":""80.42""},""hL"":{""N"":""64""},""wL"":{""N"":""58.089382""},""tL"":{""N"":""90.86""},""hR"":{""N"":""50.8""},""wR"":{""N"":""50.640854""},""hE"":{""N"":""52.9""},""tR"":{""N"":""82.04""}}",a47854d8-3051-70fa-00ce-ac30661244a5
868032061578211,1784149200,data.qo,"{""tE"":{""N"":""83.12""},""hL"":{""N"":""64""},""wL"":{""N"":""58.154198""},""tL"":{""N"":""91.4""},""hR"":{""N"":""50.8""},""wR"":{""N"":""50.856083""},""hE"":{""N"":""51.6""},""tR"":{""N"":""83.84""}}",a47854d8-3051-70fa-00ce-ac30661244a5
868032061578211,1784152800,data.qo,"{""tE"":{""N"":""90.5""},""hL"":{""N"":""65.2""},""wL"":{""N"":""57.997673""},""tL"":{""N"":""91.94""},""hR"":{""N"":""50.8""},""wR"":{""N"":""51.067394""},""hE"":{""N"":""45.6""},""tR"":{""N"":""83.84""}}",a47854d8-3051-70fa-00ce-ac30661244a5
868032061578211,1784156400,data.qo,"{""tE"":{""N"":""92.3""},""hL"":{""N"":""66.8""},""wL"":{""N"":""57.751083""},""tL"":{""N"":""93.2""},""hR"":{""N"":""46.3""},""wR"":{""N"":""50.908054""},""hE"":{""N"":""43.7""},""tR"":{""N"":""90.68""}}",a47854d8-3051-70fa-00ce-ac30661244a5
868032061578211,1784160000,data.qo,"{""tE"":{""N"":""91.58""},""hL"":{""N"":""63.8""},""wL"":{""N"":""57.35647""},""tL"":{""N"":""93.56""},""hR"":{""N"":""46.7""},""wR"":{""N"":""49.782055""},""hE"":{""N"":""45.9""},""tR"":{""N"":""89.6""}}",a47854d8-3051-70fa-00ce-ac30661244a5
868032061578211,1784163600,data.qo,"{""tE"":{""N"":""81.5""},""hL"":{""N"":""61.6""},""wL"":{""N"":""57.09527""},""tL"":{""N"":""93.38""},""hR"":{""N"":""48.4""},""wR"":{""N"":""49.131474""},""hE"":{""N"":""56.5""},""tR"":{""N"":""87.08""}}",a47854d8-3051-70fa-00ce-ac30661244a5
868032061578211,1784167200,data.qo,"{""tE"":{""N"":""76.46""},""hL"":{""N"":""59.1""},""wL"":{""N"":""56.951218""},""tL"":{""N"":""92.66""},""hR"":{""N"":""48.2""},""wR"":{""N"":""48.90995""},""hE"":{""N"":""61.1""},""tR"":{""N"":""85.64""}}",a47854d8-3051-70fa-00ce-ac30661244a5
868032061578211,1784170800,data.qo,"{""tE"":{""N"":""73.94""},""hL"":{""N"":""58.7""},""wL"":{""N"":""56.78459""},""tL"":{""N"":""92.12""},""hR"":{""N"":""49.2""},""wR"":{""N"":""48.577957""},""hE"":{""N"":""65.1""},""tR"":{""N"":""84.38""}}",a47854d8-3051-70fa-00ce-ac30661244a5
868032061578211,1784174400,data.qo,"{""tE"":{""N"":""73.94""},""hL"":{""N"":""58.7""},""wL"":{""N"":""56.816006""},""tL"":{""N"":""92.12""},""hR"":{""N"":""48.8""},""wR"":{""N"":""48.40153""},""hE"":{""N"":""65.1""},""tR"":{""N"":""84.02""}}",a47854d8-3051-70fa-00ce-ac30661244a5
868032061578211,1784178000,data.qo,"{""tE"":{""N"":""69.98""},""hL"":{""N"":""58.5""},""wL"":{""N"":""56.81008""},""tL"":{""N"":""91.58""},""hR"":{""N"":""48.8""},""wR"":{""N"":""48.15267""},""hE"":{""N"":""73""},""tR"":{""N"":""83.66""}}",a47854d8-3051-70fa-00ce-ac30661244a5
868032061578211,1784181600,data.qo,"{""tE"":{""N"":""68""},""hL"":{""N"":""57.7""},""wL"":{""N"":""56.885044""},""tL"":{""N"":""91.22""},""hR"":{""N"":""48.8""},""wR"":{""N"":""48.22027""},""hE"":{""N"":""76.7""},""tR"":{""N"":""82.94""}}",a47854d8-3051-70fa-00ce-ac30661244a5
868032061578211,1784185200,data.qo,"{""tE"":{""N"":""67.1""},""hL"":{""N"":""57.3""},""wL"":{""N"":""56.81518""},""tL"":{""N"":""91.04""},""hR"":{""N"":""49""},""wR"":{""N"":""47.987232""},""hE"":{""N"":""78.4""},""tR"":{""N"":""82.22""}}",a47854d8-3051-70fa-00ce-ac30661244a5
868032061578211,1784188800,data.qo,"{""tE"":{""N"":""66.2""},""hL"":{""N"":""55.3""},""wL"":{""N"":""56.63807""},""tL"":{""N"":""90.5""},""hR"":{""N"":""49.8""},""wR"":{""N"":""47.908165""},""hE"":{""N"":""81.5""},""tR"":{""N"":""81.5""}}",a47854d8-3051-70fa-00ce-ac30661244a5
868032061578211,1784192400,data.qo,"{""tE"":{""N"":""64.94""},""hL"":{""N"":""59.6""},""wL"":{""N"":""56.90951""},""tL"":{""N"":""90.5""},""hR"":{""N"":""49.3""},""wR"":{""N"":""48.250465""},""hE"":{""N"":""84.4""},""tR"":{""N"":""81.14""}}",a47854d8-3051-70fa-00ce-ac30661244a5
868032061578211,1784196000,data.qo,"{""tE"":{""N"":""65.3""},""hL"":{""N"":""58.7""},""wL"":{""N"":""56.758812""},""tL"":{""N"":""89.96""},""hR"":{""N"":""50.4""},""wR"":{""N"":""48.138203""},""hE"":{""N"":""83.3""},""tR"":{""N"":""80.24""}}",a47854d8-3051-70fa-00ce-ac30661244a5
868032061578211,1784199600,data.qo,"{""tE"":{""N"":""64.4""},""hL"":{""N"":""58.2""},""wL"":{""N"":""56.78134""},""tL"":{""N"":""89.78""},""hR"":{""N"":""50.6""},""wR"":{""N"":""48.281918""},""hE"":{""N"":""84.3""},""tR"":{""N"":""79.7""}}",a47854d8-3051-70fa-00ce-ac30661244a5
868032061578211,1784203200,data.qo,"{""tE"":{""N"":""64.22""},""hL"":{""N"":""57.2""},""wL"":{""N"":""56.98632""},""tL"":{""N"":""89.42""},""hR"":{""N"":""52""},""wR"":{""N"":""48.49226""},""hE"":{""N"":""84.4""},""tR"":{""N"":""78.08""}}",a47854d8-3051-70fa-00ce-ac30661244a5
868032061578211,1784206800,data.qo,"{""tE"":{""N"":""66.02""},""hL"":{""N"":""56.6""},""wL"":{""N"":""57.362587""},""tL"":{""N"":""89.24""},""hR"":{""N"":""57.8""},""wR"":{""N"":""49.025646""},""hE"":{""N"":""84.9""},""tR"":{""N"":""75.92""}}",a47854d8-3051-70fa-00ce-ac30661244a5
868032061578211,1784210400,data.qo,"{""tE"":{""N"":""68.36""},""hL"":{""N"":""60""},""wL"":{""N"":""57.622913""},""tL"":{""N"":""89.06""},""hR"":{""N"":""59.6""},""wR"":{""N"":""49.072052""},""hE"":{""N"":""82.6""},""tR"":{""N"":""77""}}",a47854d8-3051-70fa-00ce-ac30661244a5
868032061578211,1784214000,data.qo,"{""tE"":{""N"":""72.32""},""hL"":{""N"":""62.2""},""wL"":{""N"":""57.768806""},""tL"":{""N"":""89.24""},""hR"":{""N"":""60.3""},""wR"":{""N"":""49.538563""},""hE"":{""N"":""75.3""},""tR"":{""N"":""78.44""}}",a47854d8-3051-70fa-00ce-ac30661244a5
868032061578211,1784217600,data.qo,"{""tE"":{""N"":""75.2""},""hL"":{""N"":""63.6""},""wL"":{""N"":""57.857605""},""tL"":{""N"":""89.6""},""hR"":{""N"":""58.6""},""wR"":{""N"":""50.004932""},""hE"":{""N"":""67.1""},""tR"":{""N"":""79.7""}}",a47854d8-3051-70fa-00ce-ac30661244a5
868032061578211,1784221200,data.qo,"{""tE"":{""N"":""77.36""},""hL"":{""N"":""63.7""},""wL"":{""N"":""58.00913""},""tL"":{""N"":""90.86""},""hR"":{""N"":""54.8""},""wR"":{""N"":""50.026173""},""hE"":{""N"":""60.6""},""tR"":{""N"":""81.5""}}",a47854d8-3051-70fa-00ce-ac30661244a5
868032061578211,1784224800,data.qo,"{""tE"":{""N"":""78.62""},""hL"":{""N"":""63""},""wL"":{""N"":""57.97364""},""tL"":{""N"":""91.04""},""hR"":{""N"":""54.8""},""wR"":{""N"":""50.077755""},""hE"":{""N"":""59.8""},""tR"":{""N"":""81.5""}}",a47854d8-3051-70fa-00ce-ac30661244a5
868032061578211,1784228400,data.qo,"{""tE"":{""N"":""79.52""},""hL"":{""N"":""62.8""},""wL"":{""N"":""57.960484""},""tL"":{""N"":""91.4""},""hR"":{""N"":""52""},""wR"":{""N"":""50.12324""},""hE"":{""N"":""56.1""},""tR"":{""N"":""82.94""}}",a47854d8-3051-70fa-00ce-ac30661244a5
868032061578211,1784232000,data.qo,"{""tE"":{""N"":""81.32""},""hL"":{""N"":""63.5""},""wL"":{""N"":""57.850857""},""tL"":{""N"":""91.76""},""hR"":{""N"":""51.1""},""wR"":{""N"":""50.03145""},""hE"":{""N"":""54.5""},""tR"":{""N"":""83.66""}}",a47854d8-3051-70fa-00ce-ac30661244a5
868032061578211,1784235600,data.qo,"{""tE"":{""N"":""83.3""},""hL"":{""N"":""64.5""},""wL"":{""N"":""57.79279""},""tL"":{""N"":""92.3""},""hR"":{""N"":""51.3""},""wR"":{""N"":""50.164177""},""hE"":{""N"":""52.8""},""tR"":{""N"":""84.74""}}",a47854d8-3051-70fa-00ce-ac30661244a5
868032061578211,1784239200,data.qo,"{""tE"":{""N"":""90.14""},""hL"":{""N"":""64.7""},""wL"":{""N"":""57.68719""},""tL"":{""N"":""93.2""},""hR"":{""N"":""49.4""},""wR"":{""N"":""50.430893""},""hE"":{""N"":""45.4""},""tR"":{""N"":""87.8""}}",a47854d8-3051-70fa-00ce-ac30661244a5
868032061578211,1784242800,data.qo,"{""tE"":{""N"":""91.94""},""hL"":{""N"":""64.1""},""wL"":{""N"":""57.533432""},""tL"":{""N"":""93.92""},""hR"":{""N"":""48.3""},""wR"":{""N"":""50.69626""},""hE"":{""N"":""42.2""},""tR"":{""N"":""89.42""}}",a47854d8-3051-70fa-00ce-ac30661244a5
868032061578211,1784246400,data.qo,"{""tE"":{""N"":""93.2""},""hL"":{""N"":""63.6""},""wL"":{""N"":""57.254414""},""tL"":{""N"":""94.1""},""hR"":{""N"":""46.5""},""wR"":{""N"":""49.56963""},""hE"":{""N"":""42.6""},""tR"":{""N"":""89.96""}}",a47854d8-3051-70fa-00ce-ac30661244a5
868032061578211,1784250000,data.qo,"{""tE"":{""N"":""82.4""},""hL"":{""N"":""61.1""},""wL"":{""N"":""57.13629""},""tL"":{""N"":""93.92""},""hR"":{""N"":""46.4""},""wR"":{""N"":""48.97721""},""hE"":{""N"":""52.8""},""tR"":{""N"":""87.8""}}",a47854d8-3051-70fa-00ce-ac30661244a5
868032061578211,1784253600,data.qo,"{""tE"":{""N"":""77.36""},""hL"":{""N"":""58.5""},""wL"":{""N"":""57.10294""},""tL"":{""N"":""93.2""},""hR"":{""N"":""46.9""},""wR"":{""N"":""48.693848""},""hE"":{""N"":""59.1""},""tR"":{""N"":""86.18""}}",a47854d8-3051-70fa-00ce-ac30661244a5
868032061578211,1784257200,data.qo,"{""tE"":{""N"":""74.12""},""hL"":{""N"":""59.1""},""wL"":{""N"":""57.038364""},""tL"":{""N"":""92.84""},""hR"":{""N"":""47.5""},""wR"":{""N"":""48.385757""},""hE"":{""N"":""64.2""},""tR"":{""N"":""84.74""}}",a47854d8-3051-70fa-00ce-ac30661244a5
868032061578211,1784260800,data.qo,"{""tE"":{""N"":""71.78""},""hL"":{""N"":""58.4""},""wL"":{""N"":""56.974716""},""tL"":{""N"":""92.48""},""hR"":{""N"":""48.5""},""wR"":{""N"":""48.207397""},""hE"":{""N"":""68.6""},""tR"":{""N"":""84.02""}}",a47854d8-3051-70fa-00ce-ac30661244a5
868032061578211,1784264400,data.qo,"{""tE"":{""N"":""69.98""},""hL"":{""N"":""58.8""},""wL"":{""N"":""56.887035""},""tL"":{""N"":""92.12""},""hR"":{""N"":""48.7""},""wR"":{""N"":""48.009636""},""hE"":{""N"":""72.9""},""tR"":{""N"":""83.66""}}",a47854d8-3051-70fa-00ce-ac30661244a5
868032061578211,1784268000,data.qo,"{""tE"":{""N"":""68.36""},""hL"":{""N"":""58.1""},""wL"":{""N"":""56.884655""},""tL"":{""N"":""91.76""},""hR"":{""N"":""48.7""},""wR"":{""N"":""47.867855""},""hE"":{""N"":""76.8""},""tR"":{""N"":""83.66""}}",a47854d8-3051-70fa-00ce-ac30661244a5
868032061578211,1784271600,data.qo,"{""tE"":{""N"":""67.1""},""hL"":{""N"":""58.2""},""wL"":{""N"":""57.005108""},""tL"":{""N"":""91.4""},""hR"":{""N"":""49""},""wR"":{""N"":""47.89418""},""hE"":{""N"":""79""},""tR"":{""N"":""81.32""}}",a47854d8-3051-70fa-00ce-ac30661244a5
868032061578211,1784275200,data.qo,"{""tE"":{""N"":""66.56""},""hL"":{""N"":""58""},""wL"":{""N"":""56.95811""},""tL"":{""N"":""90.86""},""hR"":{""N"":""49.8""},""wR"":{""N"":""48.007362""},""hE"":{""N"":""80.4""},""tR"":{""N"":""80.6""}}",a47854d8-3051-70fa-00ce-ac30661244a5
868032061578211,1784278800,data.qo,"{""tE"":{""N"":""66.02""},""hL"":{""N"":""58.1""},""wL"":{""N"":""57.087986""},""tL"":{""N"":""90.5""},""hR"":{""N"":""50.2""},""wR"":{""N"":""48.09054""},""hE"":{""N"":""81.8""},""tR"":{""N"":""80.24""}}",a47854d8-3051-70fa-00ce-ac30661244a5
868032061578211,1784282400,data.qo,"{""tE"":{""N"":""65.66""},""hL"":{""N"":""55.9""},""wL"":{""N"":""56.9619""},""tL"":{""N"":""90.14""},""hR"":{""N"":""50.4""},""wR"":{""N"":""48.12001""},""hE"":{""N"":""82.9""},""tR"":{""N"":""80.24""}}",a47854d8-3051-70fa-00ce-ac30661244a5
868032061578211,1784286000,data.qo,"{""tE"":{""N"":""65.12""},""hL"":{""N"":""58.4""},""wL"":{""N"":""57.1779""},""tL"":{""N"":""89.96""},""hR"":{""N"":""53.5""},""wR"":{""N"":""48.544277""},""hE"":{""N"":""85""},""tR"":{""N"":""78.44""}}",a47854d8-3051-70fa-00ce-ac30661244a5
868032061578211,1784289600,data.qo,"{""tE"":{""N"":""65.48""},""hL"":{""N"":""59.2""},""wL"":{""N"":""57.160423""},""tL"":{""N"":""89.96""},""hR"":{""N"":""54.2""},""wR"":{""N"":""48.636024""},""hE"":{""N"":""84.4""},""tR"":{""N"":""77.72""}}",a47854d8-3051-70fa-00ce-ac30661244a5
868032061578211,1784293200,data.qo,"{""tE"":{""N"":""67.1""},""hL"":{""N"":""59.1""},""wL"":{""N"":""57.35001""},""tL"":{""N"":""89.6""},""hR"":{""N"":""57.2""},""wR"":{""N"":""49.00121""},""hE"":{""N"":""84.7""},""tR"":{""N"":""77.54""}}",a47854d8-3051-70fa-00ce-ac30661244a5
868032061578211,1784296800,data.qo,"{""tE"":{""N"":""71.24""},""hL"":{""N"":""60.2""},""wL"":{""N"":""57.512024""},""tL"":{""N"":""89.6""},""hR"":{""N"":""58.4""},""wR"":{""N"":""48.909706""},""hE"":{""N"":""78.1""},""tR"":{""N"":""78.98""}}",a47854d8-3051-70fa-00ce-ac30661244a5
868032061578211,1784300400,data.qo,"{""tE"":{""N"":""74.3""},""hL"":{""N"":""61.3""},""wL"":{""N"":""57.632088""},""tL"":{""N"":""89.96""},""hR"":{""N"":""59""},""wR"":{""N"":""49.542194""},""hE"":{""N"":""69.7""},""tR"":{""N"":""80.78""}}",a47854d8-3051-70fa-00ce-ac30661244a5
868032061578211,1784304000,data.qo,"{""tE"":{""N"":""78.08""},""hL"":{""N"":""62.5""},""wL"":{""N"":""57.722828""},""tL"":{""N"":""90.5""},""hR"":{""N"":""57.2""},""wR"":{""N"":""50.148693""},""hE"":{""N"":""61.1""},""tR"":{""N"":""83.3""}}",a47854d8-3051-70fa-00ce-ac30661244a5
868032061578211,1784307600,data.qo,"{""tE"":{""N"":""80.24""},""hL"":{""N"":""62.6""},""wL"":{""N"":""57.611164""},""tL"":{""N"":""91.58""},""hR"":{""N"":""52.8""},""wR"":{""N"":""50.077175""},""hE"":{""N"":""57.4""},""tR"":{""N"":""85.1""}}",a47854d8-3051-70fa-00ce-ac30661244a5
868032061578211,1784311200,data.qo,"{""tE"":{""N"":""80.96""},""hL"":{""N"":""62.3""},""wL"":{""N"":""57.63233""},""tL"":{""N"":""91.76""},""hR"":{""N"":""51.7""},""wR"":{""N"":""50.132725""},""hE"":{""N"":""56.1""},""tR"":{""N"":""86""}}",a47854d8-3051-70fa-00ce-ac30661244a5
868032061578211,1784314800,data.qo,"{""tE"":{""N"":""81.86""},""hL"":{""N"":""61""},""wL"":{""N"":""57.58922""},""tL"":{""N"":""91.94""},""hR"":{""N"":""50.5""},""wR"":{""N"":""50.197613""},""hE"":{""N"":""55.7""},""tR"":{""N"":""86.18""}}",a47854d8-3051-70fa-00ce-ac30661244a5
868032061578211,1784318400,data.qo,"{""tE"":{""N"":""82.94""},""hL"":{""N"":""60.6""},""wL"":{""N"":""57.36487""},""tL"":{""N"":""92.48""},""hR"":{""N"":""49.8""},""wR"":{""N"":""50.15426""},""hE"":{""N"":""55.2""},""tR"":{""N"":""87.26""}}",a47854d8-3051-70fa-00ce-ac30661244a5
868032061578211,1784322000,data.qo,"{""tE"":{""N"":""84.56""},""hL"":{""N"":""64.1""},""wL"":{""N"":""57.241695""},""tL"":{""N"":""92.84""},""hR"":{""N"":""51.2""},""wR"":{""N"":""50.42775""},""hE"":{""N"":""53.5""},""tR"":{""N"":""87.98""}}",a47854d8-3051-70fa-00ce-ac30661244a5
868032061578211,1784325600,data.qo,"{""tE"":{""N"":""87.26""},""hL"":{""N"":""63.6""},""wL"":{""N"":""57.362488""},""tL"":{""N"":""93.56""},""hR"":{""N"":""47.9""},""wR"":{""N"":""50.444588""},""hE"":{""N"":""50.2""},""tR"":{""N"":""92.48""}}",a47854d8-3051-70fa-00ce-ac30661244a5
868032061578211,1784329200,data.qo,"{""tE"":{""N"":""90.68""},""hL"":{""N"":""63.1""},""wL"":{""N"":""57.366615""},""tL"":{""N"":""93.92""},""hR"":{""N"":""45.2""},""wR"":{""N"":""50.68997""},""hE"":{""N"":""45.1""},""tR"":{""N"":""92.66""}}",a47854d8-3051-70fa-00ce-ac30661244a5
868032061578211,1784332800,data.qo,"{""tE"":{""N"":""90.68""},""hL"":{""N"":""64""},""wL"":{""N"":""57.15974""},""tL"":{""N"":""94.46""},""hR"":{""N"":""45.2""},""wR"":{""N"":""49.216297""},""hE"":{""N"":""47.5""},""tR"":{""N"":""92.66""}}",a47854d8-3051-70fa-00ce-ac30661244a5
868032061578211,1784336400,data.qo,"{""tE"":{""N"":""82.4""},""hL"":{""N"":""61.1""},""wL"":{""N"":""57.079636""},""tL"":{""N"":""94.1""},""hR"":{""N"":""47""},""wR"":{""N"":""48.776833""},""hE"":{""N"":""55.9""},""tR"":{""N"":""89.6""}}",a47854d8-3051-70fa-00ce-ac30661244a5
868032061578211,1784340000,data.qo,"{""tE"":{""N"":""78.8""},""hL"":{""N"":""59.6""},""wL"":{""N"":""56.922623""},""tL"":{""N"":""93.56""},""hR"":{""N"":""48.4""},""wR"":{""N"":""48.300304""},""hE"":{""N"":""62.2""},""tR"":{""N"":""88.34""}}",a47854d8-3051-70fa-00ce-ac30661244a5
868032061578211,1784343600,data.qo,"{""tE"":{""N"":""75.38""},""hL"":{""N"":""59.4""},""wL"":{""N"":""56.86135""},""tL"":{""N"":""93.38""},""hR"":{""N"":""49.4""},""wR"":{""N"":""48.193222""},""hE"":{""N"":""66""},""tR"":{""N"":""88.16""}}",a47854d8-3051-70fa-00ce-ac30661244a5
868032061578211,1784347200,data.qo,"{""tE"":{""N"":""75.38""},""hL"":{""N"":""58.9""},""wL"":{""N"":""56.833435""},""tL"":{""N"":""93.02""},""hR"":{""N"":""48.4""},""wR"":{""N"":""48.07259""},""hE"":{""N"":""66""},""tR"":{""N"":""87.62""}}",a47854d8-3051-70fa-00ce-ac30661244a5
868032061578211,1784350740,data.qo,"{""tE"":{""N"":""72.14""},""hL"":{""N"":""59.5""},""wL"":{""N"":""56.79576""},""tL"":{""N"":""92.66""},""hR"":{""N"":""48""},""wR"":{""N"":""47.984135""},""hE"":{""N"":""73.2""},""tR"":{""N"":""87.26""}}",a47854d8-3051-70fa-00ce-ac30661244a5
868032061578211,1784354400,data.qo,"{""tE"":{""N"":""70.52""},""hL"":{""N"":""58.3""},""wL"":{""N"":""56.7759""},""tL"":{""N"":""92.48""},""hR"":{""N"":""48.5""},""wR"":{""N"":""47.856533""},""hE"":{""N"":""75""},""tR"":{""N"":""86""}}",a47854d8-3051-70fa-00ce-ac30661244a5
868032061578211,1784358000,data.qo,"{""tE"":{""N"":""69.26""},""hL"":{""N"":""57.1""},""wL"":{""N"":""56.884605""},""tL"":{""N"":""91.94""},""hR"":{""N"":""48.4""},""wR"":{""N"":""47.994682""},""hE"":{""N"":""77""},""tR"":{""N"":""85.1""}}",a47854d8-3051-70fa-00ce-ac30661244a5
868032061578211,1784361600,data.qo,"{""tE"":{""N"":""69.98""},""hL"":{""N"":""59.2""},""wL"":{""N"":""56.90665""},""tL"":{""N"":""91.94""},""hR"":{""N"":""50.8""},""wR"":{""N"":""48.278095""},""hE"":{""N"":""82.9""},""tR"":{""N"":""84.92""}}",a47854d8-3051-70fa-00ce-ac30661244a5
868032061578211,1784365200,data.qo,"{""tE"":{""N"":""69.8""},""hL"":{""N"":""59.6""},""wL"":{""N"":""56.947044""},""tL"":{""N"":""91.58""},""hR"":{""N"":""53""},""wR"":{""N"":""48.591652""},""hE"":{""N"":""84""},""tR"":{""N"":""83.3""}}",a47854d8-3051-70fa-00ce-ac30661244a5
868032061578211,1784368800,data.qo,"{""tE"":{""N"":""69.62""},""hL"":{""N"":""59.2""},""wL"":{""N"":""56.97229""},""tL"":{""N"":""91.4""},""hR"":{""N"":""52.2""},""wR"":{""N"":""48.7073""},""hE"":{""N"":""84""},""tR"":{""N"":""84.2""}}",a47854d8-3051-70fa-00ce-ac30661244a5
868032061578211,1784372400,data.qo,"{""tE"":{""N"":""69.08""},""hL"":{""N"":""58""},""wL"":{""N"":""56.86941""},""tL"":{""N"":""91.4""},""hR"":{""N"":""52""},""wR"":{""N"":""48.466034""},""hE"":{""N"":""83.7""},""tR"":{""N"":""84.38""}}",a47854d8-3051-70fa-00ce-ac30661244a5
868032061578211,1784376000,data.qo,"{""tE"":{""N"":""68.18""},""hL"":{""N"":""60.1""},""wL"":{""N"":""56.980835""},""tL"":{""N"":""91.04""},""hR"":{""N"":""52""},""wR"":{""N"":""48.506245""},""hE"":{""N"":""83.8""},""tR"":{""N"":""83.3""}}",a47854d8-3051-70fa-00ce-ac30661244a5
868032061578211,1784379600,data.qo,"{""tE"":{""N"":""69.26""},""hL"":{""N"":""60""},""wL"":{""N"":""57.189552""},""tL"":{""N"":""91.04""},""hR"":{""N"":""53.2""},""wR"":{""N"":""48.873756""},""hE"":{""N"":""84.4""},""tR"":{""N"":""82.58""}}",a47854d8-3051-70fa-00ce-ac30661244a5
868032061578211,1784383200,data.qo,"{""tE"":{""N"":""72.14""},""hL"":{""N"":""58.7""},""wL"":{""N"":""57.241016""},""tL"":{""N"":""91.22""},""hR"":{""N"":""56.1""},""wR"":{""N"":""48.95713""},""hE"":{""N"":""80.9""},""tR"":{""N"":""82.94""}}",a47854d8-3051-70fa-00ce-ac30661244a5
868032061578211,1784386800,data.qo,"{""tE"":{""N"":""73.76""},""hL"":{""N"":""61.1""},""wL"":{""N"":""57.266846""},""tL"":{""N"":""91.22""},""hR"":{""N"":""58.2""},""wR"":{""N"":""49.526417""},""hE"":{""N"":""77.7""},""tR"":{""N"":""81.86""}}",a47854d8-3051-70fa-00ce-ac30661244a5
868032061578211,1784390400,data.qo,"{""tE"":{""N"":""75.56""},""hL"":{""N"":""61.1""},""wL"":{""N"":""57.489594""},""tL"":{""N"":""91.4""},""hR"":{""N"":""57.8""},""wR"":{""N"":""49.77465""},""hE"":{""N"":""74.5""},""tR"":{""N"":""83.48""}}",a47854d8-3051-70fa-00ce-ac30661244a5
868032061578211,1784394000,data.qo,"{""tE"":{""N"":""75.92""},""hL"":{""N"":""61.1""},""wL"":{""N"":""57.285633""},""tL"":{""N"":""91.4""},""hR"":{""N"":""57.1""},""wR"":{""N"":""49.449383""},""hE"":{""N"":""76.6""},""tR"":{""N"":""84.02""}}",a47854d8-3051-70fa-00ce-ac30661244a5
868032061578211,1784397600,data.qo,"{""tE"":{""N"":""74.48""},""hL"":{""N"":""60.9""},""wL"":{""N"":""57.548534""},""tL"":{""N"":""91.58""},""hR"":{""N"":""56.2""},""wR"":{""N"":""50.120724""},""hE"":{""N"":""80.3""},""tR"":{""N"":""83.48""}}",a47854d8-3051-70fa-00ce-ac30661244a5
868032061578211,1784401200,data.qo,"{""tE"":{""N"":""77.36""},""hL"":{""N"":""60.9""},""wL"":{""N"":""57.61427""},""tL"":{""N"":""91.58""},""hR"":{""N"":""59.3""},""wR"":{""N"":""49.432205""},""hE"":{""N"":""72.5""},""tR"":{""N"":""84.74""}}",a47854d8-3051-70fa-00ce-ac30661244a5
868032061578211,1784404800,data.qo,"{""tE"":{""N"":""74.3""},""hL"":{""N"":""65.5""},""wL"":{""N"":""57.82459""},""tL"":{""N"":""92.48""},""hR"":{""N"":""58.6""},""wR"":{""N"":""48.973724""},""hE"":{""N"":""83.4""},""tR"":{""N"":""84.2""}}",a47854d8-3051-70fa-00ce-ac30661244a5
868032061578211,1784408400,data.qo,"{""tE"":{""N"":""69.44""},""hL"":{""N"":""63.6""},""wL"":{""N"":""58.015053""},""tL"":{""N"":""92.3""},""hR"":{""N"":""56.2""},""wR"":{""N"":""50.136837""},""hE"":{""N"":""88.5""},""tR"":{""N"":""82.4""}}",a47854d8-3051-70fa-00ce-ac30661244a5
868032061578211,1784412000,data.qo,"{""tE"":{""N"":""82.4""},""hL"":{""N"":""63.4""},""wL"":{""N"":""57.904747""},""tL"":{""N"":""92.12""},""hR"":{""N"":""64""},""wR"":{""N"":""50.20671""},""hE"":{""N"":""66""},""tR"":{""N"":""82.58""}}",a47854d8-3051-70fa-00ce-ac30661244a5
868032061578211,1784415600,data.qo,"{""tE"":{""N"":""82.4""},""hL"":{""N"":""64.2""},""wL"":{""N"":""57.609417""},""tL"":{""N"":""92.48""},""hR"":{""N"":""56""},""wR"":{""N"":""49.92504""},""hE"":{""N"":""66""},""tR"":{""N"":""86""}}",a47854d8-3051-70fa-00ce-ac30661244a5
868032061578211,1784419200,data.qo,"{""tE"":{""N"":""81.68""},""hL"":{""N"":""63.4""},""wL"":{""N"":""57.40589""},""tL"":{""N"":""93.02""},""hR"":{""N"":""54.1""},""wR"":{""N"":""49.16641""},""hE"":{""N"":""60""},""tR"":{""N"":""86""}}",a47854d8-3051-70fa-00ce-ac30661244a5
868032061578211,1784422800,data.qo,"{""tE"":{""N"":""76.64""},""hL"":{""N"":""62.7""},""wL"":{""N"":""57.26029""},""tL"":{""N"":""92.48""},""hR"":{""N"":""54.5""},""wR"":{""N"":""48.91445""},""hE"":{""N"":""70.1""},""tR"":{""N"":""85.1""}}",a47854d8-3051-70fa-00ce-ac30661244a5
868032061578211,1784426400,data.qo,"{""tE"":{""N"":""74.48""},""hL"":{""N"":""60.3""},""wL"":{""N"":""57.073227""},""tL"":{""N"":""92.48""},""hR"":{""N"":""55.9""},""wR"":{""N"":""48.736526""},""hE"":{""N"":""75""},""tR"":{""N"":""84.56""}}",a47854d8-3051-70fa-00ce-ac30661244a5
868032061578211,1784430000,data.qo,"{""tE"":{""N"":""72.86""},""hL"":{""N"":""60.6""},""wL"":{""N"":""56.90262""},""tL"":{""N"":""92.48""},""hR"":{""N"":""55.9""},""wR"":{""N"":""48.5617""},""hE"":{""N"":""81.2""},""tR"":{""N"":""84.38""}}",a47854d8-3051-70fa-00ce-ac30661244a5
868032061578211,1784433600,data.qo,"{""tE"":{""N"":""71.42""},""hL"":{""N"":""59.6""},""wL"":{""N"":""56.76629""},""tL"":{""N"":""92.12""},""hR"":{""N"":""56.1""},""wR"":{""N"":""48.483746""},""hE"":{""N"":""79.7""},""tR"":{""N"":""83.12""}}",a47854d8-3051-70fa-00ce-ac30661244a5
868032061578211,1784437200,data.qo,"{""tE"":{""N"":""69.62""},""hL"":{""N"":""59.3""},""wL"":{""N"":""56.799545""},""tL"":{""N"":""91.94""},""hR"":{""N"":""54.4""},""wR"":{""N"":""48.601715""},""hE"":{""N"":""79""},""tR"":{""N"":""82.22""}}",a47854d8-3051-70fa-00ce-ac30661244a5
868032061578211,1784440800,data.qo,"{""tE"":{""N"":""69.44""},""hL"":{""N"":""59.8""},""wL"":{""N"":""56.721817""},""tL"":{""N"":""91.76""},""hR"":{""N"":""55""},""wR"":{""N"":""48.612747""},""hE"":{""N"":""80.2""},""tR"":{""N"":""81.32""}}",a47854d8-3051-70fa-00ce-ac30661244a5
868032061578211,1784444400,data.qo,"{""tE"":{""N"":""69.08""},""hL"":{""N"":""59.4""},""wL"":{""N"":""56.727062""},""tL"":{""N"":""91.58""},""hR"":{""N"":""54.7""},""wR"":{""N"":""48.56978""},""hE"":{""N"":""81.1""},""tR"":{""N"":""81.86""}}",a47854d8-3051-70fa-00ce-ac30661244a5
868032061578211,1784448000,data.qo,"{""tE"":{""N"":""68.9""},""hL"":{""N"":""59.7""},""wL"":{""N"":""56.605297""},""tL"":{""N"":""91.4""},""hR"":{""N"":""55.1""},""wR"":{""N"":""48.454712""},""hE"":{""N"":""81.9""},""tR"":{""N"":""81.32""}}",a47854d8-3051-70fa-00ce-ac30661244a5
868032061578211,1784451600,data.qo,"{""tE"":{""N"":""68.9""},""hL"":{""N"":""59.8""},""wL"":{""N"":""56.72235""},""tL"":{""N"":""91.4""},""hR"":{""N"":""56.4""},""wR"":{""N"":""48.630024""},""hE"":{""N"":""83.3""},""tR"":{""N"":""80.42""}}",a47854d8-3051-70fa-00ce-ac30661244a5
868032061578211,1784455200,data.qo,"{""tE"":{""N"":""68.9""},""hL"":{""N"":""59.6""},""wL"":{""N"":""56.955055""},""tL"":{""N"":""91.22""},""hR"":{""N"":""59""},""wR"":{""N"":""49.01597""},""hE"":{""N"":""84.7""},""tR"":{""N"":""78.8""}}",a47854d8-3051-70fa-00ce-ac30661244a5
868032061578211,1784458800,data.qo,"{""tE"":{""N"":""69.44""},""hL"":{""N"":""59.6""},""wL"":{""N"":""56.770756""},""tL"":{""N"":""91.04""},""hR"":{""N"":""61""},""wR"":{""N"":""48.8544""},""hE"":{""N"":""84.4""},""tR"":{""N"":""78.08""}}",a47854d8-3051-70fa-00ce-ac30661244a5
868032061578211,1784462400,data.qo,"{""tE"":{""N"":""69.08""},""hL"":{""N"":""59""},""wL"":{""N"":""56.903103""},""tL"":{""N"":""91.22""},""hR"":{""N"":""61""},""wR"":{""N"":""48.978275""},""hE"":{""N"":""84.1""},""tR"":{""N"":""78.08""}}",a47854d8-3051-70fa-00ce-ac30661244a5
868032061578211,1784466000,data.qo,"{""tE"":{""N"":""69.62""},""hL"":{""N"":""59.9""},""wL"":{""N"":""56.974087""},""tL"":{""N"":""91.04""},""hR"":{""N"":""62.8""},""wR"":{""N"":""49.106987""},""hE"":{""N"":""84.5""},""tR"":{""N"":""77.54""}}",a47854d8-3051-70fa-00ce-ac30661244a5
868032061578211,1784469600,data.qo,"{""tE"":{""N"":""70.7""},""hL"":{""N"":""59.5""},""wL"":{""N"":""57.188873""},""tL"":{""N"":""91.04""},""hR"":{""N"":""64.8""},""wR"":{""N"":""49.345493""},""hE"":{""N"":""82.6""},""tR"":{""N"":""76.64""}}",a47854d8-3051-70fa-00ce-ac30661244a5
868032061578211,1784473200,data.qo,"{""tE"":{""N"":""71.42""},""hL"":{""N"":""60.5""},""wL"":{""N"":""57.333748""},""tL"":{""N"":""91.04""},""hR"":{""N"":""65.1""},""wR"":{""N"":""49.644585""},""hE"":{""N"":""81.2""},""tR"":{""N"":""77""}}",a47854d8-3051-70fa-00ce-ac30661244a5
868032061578211,1784476800,data.qo,"{""tE"":{""N"":""73.76""},""hL"":{""N"":""61.8""},""wL"":{""N"":""57.27034""},""tL"":{""N"":""91.04""},""hR"":{""N"":""65.4""},""wR"":{""N"":""49.711067""},""hE"":{""N"":""77.2""},""tR"":{""N"":""78.08""}}",a47854d8-3051-70fa-00ce-ac30661244a5
868032061578211,1784480400,data.qo,"{""tE"":{""N"":""73.94""},""hL"":{""N"":""61.6""},""wL"":{""N"":""57.546444""},""tL"":{""N"":""91.22""},""hR"":{""N"":""63.3""},""wR"":{""N"":""50.08869""},""hE"":{""N"":""76.1""},""tR"":{""N"":""78.98""}}",a47854d8-3051-70fa-00ce-ac30661244a5
868032061578211,1784484000,data.qo,"{""tE"":{""N"":""76.28""},""hL"":{""N"":""60.3""},""wL"":{""N"":""57.600822""},""tL"":{""N"":""91.22""},""hR"":{""N"":""62.2""},""wR"":{""N"":""50.20802""},""hE"":{""N"":""70.6""},""tR"":{""N"":""80.24""}}",a47854d8-3051-70fa-00ce-ac30661244a5
868032061578211,1784487600,data.qo,"{""tE"":{""N"":""78.44""},""hL"":{""N"":""62.8""},""wL"":{""N"":""57.505905""},""tL"":{""N"":""91.58""},""hR"":{""N"":""59.6""},""wR"":{""N"":""50.28486""},""hE"":{""N"":""63.9""},""tR"":{""N"":""81.5""}}",a47854d8-3051-70fa-00ce-ac30661244a5
868032061578211,1784491200,data.qo,"{""tE"":{""N"":""79.7""},""hL"":{""N"":""63.2""},""wL"":{""N"":""57.00472""},""tL"":{""N"":""91.76""},""hR"":{""N"":""57.5""},""wR"":{""N"":""49.554047""},""hE"":{""N"":""62.2""},""tR"":{""N"":""82.58""}}",a47854d8-3051-70fa-00ce-ac30661244a5
868032061578211,1784494800,data.qo,"{""tE"":{""N"":""76.46""},""hL"":{""N"":""62""},""wL"":{""N"":""56.992584""},""tL"":{""N"":""92.3""},""hR"":{""N"":""54.3""},""wR"":{""N"":""49.40574""},""hE"":{""N"":""66""},""tR"":{""N"":""84.02""}}",a47854d8-3051-70fa-00ce-ac30661244a5
868032061578211,1784498400,data.qo,"{""tE"":{""N"":""75.74""},""hL"":{""N"":""61.9""},""wL"":{""N"":""57.448906""},""tL"":{""N"":""92.48""},""hR"":{""N"":""57.1""},""wR"":{""N"":""50.11976""},""hE"":{""N"":""70.8""},""tR"":{""N"":""83.66""}}",a47854d8-3051-70fa-00ce-ac30661244a5
868032061578211,1784502000,data.qo,"{""tE"":{""N"":""86""},""hL"":{""N"":""61.5""},""wL"":{""N"":""56.745026""},""tL"":{""N"":""92.48""},""hR"":{""N"":""57.9""},""wR"":{""N"":""49.6951""},""hE"":{""N"":""56.9""},""tR"":{""N"":""86""}}",a47854d8-3051-70fa-00ce-ac30661244a5
868032061578211,1784505600,data.qo,"{""tE"":{""N"":""77.54""},""hL"":{""N"":""61""},""wL"":{""N"":""56.486786""},""tL"":{""N"":""92.66""},""hR"":{""N"":""53.3""},""wR"":{""N"":""49.232506""},""hE"":{""N"":""67""},""tR"":{""N"":""86.36""}}",a47854d8-3051-70fa-00ce-ac30661244a5
868032061578211,1784509200,data.qo,"{""tE"":{""N"":""75.02""},""hL"":{""N"":""60.8""},""wL"":{""N"":""56.466007""},""tL"":{""N"":""92.3""},""hR"":{""N"":""53.1""},""wR"":{""N"":""49.201443""},""hE"":{""N"":""71.6""},""tR"":{""N"":""85.82""}}",a47854d8-3051-70fa-00ce-ac30661244a5
868032061578211,1784512800,data.qo,"{""tE"":{""N"":""73.4""},""hL"":{""N"":""59.4""},""wL"":{""N"":""56.316227""},""tL"":{""N"":""92.3""},""hR"":{""N"":""52.8""},""wR"":{""N"":""49.030823""},""hE"":{""N"":""74.1""},""tR"":{""N"":""86.18""}}",a47854d8-3051-70fa-00ce-ac30661244a5
868032061578211,1784516400,data.qo,"{""tE"":{""N"":""72.5""},""hL"":{""N"":""60.3""},""wL"":{""N"":""56.392597""},""tL"":{""N"":""92.3""},""hR"":{""N"":""52.9""},""wR"":{""N"":""49.05497""},""hE"":{""N"":""77.2""},""tR"":{""N"":""85.46""}}",a47854d8-3051-70fa-00ce-ac30661244a5
868032061578211,1784520000,data.qo,"{""tE"":{""N"":""71.78""},""hL"":{""N"":""60.3""},""wL"":{""N"":""56.277""},""tL"":{""N"":""92.3""},""hR"":{""N"":""53.8""},""wR"":{""N"":""48.94034""},""hE"":{""N"":""77.2""},""tR"":{""N"":""83.84""}}",a47854d8-3051-70fa-00ce-ac30661244a5
868032061578211,1784523600,data.qo,"{""tE"":{""N"":""70.7""},""hL"":{""N"":""59.6""},""wL"":{""N"":""56.41857""},""tL"":{""N"":""91.94""},""hR"":{""N"":""54.8""},""wR"":{""N"":""49.149426""},""hE"":{""N"":""81.2""},""tR"":{""N"":""83.3""}}",a47854d8-3051-70fa-00ce-ac30661244a5
868032061578211,1784527200,data.qo,"{""tE"":{""N"":""70.7""},""hL"":{""N"":""58""},""wL"":{""N"":""56.417892""},""tL"":{""N"":""91.94""},""hR"":{""N"":""54.7""},""wR"":{""N"":""49.188522""},""hE"":{""N"":""80.9""},""tR"":{""N"":""83.48""}}",a47854d8-3051-70fa-00ce-ac30661244a5
868032061578211,1784530800,data.qo,"{""tE"":{""N"":""69.98""},""hL"":{""N"":""59.2""},""wL"":{""N"":""56.37313""},""tL"":{""N"":""92.12""},""hR"":{""N"":""54.1""},""wR"":{""N"":""49.216637""},""hE"":{""N"":""81.6""},""tR"":{""N"":""83.66""}}",a47854d8-3051-70fa-00ce-ac30661244a5
868032061578211,1784534400,data.qo,"{""tE"":{""N"":""69.62""},""hL"":{""N"":""58""},""wL"":{""N"":""56.343174""},""tL"":{""N"":""91.76""},""hR"":{""N"":""54""},""wR"":{""N"":""49.11236""},""hE"":{""N"":""82.6""},""tR"":{""N"":""83.66""}}",a47854d8-3051-70fa-00ce-ac30661244a5
868032061578211,1784538000,data.qo,"{""tE"":{""N"":""69.62""},""hL"":{""N"":""58.2""},""wL"":{""N"":""56.349533""},""tL"":{""N"":""91.94""},""hR"":{""N"":""54""},""wR"":{""N"":""49.1592""},""hE"":{""N"":""84.4""},""tR"":{""N"":""83.66""}}",a47854d8-3051-70fa-00ce-ac30661244a5
868032061578211,1784541600,data.qo,"{""tE"":{""N"":""69.26""},""hL"":{""N"":""60.3""},""wL"":{""N"":""56.225925""},""tL"":{""N"":""91.76""},""hR"":{""N"":""54.3""},""wR"":{""N"":""49.01408""},""hE"":{""N"":""84.4""},""tR"":{""N"":""83.48""}}",a47854d8-3051-70fa-00ce-ac30661244a5
868032061578211,1784545200,data.qo,"{""tE"":{""N"":""68.54""},""hL"":{""N"":""60.3""},""wL"":{""N"":""56.22005""},""tL"":{""N"":""91.76""},""hR"":{""N"":""54.1""},""wR"":{""N"":""48.832867""},""hE"":{""N"":""85.5""},""tR"":{""N"":""83.3""}}",a47854d8-3051-70fa-00ce-ac30661244a5
868032061578211,1784548800,data.qo,"{""tE"":{""N"":""68""},""hL"":{""N"":""59.5""},""wL"":{""N"":""56.45615""},""tL"":{""N"":""91.76""},""hR"":{""N"":""53.5""},""wR"":{""N"":""49.0406""},""hE"":{""N"":""85.8""},""tR"":{""N"":""83.48""}}",a47854d8-3051-70fa-00ce-ac30661244a5
868032061578211,1784552400,data.qo,"{""tE"":{""N"":""69.08""},""hL"":{""N"":""58.4""},""wL"":{""N"":""56.683464""},""tL"":{""N"":""91.4""},""hR"":{""N"":""55.1""},""wR"":{""N"":""49.37588""},""hE"":{""N"":""85.3""},""tR"":{""N"":""82.94""}}",a47854d8-3051-70fa-00ce-ac30661244a5
868032061578211,1784556000,data.qo,"{""tE"":{""N"":""71.6""},""hL"":{""N"":""60.1""},""wL"":{""N"":""56.936653""},""tL"":{""N"":""91.58""},""hR"":{""N"":""55.1""},""wR"":{""N"":""49.439175""},""hE"":{""N"":""80.5""},""tR"":{""N"":""82.94""}}",a47854d8-3051-70fa-00ce-ac30661244a5
868032061578211,1784559600,data.qo,"{""tE"":{""N"":""73.94""},""hL"":{""N"":""59.1""},""wL"":{""N"":""56.968407""},""tL"":{""N"":""91.76""},""hR"":{""N"":""58.5""},""wR"":{""N"":""49.718037""},""hE"":{""N"":""75.8""},""tR"":{""N"":""82.58""}}",a47854d8-3051-70fa-00ce-ac30661244a5
868032061578211,1784563200,data.qo,"{""tE"":{""N"":""76.1""},""hL"":{""N"":""60.5""},""wL"":{""N"":""57.06133""},""tL"":{""N"":""92.12""},""hR"":{""N"":""57.2""},""wR"":{""N"":""50.213726""},""hE"":{""N"":""69.2""},""tR"":{""N"":""83.48""}}",a47854d8-3051-70fa-00ce-ac30661244a5
868032061578211,1784566800,data.qo,"{""tE"":{""N"":""78.26""},""hL"":{""N"":""62.5""},""wL"":{""N"":""57.133137""},""tL"":{""N"":""92.48""},""hR"":{""N"":""55.7""},""wR"":{""N"":""50.269035""},""hE"":{""N"":""65.6""},""tR"":{""N"":""84.38""}}",a47854d8-3051-70fa-00ce-ac30661244a5
868032061578211,1784570400,data.qo,"{""tE"":{""N"":""79.16""},""hL"":{""N"":""62.6""},""wL"":{""N"":""57.117165""},""tL"":{""N"":""92.84""},""hR"":{""N"":""55.7""},""wR"":{""N"":""50.261196""},""hE"":{""N"":""65""},""tR"":{""N"":""84.38""}}",a47854d8-3051-70fa-00ce-ac30661244a5
868032061578211,1784574000,data.qo,"{""tE"":{""N"":""79.52""},""hL"":{""N"":""62.4""},""wL"":{""N"":""57.184113""},""tL"":{""N"":""92.84""},""hR"":{""N"":""56.3""},""wR"":{""N"":""50.081966""},""hE"":{""N"":""68""},""tR"":{""N"":""86.9""}}",a47854d8-3051-70fa-00ce-ac30661244a5
868032061578211,1784577600,data.qo,"{""tE"":{""N"":""76.82""},""hL"":{""N"":""64.2""},""wL"":{""N"":""57.3537""},""tL"":{""N"":""93.2""},""hR"":{""N"":""55.4""},""wR"":{""N"":""49.861557""},""hE"":{""N"":""80.7""},""tR"":{""N"":""88.16""}}",a47854d8-3051-70fa-00ce-ac30661244a5
868032061578211,1784581200,data.qo,"{""tE"":{""N"":""73.22""},""hL"":{""N"":""63.9""},""wL"":{""N"":""57.382927""},""tL"":{""N"":""93.2""},""hR"":{""N"":""56.6""},""wR"":{""N"":""49.798553""},""hE"":{""N"":""81.5""},""tR"":{""N"":""84.74""}}",a47854d8-3051-70fa-00ce-ac30661244a5
868032061578211,1784584800,data.qo,"{""tE"":{""N"":""74.12""},""hL"":{""N"":""63.3""},""wL"":{""N"":""57.39482""},""tL"":{""N"":""93.02""},""hR"":{""N"":""59.8""},""wR"":{""N"":""49.597744""},""hE"":{""N"":""83.5""},""tR"":{""N"":""83.66""}}",a47854d8-3051-70fa-00ce-ac30661244a5
868032061578211,1784588400,data.qo,"{""tE"":{""N"":""78.26""},""hL"":{""N"":""62.9""},""wL"":{""N"":""57.246017""},""tL"":{""N"":""93.02""},""hR"":{""N"":""62.1""},""wR"":{""N"":""50.05516""},""hE"":{""N"":""74.9""},""tR"":{""N"":""83.3""}}",a47854d8-3051-70fa-00ce-ac30661244a5
868032061578211,1784592000,data.qo,"{""tE"":{""N"":""78.08""},""hL"":{""N"":""62.7""},""wL"":{""N"":""57.008507""},""tL"":{""N"":""93.2""},""hR"":{""N"":""59.4""},""wR"":{""N"":""49.263767""},""hE"":{""N"":""71.1""},""tR"":{""N"":""85.1""}}",a47854d8-3051-70fa-00ce-ac30661244a5
868032061578211,1784595600,data.qo,"{""tE"":{""N"":""74.3""},""hL"":{""N"":""61.6""},""wL"":{""N"":""56.851933""},""tL"":{""N"":""93.02""},""hR"":{""N"":""57""},""wR"":{""N"":""48.860012""},""hE"":{""N"":""76""},""tR"":{""N"":""84.38""}}",a47854d8-3051-70fa-00ce-ac30661244a5
868032061578211,1784599200,data.qo,"{""tE"":{""N"":""72.14""},""hL"":{""N"":""60.4""},""wL"":{""N"":""56.8045""},""tL"":{""N"":""92.84""},""hR"":{""N"":""58""},""wR"":{""N"":""48.76711""},""hE"":{""N"":""80.8""},""tR"":{""N"":""84.2""}}",a47854d8-3051-70fa-00ce-ac30661244a5
868032061578211,1784602800,data.qo,"{""tE"":{""N"":""72.14""},""hL"":{""N"":""60.3""},""wL"":{""N"":""56.722885""},""tL"":{""N"":""92.66""},""hR"":{""N"":""56.2""},""wR"":{""N"":""48.66825""},""hE"":{""N"":""80.8""},""tR"":{""N"":""83.48""}}",a47854d8-3051-70fa-00ce-ac30661244a5
868032061578211,1784606400,data.qo,"{""tE"":{""N"":""69.98""},""hL"":{""N"":""59""},""wL"":{""N"":""56.65511""},""tL"":{""N"":""92.3""},""hR"":{""N"":""55.7""},""wR"":{""N"":""48.57181""},""hE"":{""N"":""83.7""},""tR"":{""N"":""83.66""}}",a47854d8-3051-70fa-00ce-ac30661244a5
868032061578211,1784610000,data.qo,"{""tE"":{""N"":""69.62""},""hL"":{""N"":""59""},""wL"":{""N"":""56.73245""},""tL"":{""N"":""92.3""},""hR"":{""N"":""55.3""},""wR"":{""N"":""48.642605""},""hE"":{""N"":""84.6""},""tR"":{""N"":""83.48""}}",a47854d8-3051-70fa-00ce-ac30661244a5
868032061578211,1784613600,data.qo,"{""tE"":{""N"":""69.8""},""hL"":{""N"":""59.1""},""wL"":{""N"":""56.789204""},""tL"":{""N"":""91.94""},""hR"":{""N"":""56.9""},""wR"":{""N"":""48.809788""},""hE"":{""N"":""85.8""},""tR"":{""N"":""82.58""}}",a47854d8-3051-70fa-00ce-ac30661244a5
868032061578211,1784617200,data.qo,"{""tE"":{""N"":""69.62""},""hL"":{""N"":""59""},""wL"":{""N"":""56.698124""},""tL"":{""N"":""92.12""},""hR"":{""N"":""57.2""},""wR"":{""N"":""48.557537""},""hE"":{""N"":""85.2""},""tR"":{""N"":""82.22""}}",a47854d8-3051-70fa-00ce-ac30661244a5
868032061578211,1784620800,data.qo,"{""tE"":{""N"":""69.08""},""hL"":{""N"":""59.8""},""wL"":{""N"":""56.73711""},""tL"":{""N"":""92.3""},""hR"":{""N"":""56.9""},""wR"":{""N"":""48.760674""},""hE"":{""N"":""87.5""},""tR"":{""N"":""82.4""}}",a47854d8-3051-70fa-00ce-ac30661244a5
868032061578211,1784624400,data.qo,"{""tE"":{""N"":""68.72""},""hL"":{""N"":""59""},""wL"":{""N"":""56.69162""},""tL"":{""N"":""91.94""},""hR"":{""N"":""57.1""},""wR"":{""N"":""48.680782""},""hE"":{""N"":""86.4""},""tR"":{""N"":""81.68""}}",a47854d8-3051-70fa-00ce-ac30661244a5
868032061578211,1784628000,data.qo,"{""tE"":{""N"":""68.18""},""hL"":{""N"":""59.7""},""wL"":{""N"":""56.827366""},""tL"":{""N"":""91.94""},""hR"":{""N"":""56.4""},""wR"":{""N"":""49.055454""},""hE"":{""N"":""88.5""},""tR"":{""N"":""82.4""}}",a47854d8-3051-70fa-00ce-ac30661244a5
868032061578211,1784631600,data.qo,"{""tE"":{""N"":""68.54""},""hL"":{""N"":""59.2""},""wL"":{""N"":""56.79741""},""tL"":{""N"":""91.76""},""hR"":{""N"":""57""},""wR"":{""N"":""48.977596""},""hE"":{""N"":""87.1""},""tR"":{""N"":""81.32""}}",a47854d8-3051-70fa-00ce-ac30661244a5
868032061578211,1784635200,data.qo,"{""tE"":{""N"":""68.54""},""hL"":{""N"":""59.8""},""wL"":{""N"":""56.82023""},""tL"":{""N"":""91.58""},""hR"":{""N"":""57.3""},""wR"":{""N"":""49.121212""},""hE"":{""N"":""87.2""},""tR"":{""N"":""81.5""}}",a47854d8-3051-70fa-00ce-ac30661244a5
868032061578211,1784638800,data.qo,"{""tE"":{""N"":""69.98""},""hL"":{""N"":""58.4""},""wL"":{""N"":""57.03385""},""tL"":{""N"":""91.76""},""hR"":{""N"":""59.7""},""wR"":{""N"":""49.52821""},""hE"":{""N"":""84.4""},""tR"":{""N"":""79.88""}}",a47854d8-3051-70fa-00ce-ac30661244a5
868032061578211,1784642400,data.qo,"{""tE"":{""N"":""72.32""},""hL"":{""N"":""62.2""},""wL"":{""N"":""57.088615""},""tL"":{""N"":""91.76""},""hR"":{""N"":""60.9""},""wR"":{""N"":""49.649036""},""hE"":{""N"":""80.7""},""tR"":{""N"":""80.42""}}",a47854d8-3051-70fa-00ce-ac30661244a5
868032061578211,1784646000,data.qo,"{""tE"":{""N"":""74.84""},""hL"":{""N"":""61.5""},""wL"":{""N"":""57.121532""},""tL"":{""N"":""91.94""},""hR"":{""N"":""58.5""},""wR"":{""N"":""50.034786""},""hE"":{""N"":""72.7""},""tR"":{""N"":""82.22""}}",a47854d8-3051-70fa-00ce-ac30661244a5
868032061578211,1784649600,data.qo,"{""tE"":{""N"":""76.64""},""hL"":{""N"":""62.4""},""wL"":{""N"":""57.118767""},""tL"":{""N"":""92.12""},""hR"":{""N"":""58""},""wR"":{""N"":""50.206905""},""hE"":{""N"":""68.1""},""tR"":{""N"":""82.58""}}",a47854d8-3051-70fa-00ce-ac30661244a5
868032061578211,1784653200,data.qo,"{""tE"":{""N"":""78.26""},""hL"":{""N"":""62.6""},""wL"":{""N"":""57.03419""},""tL"":{""N"":""92.48""},""hR"":{""N"":""56.7""},""wR"":{""N"":""50.110855""},""hE"":{""N"":""66.2""},""tR"":{""N"":""84.2""}}",a47854d8-3051-70fa-00ce-ac30661244a5
868032061578211,1784656800,data.qo,"{""tE"":{""N"":""78.08""},""hL"":{""N"":""62.8""},""wL"":{""N"":""57.129154""},""tL"":{""N"":""92.84""},""hR"":{""N"":""58.1""},""wR"":{""N"":""50.27673""},""hE"":{""N"":""72.9""},""tR"":{""N"":""85.46""}}",a47854d8-3051-70fa-00ce-ac30661244a5
868032061578211,1784660400,data.qo,"{""tE"":{""N"":""80.06""},""hL"":{""N"":""63.3""},""wL"":{""N"":""56.729877""},""tL"":{""N"":""93.02""},""hR"":{""N"":""55.9""},""wR"":{""N"":""49.904766""},""hE"":{""N"":""64.5""},""tR"":{""N"":""86""}}",a47854d8-3051-70fa-00ce-ac30661244a5
868032061578211,1784664000,data.qo,"{""tE"":{""N"":""78.98""},""hL"":{""N"":""64.4""},""wL"":{""N"":""56.747696""},""tL"":{""N"":""93.2""},""hR"":{""N"":""56.3""},""wR"":{""N"":""49.758926""},""hE"":{""N"":""67.8""},""tR"":{""N"":""87.62""}}",a47854d8-3051-70fa-00ce-ac30661244a5
868032061578211,1784667600,data.qo,"{""tE"":{""N"":""79.7""},""hL"":{""N"":""64.1""},""wL"":{""N"":""56.79984""},""tL"":{""N"":""93.56""},""hR"":{""N"":""58.5""},""wR"":{""N"":""50.135""},""hE"":{""N"":""73.8""},""tR"":{""N"":""88.34""}}",a47854d8-3051-70fa-00ce-ac30661244a5
868032061578211,1784671200,data.qo,"{""tE"":{""N"":""79.34""},""hL"":{""N"":""63.8""},""wL"":{""N"":""56.479843""},""tL"":{""N"":""93.74""},""hR"":{""N"":""56.3""},""wR"":{""N"":""49.869926""},""hE"":{""N"":""73.2""},""tR"":{""N"":""89.78""}}",a47854d8-3051-70fa-00ce-ac30661244a5
868032061578211,1784674800,data.qo,"{""tE"":{""N"":""77.54""},""hL"":{""N"":""62.2""},""wL"":{""N"":""56.35895""},""tL"":{""N"":""93.92""},""hR"":{""N"":""55.1""},""wR"":{""N"":""49.5135""},""hE"":{""N"":""73.4""},""tR"":{""N"":""89.96""}}",a47854d8-3051-70fa-00ce-ac30661244a5
868032061578211,1784678400,data.qo,"{""tE"":{""N"":""76.1""},""hL"":{""N"":""60.7""},""wL"":{""N"":""56.31647""},""tL"":{""N"":""93.56""},""hR"":{""N"":""53.7""},""wR"":{""N"":""49.566048""},""hE"":{""N"":""74.7""},""tR"":{""N"":""87.8""}}",a47854d8-3051-70fa-00ce-ac30661244a5
868032061578211,1784682000,data.qo,"{""tE"":{""N"":""75.2""},""hL"":{""N"":""60.5""},""wL"":{""N"":""56.338512""},""tL"":{""N"":""93.2""},""hR"":{""N"":""54.3""},""wR"":{""N"":""49.573067""},""hE"":{""N"":""75.6""},""tR"":{""N"":""86.9""}}",a47854d8-3051-70fa-00ce-ac30661244a5
868032061578211,1784685600,data.qo,"{""tE"":{""N"":""74.48""},""hL"":{""N"":""59""},""wL"":{""N"":""56.250977""},""tL"":{""N"":""92.84""},""hR"":{""N"":""54.3""},""wR"":{""N"":""49.410965""},""hE"":{""N"":""76.9""},""tR"":{""N"":""86.9""}}",a47854d8-3051-70fa-00ce-ac30661244a5
868032061578211,1784689200,data.qo,"{""tE"":{""N"":""73.58""},""hL"":{""N"":""60.3""},""wL"":{""N"":""56.14397""},""tL"":{""N"":""92.84""},""hR"":{""N"":""54.1""},""wR"":{""N"":""49.282684""},""hE"":{""N"":""79.7""},""tR"":{""N"":""86.9""}}",a47854d8-3051-70fa-00ce-ac30661244a5
868032061578211,1784692800,data.qo,"{""tE"":{""N"":""72.5""},""hL"":{""N"":""60.5""},""wL"":{""N"":""56.116104""},""tL"":{""N"":""92.66""},""hR"":{""N"":""54.7""},""wR"":{""N"":""49.325413""},""hE"":{""N"":""82.6""},""tR"":{""N"":""86.18""}}",a47854d8-3051-70fa-00ce-ac30661244a5
868032061578211,1784696400,data.qo,"{""tE"":{""N"":""71.78""},""hL"":{""N"":""60.2""},""wL"":{""N"":""56.040512""},""tL"":{""N"":""92.48""},""hR"":{""N"":""54.7""},""wR"":{""N"":""49.220215""},""hE"":{""N"":""84.5""},""tR"":{""N"":""86.18""}}",a47854d8-3051-70fa-00ce-ac30661244a5
868032061578211,1784700000,data.qo,"{""tE"":{""N"":""71.42""},""hL"":{""N"":""60.2""},""wL"":{""N"":""56.15465""},""tL"":{""N"":""92.48""},""hR"":{""N"":""54.5""},""wR"":{""N"":""49.38977""},""hE"":{""N"":""84.4""},""tR"":{""N"":""86.36""}}",a47854d8-3051-70fa-00ce-ac30661244a5
868032061578211,1784703600,data.qo,"{""tE"":{""N"":""71.06""},""hL"":{""N"":""59.5""},""wL"":{""N"":""55.966278""},""tL"":{""N"":""92.48""},""hR"":{""N"":""54.8""},""wR"":{""N"":""49.21712""},""hE"":{""N"":""84.3""},""tR"":{""N"":""85.46""}}",a47854d8-3051-70fa-00ce-ac30661244a5
868032061578211,1784707200,data.qo,"{""tE"":{""N"":""70.34""},""hL"":{""N"":""58.3""},""wL"":{""N"":""55.859077""},""tL"":{""N"":""92.3""},""hR"":{""N"":""54.8""},""wR"":{""N"":""49.1486""},""hE"":{""N"":""84""},""tR"":{""N"":""85.46""}}",a47854d8-3051-70fa-00ce-ac30661244a5
868032061578211,1784710800,data.qo,"{""tE"":{""N"":""69.62""},""hL"":{""N"":""59""},""wL"":{""N"":""55.79431""},""tL"":{""N"":""92.3""},""hR"":{""N"":""53.7""},""wR"":{""N"":""49.045776""},""hE"":{""N"":""85""},""tR"":{""N"":""85.46""}}",a47854d8-3051-70fa-00ce-ac30661244a5
868032061578211,1784714400,data.qo,"{""tE"":{""N"":""68.9""},""hL"":{""N"":""58.5""},""wL"":{""N"":""56.00575""},""tL"":{""N"":""92.12""},""hR"":{""N"":""53.6""},""wR"":{""N"":""49.250168""},""hE"":{""N"":""86.8""},""tR"":{""N"":""84.56""}}",a47854d8-3051-70fa-00ce-ac30661244a5
868032061578211,1784718000,data.qo,"{""tE"":{""N"":""69.08""},""hL"":{""N"":""59.3""},""wL"":{""N"":""55.960693""},""tL"":{""N"":""92.12""},""hR"":{""N"":""53.6""},""wR"":{""N"":""49.147778""},""hE"":{""N"":""86.7""},""tR"":{""N"":""84.56""}}",a47854d8-3051-70fa-00ce-ac30661244a5
868032061578211,1784721600,data.qo,"{""tE"":{""N"":""68.9""},""hL"":{""N"":""58.7""},""wL"":{""N"":""56.2067""},""tL"":{""N"":""91.94""},""hR"":{""N"":""53.2""},""wR"":{""N"":""49.41822""},""hE"":{""N"":""86.8""},""tR"":{""N"":""85.46""}}",a47854d8-3051-70fa-00ce-ac30661244a5
868032061578211,1784725200,data.qo,"{""tE"":{""N"":""69.98""},""hL"":{""N"":""59.9""},""wL"":{""N"":""56.21539""},""tL"":{""N"":""91.94""},""hR"":{""N"":""54.5""},""wR"":{""N"":""49.51945""},""hE"":{""N"":""85.3""},""tR"":{""N"":""84.74""}}",a47854d8-3051-70fa-00ce-ac30661244a5
868032061578211,1784728800,data.qo,"{""tE"":{""N"":""71.78""},""hL"":{""N"":""59.6""},""wL"":{""N"":""56.412502""},""tL"":{""N"":""91.94""},""hR"":{""N"":""54.9""},""wR"":{""N"":""49.73865""},""hE"":{""N"":""81.6""},""tR"":{""N"":""84.56""}}",a47854d8-3051-70fa-00ce-ac30661244a5
868032061578211,1784732400,data.qo,"{""tE"":{""N"":""71.78""},""hL"":{""N"":""61.5""},""wL"":{""N"":""56.344097""},""tL"":{""N"":""92.12""},""hR"":{""N"":""55.8""},""wR"":{""N"":""49.785393""},""hE"":{""N"":""84""},""tR"":{""N"":""84.38""}}",a47854d8-3051-70fa-00ce-ac30661244a5
868032061578211,1784736000,data.qo,"{""tE"":{""N"":""71.96""},""hL"":{""N"":""60.7""},""wL"":{""N"":""56.524994""},""tL"":{""N"":""91.94""},""hR"":{""N"":""56.8""},""wR"":{""N"":""49.951267""},""hE"":{""N"":""82""},""tR"":{""N"":""83.3""}}",a47854d8-3051-70fa-00ce-ac30661244a5
868032061578211,1784739600,data.qo,"{""tE"":{""N"":""72.86""},""hL"":{""N"":""60.3""},""wL"":{""N"":""56.738323""},""tL"":{""N"":""91.94""},""hR"":{""N"":""58.9""},""wR"":{""N"":""50.265358""},""hE"":{""N"":""80.6""},""tR"":{""N"":""82.04""}}",a47854d8-3051-70fa-00ce-ac30661244a5
868032061578211,1784743200,data.qo,"{""tE"":{""N"":""73.58""},""hL"":{""N"":""58.7""},""wL"":{""N"":""56.598255""},""tL"":{""N"":""91.94""},""hR"":{""N"":""59.5""},""wR"":{""N"":""50.100693""},""hE"":{""N"":""82""},""tR"":{""N"":""83.3""}}",a47854d8-3051-70fa-00ce-ac30661244a5
868032061578211,1784746800,data.qo,"{""tE"":{""N"":""69.08""},""hL"":{""N"":""62.4""},""wL"":{""N"":""56.65181""},""tL"":{""N"":""92.12""},""hR"":{""N"":""58.5""},""wR"":{""N"":""50.033672""},""hE"":{""N"":""90.1""},""tR"":{""N"":""80.96""}}",a47854d8-3051-70fa-00ce-ac30661244a5
868032061578211,1784750400,data.qo,"{""tE"":{""N"":""68.72""},""hL"":{""N"":""65.1""},""wL"":{""N"":""56.761143""},""tL"":{""N"":""91.94""},""hR"":{""N"":""62.1""},""wR"":{""N"":""50.106884""},""hE"":{""N"":""89.6""},""tR"":{""N"":""77.9""}}",a47854d8-3051-70fa-00ce-ac30661244a5
868032061578211,1784754000,data.qo,"{""tE"":{""N"":""69.08""},""hL"":{""N"":""59.3""},""wL"":{""N"":""56.96884""},""tL"":{""N"":""91.58""},""hR"":{""N"":""61.2""},""wR"":{""N"":""50.574512""},""hE"":{""N"":""84.4""},""tR"":{""N"":""78.44""}}",a47854d8-3051-70fa-00ce-ac30661244a5
868032061578211,1784757600,data.qo,"{""tL"":{""N"":""91.58""},""hE"":{""N"":""69""},""wL"":{""N"":""56.837852""},""tE"":{""N"":""76.46""},""hR"":{""N"":""64.8""},""wR"":{""N"":""50.66098""},""tR"":{""N"":""78.8""},""hL"":{""N"":""60.8""}}",a47854d8-3051-70fa-00ce-ac30661244a5
868032061578211,1784761200,data.qo,"{""wL"":{""N"":""56.677635""},""tE"":{""N"":""73.76""},""tR"":{""N"":""80.78""},""hR"":{""N"":""60.9""},""hE"":{""N"":""76""},""tL"":{""N"":""91.76""},""hL"":{""N"":""61.7""},""wR"":{""N"":""50.31936""}}",a47854d8-3051-70fa-00ce-ac30661244a5
868032061578211,1784764800,data.qo,"{""tE"":{""N"":""71.78""},""hL"":{""N"":""60.7""},""wL"":{""N"":""56.552475""},""tL"":{""N"":""91.76""},""hR"":{""N"":""60.1""},""wR"":{""N"":""50.026707""},""hE"":{""N"":""78.4""},""tR"":{""N"":""80.06""}}",a47854d8-3051-70fa-00ce-ac30661244a5
868032061578211,1784768400,data.qo,"{""wR"":{""N"":""50.032608""},""tE"":{""N"":""69.62""},""hE"":{""N"":""84.8""},""wL"":{""N"":""56.504116""},""tL"":{""N"":""91.76""},""tR"":{""N"":""79.52""},""hR"":{""N"":""60""},""hL"":{""N"":""60.9""}}",a47854d8-3051-70fa-00ce-ac30661244a5
868032061578211,1784772000,data.qo,"{""wR"":{""N"":""49.922237""},""hL"":{""N"":""59.3""},""hR"":{""N"":""60.2""},""tR"":{""N"":""78.44""},""wL"":{""N"":""56.408424""},""hE"":{""N"":""86""},""tE"":{""N"":""69.08""},""tL"":{""N"":""91.4""}}",a47854d8-3051-70fa-00ce-ac30661244a5
868032061578211,1784775600,data.qo,"{""tE"":{""N"":""68.54""},""hL"":{""N"":""57.9""},""wL"":{""N"":""56.387695""},""tL"":{""N"":""91.4""},""hR"":{""N"":""60.9""},""wR"":{""N"":""49.882217""},""hE"":{""N"":""86.8""},""tR"":{""N"":""78.08""}}",a47854d8-3051-70fa-00ce-ac30661244a5
868032061578211,1784779200,data.qo,"{""tE"":{""N"":""67.46""},""hL"":{""N"":""61.1""},""wL"":{""N"":""56.411484""},""tL"":{""N"":""91.4""},""hR"":{""N"":""61.3""},""wR"":{""N"":""50.00948""},""hE"":{""N"":""87.5""},""tR"":{""N"":""77""}}",a47854d8-3051-70fa-00ce-ac30661244a5
868032061578211,1784782800,data.qo,"{""tE"":{""N"":""67.46""},""tR"":{""N"":""77""},""hR"":{""N"":""61.4""},""hL"":{""N"":""59.8""},""wR"":{""N"":""50.054577""},""wL"":{""N"":""56.389393""},""hE"":{""N"":""88.1""},""tL"":{""N"":""91.4""}}",a47854d8-3051-70fa-00ce-ac30661244a5
868032061578211,1784786400,data.qo,"{""wR"":{""N"":""50.114532""},""wL"":{""N"":""56.37643""},""tR"":{""N"":""77.72""},""tE"":{""N"":""67.28""},""hE"":{""N"":""88.6""},""hR"":{""N"":""61.2""},""hL"":{""N"":""58.7""},""tL"":{""N"":""91.22""}}",a47854d8-3051-70fa-00ce-ac30661244a5
868032061578211,1784790000,data.qo,"{""tE"":{""N"":""67.28""},""hL"":{""N"":""60.5""},""wL"":{""N"":""56.442944""},""tL"":{""N"":""91.22""},""hR"":{""N"":""61.2""},""wR"":{""N"":""50.22955""},""hE"":{""N"":""89.4""},""tR"":{""N"":""77.9""}}",a47854d8-3051-70fa-00ce-ac30661244a5
868032061578211,1784793600,data.qo,"{""tE"":{""N"":""67.46""},""hL"":{""N"":""59""},""wL"":{""N"":""56.473145""},""tL"":{""N"":""91.4""},""hR"":{""N"":""61.1""},""wR"":{""N"":""50.31815""},""hE"":{""N"":""90.1""},""tR"":{""N"":""77.9""}}",a47854d8-3051-70fa-00ce-ac30661244a5
868032061578211,1784797200,data.qo,"{""tE"":{""N"":""67.46""},""hL"":{""N"":""57.6""},""wL"":{""N"":""56.428913""},""tL"":{""N"":""91.22""},""hR"":{""N"":""61.1""},""wR"":{""N"":""50.224907""},""hE"":{""N"":""89.6""},""tR"":{""N"":""77.9""}}",a47854d8-3051-70fa-00ce-ac30661244a5
868032061578211,1784800800,data.qo,"{""hR"":{""N"":""60.8""},""wL"":{""N"":""56.48261""},""hL"":{""N"":""58.7""},""tL"":{""N"":""91.04""},""tR"":{""N"":""77.9""},""tE"":{""N"":""67.1""},""wR"":{""N"":""50.224083""},""hE"":{""N"":""89.9""}}",a47854d8-3051-70fa-00ce-ac30661244a5
868032061578211,1784804400,data.qo,"{""tE"":{""N"":""67.28""},""hL"":{""N"":""59.8""},""wL"":{""N"":""56.4327""},""tL"":{""N"":""91.22""},""hR"":{""N"":""60.7""},""wR"":{""N"":""50.008465""},""hE"":{""N"":""90.6""},""tR"":{""N"":""77.9""}}",a47854d8-3051-70fa-00ce-ac30661244a5
868032061578211,1784808000,data.qo,"{""tE"":{""N"":""67.1""},""hL"":{""N"":""61""},""wL"":{""N"":""56.545""},""tL"":{""N"":""91.4""},""hR"":{""N"":""60.5""},""wR"":{""N"":""50.043934""},""hE"":{""N"":""91.2""},""tR"":{""N"":""78.44""}}",a47854d8-3051-70fa-00ce-ac30661244a5
868032061578211,1784811600,data.qo,"{""hR"":{""N"":""60.4""},""hE"":{""N"":""91.4""},""tL"":{""N"":""91.4""},""tR"":{""N"":""79.16""},""tE"":{""N"":""67.46""},""wR"":{""N"":""50.132195""},""hL"":{""N"":""61.5""},""wL"":{""N"":""56.66574""}}",a47854d8-3051-70fa-00ce-ac30661244a5
868032061578211,1784815200,data.qo,"{""tL"":{""N"":""91.4""},""hL"":{""N"":""61.2""},""wR"":{""N"":""49.89049""},""tR"":{""N"":""79.7""},""wL"":{""N"":""56.577866""},""hE"":{""N"":""91.1""},""hR"":{""N"":""62.8""},""tE"":{""N"":""67.82""}}",a47854d8-3051-70fa-00ce-ac30661244a5
868032061578211,1784818800,data.qo,"{""hE"":{""N"":""91.6""},""tL"":{""N"":""91.22""},""wR"":{""N"":""49.96801""},""wL"":{""N"":""56.58345""},""hL"":{""N"":""58.8""},""tE"":{""N"":""67.46""},""tR"":{""N"":""79.16""},""hR"":{""N"":""60.5""}}",a47854d8-3051-70fa-00ce-ac30661244a5
868032061578211,1784822400,data.qo,"{""tE"":{""N"":""67.28""},""hL"":{""N"":""61.7""},""wL"":{""N"":""56.600685""},""tL"":{""N"":""91.22""},""hR"":{""N"":""60.5""},""wR"":{""N"":""50.13645""},""hE"":{""N"":""89.9""},""tR"":{""N"":""79.52""}}",a47854d8-3051-70fa-00ce-ac30661244a5
868032061578211,1784826000,data.qo,"{""hL"":{""N"":""58.9""},""tE"":{""N"":""67.46""},""hE"":{""N"":""91""},""hR"":{""N"":""60.5""},""tL"":{""N"":""91.22""},""wR"":{""N"":""50.170567""},""wL"":{""N"":""56.64637""},""tR"":{""N"":""78.8""}}",a47854d8-3051-70fa-00ce-ac30661244a5
868032061578211,1784829600,data.qo,"{""tE"":{""N"":""68""},""hL"":{""N"":""60.9""},""wL"":{""N"":""56.344048""},""tL"":{""N"":""91.04""},""hR"":{""N"":""62.4""},""wR"":{""N"":""49.642597""},""hE"":{""N"":""90.8""},""tR"":{""N"":""77.9""}}",a47854d8-3051-70fa-00ce-ac30661244a5
868032061578211,1784833200,data.qo,"{""tE"":{""N"":""64.04""},""hL"":{""N"":""58.6""},""hR"":{""N"":""59.4""},""wR"":{""N"":""49.56305""},""hE"":{""N"":""90.9""},""tL"":{""N"":""91.04""},""wL"":{""N"":""56.319576""},""tR"":{""N"":""77.36""}}",a47854d8-3051-70fa-00ce-ac30661244a5
868032061578211,1784836800,data.qo,"{""hR"":{""N"":""58.5""},""hE"":{""N"":""91.9""},""tL"":{""N"":""90.68""},""tE"":{""N"":""62.6""},""wR"":{""N"":""49.568565""},""wL"":{""N"":""56.3507""},""hL"":{""N"":""61.9""},""tR"":{""N"":""75.92""}}",a47854d8-3051-70fa-00ce-ac30661244a5
868032061578211,1784840400,data.qo,"{""tE"":{""N"":""62.24""},""hL"":{""N"":""59.6""},""wL"":{""N"":""56.649673""},""tL"":{""N"":""90.5""},""hR"":{""N"":""57.6""},""wR"":{""N"":""49.789314""},""hE"":{""N"":""92.1""},""tR"":{""N"":""76.28""}}",a47854d8-3051-70fa-00ce-ac30661244a5
868032061578211,1784844000,data.qo,"{""hL"":{""N"":""61.5""},""tE"":{""N"":""62.24""},""tR"":{""N"":""77""},""wL"":{""N"":""56.677734""},""hR"":{""N"":""56.6""},""tL"":{""N"":""90.32""},""hE"":{""N"":""92.9""},""wR"":{""N"":""49.80291""}}",a47854d8-3051-70fa-00ce-ac30661244a5
868032061578211,1784847600,data.qo,"{""tE"":{""N"":""61.7""},""hL"":{""N"":""60.8""},""wL"":{""N"":""56.785564""},""tL"":{""N"":""90.32""},""hR"":{""N"":""56.2""},""wR"":{""N"":""49.898476""},""hE"":{""N"":""92.5""},""tR"":{""N"":""76.46""}}",a47854d8-3051-70fa-00ce-ac30661244a5
868032061578211,1784851200,data.qo,"{""tR"":{""N"":""75.92""},""wL"":{""N"":""57.013847""},""tE"":{""N"":""60.8""},""tL"":{""N"":""90.32""},""hR"":{""N"":""55.4""},""hL"":{""N"":""62.5""},""wR"":{""N"":""50.14492""},""hE"":{""N"":""92.6""}}",a47854d8-3051-70fa-00ce-ac30661244a5
868032061578211,1784854800,data.qo,"{""wL"":{""N"":""56.99268""},""wR"":{""N"":""49.985626""},""tL"":{""N"":""89.96""},""tR"":{""N"":""75.02""},""hR"":{""N"":""56.8""},""hL"":{""N"":""59.5""},""hE"":{""N"":""93.2""},""tE"":{""N"":""60.8""}}",a47854d8-3051-70fa-00ce-ac30661244a5
868032061578211,1784858400,data.qo,"{""wR"":{""N"":""49.844864""},""hE"":{""N"":""93.3""},""hL"":{""N"":""59.5""},""tL"":{""N"":""89.96""},""tR"":{""N"":""74.66""},""hR"":{""N"":""57.4""},""tE"":{""N"":""60.8""},""wL"":{""N"":""56.85028""}}",a47854d8-3051-70fa-00ce-ac30661244a5
868032061578211,1784862000,data.qo,"{""wL"":{""N"":""56.863586""},""tR"":{""N"":""74.84""},""tL"":{""N"":""89.24""},""hE"":{""N"":""93""},""wR"":{""N"":""49.820477""},""hR"":{""N"":""57.3""},""hL"":{""N"":""57.2""},""tE"":{""N"":""60.8""}}",a47854d8-3051-70fa-00ce-ac30661244a5
868032061578211,1784865600,data.qo,"{""hE"":{""N"":""93.8""},""hR"":{""N"":""56""},""tR"":{""N"":""75.02""},""tL"":{""N"":""89.6""},""hL"":{""N"":""59.1""},""wL"":{""N"":""56.82445""},""tE"":{""N"":""60.08""},""wR"":{""N"":""49.81452""}}",a47854d8-3051-70fa-00ce-ac30661244a5
868032061578211,1784869200,data.qo,"{""wL"":{""N"":""56.853""},""tE"":{""N"":""59.72""},""hE"":{""N"":""93.9""},""tR"":{""N"":""74.12""},""hR"":{""N"":""56""},""wR"":{""N"":""49.91851""},""hL"":{""N"":""59.3""},""tL"":{""N"":""89.78""}}",a47854d8-3051-70fa-00ce-ac30661244a5
868032061578211,1784872800,data.qo,"{""hL"":{""N"":""59""},""tR"":{""N"":""74.12""},""wL"":{""N"":""56.78498""},""hE"":{""N"":""94.1""},""hR"":{""N"":""56.1""},""wR"":{""N"":""49.807896""},""tL"":{""N"":""89.6""},""tE"":{""N"":""59.54""}}",a47854d8-3051-70fa-00ce-ac30661244a5
868032061578211,1784876400,data.qo,"{""hE"":{""N"":""93.9""},""tL"":{""N"":""89.6""},""hL"":{""N"":""60.5""},""tR"":{""N"":""73.58""},""hR"":{""N"":""56.2""},""tE"":{""N"":""59.18""},""wL"":{""N"":""56.777554""},""wR"":{""N"":""49.75491""}}",a47854d8-3051-70fa-00ce-ac30661244a5
868032061578211,1784880000,data.qo,"{""wR"":{""N"":""49.799572""},""hR"":{""N"":""57""},""tL"":{""N"":""89.24""},""hL"":{""N"":""58.1""},""tR"":{""N"":""73.04""},""hE"":{""N"":""94.3""},""wL"":{""N"":""56.758278""},""tE"":{""N"":""59""}}",a47854d8-3051-70fa-00ce-ac30661244a5
868032061578211,1784883600,data.qo,"{""tR"":{""N"":""73.04""},""wL"":{""N"":""56.794933""},""tE"":{""N"":""59""},""hL"":{""N"":""55.5""},""hR"":{""N"":""57.1""},""hE"":{""N"":""94.4""},""tL"":{""N"":""89.24""},""wR"":{""N"":""49.975464""}}",a47854d8-3051-70fa-00ce-ac30661244a5
868032061578211,1784887200,data.qo,"{""hE"":{""N"":""94.7""},""hR"":{""N"":""56.7""},""hL"":{""N"":""59.9""},""tE"":{""N"":""59""},""tR"":{""N"":""73.22""},""wR"":{""N"":""49.94667""},""wL"":{""N"":""56.72881""},""tL"":{""N"":""89.42""}}",a47854d8-3051-70fa-00ce-ac30661244a5
868032061578211,1784890800,data.qo,"{""wR"":{""N"":""50.085983""},""tE"":{""N"":""59""},""hL"":{""N"":""57.4""},""wL"":{""N"":""56.7744""},""tL"":{""N"":""89.6""},""tR"":{""N"":""73.4""},""hR"":{""N"":""56.9""},""hE"":{""N"":""94.9""}}",a47854d8-3051-70fa-00ce-ac30661244a5
868032061578211,1784894400,data.qo,"{""hL"":{""N"":""61""},""hE"":{""N"":""95""},""tE"":{""N"":""59.36""},""tL"":{""N"":""89.24""},""tR"":{""N"":""72.32""},""wR"":{""N"":""50.192097""},""wL"":{""N"":""56.737255""},""hR"":{""N"":""57.6""}}",a47854d8-3051-70fa-00ce-ac30661244a5
868032061578211,1784898000,data.qo,"{""tL"":{""N"":""89.24""},""wR"":{""N"":""50.378586""},""tE"":{""N"":""59.9""},""hL"":{""N"":""59.8""},""hE"":{""N"":""95.2""},""tR"":{""N"":""71.42""},""wL"":{""N"":""56.756775""},""hR"":{""N"":""59.3""}}",a47854d8-3051-70fa-00ce-ac30661244a5
868032061578211,1784901600,data.qo,"{""wR"":{""N"":""50.44149""},""hE"":{""N"":""95""},""hR"":{""N"":""60.5""},""tE"":{""N"":""60.62""},""tR"":{""N"":""71.78""},""wL"":{""N"":""56.84732""},""tL"":{""N"":""89.24""},""hL"":{""N"":""60.2""}}",a47854d8-3051-70fa-00ce-ac30661244a5
868032061578211,1784905200,data.qo,"{""tR"":{""N"":""70.88""},""tE"":{""N"":""61.52""},""hL"":{""N"":""59.6""},""tL"":{""N"":""89.24""},""wR"":{""N"":""50.496075""},""wL"":{""N"":""56.83319""},""hE"":{""N"":""94.7""},""hR"":{""N"":""63""}}",a47854d8-3051-70fa-00ce-ac30661244a5
868032061578211,1784908800,data.qo,"{""wR"":{""N"":""50.55893""},""hL"":{""N"":""59.7""},""hE"":{""N"":""93.9""},""tL"":{""N"":""89.24""},""wL"":{""N"":""56.820667""},""tR"":{""N"":""70.7""},""tE"":{""N"":""62.06""},""hR"":{""N"":""64.5""}}",a47854d8-3051-70fa-00ce-ac30661244a5
868032061578211,1784912400,data.qo,"{""wL"":{""N"":""56.840183""},""wR"":{""N"":""50.708645""},""tE"":{""N"":""62.42""},""hE"":{""N"":""93.2""},""hL"":{""N"":""59.6""},""hR"":{""N"":""64.7""},""tL"":{""N"":""89.06""},""tR"":{""N"":""71.42""}}",a47854d8-3051-70fa-00ce-ac30661244a5
868032061578211,1784916000,data.qo,"{""hE"":{""N"":""93.2""},""wR"":{""N"":""50.758484""},""hL"":{""N"":""60.8""},""tE"":{""N"":""62.78""},""tL"":{""N"":""89.06""},""tR"":{""N"":""71.96""},""wL"":{""N"":""56.8898""},""hR"":{""N"":""64.7""}}",a47854d8-3051-70fa-00ce-ac30661244a5
