device_uid,timestamp,event_type,sensor_data,user_id
351077454554331,1784224800,data.qo,"{""tE"":{""N"":""87.62""},""hL"":{""N"":""60.8""},""wL"":{""N"":""81.51557""},""tL"":{""N"":""95.9""},""hR"":{""N"":""57.6""},""wR"":{""N"":""46.80652""},""hE"":{""N"":""99.9""},""tR"":{""N"":""93.92""}}",b4d80488-e0a1-70d1-9d19-5ad55712624e
351077454554331,1784228400,data.qo,"{""tE"":{""N"":""87.62""},""hL"":{""N"":""58.2""},""wL"":{""N"":""81.53037""},""tL"":{""N"":""95.72""},""hR"":{""N"":""57.1""},""wR"":{""N"":""46.9442""},""hE"":{""N"":""99.9""},""tR"":{""N"":""93.92""}}",b4d80488-e0a1-70d1-9d19-5ad55712624e
351077454554331,1784232000,data.qo,"{""tE"":{""N"":""86.54""},""hL"":{""N"":""60""},""wL"":{""N"":""81.34748""},""tL"":{""N"":""95.18""},""hR"":{""N"":""56.3""},""wR"":{""N"":""47.06164""},""hE"":{""N"":""99.9""},""tR"":{""N"":""93.92""}}",b4d80488-e0a1-70d1-9d19-5ad55712624e
351077454554331,1784235600,data.qo,"{""tE"":{""N"":""89.6""},""hL"":{""N"":""60.1""},""wL"":{""N"":""81.36352""},""tL"":{""N"":""95.72""},""hR"":{""N"":""57.3""},""wR"":{""N"":""47.059174""},""hE"":{""N"":""99.9""},""tR"":{""N"":""94.28""}}",b4d80488-e0a1-70d1-9d19-5ad55712624e
351077454554331,1784239200,data.qo,"{""tE"":{""N"":""84.38""},""hL"":{""N"":""56.6""},""wL"":{""N"":""81.5438""},""tL"":{""N"":""95.54""},""hR"":{""N"":""57.5""},""wR"":{""N"":""47.047153""},""hE"":{""N"":""99.9""},""tR"":{""N"":""94.28""}}",b4d80488-e0a1-70d1-9d19-5ad55712624e
351077454554331,1784242800,data.qo,"{""tE"":{""N"":""81.86""},""hL"":{""N"":""54.1""},""wL"":{""N"":""81.65828""},""tL"":{""N"":""95""},""hR"":{""N"":""57.6""},""wR"":{""N"":""47.008575""},""hE"":{""N"":""99.9""},""tR"":{""N"":""93.92""}}",b4d80488-e0a1-70d1-9d19-5ad55712624e
351077454554331,1784246400,data.qo,"{""tE"":{""N"":""80.06""},""hL"":{""N"":""57.6""},""wL"":{""N"":""81.66013""},""tL"":{""N"":""95""},""hR"":{""N"":""57.8""},""wR"":{""N"":""46.990997""},""hE"":{""N"":""99.9""},""tR"":{""N"":""93.92""}}",b4d80488-e0a1-70d1-9d19-5ad55712624e
351077454554331,1784250000,data.qo,"{""tE"":{""N"":""78.26""},""hL"":{""N"":""52.3""},""wL"":{""N"":""81.668816""},""tL"":{""N"":""94.46""},""hR"":{""N"":""57.9""},""wR"":{""N"":""46.903957""},""hE"":{""N"":""99.9""},""tR"":{""N"":""93.74""}}",b4d80488-e0a1-70d1-9d19-5ad55712624e
351077454554331,1784253600,data.qo,"{""tE"":{""N"":""75.56""},""hL"":{""N"":""50.9""},""wL"":{""N"":""81.52686""},""tL"":{""N"":""94.28""},""hR"":{""N"":""57.8""},""wR"":{""N"":""46.830128""},""hE"":{""N"":""99.9""},""tR"":{""N"":""93.56""}}",b4d80488-e0a1-70d1-9d19-5ad55712624e
351077454554331,1784257200,data.qo,"{""tE"":{""N"":""73.4""},""hL"":{""N"":""56.7""},""wL"":{""N"":""81.60913""},""tL"":{""N"":""94.82""},""hR"":{""N"":""58.1""},""wR"":{""N"":""46.813454""},""hE"":{""N"":""99.9""},""tR"":{""N"":""93.56""}}",b4d80488-e0a1-70d1-9d19-5ad55712624e
351077454554331,1784260800,data.qo,"{""tE"":{""N"":""71.78""},""hL"":{""N"":""55""},""wL"":{""N"":""81.63124""},""tL"":{""N"":""95.18""},""hR"":{""N"":""58.6""},""wR"":{""N"":""46.776398""},""hE"":{""N"":""99.9""},""tR"":{""N"":""93.74""}}",b4d80488-e0a1-70d1-9d19-5ad55712624e
351077454554331,1784264400,data.qo,"{""tE"":{""N"":""70.7""},""hL"":{""N"":""53.3""},""wL"":{""N"":""81.64068""},""tL"":{""N"":""95""},""hR"":{""N"":""58.4""},""wR"":{""N"":""46.754257""},""hE"":{""N"":""99.9""},""tR"":{""N"":""93.38""}}",b4d80488-e0a1-70d1-9d19-5ad55712624e
351077454554331,1784268000,data.qo,"{""tE"":{""N"":""69.62""},""hL"":{""N"":""53.6""},""wL"":{""N"":""81.62113""},""tL"":{""N"":""95""},""hR"":{""N"":""58.2""},""wR"":{""N"":""46.731785""},""hE"":{""N"":""99.9""},""tR"":{""N"":""93.56""}}",b4d80488-e0a1-70d1-9d19-5ad55712624e
351077454554331,1784271600,data.qo,"{""tE"":{""N"":""68.9""},""hL"":{""N"":""57""},""wL"":{""N"":""81.594376""},""tL"":{""N"":""95""},""hR"":{""N"":""58""},""wR"":{""N"":""46.702755""},""hE"":{""N"":""99.9""},""tR"":{""N"":""93.02""}}",b4d80488-e0a1-70d1-9d19-5ad55712624e
351077454554331,1784275200,data.qo,"{""tE"":{""N"":""68.9""},""hL"":{""N"":""57.7""},""wL"":{""N"":""81.5771""},""tL"":{""N"":""94.64""},""hR"":{""N"":""57.7""},""wR"":{""N"":""46.672684""},""hE"":{""N"":""99.9""},""tR"":{""N"":""93.2""}}",b4d80488-e0a1-70d1-9d19-5ad55712624e
351077454554331,1784278800,data.qo,"{""tE"":{""N"":""68""},""hL"":{""N"":""57.8""},""wL"":{""N"":""81.567665""},""tL"":{""N"":""94.28""},""hR"":{""N"":""57.5""},""wR"":{""N"":""46.65306""},""hE"":{""N"":""99.8""},""tR"":{""N"":""93.38""}}",b4d80488-e0a1-70d1-9d19-5ad55712624e
351077454554331,1784282400,data.qo,"{""tE"":{""N"":""67.46""},""hL"":{""N"":""56.1""},""wL"":{""N"":""81.57473""},""tL"":{""N"":""94.46""},""hR"":{""N"":""57.4""},""wR"":{""N"":""46.601086""},""hE"":{""N"":""99.8""},""tR"":{""N"":""93.56""}}",b4d80488-e0a1-70d1-9d19-5ad55712624e
351077454554331,1784286000,data.qo,"{""tE"":{""N"":""67.46""},""hL"":{""N"":""53.4""},""wL"":{""N"":""81.516""},""tL"":{""N"":""94.46""},""hR"":{""N"":""56.4""},""wR"":{""N"":""46.538754""},""hE"":{""N"":""99.9""},""tR"":{""N"":""93.2""}}",b4d80488-e0a1-70d1-9d19-5ad55712624e
351077454554331,1784289600,data.qo,"{""tE"":{""N"":""67.46""},""hL"":{""N"":""55.2""},""wL"":{""N"":""81.43127""},""tL"":{""N"":""94.64""},""hR"":{""N"":""56""},""wR"":{""N"":""46.432713""},""hE"":{""N"":""99.9""},""tR"":{""N"":""93.02""}}",b4d80488-e0a1-70d1-9d19-5ad55712624e
351077454554331,1784293200,data.qo,"{""tE"":{""N"":""68.72""},""hL"":{""N"":""56.2""},""wL"":{""N"":""81.32836""},""tL"":{""N"":""95""},""hR"":{""N"":""56.5""},""wR"":{""N"":""46.327003""},""hE"":{""N"":""99.9""},""tR"":{""N"":""92.84""}}",b4d80488-e0a1-70d1-9d19-5ad55712624e
351077454554331,1784296800,data.qo,"{""tE"":{""N"":""71.42""},""hL"":{""N"":""55.8""},""wL"":{""N"":""81.23357""},""tL"":{""N"":""95""},""hR"":{""N"":""57.4""},""wR"":{""N"":""46.14818""},""hE"":{""N"":""99.9""},""tR"":{""N"":""93.2""}}",b4d80488-e0a1-70d1-9d19-5ad55712624e
351077454554331,1784300400,data.qo,"{""tE"":{""N"":""75.02""},""hL"":{""N"":""58.1""},""wL"":{""N"":""81.149025""},""tL"":{""N"":""95""},""hR"":{""N"":""57.3""},""wR"":{""N"":""46.061428""},""hE"":{""N"":""99.9""},""tR"":{""N"":""93.2""}}",b4d80488-e0a1-70d1-9d19-5ad55712624e
351077454554331,1784304000,data.qo,"{""tE"":{""N"":""78.62""},""hL"":{""N"":""59.6""},""wL"":{""N"":""81.114815""},""tL"":{""N"":""95.18""},""hR"":{""N"":""57""},""wR"":{""N"":""46.083755""},""hE"":{""N"":""99.9""},""tR"":{""N"":""93.2""}}",b4d80488-e0a1-70d1-9d19-5ad55712624e
351077454554331,1784307600,data.qo,"{""tE"":{""N"":""86.9""},""hL"":{""N"":""60.6""},""wL"":{""N"":""81.08446""},""tL"":{""N"":""95""},""hR"":{""N"":""58.2""},""wR"":{""N"":""46.343918""},""hE"":{""N"":""99.9""},""tR"":{""N"":""93.56""}}",b4d80488-e0a1-70d1-9d19-5ad55712624e
351077454554331,1784311200,data.qo,"{""tE"":{""N"":""90.32""},""hL"":{""N"":""59.2""},""wL"":{""N"":""81.083885""},""tL"":{""N"":""96.26""},""hR"":{""N"":""58.2""},""wR"":{""N"":""46.57106""},""hE"":{""N"":""98.1""},""tR"":{""N"":""94.1""}}",b4d80488-e0a1-70d1-9d19-5ad55712624e
351077454554331,1784314800,data.qo,"{""tE"":{""N"":""90.5""},""hL"":{""N"":""59.6""},""wL"":{""N"":""80.99237""},""tL"":{""N"":""96.08""},""hR"":{""N"":""58.2""},""wR"":{""N"":""46.71378""},""hE"":{""N"":""97.7""},""tR"":{""N"":""93.92""}}",b4d80488-e0a1-70d1-9d19-5ad55712624e
351077454554331,1784318400,data.qo,"{""tE"":{""N"":""89.96""},""hL"":{""N"":""58.8""},""wL"":{""N"":""80.88026""},""tL"":{""N"":""96.44""},""hR"":{""N"":""57.6""},""wR"":{""N"":""46.902203""},""hE"":{""N"":""97.7""},""tR"":{""N"":""94.1""}}",b4d80488-e0a1-70d1-9d19-5ad55712624e
351077454554331,1784322000,data.qo,"{""tE"":{""N"":""92.84""},""hL"":{""N"":""60.1""},""wL"":{""N"":""80.902985""},""tL"":{""N"":""95.36""},""hR"":{""N"":""57.8""},""wR"":{""N"":""46.933746""},""hE"":{""N"":""94.8""},""tR"":{""N"":""94.46""}}",b4d80488-e0a1-70d1-9d19-5ad55712624e
351077454554331,1784325600,data.qo,"{""tE"":{""N"":""86.54""},""hL"":{""N"":""55.4""},""wL"":{""N"":""81.02449""},""tL"":{""N"":""95""},""hR"":{""N"":""58.9""},""wR"":{""N"":""46.97722""},""hE"":{""N"":""97.4""},""tR"":{""N"":""94.46""}}",b4d80488-e0a1-70d1-9d19-5ad55712624e
351077454554331,1784329200,data.qo,"{""tE"":{""N"":""82.76""},""hL"":{""N"":""56.7""},""wL"":{""N"":""81.09518""},""tL"":{""N"":""94.46""},""hR"":{""N"":""59.6""},""wR"":{""N"":""46.88315""},""hE"":{""N"":""98.1""},""tR"":{""N"":""94.46""}}",b4d80488-e0a1-70d1-9d19-5ad55712624e
351077454554331,1784332800,data.qo,"{""tE"":{""N"":""81.5""},""hL"":{""N"":""54""},""wL"":{""N"":""81.095085""},""tL"":{""N"":""94.28""},""hR"":{""N"":""59.5""},""wR"":{""N"":""46.84495""},""hE"":{""N"":""99.8""},""tR"":{""N"":""93.92""}}",b4d80488-e0a1-70d1-9d19-5ad55712624e
351077454554331,1784336400,data.qo,"{""tE"":{""N"":""79.88""},""hL"":{""N"":""55.2""},""wL"":{""N"":""81.12208""},""tL"":{""N"":""94.1""},""hR"":{""N"":""60.8""},""wR"":{""N"":""46.790413""},""hE"":{""N"":""99.9""},""tR"":{""N"":""94.1""}}",b4d80488-e0a1-70d1-9d19-5ad55712624e
351077454554331,1784340000,data.qo,"{""tE"":{""N"":""77.72""},""hL"":{""N"":""52.5""},""wL"":{""N"":""81.12184""},""tL"":{""N"":""94.1""},""hR"":{""N"":""59.2""},""wR"":{""N"":""46.731262""},""hE"":{""N"":""99.5""},""tR"":{""N"":""93.92""}}",b4d80488-e0a1-70d1-9d19-5ad55712624e
351077454554331,1784343600,data.qo,"{""tE"":{""N"":""75.74""},""hL"":{""N"":""59.6""},""wL"":{""N"":""81.097595""},""tL"":{""N"":""94.64""},""hR"":{""N"":""59.2""},""wR"":{""N"":""46.659428""},""hE"":{""N"":""99.4""},""tR"":{""N"":""93.92""}}",b4d80488-e0a1-70d1-9d19-5ad55712624e
351077454554331,1784347200,data.qo,"{""tE"":{""N"":""74.84""},""hL"":{""N"":""57.5""},""wL"":{""N"":""81.10324""},""tL"":{""N"":""95""},""hR"":{""N"":""60.1""},""wR"":{""N"":""46.663277""},""hE"":{""N"":""99.9""},""tR"":{""N"":""93.56""}}",b4d80488-e0a1-70d1-9d19-5ad55712624e
351077454554331,1784350740,data.qo,"{""tE"":{""N"":""73.76""},""hL"":{""N"":""56.9""},""wL"":{""N"":""81.0762""},""tL"":{""N"":""95""},""hR"":{""N"":""60""},""wR"":{""N"":""46.64399""},""hE"":{""N"":""99.6""},""tR"":{""N"":""93.92""}}",b4d80488-e0a1-70d1-9d19-5ad55712624e
351077454554331,1784354400,data.qo,"{""tE"":{""N"":""72.86""},""hL"":{""N"":""57.2""},""wL"":{""N"":""81.0455""},""tL"":{""N"":""94.64""},""hR"":{""N"":""59.4""},""wR"":{""N"":""46.583557""},""hE"":{""N"":""99.3""},""tR"":{""N"":""93.56""}}",b4d80488-e0a1-70d1-9d19-5ad55712624e
351077454554331,1784358000,data.qo,"{""tE"":{""N"":""71.78""},""hL"":{""N"":""54.1""},""wL"":{""N"":""81.018555""},""tL"":{""N"":""94.64""},""hR"":{""N"":""59""},""wR"":{""N"":""46.49614""},""hE"":{""N"":""99.3""},""tR"":{""N"":""93.56""}}",b4d80488-e0a1-70d1-9d19-5ad55712624e
351077454554331,1784361600,data.qo,"{""tE"":{""N"":""72.86""},""hL"":{""N"":""58.1""},""wL"":{""N"":""81.040146""},""tL"":{""N"":""95""},""hR"":{""N"":""59.2""},""wR"":{""N"":""46.500557""},""hE"":{""N"":""99.9""},""tR"":{""N"":""93.38""}}",b4d80488-e0a1-70d1-9d19-5ad55712624e
351077454554331,1784365200,data.qo,"{""tE"":{""N"":""72.5""},""hL"":{""N"":""58.4""},""wL"":{""N"":""81.05931""},""tL"":{""N"":""94.82""},""hR"":{""N"":""59""},""wR"":{""N"":""46.518562""},""hE"":{""N"":""99.4""},""tR"":{""N"":""93.56""}}",b4d80488-e0a1-70d1-9d19-5ad55712624e
351077454554331,1784368800,data.qo,"{""tE"":{""N"":""72.5""},""hL"":{""N"":""57.1""},""wL"":{""N"":""81.06966""},""tL"":{""N"":""95""},""hR"":{""N"":""59""},""wR"":{""N"":""46.505497""},""hE"":{""N"":""99.4""},""tR"":{""N"":""93.56""}}",b4d80488-e0a1-70d1-9d19-5ad55712624e
351077454554331,1784372400,data.qo,"{""tE"":{""N"":""70.7""},""hL"":{""N"":""57.1""},""wL"":{""N"":""81.04873""},""tL"":{""N"":""95""},""hR"":{""N"":""57.7""},""wR"":{""N"":""46.453476""},""hE"":{""N"":""98.9""},""tR"":{""N"":""93.74""}}",b4d80488-e0a1-70d1-9d19-5ad55712624e
351077454554331,1784376000,data.qo,"{""tE"":{""N"":""69.98""},""hL"":{""N"":""56.6""},""wL"":{""N"":""80.94317""},""tL"":{""N"":""94.64""},""hR"":{""N"":""56.8""},""wR"":{""N"":""46.310993""},""hE"":{""N"":""98.7""},""tR"":{""N"":""93.2""}}",b4d80488-e0a1-70d1-9d19-5ad55712624e
351077454554331,1784379600,data.qo,"{""tE"":{""N"":""71.78""},""hL"":{""N"":""54""},""wL"":{""N"":""80.88007""},""tL"":{""N"":""94.82""},""hR"":{""N"":""56.4""},""wR"":{""N"":""46.16348""},""hE"":{""N"":""99.9""},""tR"":{""N"":""93.2""}}",b4d80488-e0a1-70d1-9d19-5ad55712624e
351077454554331,1784383200,data.qo,"{""tE"":{""N"":""75.92""},""hL"":{""N"":""53""},""wL"":{""N"":""80.73874""},""tL"":{""N"":""94.82""},""hR"":{""N"":""57.8""},""wR"":{""N"":""46.043755""},""hE"":{""N"":""99.9""},""tR"":{""N"":""93.56""}}",b4d80488-e0a1-70d1-9d19-5ad55712624e
351077454554331,1784386800,data.qo,"{""tE"":{""N"":""80.24""},""hL"":{""N"":""53.5""},""wL"":{""N"":""80.663826""},""tL"":{""N"":""94.64""},""hR"":{""N"":""58.4""},""wR"":{""N"":""45.96294""},""hE"":{""N"":""99.9""},""tR"":{""N"":""93.56""}}",b4d80488-e0a1-70d1-9d19-5ad55712624e
351077454554331,1784390400,data.qo,"{""tE"":{""N"":""83.3""},""hL"":{""N"":""57.4""},""wL"":{""N"":""80.61363""},""tL"":{""N"":""95""},""hR"":{""N"":""58.4""},""wR"":{""N"":""46.09283""},""hE"":{""N"":""98.6""},""tR"":{""N"":""93.56""}}",b4d80488-e0a1-70d1-9d19-5ad55712624e
351077454554331,1784394000,data.qo,"{""tE"":{""N"":""86""},""hL"":{""N"":""59.7""},""wL"":{""N"":""80.58061""},""tL"":{""N"":""95""},""hR"":{""N"":""58.3""},""wR"":{""N"":""46.095493""},""hE"":{""N"":""99.5""},""tR"":{""N"":""93.92""}}",b4d80488-e0a1-70d1-9d19-5ad55712624e
351077454554331,1784397600,data.qo,"{""tE"":{""N"":""86""},""hL"":{""N"":""60.4""},""wL"":{""N"":""80.56173""},""tL"":{""N"":""94.64""},""hR"":{""N"":""58.2""},""wR"":{""N"":""46.203384""},""hE"":{""N"":""97.8""},""tR"":{""N"":""93.92""}}",b4d80488-e0a1-70d1-9d19-5ad55712624e
351077454554331,1784401200,data.qo,"{""tE"":{""N"":""88.52""},""hL"":{""N"":""60.3""},""wL"":{""N"":""80.523346""},""tL"":{""N"":""95""},""hR"":{""N"":""58.6""},""wR"":{""N"":""46.322254""},""hE"":{""N"":""96""},""tR"":{""N"":""94.1""}}",b4d80488-e0a1-70d1-9d19-5ad55712624e
351077454554331,1784404800,data.qo,"{""tE"":{""N"":""87.8""},""hL"":{""N"":""56.3""},""wL"":{""N"":""80.49317""},""tL"":{""N"":""95""},""hR"":{""N"":""59""},""wR"":{""N"":""46.4473""},""hE"":{""N"":""96.5""},""tR"":{""N"":""94.1""}}",b4d80488-e0a1-70d1-9d19-5ad55712624e
351077454554331,1784408400,data.qo,"{""tE"":{""N"":""89.42""},""hL"":{""N"":""56.4""},""wL"":{""N"":""80.41821""},""tL"":{""N"":""95""},""hR"":{""N"":""58.5""},""wR"":{""N"":""46.370003""},""hE"":{""N"":""92.5""},""tR"":{""N"":""94.28""}}",b4d80488-e0a1-70d1-9d19-5ad55712624e
351077454554331,1784412000,data.qo,"{""tE"":{""N"":""86""},""hL"":{""N"":""55.4""},""wL"":{""N"":""80.48055""},""tL"":{""N"":""94.28""},""hR"":{""N"":""58.4""},""wR"":{""N"":""46.470673""},""hE"":{""N"":""95.1""},""tR"":{""N"":""94.46""}}",b4d80488-e0a1-70d1-9d19-5ad55712624e
351077454554331,1784415600,data.qo,"{""tE"":{""N"":""85.82""},""hL"":{""N"":""53.6""},""wL"":{""N"":""80.61007""},""tL"":{""N"":""94.64""},""hR"":{""N"":""57.6""},""wR"":{""N"":""46.52474""},""hE"":{""N"":""97""},""tR"":{""N"":""94.1""}}",b4d80488-e0a1-70d1-9d19-5ad55712624e
351077454554331,1784419200,data.qo,"{""tE"":{""N"":""83.66""},""hL"":{""N"":""52.8""},""wL"":{""N"":""80.67037""},""tL"":{""N"":""94.64""},""hR"":{""N"":""56.9""},""wR"":{""N"":""46.521698""},""hE"":{""N"":""97.2""},""tR"":{""N"":""93.92""}}",b4d80488-e0a1-70d1-9d19-5ad55712624e
351077454554331,1784422800,data.qo,"{""tE"":{""N"":""81.32""},""hL"":{""N"":""55.8""},""wL"":{""N"":""80.81171""},""tL"":{""N"":""94.28""},""hR"":{""N"":""57.5""},""wR"":{""N"":""46.452858""},""hE"":{""N"":""97.8""},""tR"":{""N"":""93.92""}}",b4d80488-e0a1-70d1-9d19-5ad55712624e
351077454554331,1784426400,data.qo,"{""tE"":{""N"":""75.92""},""hL"":{""N"":""54.4""},""wL"":{""N"":""80.73504""},""tL"":{""N"":""94.46""},""hR"":{""N"":""58""},""wR"":{""N"":""46.338978""},""hE"":{""N"":""97.8""},""tR"":{""N"":""93.56""}}",b4d80488-e0a1-70d1-9d19-5ad55712624e
351077454554331,1784430000,data.qo,"{""tE"":{""N"":""74.48""},""hL"":{""N"":""59.1""},""wL"":{""N"":""80.772896""},""tL"":{""N"":""95""},""hR"":{""N"":""59.4""},""wR"":{""N"":""46.31033""},""hE"":{""N"":""99.4""},""tR"":{""N"":""93.74""}}",b4d80488-e0a1-70d1-9d19-5ad55712624e
351077454554331,1784433600,data.qo,"{""tE"":{""N"":""72.86""},""hL"":{""N"":""58.7""},""wL"":{""N"":""80.82722""},""tL"":{""N"":""95.18""},""hR"":{""N"":""59.7""},""wR"":{""N"":""46.314224""},""hE"":{""N"":""99.5""},""tR"":{""N"":""93.56""}}",b4d80488-e0a1-70d1-9d19-5ad55712624e
351077454554331,1784437200,data.qo,"{""tE"":{""N"":""71.6""},""hL"":{""N"":""57.6""},""wL"":{""N"":""80.81512""},""tL"":{""N"":""94.82""},""hR"":{""N"":""59.5""},""wR"":{""N"":""46.27945""},""hE"":{""N"":""99.6""},""tR"":{""N"":""93.56""}}",b4d80488-e0a1-70d1-9d19-5ad55712624e
351077454554331,1784440800,data.qo,"{""tE"":{""N"":""71.42""},""hL"":{""N"":""56.6""},""wL"":{""N"":""80.81071""},""tL"":{""N"":""94.64""},""hR"":{""N"":""59.1""},""wR"":{""N"":""46.26187""},""hE"":{""N"":""99.9""},""tR"":{""N"":""93.38""}}",b4d80488-e0a1-70d1-9d19-5ad55712624e
351077454554331,1784444400,data.qo,"{""tE"":{""N"":""71.06""},""hL"":{""N"":""56.8""},""wL"":{""N"":""80.82172""},""tL"":{""N"":""94.28""},""hR"":{""N"":""58.8""},""wR"":{""N"":""46.247665""},""hE"":{""N"":""99.8""},""tR"":{""N"":""93.2""}}",b4d80488-e0a1-70d1-9d19-5ad55712624e
351077454554331,1784448000,data.qo,"{""tE"":{""N"":""71.06""},""hL"":{""N"":""57.4""},""wL"":{""N"":""80.81265""},""tL"":{""N"":""94.64""},""hR"":{""N"":""59""},""wR"":{""N"":""46.25655""},""hE"":{""N"":""99.7""},""tR"":{""N"":""93.02""}}",b4d80488-e0a1-70d1-9d19-5ad55712624e
351077454554331,1784451600,data.qo,"{""tE"":{""N"":""70.34""},""hL"":{""N"":""56.5""},""wL"":{""N"":""80.79121""},""tL"":{""N"":""94.64""},""hR"":{""N"":""58.9""},""wR"":{""N"":""46.23555""},""hE"":{""N"":""99.2""},""tR"":{""N"":""93.2""}}",b4d80488-e0a1-70d1-9d19-5ad55712624e
351077454554331,1784455200,data.qo,"{""tE"":{""N"":""69.98""},""hL"":{""N"":""57.1""},""wL"":{""N"":""80.714874""},""tL"":{""N"":""94.46""},""hR"":{""N"":""58.7""},""wR"":{""N"":""46.16229""},""hE"":{""N"":""99.3""},""tR"":{""N"":""93.2""}}",b4d80488-e0a1-70d1-9d19-5ad55712624e
351077454554331,1784458800,data.qo,"{""tE"":{""N"":""70.7""},""hL"":{""N"":""55.2""},""wL"":{""N"":""80.75525""},""tL"":{""N"":""94.46""},""hR"":{""N"":""58.4""},""wR"":{""N"":""46.133118""},""hE"":{""N"":""99.8""},""tR"":{""N"":""93.2""}}",b4d80488-e0a1-70d1-9d19-5ad55712624e
351077454554331,1784462400,data.qo,"{""tE"":{""N"":""71.06""},""hL"":{""N"":""56.8""},""wL"":{""N"":""80.692856""},""tL"":{""N"":""94.28""},""hR"":{""N"":""58.7""},""wR"":{""N"":""46.06898""},""hE"":{""N"":""99.8""},""tR"":{""N"":""93.02""}}",b4d80488-e0a1-70d1-9d19-5ad55712624e
351077454554331,1784466000,data.qo,"{""tE"":{""N"":""72.14""},""hL"":{""N"":""55.7""},""wL"":{""N"":""80.64494""},""tL"":{""N"":""95""},""hR"":{""N"":""58.5""},""wR"":{""N"":""46.06542""},""hE"":{""N"":""99.9""},""tR"":{""N"":""93.2""}}",b4d80488-e0a1-70d1-9d19-5ad55712624e
351077454554331,1784469600,data.qo,"{""tE"":{""N"":""75.02""},""hL"":{""N"":""56.4""},""wL"":{""N"":""80.6208""},""tL"":{""N"":""95""},""hR"":{""N"":""59.4""},""wR"":{""N"":""45.96902""},""hE"":{""N"":""99.8""},""tR"":{""N"":""93.56""}}",b4d80488-e0a1-70d1-9d19-5ad55712624e
351077454554331,1784473200,data.qo,"{""tE"":{""N"":""76.1""},""hL"":{""N"":""55.7""},""wL"":{""N"":""80.52382""},""tL"":{""N"":""94.46""},""hR"":{""N"":""59.5""},""wR"":{""N"":""45.891582""},""hE"":{""N"":""99.8""},""tR"":{""N"":""93.56""}}",b4d80488-e0a1-70d1-9d19-5ad55712624e
351077454554331,1784476800,data.qo,"{""tE"":{""N"":""78.44""},""hL"":{""N"":""53.8""},""wL"":{""N"":""80.48966""},""tL"":{""N"":""94.64""},""hR"":{""N"":""59.8""},""wR"":{""N"":""45.808155""},""hE"":{""N"":""99.3""},""tR"":{""N"":""93.56""}}",b4d80488-e0a1-70d1-9d19-5ad55712624e
351077454554331,1784480400,data.qo,"{""tE"":{""N"":""81.5""},""hL"":{""N"":""57.8""},""wL"":{""N"":""80.44469""},""tL"":{""N"":""94.46""},""hR"":{""N"":""59.1""},""wR"":{""N"":""45.88403""},""hE"":{""N"":""99.9""},""tR"":{""N"":""93.56""}}",b4d80488-e0a1-70d1-9d19-5ad55712624e
351077454554331,1784484000,data.qo,"{""tE"":{""N"":""85.1""},""hL"":{""N"":""59.8""},""wL"":{""N"":""80.41048""},""tL"":{""N"":""95.18""},""hR"":{""N"":""58.9""},""wR"":{""N"":""45.96503""},""hE"":{""N"":""97.2""},""tR"":{""N"":""93.56""}}",b4d80488-e0a1-70d1-9d19-5ad55712624e
351077454554331,1784487600,data.qo,"{""tE"":{""N"":""87.62""},""hL"":{""N"":""56.3""},""wL"":{""N"":""80.365166""},""tL"":{""N"":""94.82""},""hR"":{""N"":""58.4""},""wR"":{""N"":""46.130554""},""hE"":{""N"":""95.6""},""tR"":{""N"":""93.74""}}",b4d80488-e0a1-70d1-9d19-5ad55712624e
351077454554331,1784491200,data.qo,"{""tE"":{""N"":""86.18""},""hL"":{""N"":""59.5""},""wL"":{""N"":""80.546974""},""tL"":{""N"":""94.64""},""hR"":{""N"":""57.7""},""wR"":{""N"":""46.381214""},""hE"":{""N"":""96.2""},""tR"":{""N"":""93.92""}}",b4d80488-e0a1-70d1-9d19-5ad55712624e
351077454554331,1784494800,data.qo,"{""tE"":{""N"":""79.52""},""hL"":{""N"":""56.9""},""wL"":{""N"":""80.53013""},""tL"":{""N"":""94.46""},""hR"":{""N"":""58.6""},""wR"":{""N"":""46.28021""},""hE"":{""N"":""96.3""},""tR"":{""N"":""94.1""}}",b4d80488-e0a1-70d1-9d19-5ad55712624e
351077454554331,1784498400,data.qo,"{""tE"":{""N"":""79.16""},""hL"":{""N"":""56.8""},""wL"":{""N"":""80.476944""},""tL"":{""N"":""94.46""},""hR"":{""N"":""59.1""},""wR"":{""N"":""46.176258""},""hE"":{""N"":""97.9""},""tR"":{""N"":""93.92""}}",b4d80488-e0a1-70d1-9d19-5ad55712624e
351077454554331,1784502000,data.qo,"{""tE"":{""N"":""78.44""},""hL"":{""N"":""57.8""},""wL"":{""N"":""80.534164""},""tL"":{""N"":""94.64""},""hR"":{""N"":""59.3""},""wR"":{""N"":""46.181625""},""hE"":{""N"":""98.7""},""tR"":{""N"":""93.56""}}",b4d80488-e0a1-70d1-9d19-5ad55712624e
351077454554331,1784505600,data.qo,"{""tE"":{""N"":""78.08""},""hL"":{""N"":""57.3""},""wL"":{""N"":""80.5668""},""tL"":{""N"":""94.64""},""hR"":{""N"":""59.4""},""wR"":{""N"":""46.18752""},""hE"":{""N"":""99.7""},""tR"":{""N"":""93.74""}}",b4d80488-e0a1-70d1-9d19-5ad55712624e
351077454554331,1784509200,data.qo,"{""tE"":{""N"":""77""},""hL"":{""N"":""57""},""wL"":{""N"":""80.574776""},""tL"":{""N"":""94.64""},""hR"":{""N"":""59.4""},""wR"":{""N"":""46.17298""},""hE"":{""N"":""99""},""tR"":{""N"":""93.38""}}",b4d80488-e0a1-70d1-9d19-5ad55712624e
351077454554331,1784512800,data.qo,"{""tE"":{""N"":""75.92""},""hL"":{""N"":""58.1""},""wL"":{""N"":""80.57188""},""tL"":{""N"":""94.64""},""hR"":{""N"":""59.3""},""wR"":{""N"":""46.136017""},""hE"":{""N"":""99.1""},""tR"":{""N"":""93.56""}}",b4d80488-e0a1-70d1-9d19-5ad55712624e
351077454554331,1784516400,data.qo,"{""tE"":{""N"":""75.2""},""hL"":{""N"":""59""},""wL"":{""N"":""80.55091""},""tL"":{""N"":""95""},""hR"":{""N"":""59.7""},""wR"":{""N"":""46.114162""},""hE"":{""N"":""99.3""},""tR"":{""N"":""93.2""}}",b4d80488-e0a1-70d1-9d19-5ad55712624e
351077454554331,1784520000,data.qo,"{""tE"":{""N"":""74.3""},""hL"":{""N"":""59.2""},""wL"":{""N"":""80.521355""},""tL"":{""N"":""94.82""},""hR"":{""N"":""60.2""},""wR"":{""N"":""46.1125""},""hE"":{""N"":""99.5""},""tR"":{""N"":""93.02""}}",b4d80488-e0a1-70d1-9d19-5ad55712624e
351077454554331,1784523600,data.qo,"{""tE"":{""N"":""73.58""},""hL"":{""N"":""58.5""},""wL"":{""N"":""80.535255""},""tL"":{""N"":""94.82""},""hR"":{""N"":""59.8""},""wR"":{""N"":""46.11849""},""hE"":{""N"":""99.6""},""tR"":{""N"":""93.2""}}",b4d80488-e0a1-70d1-9d19-5ad55712624e
351077454554331,1784527200,data.qo,"{""tE"":{""N"":""72.68""},""hL"":{""N"":""58.4""},""wL"":{""N"":""80.546165""},""tL"":{""N"":""94.64""},""hR"":{""N"":""59.6""},""wR"":{""N"":""46.094067""},""hE"":{""N"":""99.2""},""tR"":{""N"":""93.2""}}",b4d80488-e0a1-70d1-9d19-5ad55712624e
351077454554331,1784530800,data.qo,"{""tE"":{""N"":""71.78""},""hL"":{""N"":""56.8""},""wL"":{""N"":""80.547066""},""tL"":{""N"":""94.64""},""hR"":{""N"":""59.4""},""wR"":{""N"":""46.094067""},""hE"":{""N"":""98.7""},""tR"":{""N"":""92.84""}}",b4d80488-e0a1-70d1-9d19-5ad55712624e
351077454554331,1784534400,data.qo,"{""tE"":{""N"":""71.42""},""hL"":{""N"":""56.5""},""wL"":{""N"":""80.51608""},""tL"":{""N"":""94.46""},""hR"":{""N"":""59.2""},""wR"":{""N"":""46.04841""},""hE"":{""N"":""98.6""},""tR"":{""N"":""93.02""}}",b4d80488-e0a1-70d1-9d19-5ad55712624e
351077454554331,1784538000,data.qo,"{""tE"":{""N"":""71.6""},""hL"":{""N"":""55.7""},""wL"":{""N"":""80.53383""},""tL"":{""N"":""94.46""},""hR"":{""N"":""59.4""},""wR"":{""N"":""46.058815""},""hE"":{""N"":""98.9""},""tR"":{""N"":""92.66""}}",b4d80488-e0a1-70d1-9d19-5ad55712624e
351077454554331,1784541600,data.qo,"{""tE"":{""N"":""70.7""},""hL"":{""N"":""55.1""},""wL"":{""N"":""80.51717""},""tL"":{""N"":""94.46""},""hR"":{""N"":""59.2""},""wR"":{""N"":""46.054966""},""hE"":{""N"":""98.5""},""tR"":{""N"":""92.84""}}",b4d80488-e0a1-70d1-9d19-5ad55712624e
351077454554331,1784545200,data.qo,"{""tE"":{""N"":""69.98""},""hL"":{""N"":""56.6""},""wL"":{""N"":""80.46926""},""tL"":{""N"":""94.64""},""hR"":{""N"":""57.7""},""wR"":{""N"":""45.969498""},""hE"":{""N"":""98.4""},""tR"":{""N"":""92.84""}}",b4d80488-e0a1-70d1-9d19-5ad55712624e
351077454554331,1784548800,data.qo,"{""tE"":{""N"":""70.34""},""hL"":{""N"":""56.4""},""wL"":{""N"":""80.34377""},""tL"":{""N"":""94.64""},""hR"":{""N"":""57""},""wR"":{""N"":""45.862698""},""hE"":{""N"":""98.8""},""tR"":{""N"":""92.3""}}",b4d80488-e0a1-70d1-9d19-5ad55712624e
351077454554331,1784552400,data.qo,"{""tE"":{""N"":""72.86""},""hL"":{""N"":""57.2""},""wL"":{""N"":""80.31065""},""tL"":{""N"":""94.64""},""hR"":{""N"":""57.3""},""wR"":{""N"":""45.76739""},""hE"":{""N"":""99.7""},""tR"":{""N"":""92.48""}}",b4d80488-e0a1-70d1-9d19-5ad55712624e
351077454554331,1784556000,data.qo,"{""tE"":{""N"":""74.48""},""hL"":{""N"":""57""},""wL"":{""N"":""80.168945""},""tL"":{""N"":""94.46""},""hR"":{""N"":""57.3""},""wR"":{""N"":""45.63446""},""hE"":{""N"":""99.2""},""tR"":{""N"":""92.48""}}",b4d80488-e0a1-70d1-9d19-5ad55712624e
351077454554331,1784559600,data.qo,"{""tE"":{""N"":""77""},""hL"":{""N"":""60.2""},""wL"":{""N"":""80.11287""},""tL"":{""N"":""94.46""},""hR"":{""N"":""57.7""},""wR"":{""N"":""45.52671""},""hE"":{""N"":""99.5""},""tR"":{""N"":""93.2""}}",b4d80488-e0a1-70d1-9d19-5ad55712624e
351077454554331,1784563200,data.qo,"{""tE"":{""N"":""80.78""},""hL"":{""N"":""60""},""wL"":{""N"":""80.06433""},""tL"":{""N"":""94.46""},""hR"":{""N"":""57.7""},""wR"":{""N"":""45.570847""},""hE"":{""N"":""99""},""tR"":{""N"":""93.2""}}",b4d80488-e0a1-70d1-9d19-5ad55712624e
351077454554331,1784566800,data.qo,"{""tE"":{""N"":""84.02""},""hL"":{""N"":""62.5""},""wL"":{""N"":""80.017555""},""tL"":{""N"":""94.82""},""hR"":{""N"":""57.6""},""wR"":{""N"":""45.725822""},""hE"":{""N"":""97.9""},""tR"":{""N"":""93.2""}}",b4d80488-e0a1-70d1-9d19-5ad55712624e
351077454554331,1784570400,data.qo,"{""tE"":{""N"":""86""},""hL"":{""N"":""59.8""},""wL"":{""N"":""79.96029""},""tL"":{""N"":""94.82""},""hR"":{""N"":""58.2""},""wR"":{""N"":""45.844738""},""hE"":{""N"":""96.5""},""tR"":{""N"":""93.92""}}",b4d80488-e0a1-70d1-9d19-5ad55712624e
351077454554331,1784574000,data.qo,"{""tE"":{""N"":""87.26""},""hL"":{""N"":""58.5""},""wL"":{""N"":""79.910995""},""tL"":{""N"":""95""},""hR"":{""N"":""59.2""},""wR"":{""N"":""45.86018""},""hE"":{""N"":""97""},""tR"":{""N"":""94.28""}}",b4d80488-e0a1-70d1-9d19-5ad55712624e
351077454554331,1784577600,data.qo,"{""tE"":{""N"":""86.9""},""hL"":{""N"":""60.9""},""wL"":{""N"":""79.82669""},""tL"":{""N"":""94.64""},""hR"":{""N"":""58.8""},""wR"":{""N"":""45.935196""},""hE"":{""N"":""97.6""},""tR"":{""N"":""94.1""}}",b4d80488-e0a1-70d1-9d19-5ad55712624e
351077454554331,1784581200,data.qo,"{""tE"":{""N"":""87.8""},""hL"":{""N"":""60.3""},""wL"":{""N"":""79.6391""},""tL"":{""N"":""95""},""hR"":{""N"":""59""},""wR"":{""N"":""46.04556""},""hE"":{""N"":""95.3""},""tR"":{""N"":""94.28""}}",b4d80488-e0a1-70d1-9d19-5ad55712624e
351077454554331,1784584800,data.qo,"{""tE"":{""N"":""86""},""hL"":{""N"":""60.3""},""wL"":{""N"":""79.66643""},""tL"":{""N"":""95""},""hR"":{""N"":""59""},""wR"":{""N"":""46.106846""},""hE"":{""N"":""96.6""},""tR"":{""N"":""94.28""}}",b4d80488-e0a1-70d1-9d19-5ad55712624e
351077454554331,1784588400,data.qo,"{""tE"":{""N"":""86.54""},""hL"":{""N"":""58""},""wL"":{""N"":""79.73593""},""tL"":{""N"":""94.64""},""hR"":{""N"":""58.7""},""wR"":{""N"":""46.118057""},""hE"":{""N"":""97.2""},""tR"":{""N"":""94.28""}}",b4d80488-e0a1-70d1-9d19-5ad55712624e
351077454554331,1784592000,data.qo,"{""tE"":{""N"":""84.2""},""hL"":{""N"":""56.8""},""wL"":{""N"":""79.81179""},""tL"":{""N"":""95""},""hR"":{""N"":""58.8""},""wR"":{""N"":""46.05886""},""hE"":{""N"":""96.8""},""tR"":{""N"":""94.1""}}",b4d80488-e0a1-70d1-9d19-5ad55712624e
351077454554331,1784595600,data.qo,"{""tE"":{""N"":""80.96""},""hL"":{""N"":""56.8""},""wL"":{""N"":""79.85098""},""tL"":{""N"":""95""},""hR"":{""N"":""58.8""},""wR"":{""N"":""45.99159""},""hE"":{""N"":""97.7""},""tR"":{""N"":""93.92""}}",b4d80488-e0a1-70d1-9d19-5ad55712624e
351077454554331,1784599200,data.qo,"{""tE"":{""N"":""78.08""},""hL"":{""N"":""56.4""},""wL"":{""N"":""79.87575""},""tL"":{""N"":""94.64""},""hR"":{""N"":""59""},""wR"":{""N"":""45.939186""},""hE"":{""N"":""98.1""},""tR"":{""N"":""93.92""}}",b4d80488-e0a1-70d1-9d19-5ad55712624e
351077454554331,1784602800,data.qo,"{""tE"":{""N"":""77""},""hL"":{""N"":""60.9""},""wL"":{""N"":""79.927414""},""tL"":{""N"":""95""},""hR"":{""N"":""59.5""},""wR"":{""N"":""45.927593""},""hE"":{""N"":""98.6""},""tR"":{""N"":""93.56""}}",b4d80488-e0a1-70d1-9d19-5ad55712624e
351077454554331,1784606400,data.qo,"{""tE"":{""N"":""75.2""},""hL"":{""N"":""59""},""wL"":{""N"":""79.933105""},""tL"":{""N"":""95""},""hR"":{""N"":""59.7""},""wR"":{""N"":""45.88498""},""hE"":{""N"":""98.2""},""tR"":{""N"":""93.2""}}",b4d80488-e0a1-70d1-9d19-5ad55712624e
351077454554331,1784610000,data.qo,"{""tE"":{""N"":""73.94""},""hL"":{""N"":""57.9""},""wL"":{""N"":""79.913086""},""tL"":{""N"":""94.64""},""hR"":{""N"":""59.6""},""wR"":{""N"":""45.816135""},""hE"":{""N"":""98.2""},""tR"":{""N"":""93.2""}}",b4d80488-e0a1-70d1-9d19-5ad55712624e
351077454554331,1784613600,data.qo,"{""tE"":{""N"":""73.94""},""hL"":{""N"":""56.9""},""wL"":{""N"":""79.93154""},""tL"":{""N"":""94.64""},""hR"":{""N"":""59.4""},""wR"":{""N"":""45.81034""},""hE"":{""N"":""98.7""},""tR"":{""N"":""93.2""}}",b4d80488-e0a1-70d1-9d19-5ad55712624e
351077454554331,1784617200,data.qo,"{""tE"":{""N"":""73.22""},""hL"":{""N"":""56.6""},""wL"":{""N"":""79.93244""},""tL"":{""N"":""94.46""},""hR"":{""N"":""59.3""},""wR"":{""N"":""45.78421""},""hE"":{""N"":""98.2""},""tR"":{""N"":""93.02""}}",b4d80488-e0a1-70d1-9d19-5ad55712624e
351077454554331,1784620800,data.qo,"{""tE"":{""N"":""72.32""},""hL"":{""N"":""56.6""},""wL"":{""N"":""79.92062""},""tL"":{""N"":""94.46""},""hR"":{""N"":""59.4""},""wR"":{""N"":""45.74848""},""hE"":{""N"":""98.1""},""tR"":{""N"":""92.84""}}",b4d80488-e0a1-70d1-9d19-5ad55712624e
351077454554331,1784624400,data.qo,"{""tE"":{""N"":""71.78""},""hL"":{""N"":""56.5""},""wL"":{""N"":""79.89307""},""tL"":{""N"":""94.64""},""hR"":{""N"":""59.1""},""wR"":{""N"":""45.721878""},""hE"":{""N"":""98.2""},""tR"":{""N"":""92.84""}}",b4d80488-e0a1-70d1-9d19-5ad55712624e
351077454554331,1784628000,data.qo,"{""tE"":{""N"":""71.6""},""hL"":{""N"":""57.2""},""wL"":{""N"":""79.875175""},""tL"":{""N"":""94.28""},""hR"":{""N"":""58.9""},""wR"":{""N"":""45.701305""},""hE"":{""N"":""98.1""},""tR"":{""N"":""92.66""}}",b4d80488-e0a1-70d1-9d19-5ad55712624e
351077454554331,1784631600,data.qo,"{""tE"":{""N"":""71.6""},""hL"":{""N"":""55.1""},""wL"":{""N"":""79.8395""},""tL"":{""N"":""94.64""},""hR"":{""N"":""58.5""},""wR"":{""N"":""45.61408""},""hE"":{""N"":""98.3""},""tR"":{""N"":""92.66""}}",b4d80488-e0a1-70d1-9d19-5ad55712624e
351077454554331,1784635200,data.qo,"{""tE"":{""N"":""71.78""},""hL"":{""N"":""56.9""},""wL"":{""N"":""79.7923""},""tL"":{""N"":""95""},""hR"":{""N"":""58.2""},""wR"":{""N"":""45.51046""},""hE"":{""N"":""98.4""},""tR"":{""N"":""92.48""}}",b4d80488-e0a1-70d1-9d19-5ad55712624e
351077454554331,1784638800,data.qo,"{""tE"":{""N"":""73.58""},""hL"":{""N"":""55.5""},""wL"":{""N"":""79.69902""},""tL"":{""N"":""95""},""hR"":{""N"":""57.9""},""wR"":{""N"":""45.416584""},""hE"":{""N"":""98.9""},""tR"":{""N"":""92.48""}}",b4d80488-e0a1-70d1-9d19-5ad55712624e
351077454554331,1784642400,data.qo,"{""tE"":{""N"":""76.64""},""hL"":{""N"":""56.6""},""wL"":{""N"":""79.567604""},""tL"":{""N"":""94.82""},""hR"":{""N"":""58.1""},""wR"":{""N"":""45.31914""},""hE"":{""N"":""99.3""},""tR"":{""N"":""92.84""}}",b4d80488-e0a1-70d1-9d19-5ad55712624e
351077454554331,1784646000,data.qo,"{""tE"":{""N"":""80.24""},""hL"":{""N"":""58.4""},""wL"":{""N"":""79.48737""},""tL"":{""N"":""95""},""hR"":{""N"":""58.5""},""wR"":{""N"":""45.226974""},""hE"":{""N"":""99""},""tR"":{""N"":""93.2""}}",b4d80488-e0a1-70d1-9d19-5ad55712624e
351077454554331,1784649600,data.qo,"{""tE"":{""N"":""82.94""},""hL"":{""N"":""62.1""},""wL"":{""N"":""79.427216""},""tL"":{""N"":""95.18""},""hR"":{""N"":""58.3""},""wR"":{""N"":""45.348644""},""hE"":{""N"":""98.3""},""tR"":{""N"":""93.2""}}",b4d80488-e0a1-70d1-9d19-5ad55712624e
351077454554331,1784653200,data.qo,"{""tE"":{""N"":""89.42""},""hL"":{""N"":""60.7""},""wL"":{""N"":""79.36906""},""tL"":{""N"":""95""},""hR"":{""N"":""57.8""},""wR"":{""N"":""45.584007""},""hE"":{""N"":""97.7""},""tR"":{""N"":""93.2""}}",b4d80488-e0a1-70d1-9d19-5ad55712624e
351077454554331,1784656800,data.qo,"{""tE"":{""N"":""87.8""},""hL"":{""N"":""56.7""},""wL"":{""N"":""79.6049""},""tL"":{""N"":""95.18""},""hR"":{""N"":""57.6""},""wR"":{""N"":""46.02627""},""hE"":{""N"":""95.4""},""tR"":{""N"":""93.56""}}",b4d80488-e0a1-70d1-9d19-5ad55712624e
351077454554331,1784660400,data.qo,"{""tE"":{""N"":""83.48""},""hL"":{""N"":""57.3""},""wL"":{""N"":""79.627235""},""tL"":{""N"":""94.64""},""hR"":{""N"":""57.5""},""wR"":{""N"":""45.764874""},""hE"":{""N"":""90.9""},""tR"":{""N"":""93.92""}}",b4d80488-e0a1-70d1-9d19-5ad55712624e
351077454554331,1784664000,data.qo,"{""tE"":{""N"":""83.66""},""hL"":{""N"":""58.3""},""wL"":{""N"":""79.59531""},""tL"":{""N"":""94.82""},""hR"":{""N"":""58.6""},""wR"":{""N"":""45.663013""},""hE"":{""N"":""93.7""},""tR"":{""N"":""93.74""}}",b4d80488-e0a1-70d1-9d19-5ad55712624e
351077454554331,1784667600,data.qo,"{""tE"":{""N"":""83.48""},""hL"":{""N"":""60.1""},""wL"":{""N"":""79.580605""},""tL"":{""N"":""95.18""},""hR"":{""N"":""59.6""},""wR"":{""N"":""45.58391""},""hE"":{""N"":""93.3""},""tR"":{""N"":""94.1""}}",b4d80488-e0a1-70d1-9d19-5ad55712624e
351077454554331,1784671200,data.qo,"{""tE"":{""N"":""80.96""},""hL"":{""N"":""58.6""},""wL"":{""N"":""79.77706""},""tL"":{""N"":""95.54""},""hR"":{""N"":""59.8""},""wR"":{""N"":""45.696697""},""hE"":{""N"":""95.3""},""tR"":{""N"":""93.92""}}",b4d80488-e0a1-70d1-9d19-5ad55712624e
351077454554331,1784674800,data.qo,"{""tE"":{""N"":""79.16""},""hL"":{""N"":""57.9""},""wL"":{""N"":""79.786316""},""tL"":{""N"":""94.64""},""hR"":{""N"":""60.1""},""wR"":{""N"":""45.681164""},""hE"":{""N"":""96.7""},""tR"":{""N"":""93.92""}}",b4d80488-e0a1-70d1-9d19-5ad55712624e
351077454554331,1784678400,data.qo,"{""tE"":{""N"":""78.8""},""hL"":{""N"":""58.5""},""wL"":{""N"":""79.84472""},""tL"":{""N"":""95.18""},""hR"":{""N"":""60.1""},""wR"":{""N"":""45.671043""},""hE"":{""N"":""97.3""},""tR"":{""N"":""93.92""}}",b4d80488-e0a1-70d1-9d19-5ad55712624e
351077454554331,1784682000,data.qo,"{""tE"":{""N"":""76.82""},""hL"":{""N"":""57.5""},""wL"":{""N"":""79.85411""},""tL"":{""N"":""95.54""},""hR"":{""N"":""60""},""wR"":{""N"":""45.667004""},""hE"":{""N"":""97.7""},""tR"":{""N"":""93.56""}}",b4d80488-e0a1-70d1-9d19-5ad55712624e
351077454554331,1784685600,data.qo,"{""tE"":{""N"":""75.92""},""hL"":{""N"":""57.3""},""wL"":{""N"":""79.8765""},""tL"":{""N"":""95.54""},""hR"":{""N"":""59.7""},""wR"":{""N"":""45.665295""},""hE"":{""N"":""98.2""},""tR"":{""N"":""93.56""}}",b4d80488-e0a1-70d1-9d19-5ad55712624e
351077454554331,1784689200,data.qo,"{""tE"":{""N"":""74.84""},""hL"":{""N"":""58.6""},""wL"":{""N"":""79.92087""},""tL"":{""N"":""95.36""},""hR"":{""N"":""60.1""},""wR"":{""N"":""45.71418""},""hE"":{""N"":""98.6""},""tR"":{""N"":""93.2""}}",b4d80488-e0a1-70d1-9d19-5ad55712624e
351077454554331,1784692800,data.qo,"{""tE"":{""N"":""73.94""},""hL"":{""N"":""58.6""},""wL"":{""N"":""79.955925""},""tL"":{""N"":""95.36""},""hR"":{""N"":""60.1""},""wR"":{""N"":""45.681686""},""hE"":{""N"":""98.8""},""tR"":{""N"":""93.2""}}",b4d80488-e0a1-70d1-9d19-5ad55712624e
351077454554331,1784696340,data.qo,"{""tE"":{""N"":""73.76""},""hL"":{""N"":""60.5""},""wL"":{""N"":""79.958916""},""tL"":{""N"":""95""},""hR"":{""N"":""60.3""},""wR"":{""N"":""45.658737""},""hE"":{""N"":""99.3""},""tR"":{""N"":""93.02""}}",b4d80488-e0a1-70d1-9d19-5ad55712624e
351077454554331,1784700000,data.qo,"{""tE"":{""N"":""73.04""},""hL"":{""N"":""58""},""wL"":{""N"":""79.97044""},""tL"":{""N"":""95.36""},""hR"":{""N"":""60.3""},""wR"":{""N"":""45.67247""},""hE"":{""N"":""99.2""},""tR"":{""N"":""93.02""}}",b4d80488-e0a1-70d1-9d19-5ad55712624e
351077454554331,1784703600,data.qo,"{""tE"":{""N"":""73.22""},""hL"":{""N"":""58.4""},""wL"":{""N"":""79.964226""},""tL"":{""N"":""95.36""},""hR"":{""N"":""60.3""},""wR"":{""N"":""45.66862""},""hE"":{""N"":""99.1""},""tR"":{""N"":""93.02""}}",b4d80488-e0a1-70d1-9d19-5ad55712624e
351077454554331,1784707200,data.qo,"{""tE"":{""N"":""72.68""},""hL"":{""N"":""58.1""},""wL"":{""N"":""79.94378""},""tL"":{""N"":""95""},""hR"":{""N"":""60.2""},""wR"":{""N"":""45.65228""},""hE"":{""N"":""99""},""tR"":{""N"":""92.84""}}",b4d80488-e0a1-70d1-9d19-5ad55712624e
351077454554331,1784710800,data.qo,"{""tE"":{""N"":""71.42""},""hL"":{""N"":""57.2""},""wL"":{""N"":""79.88381""},""tL"":{""N"":""95.18""},""hR"":{""N"":""60""},""wR"":{""N"":""45.628616""},""hE"":{""N"":""98.8""},""tR"":{""N"":""93.02""}}",b4d80488-e0a1-70d1-9d19-5ad55712624e
351077454554331,1784714400,data.qo,"{""tE"":{""N"":""71.06""},""hL"":{""N"":""56.4""},""wL"":{""N"":""79.92162""},""tL"":{""N"":""95.18""},""hR"":{""N"":""59.7""},""wR"":{""N"":""45.64952""},""hE"":{""N"":""98.9""},""tR"":{""N"":""92.84""}}",b4d80488-e0a1-70d1-9d19-5ad55712624e
351077454554331,1784718000,data.qo,"{""tE"":{""N"":""71.06""},""hL"":{""N"":""55.7""},""wL"":{""N"":""79.917496""},""tL"":{""N"":""95.18""},""hR"":{""N"":""58.9""},""wR"":{""N"":""45.57574""},""hE"":{""N"":""99.4""},""tR"":{""N"":""92.84""}}",b4d80488-e0a1-70d1-9d19-5ad55712624e
351077454554331,1784721600,data.qo,"{""tE"":{""N"":""71.06""},""hL"":{""N"":""55.8""},""wL"":{""N"":""79.852974""},""tL"":{""N"":""95.36""},""hR"":{""N"":""59.4""},""wR"":{""N"":""45.482716""},""hE"":{""N"":""99.4""},""tR"":{""N"":""92.3""}}",b4d80488-e0a1-70d1-9d19-5ad55712624e
351077454554331,1784725200,data.qo,"{""tE"":{""N"":""72.5""},""hL"":{""N"":""55.2""},""wL"":{""N"":""79.86379""},""tL"":{""N"":""95.18""},""hR"":{""N"":""58.7""},""wR"":{""N"":""45.440052""},""hE"":{""N"":""99.9""},""tR"":{""N"":""92.84""}}",b4d80488-e0a1-70d1-9d19-5ad55712624e
351077454554331,1784728800,data.qo,"{""tE"":{""N"":""74.84""},""hL"":{""N"":""55.2""},""wL"":{""N"":""79.87584""},""tL"":{""N"":""95.18""},""hR"":{""N"":""58.7""},""wR"":{""N"":""45.371353""},""hE"":{""N"":""99.9""},""tR"":{""N"":""92.48""}}",b4d80488-e0a1-70d1-9d19-5ad55712624e
351077454554331,1784732400,data.qo,"{""tE"":{""N"":""74.48""},""hL"":{""N"":""54.3""},""wL"":{""N"":""79.8598""},""tL"":{""N"":""95.18""},""hR"":{""N"":""58.8""},""wR"":{""N"":""45.394444""},""hE"":{""N"":""99.9""},""tR"":{""N"":""93.2""}}",b4d80488-e0a1-70d1-9d19-5ad55712624e
351077454554331,1784736000,data.qo,"{""tE"":{""N"":""75.56""},""hL"":{""N"":""55.4""},""wL"":{""N"":""80.00626""},""tL"":{""N"":""95""},""hR"":{""N"":""58.9""},""wR"":{""N"":""45.500816""},""hE"":{""N"":""99.9""},""tR"":{""N"":""93.2""}}",b4d80488-e0a1-70d1-9d19-5ad55712624e
351077454554331,1784739600,data.qo,"{""tE"":{""N"":""75.92""},""hL"":{""N"":""55""},""wL"":{""N"":""80.01338""},""tL"":{""N"":""95.18""},""hR"":{""N"":""59.2""},""wR"":{""N"":""45.453117""},""hE"":{""N"":""99.9""},""tR"":{""N"":""93.2""}}",b4d80488-e0a1-70d1-9d19-5ad55712624e
351077454554331,1784743200,data.qo,"{""tE"":{""N"":""74.66""},""hL"":{""N"":""56.6""},""wL"":{""N"":""80.12145""},""tL"":{""N"":""95""},""hR"":{""N"":""59.2""},""wR"":{""N"":""45.452213""},""hE"":{""N"":""99.9""},""tR"":{""N"":""93.02""}}",b4d80488-e0a1-70d1-9d19-5ad55712624e
351077454554331,1784746800,data.qo,"{""tE"":{""N"":""74.3""},""hL"":{""N"":""55.6""},""wL"":{""N"":""79.93837""},""tL"":{""N"":""95""},""hR"":{""N"":""59""},""wR"":{""N"":""45.42946""},""hE"":{""N"":""99.9""},""tR"":{""N"":""93.02""}}",b4d80488-e0a1-70d1-9d19-5ad55712624e
351077454554331,1784750400,data.qo,"{""tE"":{""N"":""74.66""},""hL"":{""N"":""56""},""wL"":{""N"":""80.005974""},""tL"":{""N"":""95""},""hR"":{""N"":""59""},""wR"":{""N"":""45.419197""},""hE"":{""N"":""99.9""},""tR"":{""N"":""93.02""}}",b4d80488-e0a1-70d1-9d19-5ad55712624e
351077454554331,1784754000,data.qo,"{""tE"":{""N"":""77.54""},""hL"":{""N"":""58.5""},""wL"":{""N"":""79.8719""},""tL"":{""N"":""95""},""hR"":{""N"":""59.1""},""wR"":{""N"":""45.1931""},""hE"":{""N"":""99.9""},""tR"":{""N"":""93.02""}}",b4d80488-e0a1-70d1-9d19-5ad55712624e
351077454554331,1784757600,data.qo,"{""hL"":{""N"":""58.9""},""tL"":{""N"":""95.18""},""hR"":{""N"":""58.8""},""tR"":{""N"":""93.02""},""wL"":{""N"":""80.04014""},""tE"":{""N"":""77.36""},""hE"":{""N"":""98.5""},""wR"":{""N"":""45.36014""}}",b4d80488-e0a1-70d1-9d19-5ad55712624e
351077454554331,1784761200,data.qo,"{""hE"":{""N"":""98.1""},""tE"":{""N"":""76.46""},""wR"":{""N"":""45.45212""},""tL"":{""N"":""95.36""},""hR"":{""N"":""59.1""},""hL"":{""N"":""61.4""},""wL"":{""N"":""80.04465""},""tR"":{""N"":""93.2""}}",b4d80488-e0a1-70d1-9d19-5ad55712624e
351077454554331,1784764800,data.qo,"{""tE"":{""N"":""75.02""},""hL"":{""N"":""60""},""wL"":{""N"":""80.14869""},""tL"":{""N"":""95.36""},""hR"":{""N"":""59""},""wR"":{""N"":""45.466183""},""hE"":{""N"":""98.2""},""tR"":{""N"":""93.56""}}",b4d80488-e0a1-70d1-9d19-5ad55712624e
351077454554331,1784768400,data.qo,"{""tE"":{""N"":""73.04""},""hL"":{""N"":""57.8""},""wL"":{""N"":""80.12326""},""tL"":{""N"":""95""},""hR"":{""N"":""58.6""},""wR"":{""N"":""45.425373""},""hE"":{""N"":""98.7""},""tR"":{""N"":""93.2""}}",b4d80488-e0a1-70d1-9d19-5ad55712624e
351077454554331,1784772000,data.qo,"{""hL"":{""N"":""57.3""},""tE"":{""N"":""72.5""},""hE"":{""N"":""99.1""},""tL"":{""N"":""94.82""},""wR"":{""N"":""45.42784""},""wL"":{""N"":""80.12283""},""hR"":{""N"":""58.4""},""tR"":{""N"":""93.02""}}",b4d80488-e0a1-70d1-9d19-5ad55712624e
351077454554331,1784775600,data.qo,"{""tE"":{""N"":""71.78""},""hL"":{""N"":""59.2""},""wL"":{""N"":""80.171936""},""tL"":{""N"":""94.82""},""hR"":{""N"":""58.8""},""wR"":{""N"":""45.44143""},""hE"":{""N"":""99.4""},""tR"":{""N"":""92.84""}}",b4d80488-e0a1-70d1-9d19-5ad55712624e
351077454554331,1784779200,data.qo,"{""tE"":{""N"":""71.6""},""hL"":{""N"":""58.3""},""wL"":{""N"":""80.153854""},""tL"":{""N"":""95""},""hR"":{""N"":""58.7""},""wR"":{""N"":""45.41587""},""hE"":{""N"":""99.6""},""tR"":{""N"":""93.2""}}",b4d80488-e0a1-70d1-9d19-5ad55712624e
351077454554331,1784782800,data.qo,"{""tL"":{""N"":""94.64""},""tE"":{""N"":""71.6""},""wR"":{""N"":""45.413826""},""wL"":{""N"":""80.1336""},""hL"":{""N"":""55.5""},""hE"":{""N"":""99.6""},""hR"":{""N"":""58.5""},""tR"":{""N"":""93.02""}}",b4d80488-e0a1-70d1-9d19-5ad55712624e
351077454554331,1784786400,data.qo,"{""wL"":{""N"":""80.11989""},""hE"":{""N"":""99.6""},""hL"":{""N"":""58.3""},""hR"":{""N"":""58.3""},""wR"":{""N"":""45.397343""},""tE"":{""N"":""71.78""},""tR"":{""N"":""92.48""},""tL"":{""N"":""94.82""}}",b4d80488-e0a1-70d1-9d19-5ad55712624e
351077454554331,1784790000,data.qo,"{""tE"":{""N"":""71.78""},""hL"":{""N"":""57.6""},""wL"":{""N"":""80.13441""},""tL"":{""N"":""94.82""},""hR"":{""N"":""58.1""},""wR"":{""N"":""45.415207""},""hE"":{""N"":""99.6""},""tR"":{""N"":""92.66""}}",b4d80488-e0a1-70d1-9d19-5ad55712624e
351077454554331,1784793600,data.qo,"{""tE"":{""N"":""71.78""},""hL"":{""N"":""56.2""},""wL"":{""N"":""80.14062""},""tL"":{""N"":""95""},""hR"":{""N"":""58.1""},""wR"":{""N"":""45.442""},""hE"":{""N"":""99.9""},""tR"":{""N"":""92.84""}}",b4d80488-e0a1-70d1-9d19-5ad55712624e
351077454554331,1784797200,data.qo,"{""tE"":{""N"":""71.42""},""hL"":{""N"":""56.9""},""wL"":{""N"":""80.15633""},""tL"":{""N"":""94.64""},""hR"":{""N"":""58.1""},""wR"":{""N"":""45.399242""},""hE"":{""N"":""99.9""},""tR"":{""N"":""93.02""}}",b4d80488-e0a1-70d1-9d19-5ad55712624e
351077454554331,1784800800,data.qo,"{""tE"":{""N"":""71.42""},""hL"":{""N"":""57""},""wL"":{""N"":""80.1457""},""tL"":{""N"":""95""},""hR"":{""N"":""58""},""wR"":{""N"":""45.36879""},""hE"":{""N"":""99.9""},""tR"":{""N"":""93.02""}}",b4d80488-e0a1-70d1-9d19-5ad55712624e
351077454554331,1784804400,data.qo,"{""tE"":{""N"":""71.6""},""hL"":{""N"":""55.8""},""wL"":{""N"":""80.10214""},""tL"":{""N"":""95""},""hR"":{""N"":""58.2""},""wR"":{""N"":""45.32375""},""hE"":{""N"":""99.9""},""tR"":{""N"":""92.84""}}",b4d80488-e0a1-70d1-9d19-5ad55712624e
351077454554331,1784808000,data.qo,"{""tE"":{""N"":""71.42""},""hL"":{""N"":""55.6""},""wL"":{""N"":""80.05285""},""tL"":{""N"":""95""},""hR"":{""N"":""57.5""},""wR"":{""N"":""45.300137""},""hE"":{""N"":""99.9""},""tR"":{""N"":""92.48""}}",b4d80488-e0a1-70d1-9d19-5ad55712624e
351077454554331,1784811600,data.qo,"{""hR"":{""N"":""57.2""},""tE"":{""N"":""71.96""},""wL"":{""N"":""80.053276""},""hE"":{""N"":""99.9""},""wR"":{""N"":""45.27505""},""hL"":{""N"":""54.3""},""tL"":{""N"":""95""},""tR"":{""N"":""92.48""}}",b4d80488-e0a1-70d1-9d19-5ad55712624e
351077454554331,1784815200,data.qo,"{""hE"":{""N"":""99.9""},""tR"":{""N"":""92.3""},""hR"":{""N"":""57.2""},""hL"":{""N"":""56.4""},""tE"":{""N"":""72.32""},""tL"":{""N"":""95""},""wR"":{""N"":""45.24398""},""wL"":{""N"":""80.01414""}}",b4d80488-e0a1-70d1-9d19-5ad55712624e
351077454554331,1784818800,data.qo,"{""hR"":{""N"":""57.3""},""wL"":{""N"":""80.04356""},""tL"":{""N"":""95""},""hL"":{""N"":""53.9""},""tR"":{""N"":""92.66""},""wR"":{""N"":""45.23182""},""tE"":{""N"":""74.66""},""hE"":{""N"":""99.9""}}",b4d80488-e0a1-70d1-9d19-5ad55712624e
351077454554331,1784822400,data.qo,"{""tE"":{""N"":""74.48""},""hL"":{""N"":""56.2""},""wL"":{""N"":""79.935616""},""tL"":{""N"":""95""},""hR"":{""N"":""57.9""},""wR"":{""N"":""45.198658""},""hE"":{""N"":""99.9""},""tR"":{""N"":""93.02""}}",b4d80488-e0a1-70d1-9d19-5ad55712624e
351077454554331,1784826000,data.qo,"{""tR"":{""N"":""92.84""},""tL"":{""N"":""94.64""},""hE"":{""N"":""99.9""},""tE"":{""N"":""77""},""hL"":{""N"":""57.9""},""hR"":{""N"":""58.1""},""wL"":{""N"":""79.738686""},""wR"":{""N"":""45.02135""}}",b4d80488-e0a1-70d1-9d19-5ad55712624e
351077454554331,1784829600,data.qo,"{""tE"":{""N"":""80.42""},""hL"":{""N"":""59.2""},""wL"":{""N"":""79.83518""},""tL"":{""N"":""95""},""hR"":{""N"":""58""},""wR"":{""N"":""45.152573""},""hE"":{""N"":""99.9""},""tR"":{""N"":""93.02""}}",b4d80488-e0a1-70d1-9d19-5ad55712624e
351077454554331,1784833200,data.qo,"{""hR"":{""N"":""58""},""tE"":{""N"":""79.7""},""tR"":{""N"":""93.56""},""wL"":{""N"":""79.861374""},""wR"":{""N"":""45.33686""},""tL"":{""N"":""95.54""},""hE"":{""N"":""99.9""},""hL"":{""N"":""60.9""}}",b4d80488-e0a1-70d1-9d19-5ad55712624e
351077454554331,1784836800,data.qo,"{""tL"":{""N"":""94.64""},""hE"":{""N"":""99.9""},""wL"":{""N"":""79.88063""},""tE"":{""N"":""77.36""},""hR"":{""N"":""58.2""},""tR"":{""N"":""93.2""},""wR"":{""N"":""45.384277""},""hL"":{""N"":""61.7""}}",b4d80488-e0a1-70d1-9d19-5ad55712624e
351077454554331,1784840400,data.qo,"{""hL"":{""N"":""59""},""wL"":{""N"":""79.91228""},""hE"":{""N"":""99.9""},""tL"":{""N"":""95""},""tR"":{""N"":""93.02""},""tE"":{""N"":""75.56""},""hR"":{""N"":""57.5""},""wR"":{""N"":""45.348454""}}",b4d80488-e0a1-70d1-9d19-5ad55712624e
351077454554331,1784844000,data.qo,"{""tE"":{""N"":""74.48""},""wL"":{""N"":""80.00901""},""hR"":{""N"":""57.4""},""hL"":{""N"":""56""},""tL"":{""N"":""95""},""hE"":{""N"":""99.9""},""tR"":{""N"":""92.48""},""wR"":{""N"":""45.424564""}}",b4d80488-e0a1-70d1-9d19-5ad55712624e
351077454554331,1784847600,data.qo,"{""tE"":{""N"":""71.42""},""hL"":{""N"":""57.7""},""wL"":{""N"":""80.00299""},""tL"":{""N"":""95""},""hR"":{""N"":""57.3""},""wR"":{""N"":""45.36266""},""hE"":{""N"":""99.9""},""tR"":{""N"":""92.3""}}",b4d80488-e0a1-70d1-9d19-5ad55712624e
351077454554331,1784851200,data.qo,"{""wL"":{""N"":""79.976845""},""hE"":{""N"":""99.9""},""tR"":{""N"":""91.94""},""tE"":{""N"":""71.42""},""hL"":{""N"":""56.3""},""tL"":{""N"":""94.46""},""wR"":{""N"":""45.328644""},""hR"":{""N"":""56.7""}}",b4d80488-e0a1-70d1-9d19-5ad55712624e
351077454554331,1784854800,data.qo,"{""hE"":{""N"":""99.9""},""hL"":{""N"":""56.5""},""hR"":{""N"":""56.4""},""tL"":{""N"":""94.46""},""wR"":{""N"":""45.294815""},""tR"":{""N"":""91.58""},""wL"":{""N"":""79.91356""},""tE"":{""N"":""68.9""}}",b4d80488-e0a1-70d1-9d19-5ad55712624e
351077454554331,1784858400,data.qo,"{""hL"":{""N"":""53.5""},""hE"":{""N"":""99.9""},""tE"":{""N"":""68""},""hR"":{""N"":""56""},""tR"":{""N"":""91.04""},""wL"":{""N"":""79.92485""},""wR"":{""N"":""45.265408""},""tL"":{""N"":""94.46""}}",b4d80488-e0a1-70d1-9d19-5ad55712624e
351077454554331,1784862000,data.qo,"{""hL"":{""N"":""58.4""},""hR"":{""N"":""55.9""},""hE"":{""N"":""99.9""},""tE"":{""N"":""67.46""},""tR"":{""N"":""90.86""},""wL"":{""N"":""79.90881""},""wR"":{""N"":""45.200558""},""tL"":{""N"":""94.28""}}",b4d80488-e0a1-70d1-9d19-5ad55712624e
351077454554331,1784865600,data.qo,"{""hE"":{""N"":""99.9""},""tR"":{""N"":""90.5""},""wL"":{""N"":""79.87532""},""tL"":{""N"":""94.1""},""wR"":{""N"":""45.181458""},""hR"":{""N"":""56.7""},""tE"":{""N"":""66.56""},""hL"":{""N"":""55""}}",b4d80488-e0a1-70d1-9d19-5ad55712624e
351077454554331,1784869200,data.qo,"{""wR"":{""N"":""45.131386""},""hE"":{""N"":""99.9""},""tR"":{""N"":""90.86""},""wL"":{""N"":""79.87613""},""tL"":{""N"":""93.92""},""hL"":{""N"":""54.2""},""tE"":{""N"":""66.92""},""hR"":{""N"":""56.7""}}",b4d80488-e0a1-70d1-9d19-5ad55712624e
351077454554331,1784872800,data.qo,"{""tL"":{""N"":""94.28""},""hR"":{""N"":""57""},""tR"":{""N"":""90.5""},""hL"":{""N"":""56.1""},""tE"":{""N"":""66.74""},""wL"":{""N"":""79.8256""},""hE"":{""N"":""99.9""},""wR"":{""N"":""45.13286""}}",b4d80488-e0a1-70d1-9d19-5ad55712624e
351077454554331,1784876400,data.qo,"{""tE"":{""N"":""66.56""},""hE"":{""N"":""99.9""},""tL"":{""N"":""94.28""},""wR"":{""N"":""45.1253""},""wL"":{""N"":""79.80572""},""hR"":{""N"":""56""},""hL"":{""N"":""55.5""},""tR"":{""N"":""91.4""}}",b4d80488-e0a1-70d1-9d19-5ad55712624e
351077454554331,1784880000,data.qo,"{""tL"":{""N"":""94.28""},""hR"":{""N"":""55.5""},""hL"":{""N"":""54.9""},""tE"":{""N"":""66.38""},""tR"":{""N"":""91.04""},""wL"":{""N"":""79.8033""},""wR"":{""N"":""45.115185""},""hE"":{""N"":""99.9""}}",b4d80488-e0a1-70d1-9d19-5ad55712624e
351077454554331,1784883600,data.qo,"{""tR"":{""N"":""90.5""},""wL"":{""N"":""79.808426""},""wR"":{""N"":""45.093""},""hR"":{""N"":""55.2""},""hE"":{""N"":""99.9""},""tL"":{""N"":""94.28""},""hL"":{""N"":""55.1""},""tE"":{""N"":""66.2""}}",b4d80488-e0a1-70d1-9d19-5ad55712624e
351077454554331,1784887200,data.qo,"{""tE"":{""N"":""66.02""},""hE"":{""N"":""99.9""},""hR"":{""N"":""55""},""wR"":{""N"":""45.060547""},""tR"":{""N"":""90.32""},""wL"":{""N"":""79.77924""},""tL"":{""N"":""94.1""},""hL"":{""N"":""54.8""}}",b4d80488-e0a1-70d1-9d19-5ad55712624e
351077454554331,1784890800,data.qo,"{""hR"":{""N"":""54.8""},""hE"":{""N"":""99.9""},""tE"":{""N"":""66.2""},""tR"":{""N"":""89.96""},""wR"":{""N"":""45.019974""},""tL"":{""N"":""94.46""},""hL"":{""N"":""55.1""},""wL"":{""N"":""79.72284""}}",b4d80488-e0a1-70d1-9d19-5ad55712624e
351077454554331,1784894400,data.qo,"{""hE"":{""N"":""99.9""},""hL"":{""N"":""52.1""},""tL"":{""N"":""94.64""},""wL"":{""N"":""79.640045""},""tR"":{""N"":""88.7""},""tE"":{""N"":""66.2""},""wR"":{""N"":""44.99432""},""hR"":{""N"":""54.3""}}",b4d80488-e0a1-70d1-9d19-5ad55712624e
351077454554331,1784898000,data.qo,"{""hE"":{""N"":""99.9""},""tR"":{""N"":""88.7""},""tE"":{""N"":""67.28""},""tL"":{""N"":""94.46""},""hL"":{""N"":""53.8""},""wL"":{""N"":""79.60788""},""wR"":{""N"":""44.984867""},""hR"":{""N"":""53.7""}}",b4d80488-e0a1-70d1-9d19-5ad55712624e
351077454554331,1784901600,data.qo,"{""hL"":{""N"":""57.3""},""wR"":{""N"":""44.95764""},""tR"":{""N"":""88.34""},""hR"":{""N"":""53.7""},""wL"":{""N"":""79.63288""},""tL"":{""N"":""94.64""},""hE"":{""N"":""99.9""},""tE"":{""N"":""67.82""}}",b4d80488-e0a1-70d1-9d19-5ad55712624e
351077454554331,1784905200,data.qo,"{""tL"":{""N"":""94.82""},""wR"":{""N"":""44.93137""},""hR"":{""N"":""53.6""},""tE"":{""N"":""68.9""},""hL"":{""N"":""56.2""},""wL"":{""N"":""79.54284""},""hE"":{""N"":""99.9""},""tR"":{""N"":""89.42""}}",b4d80488-e0a1-70d1-9d19-5ad55712624e
351077454554331,1784908800,data.qo,"{""hE"":{""N"":""99.9""},""tR"":{""N"":""90.68""},""hL"":{""N"":""54.2""},""tE"":{""N"":""70.7""},""wR"":{""N"":""44.930706""},""wL"":{""N"":""79.56917""},""hR"":{""N"":""53.8""},""tL"":{""N"":""94.46""}}",b4d80488-e0a1-70d1-9d19-5ad55712624e
351077454554331,1784912400,data.qo,"{""hE"":{""N"":""99.9""},""tR"":{""N"":""89.96""},""tL"":{""N"":""94.46""},""wL"":{""N"":""79.57458""},""tE"":{""N"":""71.42""},""wR"":{""N"":""44.982918""},""hL"":{""N"":""57.4""},""hR"":{""N"":""53.7""}}",b4d80488-e0a1-70d1-9d19-5ad55712624e
351077454554331,1784916000,data.qo,"{""hL"":{""N"":""57.5""},""tR"":{""N"":""90.68""},""tE"":{""N"":""72.14""},""hE"":{""N"":""99.9""},""wR"":{""N"":""45.064255""},""hR"":{""N"":""53.6""},""wL"":{""N"":""79.64436""},""tL"":{""N"":""94.82""}}",b4d80488-e0a1-70d1-9d19-5ad55712624e
351077454554331,1784919600,data.qo,"{""hE"":{""N"":""99.9""},""hL"":{""N"":""55.7""},""wR"":{""N"":""45.13723""},""tE"":{""N"":""71.78""},""wL"":{""N"":""79.72644""},""hR"":{""N"":""53.5""},""tL"":{""N"":""94.82""},""tR"":{""N"":""90.86""}}",b4d80488-e0a1-70d1-9d19-5ad55712624e
351077454554331,1784923200,data.qo,"{""hL"":{""N"":""56""},""tE"":{""N"":""71.06""},""tL"":{""N"":""94.46""},""hR"":{""N"":""53.6""},""tR"":{""N"":""90.86""},""hE"":{""N"":""99.9""},""wR"":{""N"":""45.011375""},""wL"":{""N"":""79.67501""}}",b4d80488-e0a1-70d1-9d19-5ad55712624e
351077454554331,1784926800,data.qo,"{""hE"":{""N"":""99.9""},""hR"":{""N"":""53.7""},""hL"":{""N"":""57.5""},""tR"":{""N"":""90.5""},""wL"":{""N"":""79.71681""},""tL"":{""N"":""94.46""},""wR"":{""N"":""45.03404""},""tE"":{""N"":""73.22""}}",b4d80488-e0a1-70d1-9d19-5ad55712624e
351077454554331,1784930400,data.qo,"{""tE"":{""N"":""72.68""},""hR"":{""N"":""54""},""wR"":{""N"":""45.03817""},""tR"":{""N"":""90.5""},""hL"":{""N"":""56.7""},""hE"":{""N"":""99.9""},""wL"":{""N"":""79.74694""},""tL"":{""N"":""94.46""}}",b4d80488-e0a1-70d1-9d19-5ad55712624e
351077454554331,1784934000,data.qo,"{""tE"":{""N"":""72.32""},""wL"":{""N"":""79.74689""},""tL"":{""N"":""94.46""},""hE"":{""N"":""99.9""},""hR"":{""N"":""54.1""},""tR"":{""N"":""90.68""},""wR"":{""N"":""45.02539""},""hL"":{""N"":""56""}}",b4d80488-e0a1-70d1-9d19-5ad55712624e
351077454554331,1784937600,data.qo,"{""hR"":{""N"":""54.2""},""tE"":{""N"":""71.96""},""hL"":{""N"":""55.9""},""tR"":{""N"":""91.04""},""hE"":{""N"":""99.9""},""tL"":{""N"":""94.46""},""wR"":{""N"":""45.04159""},""wL"":{""N"":""79.77778""}}",b4d80488-e0a1-70d1-9d19-5ad55712624e
351077454554331,1784941200,data.qo,"{""tL"":{""N"":""94.64""},""tR"":{""N"":""91.04""},""hE"":{""N"":""99.9""},""wR"":{""N"":""45.071667""},""hL"":{""N"":""55.1""},""tE"":{""N"":""71.06""},""hR"":{""N"":""54.3""},""wL"":{""N"":""79.74476""}}",b4d80488-e0a1-70d1-9d19-5ad55712624e
351077454554331,1784944800,data.qo,"{""tR"":{""N"":""91.04""},""wL"":{""N"":""79.79068""},""hL"":{""N"":""55.8""},""tL"":{""N"":""94.46""},""wR"":{""N"":""45.107628""},""hR"":{""N"":""54.4""},""tE"":{""N"":""71.06""},""hE"":{""N"":""99.9""}}",b4d80488-e0a1-70d1-9d19-5ad55712624e
351077454554331,1784948400,data.qo,"{""hR"":{""N"":""54.5""},""hE"":{""N"":""99.9""},""hL"":{""N"":""58.6""},""tE"":{""N"":""69.62""},""wL"":{""N"":""79.783""},""tR"":{""N"":""91.04""},""wR"":{""N"":""45.10497""},""tL"":{""N"":""94.82""}}",b4d80488-e0a1-70d1-9d19-5ad55712624e
351077454554331,1784952000,data.qo,"{""tR"":{""N"":""90.68""},""hL"":{""N"":""56.3""},""tE"":{""N"":""69.26""},""wR"":{""N"":""45.089386""},""tL"":{""N"":""94.64""},""wL"":{""N"":""79.75794""},""hE"":{""N"":""99.9""},""hR"":{""N"":""54.4""}}",b4d80488-e0a1-70d1-9d19-5ad55712624e
351077454554331,1784955600,data.qo,"{""hE"":{""N"":""99.9""},""tE"":{""N"":""68.9""},""tL"":{""N"":""94.64""},""tR"":{""N"":""90.5""},""wR"":{""N"":""45.09024""},""hR"":{""N"":""54.4""},""wL"":{""N"":""79.75775""},""hL"":{""N"":""55.8""}}",b4d80488-e0a1-70d1-9d19-5ad55712624e
351077454554331,1784959200,data.qo,"{""hR"":{""N"":""54.6""},""tE"":{""N"":""68.72""},""tR"":{""N"":""90.32""},""wR"":{""N"":""45.054703""},""hE"":{""N"":""99.9""},""wL"":{""N"":""79.717476""},""hL"":{""N"":""56.2""},""tL"":{""N"":""94.46""}}",b4d80488-e0a1-70d1-9d19-5ad55712624e
351077454554331,1784962800,data.qo,"{""tE"":{""N"":""68.36""},""wR"":{""N"":""45.057983""},""hE"":{""N"":""99.9""},""wL"":{""N"":""79.70699""},""hR"":{""N"":""54.7""},""tL"":{""N"":""94.46""},""tR"":{""N"":""89.96""},""hL"":{""N"":""57.2""}}",b4d80488-e0a1-70d1-9d19-5ad55712624e
351077454554331,1784966400,data.qo,"{""tL"":{""N"":""94.82""},""hR"":{""N"":""54.4""},""wL"":{""N"":""79.71671""},""wR"":{""N"":""45.05147""},""tE"":{""N"":""68.54""},""hE"":{""N"":""99.9""},""hL"":{""N"":""55.3""},""tR"":{""N"":""89.78""}}",b4d80488-e0a1-70d1-9d19-5ad55712624e
351077454554331,1784970000,data.qo,"{""hE"":{""N"":""99.9""},""tE"":{""N"":""68.54""},""tR"":{""N"":""89.96""},""tL"":{""N"":""94.28""},""wL"":{""N"":""79.70846""},""hL"":{""N"":""55.4""},""hR"":{""N"":""54.4""},""wR"":{""N"":""45.044823""}}",b4d80488-e0a1-70d1-9d19-5ad55712624e
351077454554331,1784973600,data.qo,"{""wR"":{""N"":""45.08126""},""hR"":{""N"":""54.6""},""wL"":{""N"":""79.7031""},""hL"":{""N"":""55.7""},""hE"":{""N"":""99.9""},""tR"":{""N"":""89.42""},""tL"":{""N"":""94.46""},""tE"":{""N"":""68.54""}}",b4d80488-e0a1-70d1-9d19-5ad55712624e
351077454554331,1784977200,data.qo,"{""wL"":{""N"":""79.70879""},""tE"":{""N"":""68.54""},""wR"":{""N"":""45.06093""},""tL"":{""N"":""94.46""},""tR"":{""N"":""89.96""},""hR"":{""N"":""54.3""},""hE"":{""N"":""99.9""},""hL"":{""N"":""53.7""}}",b4d80488-e0a1-70d1-9d19-5ad55712624e
351077454554331,1784980800,data.qo,"{""tR"":{""N"":""89.24""},""wR"":{""N"":""45.02335""},""wL"":{""N"":""79.677956""},""tL"":{""N"":""94.64""},""hL"":{""N"":""53.7""},""tE"":{""N"":""68""},""hE"":{""N"":""99.9""},""hR"":{""N"":""54.1""}}",b4d80488-e0a1-70d1-9d19-5ad55712624e
351077454554331,1784984400,data.qo,"{""tL"":{""N"":""94.64""},""tE"":{""N"":""68.72""},""hL"":{""N"":""53.7""},""hR"":{""N"":""54""},""wL"":{""N"":""79.69722""},""wR"":{""N"":""45.051""},""tR"":{""N"":""89.24""},""hE"":{""N"":""99.9""}}",b4d80488-e0a1-70d1-9d19-5ad55712624e
351077454554331,1784988000,data.qo,"{""wL"":{""N"":""79.7551""},""tL"":{""N"":""94.64""},""wR"":{""N"":""45.0062""},""hE"":{""N"":""99.9""},""hR"":{""N"":""53.8""},""tR"":{""N"":""89.24""},""hL"":{""N"":""55""},""tE"":{""N"":""68""}}",b4d80488-e0a1-70d1-9d19-5ad55712624e
351077454554331,1784991600,data.qo,"{""hL"":{""N"":""53.9""},""hR"":{""N"":""53.6""},""tR"":{""N"":""89.42""},""tE"":{""N"":""68.36""},""hE"":{""N"":""99.9""},""tL"":{""N"":""94.28""},""wR"":{""N"":""44.906048""},""wL"":{""N"":""79.6447""}}",b4d80488-e0a1-70d1-9d19-5ad55712624e
351077454554331,1784995200,data.qo,"{""hL"":{""N"":""53.9""},""hR"":{""N"":""54.4""},""tE"":{""N"":""69.8""},""tL"":{""N"":""94.28""},""tR"":{""N"":""89.6""},""hE"":{""N"":""99.9""},""wL"":{""N"":""79.588806""},""wR"":{""N"":""44.863052""}}",b4d80488-e0a1-70d1-9d19-5ad55712624e
351077454554331,1784998800,data.qo,"{""tL"":{""N"":""94.64""},""hL"":{""N"":""56""},""hR"":{""N"":""54.1""},""tE"":{""N"":""71.24""},""wR"":{""N"":""44.94586""},""tR"":{""N"":""89.96""},""hE"":{""N"":""99.9""},""wL"":{""N"":""79.64626""}}",b4d80488-e0a1-70d1-9d19-5ad55712624e
351077454554331,1785002400,data.qo,"{""tL"":{""N"":""95""},""wR"":{""N"":""44.876736""},""tE"":{""N"":""72.68""},""tR"":{""N"":""89.6""},""hR"":{""N"":""53.9""},""wL"":{""N"":""79.47262""},""hL"":{""N"":""59.9""},""hE"":{""N"":""99.9""}}",b4d80488-e0a1-70d1-9d19-5ad55712624e
351077454554331,1785006000,data.qo,"{""hR"":{""N"":""53.8""},""tL"":{""N"":""95.18""},""hL"":{""N"":""54.9""},""wR"":{""N"":""44.80338""},""hE"":{""N"":""99.9""},""tE"":{""N"":""76.28""},""wL"":{""N"":""79.4471""},""tR"":{""N"":""89.42""}}",b4d80488-e0a1-70d1-9d19-5ad55712624e
351077454554331,1785009600,data.qo,"{""hL"":{""N"":""62.3""},""hR"":{""N"":""54.1""},""wR"":{""N"":""44.963722""},""wL"":{""N"":""79.2931""},""tR"":{""N"":""90.68""},""tE"":{""N"":""75.56""},""tL"":{""N"":""95""},""hE"":{""N"":""99.9""}}",b4d80488-e0a1-70d1-9d19-5ad55712624e
351077454554331,1785013200,data.qo,"{""tR"":{""N"":""91.76""},""tE"":{""N"":""76.46""},""hR"":{""N"":""55.1""},""tL"":{""N"":""95.18""},""hE"":{""N"":""99.9""},""wL"":{""N"":""79.395195""},""wR"":{""N"":""45.076607""},""hL"":{""N"":""59.4""}}",b4d80488-e0a1-70d1-9d19-5ad55712624e
351077454554331,1785016800,data.qo,"{""hE"":{""N"":""99.9""},""tL"":{""N"":""95.18""},""tR"":{""N"":""92.3""},""wR"":{""N"":""45.065205""},""wL"":{""N"":""79.37475""},""hL"":{""N"":""60.9""},""hR"":{""N"":""55""},""tE"":{""N"":""74.3""}}",b4d80488-e0a1-70d1-9d19-5ad55712624e
351077454554331,1785020400,data.qo,"{""hL"":{""N"":""58.8""},""tL"":{""N"":""95.18""},""tR"":{""N"":""92.48""},""hR"":{""N"":""55.2""},""wR"":{""N"":""45.10787""},""tE"":{""N"":""74.3""},""wL"":{""N"":""79.439224""},""hE"":{""N"":""99.9""}}",b4d80488-e0a1-70d1-9d19-5ad55712624e
351077454554331,1785024000,data.qo,"{""tE"":{""N"":""73.4""},""hE"":{""N"":""99.9""},""tR"":{""N"":""92.12""},""hL"":{""N"":""58""},""wL"":{""N"":""79.40141""},""hR"":{""N"":""55.3""},""wR"":{""N"":""45.04701""},""tL"":{""N"":""94.82""}}",b4d80488-e0a1-70d1-9d19-5ad55712624e
351077454554331,1785027600,data.qo,"{""hE"":{""N"":""99.9""},""hL"":{""N"":""56.9""},""tE"":{""N"":""71.96""},""tR"":{""N"":""91.58""},""wL"":{""N"":""79.387695""},""wR"":{""N"":""44.988808""},""hR"":{""N"":""55.3""},""tL"":{""N"":""94.64""}}",b4d80488-e0a1-70d1-9d19-5ad55712624e
351077454554331,1785031200,data.qo,"{""wR"":{""N"":""44.946716""},""tR"":{""N"":""91.22""},""hL"":{""N"":""55.8""},""wL"":{""N"":""79.38296""},""tE"":{""N"":""70.7""},""hR"":{""N"":""55.8""},""tL"":{""N"":""94.64""},""hE"":{""N"":""99.9""}}",b4d80488-e0a1-70d1-9d19-5ad55712624e
351077454554331,1785034800,data.qo,"{""tR"":{""N"":""91.04""},""hR"":{""N"":""55.7""},""hL"":{""N"":""58.6""},""wL"":{""N"":""79.368576""},""tE"":{""N"":""70.16""},""hE"":{""N"":""99.9""},""tL"":{""N"":""95""},""wR"":{""N"":""44.920254""}}",b4d80488-e0a1-70d1-9d19-5ad55712624e
351077454554331,1785038400,data.qo,"{""wR"":{""N"":""44.88082""},""hL"":{""N"":""58.3""},""wL"":{""N"":""79.35088""},""tL"":{""N"":""94.64""},""tR"":{""N"":""91.04""},""hR"":{""N"":""55.7""},""hE"":{""N"":""99.9""},""tE"":{""N"":""69.8""}}",b4d80488-e0a1-70d1-9d19-5ad55712624e
351077454554331,1785042000,data.qo,"{""hR"":{""N"":""55.3""},""hL"":{""N"":""57.6""},""hE"":{""N"":""99.9""},""wL"":{""N"":""79.3088""},""wR"":{""N"":""44.83678""},""tL"":{""N"":""94.64""},""tE"":{""N"":""69.62""},""tR"":{""N"":""90.68""}}",b4d80488-e0a1-70d1-9d19-5ad55712624e
351077454554331,1785045600,data.qo,"{""tL"":{""N"":""94.46""},""hE"":{""N"":""99.9""},""tE"":{""N"":""69.62""},""wR"":{""N"":""44.790646""},""tR"":{""N"":""90.32""},""hR"":{""N"":""55.1""},""hL"":{""N"":""55.4""},""wL"":{""N"":""79.31226""}}",b4d80488-e0a1-70d1-9d19-5ad55712624e
351077454554331,1785049200,data.qo,"{""tL"":{""N"":""94.46""},""hR"":{""N"":""55""},""tR"":{""N"":""89.6""},""hE"":{""N"":""99.9""},""wR"":{""N"":""44.760715""},""hL"":{""N"":""57.3""},""tE"":{""N"":""69.62""},""wL"":{""N"":""79.30467""}}",b4d80488-e0a1-70d1-9d19-5ad55712624e
351077454554331,1785052800,data.qo,"{""wR"":{""N"":""44.747368""},""tR"":{""N"":""89.6""},""wL"":{""N"":""79.29372""},""hE"":{""N"":""99.9""},""hL"":{""N"":""56.2""},""tE"":{""N"":""69.44""},""hR"":{""N"":""55""},""tL"":{""N"":""94.64""}}",b4d80488-e0a1-70d1-9d19-5ad55712624e
351077454554331,1785056400,data.qo,"{""hL"":{""N"":""55.6""},""hE"":{""N"":""99.9""},""tL"":{""N"":""94.64""},""hR"":{""N"":""54.7""},""wR"":{""N"":""44.71406""},""tE"":{""N"":""69.44""},""wL"":{""N"":""79.29395""},""tR"":{""N"":""89.96""}}",b4d80488-e0a1-70d1-9d19-5ad55712624e
351077454554331,1785060000,data.qo,"{""hL"":{""N"":""54""},""tL"":{""N"":""94.46""},""hE"":{""N"":""99.9""},""tE"":{""N"":""69.44""},""tR"":{""N"":""90.14""},""hR"":{""N"":""54.5""},""wL"":{""N"":""79.3756""},""wR"":{""N"":""44.797916""}}",b4d80488-e0a1-70d1-9d19-5ad55712624e
351077454554331,1785063600,data.qo,"{""hR"":{""N"":""54.7""},""hE"":{""N"":""99.9""},""hL"":{""N"":""54.5""},""tR"":{""N"":""90.32""},""wR"":{""N"":""44.677906""},""tE"":{""N"":""68.9""},""wL"":{""N"":""79.339874""},""tL"":{""N"":""94.64""}}",b4d80488-e0a1-70d1-9d19-5ad55712624e
351077454554331,1785067200,data.qo,"{""hE"":{""N"":""99.9""},""wR"":{""N"":""44.59377""},""tL"":{""N"":""94.64""},""hL"":{""N"":""55.8""},""wL"":{""N"":""79.3004""},""hR"":{""N"":""54.2""},""tR"":{""N"":""89.96""},""tE"":{""N"":""68""}}",b4d80488-e0a1-70d1-9d19-5ad55712624e
351077454554331,1785070800,data.qo,"{""hL"":{""N"":""54.6""},""tE"":{""N"":""68.54""},""hR"":{""N"":""54.1""},""tR"":{""N"":""89.6""},""wL"":{""N"":""79.26449""},""tL"":{""N"":""94.46""},""wR"":{""N"":""44.514286""},""hE"":{""N"":""99.9""}}",b4d80488-e0a1-70d1-9d19-5ad55712624e
351077454554331,1785074400,data.qo,"{""wR"":{""N"":""44.477512""},""wL"":{""N"":""79.26804""},""hE"":{""N"":""99.9""},""tE"":{""N"":""69.44""},""hL"":{""N"":""54.9""},""tR"":{""N"":""89.6""},""hR"":{""N"":""54.1""},""tL"":{""N"":""94.64""}}",b4d80488-e0a1-70d1-9d19-5ad55712624e
351077454554331,1785078000,data.qo,"{""hE"":{""N"":""99.9""},""hL"":{""N"":""55.4""},""tL"":{""N"":""94.64""},""wR"":{""N"":""44.526306""},""hR"":{""N"":""54.1""},""wL"":{""N"":""79.31103""},""tR"":{""N"":""89.42""},""tE"":{""N"":""71.42""}}",b4d80488-e0a1-70d1-9d19-5ad55712624e
351077454554331,1785081600,data.qo,"{""hR"":{""N"":""54.2""},""tL"":{""N"":""94.64""},""wL"":{""N"":""79.25704""},""tR"":{""N"":""89.96""},""hE"":{""N"":""99.9""},""hL"":{""N"":""52.9""},""wR"":{""N"":""44.459934""},""tE"":{""N"":""71.42""}}",b4d80488-e0a1-70d1-9d19-5ad55712624e
351077454554331,1785085200,data.qo,"{""hR"":{""N"":""54.3""},""hE"":{""N"":""99.9""},""tR"":{""N"":""90.32""},""tE"":{""N"":""72.68""},""wL"":{""N"":""79.15219""},""tL"":{""N"":""94.64""},""wR"":{""N"":""44.381165""},""hL"":{""N"":""56.2""}}",b4d80488-e0a1-70d1-9d19-5ad55712624e
351077454554331,1785088800,data.qo,"{""hE"":{""N"":""99.9""},""tL"":{""N"":""94.64""},""tR"":{""N"":""91.04""},""hL"":{""N"":""61.1""},""wR"":{""N"":""44.35204""},""tE"":{""N"":""77""},""hR"":{""N"":""54.3""},""wL"":{""N"":""79.11751""}}",b4d80488-e0a1-70d1-9d19-5ad55712624e
351077454554331,1785092400,data.qo,"{""hR"":{""N"":""54.5""},""hL"":{""N"":""57.1""},""wL"":{""N"":""79.05726""},""wR"":{""N"":""44.54574""},""tR"":{""N"":""91.4""},""hE"":{""N"":""99.9""},""tL"":{""N"":""95.18""},""tE"":{""N"":""79.88""}}",b4d80488-e0a1-70d1-9d19-5ad55712624e
351077454554331,1785096000,data.qo,"{""wR"":{""N"":""44.70228""},""hE"":{""N"":""99.9""},""wL"":{""N"":""79.022675""},""hR"":{""N"":""54.7""},""hL"":{""N"":""59.8""},""tL"":{""N"":""95.36""},""tE"":{""N"":""80.42""},""tR"":{""N"":""91.76""}}",b4d80488-e0a1-70d1-9d19-5ad55712624e
351077454554331,1785099600,data.qo,"{""tE"":{""N"":""79.16""},""wL"":{""N"":""79.09094""},""wR"":{""N"":""44.767746""},""tR"":{""N"":""92.12""},""hR"":{""N"":""55""},""hL"":{""N"":""62.9""},""tL"":{""N"":""94.82""},""hE"":{""N"":""99.9""}}",b4d80488-e0a1-70d1-9d19-5ad55712624e
351077454554331,1785103200,data.qo,"{""hR"":{""N"":""55.5""},""wR"":{""N"":""44.726273""},""tE"":{""N"":""77.36""},""hE"":{""N"":""99.9""},""tL"":{""N"":""95.36""},""hL"":{""N"":""61.2""},""wL"":{""N"":""79.08975""},""tR"":{""N"":""92.48""}}",b4d80488-e0a1-70d1-9d19-5ad55712624e
351077454554331,1785106800,data.qo,"{""hE"":{""N"":""99.9""},""hR"":{""N"":""55.8""},""tE"":{""N"":""76.46""},""wR"":{""N"":""44.732162""},""tR"":{""N"":""92.3""},""hL"":{""N"":""60.3""},""wL"":{""N"":""79.13966""},""tL"":{""N"":""94.64""}}",b4d80488-e0a1-70d1-9d19-5ad55712624e
351077454554331,1785110400,data.qo,"{""hE"":{""N"":""99.9""},""hR"":{""N"":""55.9""},""tR"":{""N"":""92.48""},""tL"":{""N"":""95.36""},""wL"":{""N"":""79.11993""},""wR"":{""N"":""44.70955""},""hL"":{""N"":""60.3""},""tE"":{""N"":""75.56""}}",b4d80488-e0a1-70d1-9d19-5ad55712624e
351077454554331,1785114000,data.qo,"{""tL"":{""N"":""94.64""},""wR"":{""N"":""44.72076""},""hR"":{""N"":""56.3""},""tE"":{""N"":""75.2""},""hL"":{""N"":""59.3""},""hE"":{""N"":""99.9""},""wL"":{""N"":""79.11485""},""tR"":{""N"":""92.12""}}",b4d80488-e0a1-70d1-9d19-5ad55712624e
351077454554331,1785117600,data.qo,"{""tR"":{""N"":""92.12""},""tE"":{""N"":""73.4""},""wL"":{""N"":""79.08435""},""tL"":{""N"":""94.82""},""hR"":{""N"":""56.4""},""wR"":{""N"":""44.663322""},""hL"":{""N"":""58.5""},""hE"":{""N"":""99.9""}}",b4d80488-e0a1-70d1-9d19-5ad55712624e
351077454554331,1785121200,data.qo,"{""hE"":{""N"":""99.9""},""tR"":{""N"":""91.58""},""hL"":{""N"":""58.5""},""wR"":{""N"":""44.595573""},""hR"":{""N"":""56.6""},""tE"":{""N"":""71.96""},""tL"":{""N"":""94.82""},""wL"":{""N"":""79.060104""}}",b4d80488-e0a1-70d1-9d19-5ad55712624e
351077454554331,1785124800,data.qo,"{""hL"":{""N"":""58.5""},""tE"":{""N"":""71.24""},""wL"":{""N"":""79.06513""},""tR"":{""N"":""91.04""},""hE"":{""N"":""99.9""},""hR"":{""N"":""56.5""},""tL"":{""N"":""94.82""},""wR"":{""N"":""44.5379""}}",b4d80488-e0a1-70d1-9d19-5ad55712624e
351077454554331,1785128340,data.qo,"{""tE"":{""N"":""71.06""},""wR"":{""N"":""44.48488""},""tR"":{""N"":""90.68""},""hE"":{""N"":""99.9""},""hR"":{""N"":""56.3""},""tL"":{""N"":""94.82""},""wL"":{""N"":""79.08089""},""hL"":{""N"":""57.9""}}",b4d80488-e0a1-70d1-9d19-5ad55712624e
351077454554331,1785132000,data.qo,"{""wL"":{""N"":""79.09""},""hL"":{""N"":""57.5""},""tL"":{""N"":""94.46""},""hE"":{""N"":""99.9""},""wR"":{""N"":""44.47685""},""tE"":{""N"":""70.7""},""tR"":{""N"":""90.5""},""hR"":{""N"":""56.1""}}",b4d80488-e0a1-70d1-9d19-5ad55712624e
351077454554331,1785135600,data.qo,"{""hE"":{""N"":""99.9""},""tL"":{""N"":""94.1""},""tE"":{""N"":""70.7""},""hL"":{""N"":""57""},""wL"":{""N"":""79.06509""},""wR"":{""N"":""44.43404""},""tR"":{""N"":""90.5""},""hR"":{""N"":""56.1""}}",b4d80488-e0a1-70d1-9d19-5ad55712624e
351077454554331,1785139200,data.qo,"{""hL"":{""N"":""56.9""},""wL"":{""N"":""79.03705""},""tE"":{""N"":""69.98""},""wR"":{""N"":""44.418888""},""hR"":{""N"":""55.9""},""hE"":{""N"":""99.9""},""tR"":{""N"":""89.6""},""tL"":{""N"":""94.46""}}",b4d80488-e0a1-70d1-9d19-5ad55712624e
351077454554331,1785142800,data.qo,"{""hL"":{""N"":""56.3""},""tL"":{""N"":""94.64""},""hE"":{""N"":""99.9""},""hR"":{""N"":""55.6""},""tR"":{""N"":""90.32""},""wL"":{""N"":""79.03804""},""wR"":{""N"":""44.378647""},""tE"":{""N"":""69.98""}}",b4d80488-e0a1-70d1-9d19-5ad55712624e
351077454554331,1785146400,data.qo,"{""tR"":{""N"":""89.06""},""hE"":{""N"":""99.9""},""hL"":{""N"":""55.5""},""tL"":{""N"":""94.28""},""tE"":{""N"":""69.26""},""wL"":{""N"":""79.00241""},""hR"":{""N"":""55.4""},""wR"":{""N"":""44.317265""}}",b4d80488-e0a1-70d1-9d19-5ad55712624e
351077454554331,1785150000,data.qo,"{""tE"":{""N"":""69.8""},""wL"":{""N"":""78.99435""},""hL"":{""N"":""54.8""},""tL"":{""N"":""94.64""},""hE"":{""N"":""99.9""},""hR"":{""N"":""55.3""},""wR"":{""N"":""44.29142""},""tR"":{""N"":""89.42""}}",b4d80488-e0a1-70d1-9d19-5ad55712624e
351077454554331,1785153600,data.qo,"{""hE"":{""N"":""99.9""},""hR"":{""N"":""55.1""},""tR"":{""N"":""89.96""},""hL"":{""N"":""57.1""},""wL"":{""N"":""78.94819""},""tE"":{""N"":""70.34""},""tL"":{""N"":""95""},""wR"":{""N"":""44.214787""}}",b4d80488-e0a1-70d1-9d19-5ad55712624e
351077454554331,1785157200,data.qo,"{""wL"":{""N"":""78.8616""},""tE"":{""N"":""71.42""},""hE"":{""N"":""99.9""},""hR"":{""N"":""55""},""wR"":{""N"":""44.143616""},""tL"":{""N"":""95""},""hL"":{""N"":""57.1""},""tR"":{""N"":""89.6""}}",b4d80488-e0a1-70d1-9d19-5ad55712624e
351077454554331,1785160800,data.qo,"{""hL"":{""N"":""57.8""},""tE"":{""N"":""73.22""},""hR"":{""N"":""55.1""},""tR"":{""N"":""91.04""},""wR"":{""N"":""44.163143""},""hE"":{""N"":""99.9""},""wL"":{""N"":""78.80543""},""tL"":{""N"":""95""}}",b4d80488-e0a1-70d1-9d19-5ad55712624e
351077454554331,1785164400,data.qo,"{""hE"":{""N"":""99.9""},""tL"":{""N"":""95.18""},""wR"":{""N"":""44.261536""},""tR"":{""N"":""90.68""},""hL"":{""N"":""60.7""},""tE"":{""N"":""75.56""},""wL"":{""N"":""78.700676""},""hR"":{""N"":""55.4""}}",b4d80488-e0a1-70d1-9d19-5ad55712624e
351077454554331,1785168000,data.qo,"{""tE"":{""N"":""77""},""wR"":{""N"":""44.359737""},""hR"":{""N"":""55.3""},""tL"":{""N"":""95.18""},""hE"":{""N"":""99.9""},""tR"":{""N"":""89.6""},""wL"":{""N"":""78.75495""},""hL"":{""N"":""58.7""}}",b4d80488-e0a1-70d1-9d19-5ad55712624e
351077454554331,1785171600,data.qo,"{""tL"":{""N"":""95.18""},""tE"":{""N"":""81.14""},""hE"":{""N"":""99.9""},""hR"":{""N"":""55.1""},""wL"":{""N"":""78.78902""},""wR"":{""N"":""44.590015""},""tR"":{""N"":""89.96""},""hL"":{""N"":""59.8""}}",b4d80488-e0a1-70d1-9d19-5ad55712624e
351077454554331,1785175200,data.qo,"{""hR"":{""N"":""55.1""},""wR"":{""N"":""44.63705""},""hL"":{""N"":""59.8""},""tL"":{""N"":""95.18""},""tE"":{""N"":""81.14""},""wL"":{""N"":""78.78413""},""hE"":{""N"":""99.9""},""tR"":{""N"":""89.96""}}",b4d80488-e0a1-70d1-9d19-5ad55712624e
351077454554331,1785178800,data.qo,"{""tE"":{""N"":""82.58""},""tL"":{""N"":""95.18""},""hR"":{""N"":""55.2""},""wL"":{""N"":""78.72297""},""tR"":{""N"":""91.4""},""wR"":{""N"":""44.779007""},""hL"":{""N"":""58.3""},""hE"":{""N"":""99.9""}}",b4d80488-e0a1-70d1-9d19-5ad55712624e
351077454554331,1785182400,data.qo,"{""wR"":{""N"":""44.85032""},""hE"":{""N"":""99.9""},""wL"":{""N"":""78.68426""},""tR"":{""N"":""91.4""},""hL"":{""N"":""57.9""},""hR"":{""N"":""55.2""},""tL"":{""N"":""95.54""},""tE"":{""N"":""83.84""}}",b4d80488-e0a1-70d1-9d19-5ad55712624e
351077454554331,1785186000,data.qo,"{""hE"":{""N"":""99.9""},""wR"":{""N"":""44.761715""},""tL"":{""N"":""95.36""},""hL"":{""N"":""59.5""},""tE"":{""N"":""83.3""},""hR"":{""N"":""55.9""},""tR"":{""N"":""92.3""},""wL"":{""N"":""78.629555""}}",b4d80488-e0a1-70d1-9d19-5ad55712624e
351077454554331,1785189600,data.qo,"{""hR"":{""N"":""55.9""},""wL"":{""N"":""78.72392""},""wR"":{""N"":""44.7181""},""hL"":{""N"":""57.2""},""tR"":{""N"":""92.48""},""hE"":{""N"":""99.9""},""tE"":{""N"":""81.14""},""tL"":{""N"":""95.18""}}",b4d80488-e0a1-70d1-9d19-5ad55712624e
351077454554331,1785193200,data.qo,"{""hL"":{""N"":""59.4""},""wL"":{""N"":""78.70532""},""tL"":{""N"":""95""},""tE"":{""N"":""79.52""},""tR"":{""N"":""92.84""},""hE"":{""N"":""99.9""},""wR"":{""N"":""44.59505""},""hR"":{""N"":""56.2""}}",b4d80488-e0a1-70d1-9d19-5ad55712624e
351077454554331,1785196800,data.qo,"{""hL"":{""N"":""59.8""},""tE"":{""N"":""77.36""},""hE"":{""N"":""99.9""},""tL"":{""N"":""94.46""},""tR"":{""N"":""92.48""},""wL"":{""N"":""78.67136""},""hR"":{""N"":""56.5""},""wR"":{""N"":""44.52379""}}",b4d80488-e0a1-70d1-9d19-5ad55712624e
351077454554331,1785200400,data.qo,"{""hE"":{""N"":""99.9""},""hR"":{""N"":""56.5""},""tL"":{""N"":""95""},""tE"":{""N"":""75.56""},""wR"":{""N"":""44.441547""},""tR"":{""N"":""92.3""},""hL"":{""N"":""56.3""},""wL"":{""N"":""78.652756""}}",b4d80488-e0a1-70d1-9d19-5ad55712624e
351077454554331,1785204000,data.qo,"{""hL"":{""N"":""57.2""},""wR"":{""N"":""44.33299""},""tL"":{""N"":""95""},""wL"":{""N"":""78.62979""},""hR"":{""N"":""56.6""},""tE"":{""N"":""73.76""},""tR"":{""N"":""91.76""},""hE"":{""N"":""99.9""}}",b4d80488-e0a1-70d1-9d19-5ad55712624e
351077454554331,1785207600,data.qo,"{""tR"":{""N"":""91.4""},""wR"":{""N"":""44.25745""},""hR"":{""N"":""56.7""},""hL"":{""N"":""58.5""},""tE"":{""N"":""72.5""},""hE"":{""N"":""99.9""},""wL"":{""N"":""78.58045""},""tL"":{""N"":""94.82""}}",b4d80488-e0a1-70d1-9d19-5ad55712624e
351077454554331,1785211200,data.qo,"{""tE"":{""N"":""71.06""},""wL"":{""N"":""78.57566""},""wR"":{""N"":""44.218822""},""hR"":{""N"":""56.6""},""hE"":{""N"":""99.9""},""hL"":{""N"":""58.2""},""tL"":{""N"":""94.82""},""tR"":{""N"":""90.68""}}",b4d80488-e0a1-70d1-9d19-5ad55712624e
351077454554331,1785214800,data.qo,"{""tL"":{""N"":""94.46""},""tE"":{""N"":""69.98""},""hR"":{""N"":""56.4""},""wR"":{""N"":""44.16376""},""wL"":{""N"":""78.52547""},""tR"":{""N"":""90.68""},""hE"":{""N"":""99.9""},""hL"":{""N"":""57""}}",b4d80488-e0a1-70d1-9d19-5ad55712624e
351077454554331,1785218400,data.qo,"{""wR"":{""N"":""44.10138""},""hR"":{""N"":""56.3""},""hL"":{""N"":""55.6""},""tR"":{""N"":""89.6""},""hE"":{""N"":""99.9""},""tE"":{""N"":""69.44""},""wL"":{""N"":""78.509""},""tL"":{""N"":""94.64""}}",b4d80488-e0a1-70d1-9d19-5ad55712624e
351077454554331,1785222000,data.qo,"{""tL"":{""N"":""94.64""},""hL"":{""N"":""55.3""},""wL"":{""N"":""78.49738""},""tR"":{""N"":""89.24""},""hE"":{""N"":""99.9""},""tE"":{""N"":""68.9""},""hR"":{""N"":""56.1""},""wR"":{""N"":""44.052353""}}",b4d80488-e0a1-70d1-9d19-5ad55712624e
351077454554331,1785225600,data.qo,"{""hR"":{""N"":""55.9""},""tL"":{""N"":""94.64""},""wL"":{""N"":""78.46488""},""tE"":{""N"":""69.26""},""tR"":{""N"":""88.7""},""hL"":{""N"":""55.3""},""wR"":{""N"":""44.010494""},""hE"":{""N"":""99.9""}}",b4d80488-e0a1-70d1-9d19-5ad55712624e
351077454554331,1785229200,data.qo,"{""tE"":{""N"":""69.44""},""hE"":{""N"":""99.9""},""tR"":{""N"":""88.34""},""hL"":{""N"":""55.2""},""tL"":{""N"":""94.64""},""wR"":{""N"":""43.98099""},""wL"":{""N"":""78.46659""},""hR"":{""N"":""55.9""}}",b4d80488-e0a1-70d1-9d19-5ad55712624e
351077454554331,1785232800,data.qo,"{""tR"":{""N"":""88.34""},""wL"":{""N"":""78.45293""},""tE"":{""N"":""69.8""},""wR"":{""N"":""43.95149""},""hE"":{""N"":""99.9""},""hL"":{""N"":""55.4""},""hR"":{""N"":""55.9""},""tL"":{""N"":""94.46""}}",b4d80488-e0a1-70d1-9d19-5ad55712624e
351077454554331,1785236400,data.qo,"{""wR"":{""N"":""43.90816""},""hE"":{""N"":""99.9""},""hR"":{""N"":""55.7""},""tE"":{""N"":""69.62""},""tL"":{""N"":""94.46""},""wL"":{""N"":""78.39974""},""tR"":{""N"":""87.8""},""hL"":{""N"":""54.7""}}",b4d80488-e0a1-70d1-9d19-5ad55712624e
351077454554331,1785240000,data.qo,"{""hE"":{""N"":""99.9""},""tE"":{""N"":""69.62""},""hR"":{""N"":""55.6""},""tR"":{""N"":""87.98""},""hL"":{""N"":""55.5""},""wL"":{""N"":""78.36734""},""wR"":{""N"":""43.848206""},""tL"":{""N"":""95""}}",b4d80488-e0a1-70d1-9d19-5ad55712624e
351077454554331,1785243600,data.qo,"{""tR"":{""N"":""88.16""},""wR"":{""N"":""43.820457""},""hE"":{""N"":""99.9""},""hR"":{""N"":""55.5""},""tE"":{""N"":""70.7""},""tL"":{""N"":""94.82""},""wL"":{""N"":""78.342766""},""hL"":{""N"":""57.1""}}",b4d80488-e0a1-70d1-9d19-5ad55712624e
351077454554331,1785247200,data.qo,"{""wL"":{""N"":""78.2994""},""wR"":{""N"":""43.765823""},""hE"":{""N"":""99.9""},""tE"":{""N"":""71.96""},""hL"":{""N"":""57.5""},""tR"":{""N"":""87.44""},""hR"":{""N"":""55.6""},""tL"":{""N"":""94.82""}}",b4d80488-e0a1-70d1-9d19-5ad55712624e
351077454554331,1785250800,data.qo,"{""hE"":{""N"":""99.9""},""hL"":{""N"":""59.6""},""wL"":{""N"":""78.29822""},""tE"":{""N"":""71.96""},""wR"":{""N"":""43.72297""},""tR"":{""N"":""88.52""},""hR"":{""N"":""55.6""},""tL"":{""N"":""94.82""}}",b4d80488-e0a1-70d1-9d19-5ad55712624e
351077454554331,1785254400,data.qo,"{""tE"":{""N"":""71.96""},""wL"":{""N"":""78.251434""},""hE"":{""N"":""99.9""},""tL"":{""N"":""94.64""},""tR"":{""N"":""88.16""},""hL"":{""N"":""58.7""},""hR"":{""N"":""56.1""},""wR"":{""N"":""43.90645""}}",b4d80488-e0a1-70d1-9d19-5ad55712624e
351077454554331,1785258000,data.qo,"{""hE"":{""N"":""99.9""},""hL"":{""N"":""61.2""},""tR"":{""N"":""89.6""},""wR"":{""N"":""44.119434""},""hR"":{""N"":""56.1""},""wL"":{""N"":""78.16751""},""tE"":{""N"":""84.2""},""tL"":{""N"":""95.18""}}",b4d80488-e0a1-70d1-9d19-5ad55712624e
351077454554331,1785261600,data.qo,"{""hL"":{""N"":""60.9""},""hE"":{""N"":""99.9""},""tR"":{""N"":""90.5""},""tE"":{""N"":""85.64""},""tL"":{""N"":""95.18""},""hR"":{""N"":""56""},""wL"":{""N"":""78.4052""},""wR"":{""N"":""44.275837""}}",b4d80488-e0a1-70d1-9d19-5ad55712624e
351077454554331,1785265200,data.qo,"{""hR"":{""N"":""56.2""},""hE"":{""N"":""99.9""},""tE"":{""N"":""79.34""},""tL"":{""N"":""94.46""},""wR"":{""N"":""44.136917""},""tR"":{""N"":""91.4""},""hL"":{""N"":""55.8""},""wL"":{""N"":""78.36748""}}",b4d80488-e0a1-70d1-9d19-5ad55712624e
351077454554331,1785268800,data.qo,"{""tE"":{""N"":""82.4""},""tL"":{""N"":""95""},""hL"":{""N"":""63.1""},""wR"":{""N"":""44.141525""},""hR"":{""N"":""56.2""},""wL"":{""N"":""78.33845""},""tR"":{""N"":""91.4""},""hE"":{""N"":""99.9""}}",b4d80488-e0a1-70d1-9d19-5ad55712624e
351077454554331,1785272400,data.qo,"{""hE"":{""N"":""99.9""},""tL"":{""N"":""95""},""wL"":{""N"":""78.585434""},""tR"":{""N"":""92.12""},""wR"":{""N"":""44.155304""},""hL"":{""N"":""59.2""},""hR"":{""N"":""57""},""tE"":{""N"":""80.78""}}",b4d80488-e0a1-70d1-9d19-5ad55712624e
351077454554331,1785276000,data.qo,"{""hR"":{""N"":""57""},""hL"":{""N"":""59.1""},""hE"":{""N"":""99.9""},""tR"":{""N"":""91.94""},""tL"":{""N"":""94.64""},""wL"":{""N"":""78.638""},""tE"":{""N"":""72.14""},""wR"":{""N"":""44.098484""}}",b4d80488-e0a1-70d1-9d19-5ad55712624e
351077454554331,1785279600,data.qo,"{""tL"":{""N"":""94.1""},""tR"":{""N"":""91.4""},""hR"":{""N"":""56.6""},""hL"":{""N"":""54.8""},""tE"":{""N"":""71.78""},""wR"":{""N"":""44.060047""},""hE"":{""N"":""99.9""},""wL"":{""N"":""78.66092""}}",b4d80488-e0a1-70d1-9d19-5ad55712624e
351077454554331,1785283200,data.qo,"{""tR"":{""N"":""91.22""},""wR"":{""N"":""44.071594""},""tL"":{""N"":""93.92""},""hR"":{""N"":""56.9""},""tE"":{""N"":""72.14""},""hE"":{""N"":""99.9""},""hL"":{""N"":""58.2""},""wL"":{""N"":""78.66803""}}",b4d80488-e0a1-70d1-9d19-5ad55712624e
351077454554331,1785286800,data.qo,"{""hE"":{""N"":""99.9""},""tR"":{""N"":""91.04""},""wL"":{""N"":""78.65712""},""hR"":{""N"":""56.7""},""tE"":{""N"":""71.06""},""tL"":{""N"":""94.1""},""hL"":{""N"":""57""},""wR"":{""N"":""44.08157""}}",b4d80488-e0a1-70d1-9d19-5ad55712624e
351077454554331,1785290400,data.qo,"{""hL"":{""N"":""54.2""},""tL"":{""N"":""93.92""},""tR"":{""N"":""89.96""},""hE"":{""N"":""99.9""},""hR"":{""N"":""57""},""wL"":{""N"":""78.611244""},""tE"":{""N"":""70.16""},""wR"":{""N"":""44.05791""}}",b4d80488-e0a1-70d1-9d19-5ad55712624e
351077454554331,1785294000,data.qo,"{""tR"":{""N"":""89.6""},""wL"":{""N"":""78.56219""},""tE"":{""N"":""69.26""},""wR"":{""N"":""44.029594""},""hE"":{""N"":""99.9""},""hL"":{""N"":""55.6""},""hR"":{""N"":""57.4""},""tL"":{""N"":""94.28""}}",b4d80488-e0a1-70d1-9d19-5ad55712624e
351077454554331,1785297600,data.qo,"{""wR"":{""N"":""44.008976""},""hE"":{""N"":""99.9""},""tE"":{""N"":""69.08""},""hR"":{""N"":""57.5""},""hL"":{""N"":""55""},""tL"":{""N"":""94.1""},""tR"":{""N"":""89.06""},""wL"":{""N"":""78.58809""}}",b4d80488-e0a1-70d1-9d19-5ad55712624e
351077454554331,1785301200,data.qo,"{""hR"":{""N"":""57.6""},""hL"":{""N"":""55""},""tL"":{""N"":""94.1""},""wL"":{""N"":""78.54018""},""tR"":{""N"":""88.52""},""tE"":{""N"":""69.08""},""wR"":{""N"":""43.960705""},""hE"":{""N"":""99.9""}}",b4d80488-e0a1-70d1-9d19-5ad55712624e
351077454554331,1785304800,data.qo,"{""hE"":{""N"":""99.9""},""tE"":{""N"":""69.26""},""tR"":{""N"":""88.7""},""wR"":{""N"":""43.940277""},""hR"":{""N"":""57.8""},""tL"":{""N"":""94.1""},""hL"":{""N"":""55.8""},""wL"":{""N"":""78.524704""}}",b4d80488-e0a1-70d1-9d19-5ad55712624e
351077454554331,1785308400,data.qo,"{""hE"":{""N"":""99.9""},""hL"":{""N"":""55.9""},""hR"":{""N"":""58""},""tE"":{""N"":""69.62""},""tR"":{""N"":""88.52""},""tL"":{""N"":""94.28""},""wL"":{""N"":""78.54653""},""wR"":{""N"":""43.919422""}}",b4d80488-e0a1-70d1-9d19-5ad55712624e
351077454554331,1785312000,data.qo,"{""hL"":{""N"":""55.8""},""tL"":{""N"":""94.28""},""hE"":{""N"":""99.9""},""wL"":{""N"":""78.52361""},""hR"":{""N"":""57.5""},""tR"":{""N"":""88.7""},""tE"":{""N"":""69.62""},""wR"":{""N"":""43.90778""}}",b4d80488-e0a1-70d1-9d19-5ad55712624e
351077454554331,1785315600,data.qo,"{""tL"":{""N"":""94.28""},""hR"":{""N"":""57.3""},""tE"":{""N"":""69.08""},""tR"":{""N"":""88.52""},""wR"":{""N"":""43.93196""},""hL"":{""N"":""55.3""},""wL"":{""N"":""78.518776""},""hE"":{""N"":""99.9""}}",b4d80488-e0a1-70d1-9d19-5ad55712624e
351077454554331,1785319200,data.qo,"{""hL"":{""N"":""53.9""},""hE"":{""N"":""99.9""},""hR"":{""N"":""57.5""},""tR"":{""N"":""87.98""},""wL"":{""N"":""78.475655""},""tL"":{""N"":""94.46""},""wR"":{""N"":""43.91999""},""tE"":{""N"":""68.54""}}",b4d80488-e0a1-70d1-9d19-5ad55712624e
351077454554331,1785322800,data.qo,"{""hR"":{""N"":""57.9""},""tR"":{""N"":""87.62""},""wR"":{""N"":""43.89329""},""tL"":{""N"":""94.28""},""hE"":{""N"":""99.9""},""wL"":{""N"":""78.45933""},""tE"":{""N"":""67.64""},""hL"":{""N"":""55.1""}}",b4d80488-e0a1-70d1-9d19-5ad55712624e
351077454554331,1785326400,data.qo,"{""tE"":{""N"":""67.46""},""wR"":{""N"":""43.85818""},""wL"":{""N"":""78.42541""},""tR"":{""N"":""86.54""},""hR"":{""N"":""57.6""},""hL"":{""N"":""55.6""},""tL"":{""N"":""94.64""},""hE"":{""N"":""99.9""}}",b4d80488-e0a1-70d1-9d19-5ad55712624e
351077454554331,1785330000,data.qo,"{""tE"":{""N"":""68.18""},""hE"":{""N"":""99.9""},""tL"":{""N"":""94.46""},""wL"":{""N"":""78.359276""},""hL"":{""N"":""56.6""},""tR"":{""N"":""86""},""hR"":{""N"":""57.4""},""wR"":{""N"":""43.770336""}}",b4d80488-e0a1-70d1-9d19-5ad55712624e
351077454554331,1785333600,data.qo,"{""tE"":{""N"":""69.8""},""tR"":{""N"":""86""},""hR"":{""N"":""57.3""},""hE"":{""N"":""99.9""},""tL"":{""N"":""94.28""},""hL"":{""N"":""55""},""wR"":{""N"":""43.69299""},""wL"":{""N"":""78.34613""}}",b4d80488-e0a1-70d1-9d19-5ad55712624e
351077454554331,1785337200,data.qo,"{""hE"":{""N"":""99.9""},""hR"":{""N"":""57.1""},""wR"":{""N"":""43.75271""},""wL"":{""N"":""78.28261""},""tE"":{""N"":""71.42""},""tR"":{""N"":""86.18""},""tL"":{""N"":""94.46""},""hL"":{""N"":""60""}}",b4d80488-e0a1-70d1-9d19-5ad55712624e
351077454554331,1785340800,data.qo,"{""hR"":{""N"":""56.9""},""hE"":{""N"":""99.9""},""hL"":{""N"":""58.7""},""wL"":{""N"":""78.25851""},""tL"":{""N"":""94.46""},""tE"":{""N"":""73.58""},""wR"":{""N"":""43.879227""},""tR"":{""N"":""86.18""}}",b4d80488-e0a1-70d1-9d19-5ad55712624e
351077454554331,1785344400,data.qo,"{""wL"":{""N"":""78.27297""},""hL"":{""N"":""59.7""},""tR"":{""N"":""86.72""},""tE"":{""N"":""77""},""wR"":{""N"":""44.067078""},""tL"":{""N"":""94.82""},""hE"":{""N"":""99.9""},""hR"":{""N"":""56.8""}}",b4d80488-e0a1-70d1-9d19-5ad55712624e
351077454554331,1785348000,data.qo,"{""tE"":{""N"":""77""},""wL"":{""N"":""78.27853""},""hL"":{""N"":""59.4""},""hR"":{""N"":""57.1""},""tR"":{""N"":""88.7""},""tL"":{""N"":""95""},""wR"":{""N"":""44.122665""},""hE"":{""N"":""99.9""}}",b4d80488-e0a1-70d1-9d19-5ad55712624e
351077454554331,1785351600,data.qo,"{""tR"":{""N"":""88.52""},""wR"":{""N"":""44.330425""},""hR"":{""N"":""56.5""},""hE"":{""N"":""99.9""},""wL"":{""N"":""78.278""},""tE"":{""N"":""78.8""},""hL"":{""N"":""59.7""},""tL"":{""N"":""95""}}",b4d80488-e0a1-70d1-9d19-5ad55712624e
351077454554331,1785355200,data.qo,"{""hE"":{""N"":""99.9""},""hR"":{""N"":""56""},""hL"":{""N"":""56.5""},""wR"":{""N"":""44.46516""},""tE"":{""N"":""78.62""},""tL"":{""N"":""94.64""},""wL"":{""N"":""78.20898""},""tR"":{""N"":""88.88""}}",b4d80488-e0a1-70d1-9d19-5ad55712624e
351077454554331,1785358800,data.qo,"{""hL"":{""N"":""56.8""},""hR"":{""N"":""55.6""},""tR"":{""N"":""88.88""},""wR"":{""N"":""44.407722""},""hE"":{""N"":""99.9""},""tE"":{""N"":""77.72""},""wL"":{""N"":""78.09155""},""tL"":{""N"":""94.46""}}",b4d80488-e0a1-70d1-9d19-5ad55712624e
351077454554331,1785362400,data.qo,"{""tL"":{""N"":""94.46""},""hR"":{""N"":""55.7""},""wL"":{""N"":""78.09606""},""hE"":{""N"":""99.9""},""tE"":{""N"":""77.72""},""wR"":{""N"":""44.270798""},""tR"":{""N"":""89.42""},""hL"":{""N"":""56.8""}}",b4d80488-e0a1-70d1-9d19-5ad55712624e
351077454554331,1785366000,data.qo,"{""tE"":{""N"":""72.86""},""tL"":{""N"":""100.22""},""tR"":{""N"":""89.24""},""hL"":{""N"":""52.6""},""wR"":{""N"":""44.180103""},""wL"":{""N"":""78.042305""},""hR"":{""N"":""55.7""},""hE"":{""N"":""99.9""}}",b4d80488-e0a1-70d1-9d19-5ad55712624e
351077454554331,1785369600,data.qo,"{""hE"":{""N"":""99.9""},""tL"":{""N"":""94.28""},""tE"":{""N"":""72.5""},""hL"":{""N"":""56.2""},""tR"":{""N"":""89.06""},""hR"":{""N"":""55.7""},""wL"":{""N"":""78.02855""},""wR"":{""N"":""44.090027""}}",b4d80488-e0a1-70d1-9d19-5ad55712624e
351077454554331,1785373200,data.qo,"{""wR"":{""N"":""43.97648""},""tE"":{""N"":""70.16""},""tR"":{""N"":""88.16""},""wL"":{""N"":""77.98689""},""tL"":{""N"":""94.46""},""hE"":{""N"":""99.9""},""hL"":{""N"":""55""},""hR"":{""N"":""55.4""}}",b4d80488-e0a1-70d1-9d19-5ad55712624e
351077454554331,1785376800,data.qo,"{""hE"":{""N"":""99.9""},""wL"":{""N"":""77.905716""},""wR"":{""N"":""43.888493""},""hL"":{""N"":""53.9""},""tL"":{""N"":""98.42""},""tE"":{""N"":""69.8""},""tR"":{""N"":""87.8""},""hR"":{""N"":""55.5""}}",b4d80488-e0a1-70d1-9d19-5ad55712624e
351077454554331,1785380400,data.qo,"{""hL"":{""N"":""61.8""},""tE"":{""N"":""67.46""},""tL"":{""N"":""94.28""},""wR"":{""N"":""43.802025""},""hE"":{""N"":""99.9""},""tR"":{""N"":""87.26""},""hR"":{""N"":""55.3""},""wL"":{""N"":""77.87516""}}",b4d80488-e0a1-70d1-9d19-5ad55712624e
351077454554331,1785384000,data.qo,"{""tE"":{""N"":""67.46""},""tR"":{""N"":""87.26""},""wR"":{""N"":""43.73575""},""hR"":{""N"":""55.3""},""hE"":{""N"":""99.9""},""wL"":{""N"":""77.899506""},""hL"":{""N"":""52.1""},""tL"":{""N"":""94.46""}}",b4d80488-e0a1-70d1-9d19-5ad55712624e
351077454554331,1785387600,data.qo,"{""hL"":{""N"":""52.5""},""tE"":{""N"":""64.58""},""tL"":{""N"":""94.28""},""hE"":{""N"":""99.9""},""hR"":{""N"":""55.6""},""wL"":{""N"":""77.88427""},""wR"":{""N"":""43.69142""},""tR"":{""N"":""85.28""}}",b4d80488-e0a1-70d1-9d19-5ad55712624e
351077454554331,1785391200,data.qo,"{""tE"":{""N"":""63.68""},""tR"":{""N"":""84.74""},""wL"":{""N"":""77.84395""},""tL"":{""N"":""94.28""},""hR"":{""N"":""55.2""},""hE"":{""N"":""99.9""},""hL"":{""N"":""52""},""wR"":{""N"":""43.640827""}}",b4d80488-e0a1-70d1-9d19-5ad55712624e
351077454554331,1785394800,data.qo,"{""tE"":{""N"":""62.6""},""tL"":{""N"":""93.56""},""hL"":{""N"":""47.7""},""hE"":{""N"":""99.9""},""wR"":{""N"":""43.62163""},""hR"":{""N"":""55.2""},""tR"":{""N"":""82.76""},""wL"":{""N"":""77.86606""}}",b4d80488-e0a1-70d1-9d19-5ad55712624e
351077454554331,1785398400,data.qo,"{""tE"":{""N"":""61.88""},""hR"":{""N"":""54.9""},""wR"":{""N"":""43.552364""},""tL"":{""N"":""93.74""},""tR"":{""N"":""81.14""},""wL"":{""N"":""77.86724""},""hL"":{""N"":""51.8""},""hE"":{""N"":""99.9""}}",b4d80488-e0a1-70d1-9d19-5ad55712624e
351077454554331,1785402000,data.qo,"{""hE"":{""N"":""99.9""},""tE"":{""N"":""60.98""},""wR"":{""N"":""43.515545""},""hR"":{""N"":""55""},""hL"":{""N"":""51.9""},""tL"":{""N"":""94.1""},""tR"":{""N"":""79.7""},""wL"":{""N"":""77.87744""}}",b4d80488-e0a1-70d1-9d19-5ad55712624e
351077454554331,1785405600,data.qo,"{""wL"":{""N"":""77.807175""},""tL"":{""N"":""94.1""},""hR"":{""N"":""55""},""hE"":{""N"":""99.9""},""hL"":{""N"":""51.5""},""tE"":{""N"":""60.8""},""wR"":{""N"":""43.46775""},""tR"":{""N"":""79.7""}}",b4d80488-e0a1-70d1-9d19-5ad55712624e
351077454554331,1785409200,data.qo,"{""tL"":{""N"":""93.56""},""hE"":{""N"":""99.9""},""tR"":{""N"":""78.44""},""hR"":{""N"":""54.7""},""hL"":{""N"":""45.6""},""wL"":{""N"":""77.86382""},""wR"":{""N"":""43.427937""},""tE"":{""N"":""60.08""}}",b4d80488-e0a1-70d1-9d19-5ad55712624e
351077454554331,1785412800,data.qo,"{""tE"":{""N"":""60.08""},""tR"":{""N"":""77.54""},""wL"":{""N"":""77.80589""},""hE"":{""N"":""99.9""},""wR"":{""N"":""43.366554""},""hL"":{""N"":""46""},""hR"":{""N"":""54.9""},""tL"":{""N"":""93.56""}}",b4d80488-e0a1-70d1-9d19-5ad55712624e
351077454554331,1785416400,data.qo,"{""wR"":{""N"":""43.284744""},""tR"":{""N"":""78.08""},""hL"":{""N"":""44.9""},""wL"":{""N"":""77.68326""},""tL"":{""N"":""93.92""},""tE"":{""N"":""60.98""},""hR"":{""N"":""55""},""hE"":{""N"":""99.9""}}",b4d80488-e0a1-70d1-9d19-5ad55712624e
351077454554331,1785420000,data.qo,"{""hE"":{""N"":""99.9""},""tL"":{""N"":""94.1""},""wL"":{""N"":""77.68335""},""tR"":{""N"":""79.52""},""hL"":{""N"":""55.3""},""hR"":{""N"":""54.7""},""wR"":{""N"":""43.314438""},""tE"":{""N"":""60.98""}}",b4d80488-e0a1-70d1-9d19-5ad55712624e
351077454554331,1785423600,data.qo,"{""wR"":{""N"":""43.39753""},""hR"":{""N"":""54.7""},""tL"":{""N"":""94.28""},""hE"":{""N"":""99.9""},""hL"":{""N"":""56.3""},""wL"":{""N"":""77.712814""},""tR"":{""N"":""81.14""},""tE"":{""N"":""66.92""}}",b4d80488-e0a1-70d1-9d19-5ad55712624e
351077454554331,1785427200,data.qo,"{""hE"":{""N"":""99.9""},""hR"":{""N"":""54.3""},""wR"":{""N"":""43.540817""},""hL"":{""N"":""56.6""},""tR"":{""N"":""81.5""},""tE"":{""N"":""68.54""},""tL"":{""N"":""94.1""},""wL"":{""N"":""77.81254""}}",b4d80488-e0a1-70d1-9d19-5ad55712624e
351077454554331,1785430800,data.qo,"{""tL"":{""N"":""94.46""},""hE"":{""N"":""99.9""},""hL"":{""N"":""56.8""},""wR"":{""N"":""43.848915""},""tR"":{""N"":""82.4""},""wL"":{""N"":""77.73018""},""tE"":{""N"":""74.48""},""hR"":{""N"":""54""}}",b4d80488-e0a1-70d1-9d19-5ad55712624e
351077454554331,1785434400,data.qo,"{""tL"":{""N"":""94.46""},""hR"":{""N"":""53.8""},""tE"":{""N"":""75.02""},""wL"":{""N"":""77.7288""},""wR"":{""N"":""43.929256""},""hL"":{""N"":""54.5""},""tR"":{""N"":""83.3""},""hE"":{""N"":""99.9""}}",b4d80488-e0a1-70d1-9d19-5ad55712624e
351077454554331,1785438000,data.qo,"{""tL"":{""N"":""94.64""},""wL"":{""N"":""77.75191""},""tR"":{""N"":""84.56""},""hL"":{""N"":""55.5""},""hR"":{""N"":""53.3""},""hE"":{""N"":""99.9""},""wR"":{""N"":""44.097248""},""tE"":{""N"":""76.28""}}",b4d80488-e0a1-70d1-9d19-5ad55712624e
351077454554331,1785441600,data.qo,"{""tR"":{""N"":""85.1""},""hR"":{""N"":""52.9""},""tL"":{""N"":""94.64""},""hE"":{""N"":""99.9""},""wR"":{""N"":""44.223003""},""hL"":{""N"":""51.7""},""wL"":{""N"":""77.653175""},""tE"":{""N"":""76.28""}}",b4d80488-e0a1-70d1-9d19-5ad55712624e
351077454554331,1785445200,data.qo,"{""hR"":{""N"":""52.5""},""wL"":{""N"":""77.56987""},""tL"":{""N"":""94.28""},""wR"":{""N"":""44.21645""},""hE"":{""N"":""99.9""},""tR"":{""N"":""86""},""hL"":{""N"":""54.6""},""tE"":{""N"":""76.46""}}",b4d80488-e0a1-70d1-9d19-5ad55712624e
351077454554331,1785448800,data.qo,"{""tE"":{""N"":""73.58""},""hE"":{""N"":""99.9""},""hR"":{""N"":""52.2""},""tL"":{""N"":""94.1""},""tR"":{""N"":""86.54""},""hL"":{""N"":""55.3""},""wL"":{""N"":""77.66219""},""wR"":{""N"":""44.191128""}}",b4d80488-e0a1-70d1-9d19-5ad55712624e
351077454554331,1785452400,data.qo,"{""tR"":{""N"":""86.9""},""hL"":{""N"":""54.6""},""tE"":{""N"":""71.78""},""tL"":{""N"":""93.92""},""wL"":{""N"":""77.66902""},""wR"":{""N"":""44.090168""},""hR"":{""N"":""52.2""},""hE"":{""N"":""99.9""}}",b4d80488-e0a1-70d1-9d19-5ad55712624e
351077454554331,1785456000,data.qo,"{""tR"":{""N"":""87.26""},""wL"":{""N"":""77.62329""},""hR"":{""N"":""52.2""},""wR"":{""N"":""43.995102""},""hL"":{""N"":""54.6""},""tE"":{""N"":""70.34""},""hE"":{""N"":""99.9""},""tL"":{""N"":""94.28""}}",b4d80488-e0a1-70d1-9d19-5ad55712624e
351077454554331,1785459600,data.qo,"{""wL"":{""N"":""77.55084""},""hE"":{""N"":""99.9""},""tR"":{""N"":""86.54""},""wR"":{""N"":""43.85894""},""tL"":{""N"":""93.92""},""tE"":{""N"":""68.54""},""hR"":{""N"":""52.1""},""hL"":{""N"":""54.4""}}",b4d80488-e0a1-70d1-9d19-5ad55712624e
351077454554331,1785463200,data.qo,"{""hR"":{""N"":""51.8""},""tR"":{""N"":""86""},""hE"":{""N"":""99.9""},""wL"":{""N"":""77.46829""},""hL"":{""N"":""53""},""wR"":{""N"":""43.730713""},""tE"":{""N"":""66.38""},""tL"":{""N"":""93.92""}}",b4d80488-e0a1-70d1-9d19-5ad55712624e
351077454554331,1785466800,data.qo,"{""tE"":{""N"":""64.4""},""tR"":{""N"":""84.92""},""hL"":{""N"":""53.2""},""hE"":{""N"":""99.9""},""wR"":{""N"":""43.64002""},""tL"":{""N"":""94.1""},""wL"":{""N"":""77.43432""},""hR"":{""N"":""52.2""}}",b4d80488-e0a1-70d1-9d19-5ad55712624e
351077454554331,1785470400,data.qo,"{""tR"":{""N"":""84.56""},""wL"":{""N"":""77.44049""},""hL"":{""N"":""47.4""},""hR"":{""N"":""52.2""},""tL"":{""N"":""93.92""},""tE"":{""N"":""63.14""},""hE"":{""N"":""99.9""},""wR"":{""N"":""43.54438""}}",b4d80488-e0a1-70d1-9d19-5ad55712624e
351077454554331,1785474000,data.qo,"{""hR"":{""N"":""52.1""},""tL"":{""N"":""93.56""},""hL"":{""N"":""50.7""},""tR"":{""N"":""83.3""},""wL"":{""N"":""77.423836""},""wR"":{""N"":""43.50039""},""tE"":{""N"":""62.06""},""hE"":{""N"":""99.9""}}",b4d80488-e0a1-70d1-9d19-5ad55712624e
351077454554331,1785477600,data.qo,"{""hL"":{""N"":""51.3""},""tL"":{""N"":""93.92""},""tR"":{""N"":""81.68""},""hE"":{""N"":""99.9""},""hR"":{""N"":""51.8""},""tE"":{""N"":""61.16""},""wR"":{""N"":""43.462524""},""wL"":{""N"":""77.43964""}}",b4d80488-e0a1-70d1-9d19-5ad55712624e
351077454554331,1785481200,data.qo,"{""hE"":{""N"":""99.9""},""wR"":{""N"":""43.42993""},""tR"":{""N"":""78.98""},""hR"":{""N"":""52.1""},""tL"":{""N"":""93.92""},""hL"":{""N"":""49.5""},""wL"":{""N"":""77.456955""},""tE"":{""N"":""60.44""}}",b4d80488-e0a1-70d1-9d19-5ad55712624e
351077454554331,1785484800,data.qo,"{""wR"":{""N"":""43.384987""},""tE"":{""N"":""60.44""},""hE"":{""N"":""99.9""},""hR"":{""N"":""52.4""},""tL"":{""N"":""93.56""},""wL"":{""N"":""77.4514""},""tR"":{""N"":""77.9""},""hL"":{""N"":""46.3""}}",b4d80488-e0a1-70d1-9d19-5ad55712624e
351077454554331,1785488400,data.qo,"{""hR"":{""N"":""52.1""},""tL"":{""N"":""93.74""},""tE"":{""N"":""58.64""},""tR"":{""N"":""76.64""},""hE"":{""N"":""99.9""},""wL"":{""N"":""77.42616""},""wR"":{""N"":""43.334866""},""hL"":{""N"":""50.3""}}",b4d80488-e0a1-70d1-9d19-5ad55712624e
351077454554331,1785492000,data.qo,"{""tR"":{""N"":""76.28""},""hE"":{""N"":""99.9""},""hL"":{""N"":""47.8""},""tE"":{""N"":""57.74""},""tL"":{""N"":""93.74""},""wR"":{""N"":""43.290493""},""hR"":{""N"":""52""},""wL"":{""N"":""77.384605""}}",b4d80488-e0a1-70d1-9d19-5ad55712624e
351077454554331,1785495600,data.qo,"{""wL"":{""N"":""77.39556""},""tR"":{""N"":""74.66""},""hE"":{""N"":""99.9""},""hR"":{""N"":""51.8""},""hL"":{""N"":""50.3""},""tE"":{""N"":""57.2""},""tL"":{""N"":""93.56""},""wR"":{""N"":""43.263268""}}",b4d80488-e0a1-70d1-9d19-5ad55712624e
351077454554331,1785499200,data.qo,"{""hE"":{""N"":""99.9""},""hR"":{""N"":""52""},""tR"":{""N"":""75.74""},""tE"":{""N"":""57.02""},""wR"":{""N"":""43.202408""},""hL"":{""N"":""39.2""},""wL"":{""N"":""77.374214""},""tL"":{""N"":""93.02""}}",b4d80488-e0a1-70d1-9d19-5ad55712624e
351077454554331,1785502800,data.qo,"{""tE"":{""N"":""56.66""},""hR"":{""N"":""51.9""},""hE"":{""N"":""99.9""},""wL"":{""N"":""77.29308""},""wR"":{""N"":""43.12383""},""tL"":{""N"":""91.4""},""hL"":{""N"":""45""},""tR"":{""N"":""75.92""}}",b4d80488-e0a1-70d1-9d19-5ad55712624e
351077454554331,1785506400,data.qo,"{""hR"":{""N"":""52.2""},""tE"":{""N"":""58.46""},""hL"":{""N"":""51.6""},""tL"":{""N"":""93.56""},""wL"":{""N"":""77.276955""},""hE"":{""N"":""99.9""},""tR"":{""N"":""76.46""},""wR"":{""N"":""43.03508""}}",b4d80488-e0a1-70d1-9d19-5ad55712624e
351077454554331,1785510000,data.qo,"{""tR"":{""N"":""77.72""},""hL"":{""N"":""53.3""},""wR"":{""N"":""43.174995""},""hE"":{""N"":""99.9""},""hR"":{""N"":""51.8""},""wL"":{""N"":""77.42056""},""tE"":{""N"":""62.42""},""tL"":{""N"":""93.2""}}",b4d80488-e0a1-70d1-9d19-5ad55712624e
351077454554331,1785513600,data.qo,"{""hE"":{""N"":""99.9""},""tR"":{""N"":""80.24""},""tE"":{""N"":""67.1""},""wR"":{""N"":""43.36983""},""wL"":{""N"":""77.38104""},""tL"":{""N"":""93.92""},""hL"":{""N"":""56.5""},""hR"":{""N"":""51.9""}}",b4d80488-e0a1-70d1-9d19-5ad55712624e
351077454554331,1785517200,data.qo,"{""wL"":{""N"":""77.31586""},""tR"":{""N"":""82.4""},""hL"":{""N"":""56.6""},""tL"":{""N"":""94.46""},""wR"":{""N"":""43.503525""},""tE"":{""N"":""77""},""hE"":{""N"":""99.9""},""hR"":{""N"":""51.6""}}",b4d80488-e0a1-70d1-9d19-5ad55712624e
351077454554331,1785520800,data.qo,"{""wL"":{""N"":""77.21874""},""hR"":{""N"":""51.7""},""hE"":{""N"":""99.9""},""tL"":{""N"":""94.82""},""tR"":{""N"":""84.38""},""wR"":{""N"":""43.62434""},""hL"":{""N"":""58.7""},""tE"":{""N"":""77""}}",b4d80488-e0a1-70d1-9d19-5ad55712624e
351077454554331,1785524400,data.qo,"{""wR"":{""N"":""43.810005""},""hE"":{""N"":""99.9""},""wL"":{""N"":""77.2167""},""tL"":{""N"":""94.46""},""hL"":{""N"":""54.7""},""hR"":{""N"":""51.7""},""tE"":{""N"":""77""},""tR"":{""N"":""85.46""}}",b4d80488-e0a1-70d1-9d19-5ad55712624e
351077454554331,1785528000,data.qo,"{""hE"":{""N"":""99.9""},""wL"":{""N"":""77.15953""},""wR"":{""N"":""43.938946""},""tE"":{""N"":""81.86""},""hR"":{""N"":""51.7""},""tL"":{""N"":""95""},""tR"":{""N"":""86.54""},""hL"":{""N"":""58.4""}}",b4d80488-e0a1-70d1-9d19-5ad55712624e
351077454554331,1785531600,data.qo,"{""wR"":{""N"":""43.879036""},""tE"":{""N"":""80.42""},""hR"":{""N"":""51.6""},""tL"":{""N"":""95""},""wL"":{""N"":""77.14463""},""hE"":{""N"":""99.9""},""tR"":{""N"":""87.26""},""hL"":{""N"":""53.3""}}",b4d80488-e0a1-70d1-9d19-5ad55712624e
351077454554331,1785535200,data.qo,"{""hL"":{""N"":""56""},""hR"":{""N"":""51.7""},""wL"":{""N"":""77.22315""},""hE"":{""N"":""99.9""},""tE"":{""N"":""77.72""},""wR"":{""N"":""43.912056""},""tR"":{""N"":""87.98""},""tL"":{""N"":""94.46""}}",b4d80488-e0a1-70d1-9d19-5ad55712624e
351077454554331,1785538800,data.qo,"{""tE"":{""N"":""76.28""},""wL"":{""N"":""77.22263""},""hR"":{""N"":""52""},""tL"":{""N"":""95""},""wR"":{""N"":""43.83015""},""tR"":{""N"":""88.52""},""hL"":{""N"":""55.4""},""hE"":{""N"":""99.9""}}",b4d80488-e0a1-70d1-9d19-5ad55712624e
351077454554331,1785542400,data.qo,"{""hR"":{""N"":""52""},""tR"":{""N"":""88.52""},""tE"":{""N"":""74.66""},""wR"":{""N"":""43.717743""},""tL"":{""N"":""94.46""},""hL"":{""N"":""55.1""},""hE"":{""N"":""99.9""},""wL"":{""N"":""77.14003""}}",b4d80488-e0a1-70d1-9d19-5ad55712624e
351077454554331,1785546000,data.qo,"{""hL"":{""N"":""53.9""},""tE"":{""N"":""73.94""},""tL"":{""N"":""94.28""},""tR"":{""N"":""88.7""},""wL"":{""N"":""77.12485""},""hR"":{""N"":""52.3""},""wR"":{""N"":""43.651657""},""hE"":{""N"":""99.9""}}",b4d80488-e0a1-70d1-9d19-5ad55712624e
351077454554331,1785549600,data.qo,"{""hL"":{""N"":""53.5""},""wL"":{""N"":""77.105354""},""wR"":{""N"":""43.565285""},""hR"":{""N"":""52.4""},""hE"":{""N"":""99.9""},""tL"":{""N"":""94.1""},""tR"":{""N"":""88.52""},""tE"":{""N"":""72.32""}}",b4d80488-e0a1-70d1-9d19-5ad55712624e
351077454554331,1785553200,data.qo,"{""tE"":{""N"":""70.34""},""tR"":{""N"":""88.16""},""hL"":{""N"":""56.4""},""hE"":{""N"":""99.9""},""hR"":{""N"":""52.6""},""wL"":{""N"":""77.012886""},""tL"":{""N"":""94.46""},""wR"":{""N"":""43.490078""}}",b4d80488-e0a1-70d1-9d19-5ad55712624e
351077454554331,1785556800,data.qo,"{""tE"":{""N"":""68.9""},""wR"":{""N"":""43.44024""},""hL"":{""N"":""55.3""},""hR"":{""N"":""52.6""},""hE"":{""N"":""99.9""},""tL"":{""N"":""94.28""},""tR"":{""N"":""88.16""},""wL"":{""N"":""77.03457""}}",b4d80488-e0a1-70d1-9d19-5ad55712624e
351077454554331,1785560340,data.qo,"{""tR"":{""N"":""87.8""},""wR"":{""N"":""43.37387""},""tE"":{""N"":""67.46""},""hL"":{""N"":""52.7""},""hE"":{""N"":""99.9""},""tL"":{""N"":""94.1""},""hR"":{""N"":""52.6""},""wL"":{""N"":""77.05587""}}",b4d80488-e0a1-70d1-9d19-5ad55712624e
351077454554331,1785564000,data.qo,"{""hE"":{""N"":""99.9""},""wR"":{""N"":""43.33168""},""tR"":{""N"":""87.08""},""tE"":{""N"":""66.56""},""hR"":{""N"":""52.6""},""tL"":{""N"":""93.74""},""wL"":{""N"":""77.043625""},""hL"":{""N"":""53.8""}}",b4d80488-e0a1-70d1-9d19-5ad55712624e
351077454554331,1785567600,data.qo,"{""hL"":{""N"":""52.4""},""tE"":{""N"":""65.66""},""hR"":{""N"":""52.6""},""wR"":{""N"":""43.274433""},""hE"":{""N"":""99.9""},""wL"":{""N"":""77.03367""},""tL"":{""N"":""93.92""},""tR"":{""N"":""86.36""}}",b4d80488-e0a1-70d1-9d19-5ad55712624e
351077454554331,1785571200,data.qo,"{""hE"":{""N"":""99.9""},""hL"":{""N"":""49.5""},""tL"":{""N"":""93.92""},""wR"":{""N"":""43.227543""},""tR"":{""N"":""86""},""tE"":{""N"":""65.12""},""hR"":{""N"":""52.7""},""wL"":{""N"":""77.05231""}}",b4d80488-e0a1-70d1-9d19-5ad55712624e
351077454554331,1785574800,data.qo,"{""wL"":{""N"":""77.03836""},""wR"":{""N"":""43.192623""},""hE"":{""N"":""99.9""},""hL"":{""N"":""53.1""},""tE"":{""N"":""64.4""},""tL"":{""N"":""93.92""},""hR"":{""N"":""52.9""},""tR"":{""N"":""85.1""}}",b4d80488-e0a1-70d1-9d19-5ad55712624e
351077454554331,1785578400,data.qo,"{""wR"":{""N"":""43.15927""},""tR"":{""N"":""84.74""},""hR"":{""N"":""52.7""},""wL"":{""N"":""77.01625""},""hL"":{""N"":""50.8""},""tL"":{""N"":""94.1""},""tE"":{""N"":""63.5""},""hE"":{""N"":""99.9""}}",b4d80488-e0a1-70d1-9d19-5ad55712624e
