device_uid,timestamp,event_type,sensor_data,user_id
868032061432054,1779206445,unknown,"{""tE"":{""N"":""70.7""},""hL"":{""N"":""59.2""},""wL"":{""N"":""29.06569""},""tL"":{""N"":""69.44""},""hR"":{""N"":""58.2""},""wR"":{""N"":""29.543692""},""hE"":{""N"":""60.7""},""tR"":{""N"":""73.04""}}",a47854d8-3051-70fa-00ce-ac30661244a5
868032061432054,1779210114,unknown,"{""tE"":{""N"":""72.68""},""hL"":{""N"":""58.9""},""wL"":{""N"":""29.155579""},""tL"":{""N"":""72.5""},""hR"":{""N"":""55.9""},""wR"":{""N"":""29.463474""},""hE"":{""N"":""57.3""},""tR"":{""N"":""75.2""}}",a47854d8-3051-70fa-00ce-ac30661244a5
868032061432054,1779213643,unknown,"{""tE"":{""N"":""73.76""},""hL"":{""N"":""58""},""wL"":{""N"":""29.316593""},""tL"":{""N"":""74.12""},""hR"":{""N"":""53.7""},""wR"":{""N"":""29.313353""},""hE"":{""N"":""54.9""},""tR"":{""N"":""76.82""}}",a47854d8-3051-70fa-00ce-ac30661244a5
868032061432054,1779217243,unknown,"{""tE"":{""N"":""75.02""},""hL"":{""N"":""57.3""},""wL"":{""N"":""29.439688""},""tL"":{""N"":""75.56""},""hR"":{""N"":""51.2""},""wR"":{""N"":""29.140316""},""hE"":{""N"":""52.9""},""tR"":{""N"":""78.44""}}",a47854d8-3051-70fa-00ce-ac30661244a5
868032061432054,1779220844,unknown,"{""tE"":{""N"":""76.46""},""hL"":{""N"":""57.6""},""wL"":{""N"":""29.514612""},""tL"":{""N"":""76.82""},""hR"":{""N"":""48""},""wR"":{""N"":""29.039612""},""hE"":{""N"":""47.1""},""tR"":{""N"":""80.24""}}",a47854d8-3051-70fa-00ce-ac30661244a5
868032061432054,1779224444,unknown,"{""tE"":{""N"":""76.28""},""hL"":{""N"":""57.4""},""wL"":{""N"":""29.086622""},""tL"":{""N"":""77.36""},""hR"":{""N"":""47.1""},""wR"":{""N"":""28.649256""},""hE"":{""N"":""47.2""},""tR"":{""N"":""80.06""}}",a47854d8-3051-70fa-00ce-ac30661244a5
868032061432054,1779228045,unknown,"{""tE"":{""N"":""73.76""},""hL"":{""N"":""55.5""},""wL"":{""N"":""29.148457""},""tL"":{""N"":""76.28""},""hR"":{""N"":""45""},""wR"":{""N"":""28.533573""},""hE"":{""N"":""45.9""},""tR"":{""N"":""78.44""}}",a47854d8-3051-70fa-00ce-ac30661244a5
868032061432054,1779231644,unknown,"{""tE"":{""N"":""73.58""},""hL"":{""N"":""55.4""},""wL"":{""N"":""28.893847""},""tL"":{""N"":""74.84""},""hR"":{""N"":""45.3""},""wR"":{""N"":""28.40515""},""hE"":{""N"":""46.5""},""tR"":{""N"":""78.62""}}",a47854d8-3051-70fa-00ce-ac30661244a5
868032061432054,1779235244,unknown,"{""tE"":{""N"":""72.5""},""hL"":{""N"":""54.7""},""wL"":{""N"":""28.626244""},""tL"":{""N"":""74.12""},""hR"":{""N"":""44.9""},""wR"":{""N"":""28.553358""},""hE"":{""N"":""47.2""},""tR"":{""N"":""77.54""}}",a47854d8-3051-70fa-00ce-ac30661244a5
868032061432054,1779238844,unknown,"{""tE"":{""N"":""70.7""},""hL"":{""N"":""53.8""},""wL"":{""N"":""28.470957""},""tL"":{""N"":""72.5""},""hR"":{""N"":""45.7""},""wR"":{""N"":""28.587845""},""hE"":{""N"":""48.7""},""tR"":{""N"":""75.38""}}",a47854d8-3051-70fa-00ce-ac30661244a5
868032061432054,1779242444,unknown,"{""tE"":{""N"":""68.72""},""hL"":{""N"":""53.1""},""wL"":{""N"":""28.352674""},""tL"":{""N"":""70.34""},""hR"":{""N"":""46.3""},""wR"":{""N"":""28.492414""},""hE"":{""N"":""50.6""},""tR"":{""N"":""73.22""}}",a47854d8-3051-70fa-00ce-ac30661244a5
868032061432054,1779246044,unknown,"{""tE"":{""N"":""67.46""},""hL"":{""N"":""52.8""},""wL"":{""N"":""28.266827""},""tL"":{""N"":""68.54""},""hR"":{""N"":""47.6""},""wR"":{""N"":""28.588778""},""hE"":{""N"":""53.5""},""tR"":{""N"":""71.42""}}",a47854d8-3051-70fa-00ce-ac30661244a5
868032061432054,1779246047,unknown,"{""tE"":{""N"":""67.46""},""hL"":{""N"":""52.8""},""wL"":{""N"":""28.266827""},""tL"":{""N"":""68.54""},""hR"":{""N"":""47.6""},""wR"":{""N"":""28.588778""},""hE"":{""N"":""53.5""},""tR"":{""N"":""71.42""}}",a47854d8-3051-70fa-00ce-ac30661244a5
868032061432054,1779249644,unknown,"{""tE"":{""N"":""66.02""},""hL"":{""N"":""52.8""},""wL"":{""N"":""28.183046""},""tL"":{""N"":""68.54""},""hR"":{""N"":""49.5""},""wR"":{""N"":""28.437534""},""hE"":{""N"":""57.5""},""tR"":{""N"":""69.98""}}",a47854d8-3051-70fa-00ce-ac30661244a5
868032061432054,1779253245,unknown,"{""tE"":{""N"":""64.58""},""hL"":{""N"":""53.3""},""wL"":{""N"":""28.166397""},""tL"":{""N"":""66.02""},""hR"":{""N"":""51.3""},""wR"":{""N"":""28.439447""},""hE"":{""N"":""60.8""},""tR"":{""N"":""68.54""}}",a47854d8-3051-70fa-00ce-ac30661244a5
868032061432054,1779256845,unknown,"{""tE"":{""N"":""64.04""},""hL"":{""N"":""53.3""},""wL"":{""N"":""28.13069""},""tL"":{""N"":""64.76""},""hR"":{""N"":""52""},""wR"":{""N"":""28.385876""},""hE"":{""N"":""57.6""},""tR"":{""N"":""67.46""}}",a47854d8-3051-70fa-00ce-ac30661244a5
868032061432054,1779260444,unknown,"{""tE"":{""N"":""62.78""},""hL"":{""N"":""53.3""},""wL"":{""N"":""28.125687""},""tL"":{""N"":""64.04""},""hR"":{""N"":""51.4""},""wR"":{""N"":""28.565025""},""hE"":{""N"":""58.1""},""tR"":{""N"":""66.92""}}",a47854d8-3051-70fa-00ce-ac30661244a5
868032061432054,1779264043,unknown,"{""tE"":{""N"":""61.7""},""hL"":{""N"":""53.1""},""wL"":{""N"":""28.095802""},""tL"":{""N"":""62.96""},""hR"":{""N"":""51.9""},""wR"":{""N"":""28.61141""},""hE"":{""N"":""58.5""},""tR"":{""N"":""65.48""}}",a47854d8-3051-70fa-00ce-ac30661244a5
868032061432054,1779267643,unknown,"{""tE"":{""N"":""61.7""},""hL"":{""N"":""53.1""},""wL"":{""N"":""28.087236""},""tL"":{""N"":""62.96""},""hR"":{""N"":""52.3""},""wR"":{""N"":""28.553219""},""hE"":{""N"":""60.3""},""tR"":{""N"":""65.12""}}",a47854d8-3051-70fa-00ce-ac30661244a5
868032061432054,1779271245,unknown,"{""tE"":{""N"":""61.16""},""hL"":{""N"":""53.6""},""wL"":{""N"":""28.158024""},""tL"":{""N"":""61.88""},""hR"":{""N"":""52.7""},""wR"":{""N"":""28.718227""},""hE"":{""N"":""59.7""},""tR"":{""N"":""64.58""}}",a47854d8-3051-70fa-00ce-ac30661244a5
868032061432054,1779274845,unknown,"{""tE"":{""N"":""61.7""},""hL"":{""N"":""53.9""},""wL"":{""N"":""28.051579""},""tL"":{""N"":""61.88""},""hR"":{""N"":""53.2""},""wR"":{""N"":""28.575945""},""hE"":{""N"":""61.2""},""tR"":{""N"":""65.12""}}",a47854d8-3051-70fa-00ce-ac30661244a5
868032061432054,1779278444,unknown,"{""tE"":{""N"":""60.44""},""hL"":{""N"":""53.7""},""wL"":{""N"":""28.200418""},""tL"":{""N"":""61.52""},""hR"":{""N"":""54.5""},""wR"":{""N"":""28.76914""},""hE"":{""N"":""65.5""},""tR"":{""N"":""64.04""}}",a47854d8-3051-70fa-00ce-ac30661244a5
868032061432054,1779282043,unknown,"{""tE"":{""N"":""61.34""},""hL"":{""N"":""54.2""},""wL"":{""N"":""28.621384""},""tL"":{""N"":""61.52""},""hR"":{""N"":""55.5""},""wR"":{""N"":""28.965088""},""hE"":{""N"":""66.3""},""tR"":{""N"":""64.58""}}",a47854d8-3051-70fa-00ce-ac30661244a5
868032061432054,1779285644,unknown,"{""tE"":{""N"":""64.04""},""hL"":{""N"":""56""},""wL"":{""N"":""28.875128""},""tL"":{""N"":""62.96""},""hR"":{""N"":""55.9""},""wR"":{""N"":""29.187168""},""hE"":{""N"":""64.3""},""tR"":{""N"":""67.1""}}",a47854d8-3051-70fa-00ce-ac30661244a5
868032061432054,1779289312,unknown,"{""tE"":{""N"":""66.92""},""hL"":{""N"":""56.9""},""wL"":{""N"":""28.989801""},""tL"":{""N"":""65.84""},""hR"":{""N"":""55.9""},""wR"":{""N"":""29.313538""},""hE"":{""N"":""61.3""},""tR"":{""N"":""67.1""}}",a47854d8-3051-70fa-00ce-ac30661244a5
868032061432054,1779292844,unknown,"{""tE"":{""N"":""69.44""},""hL"":{""N"":""56.9""},""wL"":{""N"":""29.071512""},""tL"":{""N"":""68.72""},""hR"":{""N"":""54""},""wR"":{""N"":""29.357637""},""hE"":{""N"":""58.5""},""tR"":{""N"":""72.32""}}",a47854d8-3051-70fa-00ce-ac30661244a5
868032061432054,1779296444,unknown,"{""tE"":{""N"":""71.42""},""hL"":{""N"":""56.8""},""wL"":{""N"":""29.239504""},""tL"":{""N"":""71.6""},""hR"":{""N"":""52.9""},""wR"":{""N"":""29.341864""},""hE"":{""N"":""56.2""},""tR"":{""N"":""74.66""}}",a47854d8-3051-70fa-00ce-ac30661244a5
868032061432054,1779300043,unknown,"{""tE"":{""N"":""74.12""},""hL"":{""N"":""56.8""},""wL"":{""N"":""29.290127""},""tL"":{""N"":""71.6""},""hR"":{""N"":""50.6""},""wR"":{""N"":""29.2175""},""hE"":{""N"":""53.1""},""tR"":{""N"":""77.72""}}",a47854d8-3051-70fa-00ce-ac30661244a5
868032061432054,1779303634,unknown,"{""tE"":{""N"":""75.02""},""hL"":{""N"":""56.4""},""wL"":{""N"":""0""},""tL"":{""N"":""75.2""},""hR"":{""N"":""51.4""},""wR"":{""N"":""27.389523""},""hE"":{""N"":""54.4""},""tR"":{""N"":""77.9""}}",a47854d8-3051-70fa-00ce-ac30661244a5
868032061432054,1779308015,unknown,"{""tE"":{""N"":""78.98""},""hL"":{""N"":""65""},""wL"":{""N"":""29.795065""},""tL"":{""N"":""84.02""},""hR"":{""N"":""59.7""},""wR"":{""N"":""36.9865""},""hE"":{""N"":""49.8""},""tR"":{""N"":""80.06""}}",a47854d8-3051-70fa-00ce-ac30661244a5
868032061432054,1779311615,unknown,"{""tE"":{""N"":""81.14""},""hL"":{""N"":""65""},""wL"":{""N"":""29.27723""},""tL"":{""N"":""84.02""},""hR"":{""N"":""48.4""},""wR"":{""N"":""36.950336""},""hE"":{""N"":""49.2""},""tR"":{""N"":""92.48""}}",a47854d8-3051-70fa-00ce-ac30661244a5
868032061432054,1779315215,unknown,"{""tE"":{""N"":""78.62""},""hL"":{""N"":""47.9""},""wL"":{""N"":""28.877918""},""tL"":{""N"":""94.28""},""hR"":{""N"":""46.7""},""wR"":{""N"":""37.05636""},""hE"":{""N"":""48.4""},""tR"":{""N"":""92.48""}}",a47854d8-3051-70fa-00ce-ac30661244a5
868032061432054,1779318818,unknown,"{""tE"":{""N"":""75.2""},""hL"":{""N"":""53.7""},""wL"":{""N"":""28.732977""},""tL"":{""N"":""94.28""},""hR"":{""N"":""47.3""},""wR"":{""N"":""37.19785""},""hE"":{""N"":""50.7""},""tR"":{""N"":""92.12""}}",a47854d8-3051-70fa-00ce-ac30661244a5
868032061432054,1779322417,unknown,"{""tE"":{""N"":""75.38""},""hL"":{""N"":""55.6""},""wL"":{""N"":""28.625908""},""tL"":{""N"":""94.64""},""hR"":{""N"":""49.1""},""wR"":{""N"":""37.149178""},""hE"":{""N"":""50.8""},""tR"":{""N"":""91.4""}}",a47854d8-3051-70fa-00ce-ac30661244a5
868032061432054,1779326016,unknown,"{""tE"":{""N"":""69.08""},""hL"":{""N"":""55.6""},""wL"":{""N"":""28.6261""},""tL"":{""N"":""94.64""},""hR"":{""N"":""46.8""},""wR"":{""N"":""37.209095""},""hE"":{""N"":""55.1""},""tR"":{""N"":""90.68""}}",a47854d8-3051-70fa-00ce-ac30661244a5
868032061432054,1779329615,unknown,"{""tE"":{""N"":""66.38""},""hL"":{""N"":""52.7""},""wL"":{""N"":""28.555746""},""tL"":{""N"":""94.64""},""hR"":{""N"":""46.8""},""wR"":{""N"":""37.262386""},""hE"":{""N"":""57.4""},""tR"":{""N"":""90.68""}}",a47854d8-3051-70fa-00ce-ac30661244a5
868032061432054,1779333215,unknown,"{""tE"":{""N"":""65.48""},""hL"":{""N"":""59.2""},""wL"":{""N"":""28.544245""},""tL"":{""N"":""95""},""hR"":{""N"":""49.6""},""wR"":{""N"":""37.267006""},""hE"":{""N"":""58.6""},""tR"":{""N"":""88.34""}}",a47854d8-3051-70fa-00ce-ac30661244a5
868032061432054,1779336886,unknown,"{""tE"":{""N"":""65.48""},""hL"":{""N"":""59.2""},""wL"":{""N"":""28.479185""},""tL"":{""N"":""95""},""hR"":{""N"":""54.2""},""wR"":{""N"":""37.331356""},""hE"":{""N"":""58.6""},""tR"":{""N"":""86.9""}}",a47854d8-3051-70fa-00ce-ac30661244a5
868032061432054,1779339646,unknown,"{""tE"":{""N"":""61.52""},""hL"":{""N"":""56.2""},""wL"":{""N"":""28.448725""},""tL"":{""N"":""94.64""},""hR"":{""N"":""54""},""wR"":{""N"":""37.413116""},""hE"":{""N"":""62.6""},""tR"":{""N"":""86.54""}}",a47854d8-3051-70fa-00ce-ac30661244a5
868032061432054,1779343247,unknown,"{""tE"":{""N"":""61.7""},""hL"":{""N"":""54.9""},""wL"":{""N"":""28.509165""},""tL"":{""N"":""94.64""},""hR"":{""N"":""54.1""},""wR"":{""N"":""37.5127""},""hE"":{""N"":""62.9""},""tR"":{""N"":""86.36""}}",a47854d8-3051-70fa-00ce-ac30661244a5
868032061432054,1779346845,unknown,"{""tE"":{""N"":""61.7""},""hL"":{""N"":""55.9""},""wL"":{""N"":""28.517778""},""tL"":{""N"":""94.64""},""hR"":{""N"":""55.9""},""wR"":{""N"":""37.517834""},""hE"":{""N"":""62.9""},""tR"":{""N"":""86.36""}}",a47854d8-3051-70fa-00ce-ac30661244a5
868032061432054,1779350445,unknown,"{""tE"":{""N"":""62.06""},""hL"":{""N"":""57""},""wL"":{""N"":""28.646166""},""tL"":{""N"":""95""},""hR"":{""N"":""55.9""},""wR"":{""N"":""37.60701""},""hE"":{""N"":""64""},""tR"":{""N"":""86.36""}}",a47854d8-3051-70fa-00ce-ac30661244a5
868032061432054,1779354047,unknown,"{""tE"":{""N"":""62.06""},""hL"":{""N"":""52.5""},""wL"":{""N"":""28.603676""},""tL"":{""N"":""95""},""hR"":{""N"":""55.9""},""wR"":{""N"":""37.65041""},""hE"":{""N"":""64.8""},""tR"":{""N"":""86.36""}}",a47854d8-3051-70fa-00ce-ac30661244a5
868032061432054,1779357646,unknown,"{""tE"":{""N"":""61.88""},""hL"":{""N"":""52.5""},""wL"":{""N"":""28.534092""},""tL"":{""N"":""95""},""hR"":{""N"":""54.8""},""wR"":{""N"":""37.724934""},""hE"":{""N"":""65.8""},""tR"":{""N"":""84.56""}}",a47854d8-3051-70fa-00ce-ac30661244a5
868032061432054,1779361245,unknown,"{""tE"":{""N"":""62.06""},""hL"":{""N"":""54.2""},""wL"":{""N"":""28.601559""},""tL"":{""N"":""95""},""hR"":{""N"":""54.8""},""wR"":{""N"":""37.848923""},""hE"":{""N"":""66.4""},""tR"":{""N"":""84.56""}}",a47854d8-3051-70fa-00ce-ac30661244a5
868032061432054,1779364845,unknown,"{""tE"":{""N"":""63.5""},""hL"":{""N"":""51.6""},""wL"":{""N"":""28.563927""},""tL"":{""N"":""95""},""hR"":{""N"":""55.1""},""wR"":{""N"":""37.892277""},""hE"":{""N"":""65.7""},""tR"":{""N"":""84.74""}}",a47854d8-3051-70fa-00ce-ac30661244a5
868032061432054,1779368447,unknown,"{""tE"":{""N"":""64.4""},""hL"":{""N"":""51.6""},""wL"":{""N"":""28.910498""},""tL"":{""N"":""94.64""},""hR"":{""N"":""54.3""},""wR"":{""N"":""38.386463""},""hE"":{""N"":""65.2""},""tR"":{""N"":""85.46""}}",a47854d8-3051-70fa-00ce-ac30661244a5
868032061432054,1779372044,unknown,"{""tE"":{""N"":""101.3""},""hL"":{""N"":""53.9""},""wL"":{""N"":""28.71628""},""tL"":{""N"":""95""},""hR"":{""N"":""55.7""},""wR"":{""N"":""37.632816""},""hE"":{""N"":""39.2""},""tR"":{""N"":""86.72""}}",a47854d8-3051-70fa-00ce-ac30661244a5
868032061432054,1779375647,unknown,"{""tE"":{""N"":""73.76""},""hL"":{""N"":""55.5""},""wL"":{""N"":""28.976664""},""tL"":{""N"":""94.82""},""hR"":{""N"":""55.7""},""wR"":{""N"":""38.18123""},""hE"":{""N"":""58.5""},""tR"":{""N"":""86.72""}}",a47854d8-3051-70fa-00ce-ac30661244a5
868032061432054,1779379244,unknown,"{""tE"":{""N"":""88.7""},""hL"":{""N"":""55.5""},""wL"":{""N"":""28.78413""},""tL"":{""N"":""94.82""},""hR"":{""N"":""53.7""},""wR"":{""N"":""37.74108""},""hE"":{""N"":""47.4""},""tR"":{""N"":""89.78""}}",a47854d8-3051-70fa-00ce-ac30661244a5
868032061432054,1779382838,unknown,"{""tE"":{""N"":""72.5""},""hL"":{""N"":""55.5""},""wL"":{""N"":""28.93374""},""tL"":{""N"":""94.82""},""hR"":{""N"":""51.4""},""wR"":{""N"":""37.85905""},""hE"":{""N"":""59.8""},""tR"":{""N"":""91.22""}}",a47854d8-3051-70fa-00ce-ac30661244a5
868032061432054,1779386447,unknown,"{""tE"":{""N"":""64.94""},""hL"":{""N"":""48.1""},""wL"":{""N"":""29.138641""},""tL"":{""N"":""94.46""},""hR"":{""N"":""50.5""},""wR"":{""N"":""38.348522""},""hE"":{""N"":""65.9""},""tR"":{""N"":""89.24""}}",f4486408-f001-7017-6ea9-8539918b7be9
868032061432054,1779390046,unknown,"{""tE"":{""N"":""73.76""},""hL"":{""N"":""50.5""},""wL"":{""N"":""29.202112""},""tL"":{""N"":""94.46""},""hR"":{""N"":""53.1""},""wR"":{""N"":""38.383476""},""hE"":{""N"":""58.7""},""tR"":{""N"":""87.62""}}",f4486408-f001-7017-6ea9-8539918b7be9
868032061432054,1779393647,unknown,"{""tE"":{""N"":""75.2""},""hL"":{""N"":""54.6""},""wL"":{""N"":""29.27824""},""tL"":{""N"":""94.82""},""hR"":{""N"":""53.7""},""wR"":{""N"":""38.321552""},""hE"":{""N"":""59.4""},""tR"":{""N"":""88.52""}}",f4486408-f001-7017-6ea9-8539918b7be9
868032061432054,1779397298,unknown,"{""tE"":{""N"":""72.5""},""hL"":{""N"":""52.7""},""wL"":{""N"":""29.578373""},""tL"":{""N"":""94.28""},""hR"":{""N"":""54.4""},""wR"":{""N"":""38.813217""},""hE"":{""N"":""62.6""},""tR"":{""N"":""88.34""}}",f4486408-f001-7017-6ea9-8539918b7be9
868032061432054,1779400846,unknown,"{""tE"":{""N"":""62.24""},""hL"":{""N"":""54.2""},""wL"":{""N"":""29.28031""},""tL"":{""N"":""94.28""},""hR"":{""N"":""52.9""},""wR"":{""N"":""39.317112""},""hE"":{""N"":""71.7""},""tR"":{""N"":""87.44""}}",f4486408-f001-7017-6ea9-8539918b7be9
868032061432054,1779404446,unknown,"{""tE"":{""N"":""63.32""},""hL"":{""N"":""53.4""},""wL"":{""N"":""29.246048""},""tL"":{""N"":""93.74""},""hR"":{""N"":""52.9""},""wR"":{""N"":""39.723103""},""hE"":{""N"":""71.2""},""tR"":{""N"":""87.44""}}",f4486408-f001-7017-6ea9-8539918b7be9
868032061432054,1779408046,unknown,"{""tE"":{""N"":""64.76""},""hL"":{""N"":""49.3""},""wL"":{""N"":""29.270205""},""tL"":{""N"":""94.1""},""hR"":{""N"":""56.2""},""wR"":{""N"":""39.671444""},""hE"":{""N"":""70.9""},""tR"":{""N"":""84.2""}}",f4486408-f001-7017-6ea9-8539918b7be9
868032061432054,1779411646,unknown,"{""tE"":{""N"":""62.96""},""hL"":{""N"":""49.3""},""wL"":{""N"":""29.401142""},""tL"":{""N"":""94.1""},""hR"":{""N"":""61.3""},""wR"":{""N"":""39.657394""},""hE"":{""N"":""73.4""},""tR"":{""N"":""84.02""}}",f4486408-f001-7017-6ea9-8539918b7be9
868032061432054,1779415246,unknown,"{""tE"":{""N"":""61.52""},""hL"":{""N"":""56.2""},""wL"":{""N"":""29.464277""},""tL"":{""N"":""94.1""},""hR"":{""N"":""58.7""},""wR"":{""N"":""39.805653""},""hE"":{""N"":""75.1""},""tR"":{""N"":""82.94""}}",f4486408-f001-7017-6ea9-8539918b7be9
868032061432054,1779418846,unknown,"{""tE"":{""N"":""61.16""},""hL"":{""N"":""56.2""},""wL"":{""N"":""29.786451""},""tL"":{""N"":""94.1""},""hR"":{""N"":""64.8""},""wR"":{""N"":""40.11434""},""hE"":{""N"":""75.8""},""tR"":{""N"":""83.48""}}",f4486408-f001-7017-6ea9-8539918b7be9
868032061432054,1779422446,unknown,"{""tE"":{""N"":""60.8""},""hL"":{""N"":""54.4""},""wL"":{""N"":""30.082012""},""tL"":{""N"":""94.46""},""hR"":{""N"":""61.6""},""wR"":{""N"":""40.161755""},""hE"":{""N"":""76.5""},""tR"":{""N"":""83.48""}}",f4486408-f001-7017-6ea9-8539918b7be9
868032061432054,1779426046,unknown,"{""tE"":{""N"":""59.54""},""hL"":{""N"":""54.4""},""wL"":{""N"":""30.122097""},""tL"":{""N"":""94.46""},""hR"":{""N"":""56.5""},""wR"":{""N"":""40.23684""},""hE"":{""N"":""77.9""},""tR"":{""N"":""80.96""}}",f4486408-f001-7017-6ea9-8539918b7be9
868032061432054,1779429644,unknown,"{""tE"":{""N"":""59.72""},""hL"":{""N"":""48.3""},""wL"":{""N"":""30.363522""},""tL"":{""N"":""93.2""},""hR"":{""N"":""56.5""},""wR"":{""N"":""40.49854""},""hE"":{""N"":""78.3""},""tR"":{""N"":""80.96""}}",f4486408-f001-7017-6ea9-8539918b7be9
868032061432054,1779433245,unknown,"{""tE"":{""N"":""59.36""},""hL"":{""N"":""48.3""},""wL"":{""N"":""30.255249""},""tL"":{""N"":""93.2""},""hR"":{""N"":""62.7""},""wR"":{""N"":""40.4886""},""hE"":{""N"":""78.8""},""tR"":{""N"":""80.06""}}",f4486408-f001-7017-6ea9-8539918b7be9
868032061432054,1779436846,unknown,"{""tE"":{""N"":""59""},""hL"":{""N"":""46.8""},""wL"":{""N"":""30.437292""},""tL"":{""N"":""93.74""},""hR"":{""N"":""62.3""},""wR"":{""N"":""40.71292""},""hE"":{""N"":""79.5""},""tR"":{""N"":""80.06""}}",f4486408-f001-7017-6ea9-8539918b7be9
868032061432054,1779440519,unknown,"{""tE"":{""N"":""58.1""},""hL"":{""N"":""45""},""wL"":{""N"":""30.425838""},""tL"":{""N"":""93.2""},""hR"":{""N"":""61.4""},""wR"":{""N"":""40.75609""},""hE"":{""N"":""80.2""},""tR"":{""N"":""78.98""}}",f4486408-f001-7017-6ea9-8539918b7be9
868032061432054,1779444046,unknown,"{""tE"":{""N"":""57.02""},""hL"":{""N"":""44.5""},""wL"":{""N"":""30.552061""},""tL"":{""N"":""93.02""},""hR"":{""N"":""63""},""wR"":{""N"":""40.708862""},""hE"":{""N"":""81.2""},""tR"":{""N"":""77.9""}}",f4486408-f001-7017-6ea9-8539918b7be9
868032061432054,1779447720,unknown,"{""tE"":{""N"":""56.3""},""hL"":{""N"":""44.2""},""wL"":{""N"":""30.598257""},""tL"":{""N"":""93.2""},""hR"":{""N"":""63""},""wR"":{""N"":""40.865562""},""hE"":{""N"":""81.7""},""tR"":{""N"":""77.9""}}",f4486408-f001-7017-6ea9-8539918b7be9
868032061432054,1779451246,unknown,"{""tE"":{""N"":""55.58""},""hL"":{""N"":""45.1""},""wL"":{""N"":""30.59874""},""tL"":{""N"":""93.2""},""hR"":{""N"":""55.5""},""wR"":{""N"":""40.819645""},""hE"":{""N"":""82""},""tR"":{""N"":""76.82""}}",f4486408-f001-7017-6ea9-8539918b7be9
868032061432054,1779454846,unknown,"{""tE"":{""N"":""55.58""},""hL"":{""N"":""43.5""},""wL"":{""N"":""30.596718""},""tL"":{""N"":""93.2""},""hR"":{""N"":""67.2""},""wR"":{""N"":""41.078545""},""hE"":{""N"":""81.7""},""tR"":{""N"":""77""}}",f4486408-f001-7017-6ea9-8539918b7be9
868032061432054,1779458446,unknown,"{""tE"":{""N"":""55.94""},""hL"":{""N"":""47.7""},""wL"":{""N"":""30.539984""},""tL"":{""N"":""93.02""},""hR"":{""N"":""67.3""},""wR"":{""N"":""41.033653""},""hE"":{""N"":""81.4""},""tR"":{""N"":""77""}}",f4486408-f001-7017-6ea9-8539918b7be9
868032061432054,1779462045,unknown,"{""tE"":{""N"":""55.94""},""hL"":{""N"":""41.4""},""wL"":{""N"":""30.580404""},""tL"":{""N"":""93.2""},""hR"":{""N"":""61.1""},""wR"":{""N"":""41.265625""},""hE"":{""N"":""80.5""},""tR"":{""N"":""78.26""}}",f4486408-f001-7017-6ea9-8539918b7be9
868032061432054,1779465639,unknown,"{""tE"":{""N"":""55.94""},""hL"":{""N"":""46.1""},""wL"":{""N"":""30.809896""},""tL"":{""N"":""93.56""},""hR"":{""N"":""63.1""},""wR"":{""N"":""41.52196""},""hE"":{""N"":""80.6""},""tR"":{""N"":""78.8""}}",f4486408-f001-7017-6ea9-8539918b7be9
868032061432054,1779469247,unknown,"{""tE"":{""N"":""56.3""},""hL"":{""N"":""45.4""},""wL"":{""N"":""30.797817""},""tL"":{""N"":""93.38""},""hR"":{""N"":""59.9""},""wR"":{""N"":""41.554905""},""hE"":{""N"":""80.5""},""tR"":{""N"":""78.62""}}",f4486408-f001-7017-6ea9-8539918b7be9
868032061432054,1779472846,unknown,"{""tE"":{""N"":""56.3""},""hL"":{""N"":""44.7""},""wL"":{""N"":""30.915281""},""tL"":{""N"":""93.02""},""hR"":{""N"":""59.9""},""wR"":{""N"":""41.56237""},""hE"":{""N"":""80.5""},""tR"":{""N"":""78.62""}}",f4486408-f001-7017-6ea9-8539918b7be9
868032061432054,1779476445,unknown,"{""tE"":{""N"":""55.58""},""hL"":{""N"":""45.3""},""wL"":{""N"":""31.012245""},""tL"":{""N"":""92.84""},""hR"":{""N"":""64.3""},""wR"":{""N"":""41.533764""},""hE"":{""N"":""80.8""},""tR"":{""N"":""79.52""}}",f4486408-f001-7017-6ea9-8539918b7be9
868032061432054,1779480046,unknown,"{""tE"":{""N"":""54.86""},""hL"":{""N"":""45.3""},""wL"":{""N"":""31.05416""},""tL"":{""N"":""92.84""},""hR"":{""N"":""61.2""},""wR"":{""N"":""41.627518""},""hE"":{""N"":""81""},""tR"":{""N"":""78.98""}}",f4486408-f001-7017-6ea9-8539918b7be9
868032061432054,1779483647,unknown,"{""tE"":{""N"":""54.5""},""hL"":{""N"":""43.3""},""wL"":{""N"":""31.018213""},""tL"":{""N"":""91.94""},""hR"":{""N"":""61.2""},""wR"":{""N"":""41.83723""},""hE"":{""N"":""81.8""},""tR"":{""N"":""78.98""}}",f4486408-f001-7017-6ea9-8539918b7be9
868032061432054,1779487244,unknown,"{""tE"":{""N"":""54.5""},""hL"":{""N"":""43.3""},""wL"":{""N"":""31.035295""},""tL"":{""N"":""91.94""},""hR"":{""N"":""64.4""},""wR"":{""N"":""41.98978""},""hE"":{""N"":""82.1""},""tR"":{""N"":""79.88""}}",f4486408-f001-7017-6ea9-8539918b7be9
868032061432054,1779490845,unknown,"{""tE"":{""N"":""53.96""},""hL"":{""N"":""43""},""wL"":{""N"":""31.143618""},""tL"":{""N"":""92.48""},""hR"":{""N"":""68.1""},""wR"":{""N"":""41.93523""},""hE"":{""N"":""82.8""},""tR"":{""N"":""79.52""}}",f4486408-f001-7017-6ea9-8539918b7be9
868032061432054,1779494438,unknown,"{""tE"":{""N"":""53.06""},""hL"":{""N"":""48.2""},""wL"":{""N"":""31.317575""},""tL"":{""N"":""92.48""},""hR"":{""N"":""69""},""wR"":{""N"":""42.224415""},""hE"":{""N"":""83.7""},""tR"":{""N"":""78.44""}}",f4486408-f001-7017-6ea9-8539918b7be9
868032061432054,1779498045,unknown,"{""tE"":{""N"":""52.34""},""hL"":{""N"":""48.2""},""wL"":{""N"":""31.497116""},""tL"":{""N"":""92.48""},""hR"":{""N"":""69""},""wR"":{""N"":""42.358624""},""hE"":{""N"":""84.1""},""tR"":{""N"":""78.44""}}",f4486408-f001-7017-6ea9-8539918b7be9
868032061432054,1779501645,unknown,"{""tE"":{""N"":""51.62""},""hL"":{""N"":""42.5""},""wL"":{""N"":""31.701584""},""tL"":{""N"":""91.4""},""hR"":{""N"":""64""},""wR"":{""N"":""42.273273""},""hE"":{""N"":""84.7""},""tR"":{""N"":""77""}}",f4486408-f001-7017-6ea9-8539918b7be9
868032061432054,1779505238,unknown,"{""tE"":{""N"":""51.26""},""hL"":{""N"":""44""},""wL"":{""N"":""31.836132""},""tL"":{""N"":""90.68""},""hR"":{""N"":""64.9""},""wR"":{""N"":""42.466934""},""hE"":{""N"":""85""},""tR"":{""N"":""75.92""}}",f4486408-f001-7017-6ea9-8539918b7be9
868032061432054,1779508838,unknown,"{""tE"":{""N"":""50.72""},""hL"":{""N"":""42.9""},""wL"":{""N"":""31.777184""},""tL"":{""N"":""90.5""},""hR"":{""N"":""63.4""},""wR"":{""N"":""42.594517""},""hE"":{""N"":""85.3""},""tR"":{""N"":""74.48""}}",f4486408-f001-7017-6ea9-8539918b7be9
868032061432054,1779512445,unknown,"{""tE"":{""N"":""50.36""},""hL"":{""N"":""43.5""},""wL"":{""N"":""31.820541""},""tL"":{""N"":""91.4""},""hR"":{""N"":""65.5""},""wR"":{""N"":""42.68724""},""hE"":{""N"":""85.6""},""tR"":{""N"":""74.48""}}",f4486408-f001-7017-6ea9-8539918b7be9
868032061432054,1779516046,unknown,"{""tE"":{""N"":""49.82""},""hL"":{""N"":""43.4""},""wL"":{""N"":""31.966492""},""tL"":{""N"":""91.22""},""hR"":{""N"":""70.8""},""wR"":{""N"":""42.816692""},""hE"":{""N"":""85.9""},""tR"":{""N"":""74.48""}}",f4486408-f001-7017-6ea9-8539918b7be9
868032061432054,1779519637,unknown,"{""tE"":{""N"":""49.82""},""hL"":{""N"":""44.5""},""wL"":{""N"":""32.002632""},""tL"":{""N"":""91.58""},""hR"":{""N"":""64""},""wR"":{""N"":""43.13971""},""hE"":{""N"":""86.1""},""tR"":{""N"":""74.48""}}",f4486408-f001-7017-6ea9-8539918b7be9
868032061432054,1779523246,unknown,"{""tE"":{""N"":""50.18""},""hL"":{""N"":""43.6""},""wL"":{""N"":""31.993393""},""tL"":{""N"":""92.12""},""hR"":{""N"":""64""},""wR"":{""N"":""43.244755""},""hE"":{""N"":""86.1""},""tR"":{""N"":""74.48""}}",f4486408-f001-7017-6ea9-8539918b7be9
868032061432054,1779526846,unknown,"{""tE"":{""N"":""50.54""},""hL"":{""N"":""44.3""},""wL"":{""N"":""32.23448""},""tL"":{""N"":""92.3""},""hR"":{""N"":""65""},""wR"":{""N"":""43.50286""},""hE"":{""N"":""86.1""},""tR"":{""N"":""75.2""}}",f4486408-f001-7017-6ea9-8539918b7be9
868032061432054,1779530445,unknown,"{""tE"":{""N"":""50.36""},""hL"":{""N"":""46.2""},""wL"":{""N"":""32.42971""},""tL"":{""N"":""92.12""},""hR"":{""N"":""65""},""wR"":{""N"":""43.335796""},""hE"":{""N"":""86.2""},""tR"":{""N"":""75.2""}}",f4486408-f001-7017-6ea9-8539918b7be9
868032061432054,1779534045,unknown,"{""tE"":{""N"":""50""},""hL"":{""N"":""44.1""},""wL"":{""N"":""32.398525""},""tL"":{""N"":""92.3""},""hR"":{""N"":""64.2""},""wR"":{""N"":""43.51686""},""hE"":{""N"":""86.5""},""tR"":{""N"":""74.84""}}",f4486408-f001-7017-6ea9-8539918b7be9
868032061432054,1779537646,unknown,"{""tE"":{""N"":""50""},""hL"":{""N"":""44.7""},""wL"":{""N"":""32.629654""},""tL"":{""N"":""92.48""},""hR"":{""N"":""62.8""},""wR"":{""N"":""43.636463""},""hE"":{""N"":""86.5""},""tR"":{""N"":""74.84""}}",f4486408-f001-7017-6ea9-8539918b7be9
868032061432054,1779541246,unknown,"{""tE"":{""N"":""50.18""},""hL"":{""N"":""42.4""},""wL"":{""N"":""32.71247""},""tL"":{""N"":""91.94""},""hR"":{""N"":""68.7""},""wR"":{""N"":""43.818176""},""hE"":{""N"":""86.3""},""tR"":{""N"":""74.48""}}",f4486408-f001-7017-6ea9-8539918b7be9
868032061432054,1779544837,unknown,"{""tE"":{""N"":""50.72""},""hL"":{""N"":""44.6""},""wL"":{""N"":""32.79115""},""tL"":{""N"":""92.48""},""hR"":{""N"":""68.7""},""wR"":{""N"":""43.91244""},""hE"":{""N"":""85.9""},""tR"":{""N"":""74.48""}}",f4486408-f001-7017-6ea9-8539918b7be9
868032061432054,1779548437,unknown,"{""tE"":{""N"":""51.62""},""hL"":{""N"":""42.9""},""wL"":{""N"":""32.871414""},""tL"":{""N"":""92.12""},""hR"":{""N"":""65.9""},""wR"":{""N"":""44.35553""},""hE"":{""N"":""85.7""},""tR"":{""N"":""75.56""}}",f4486408-f001-7017-6ea9-8539918b7be9
868032061432054,1779552046,unknown,"{""tE"":{""N"":""52.88""},""hL"":{""N"":""48.4""},""wL"":{""N"":""33.049366""},""tL"":{""N"":""92.3""},""hR"":{""N"":""66.2""},""wR"":{""N"":""44.842903""},""hE"":{""N"":""84.8""},""tR"":{""N"":""76.1""}}",f4486408-f001-7017-6ea9-8539918b7be9
868032061432054,1779555716,unknown,"{""tE"":{""N"":""56.48""},""hL"":{""N"":""46""},""wL"":{""N"":""33.17381""},""tL"":{""N"":""92.48""},""hR"":{""N"":""64.4""},""wR"":{""N"":""44.853542""},""hE"":{""N"":""82.4""},""tR"":{""N"":""76.1""}}",f4486408-f001-7017-6ea9-8539918b7be9
868032061432054,1779559244,unknown,"{""tE"":{""N"":""58.46""},""hL"":{""N"":""43""},""wL"":{""N"":""33.11919""},""tL"":{""N"":""92.12""},""hR"":{""N"":""64.7""},""wR"":{""N"":""45.322533""},""hE"":{""N"":""80.5""},""tR"":{""N"":""77""}}",f4486408-f001-7017-6ea9-8539918b7be9
868032061432054,1779562845,unknown,"{""tE"":{""N"":""59.54""},""hL"":{""N"":""46.1""},""wL"":{""N"":""33.310474""},""tL"":{""N"":""91.94""},""hR"":{""N"":""66.5""},""wR"":{""N"":""45.567993""},""hE"":{""N"":""80.6""},""tR"":{""N"":""77.18""}}",f4486408-f001-7017-6ea9-8539918b7be9
868032061432054,1779566445,unknown,"{""tE"":{""N"":""60.8""},""hL"":{""N"":""55.5""},""wL"":{""N"":""33.515903""},""tL"":{""N"":""92.12""},""hR"":{""N"":""69.5""},""wR"":{""N"":""45.700054""},""hE"":{""N"":""80.2""},""tR"":{""N"":""77.9""}}",f4486408-f001-7017-6ea9-8539918b7be9
868032061432054,1779570113,unknown,"{""tE"":{""N"":""59.54""},""hL"":{""N"":""55.5""},""wL"":{""N"":""33.70868""},""tL"":{""N"":""92.12""},""hR"":{""N"":""64.4""},""wR"":{""N"":""46.078323""},""hE"":{""N"":""81.5""},""tR"":{""N"":""77.9""}}",f4486408-f001-7017-6ea9-8539918b7be9
868032061432054,1779573645,unknown,"{""tE"":{""N"":""59.54""},""hL"":{""N"":""46.6""},""wL"":{""N"":""33.89741""},""tL"":{""N"":""91.76""},""hR"":{""N"":""65.5""},""wR"":{""N"":""45.615917""},""hE"":{""N"":""82.8""},""tR"":{""N"":""77.54""}}",f4486408-f001-7017-6ea9-8539918b7be9
868032061432054,1779577245,unknown,"{""tE"":{""N"":""59.18""},""hL"":{""N"":""45.5""},""wL"":{""N"":""33.889854""},""tL"":{""N"":""91.22""},""hR"":{""N"":""65""},""wR"":{""N"":""45.828712""},""hE"":{""N"":""81.8""},""tR"":{""N"":""76.82""}}",f4486408-f001-7017-6ea9-8539918b7be9
868032061432054,1779580845,unknown,"{""tE"":{""N"":""59.9""},""hL"":{""N"":""48.4""},""wL"":{""N"":""33.980083""},""tL"":{""N"":""91.04""},""hR"":{""N"":""69""},""wR"":{""N"":""45.838417""},""hE"":{""N"":""81.4""},""tR"":{""N"":""76.64""}}",f4486408-f001-7017-6ea9-8539918b7be9
868032061432054,1779584446,unknown,"{""tE"":{""N"":""59.9""},""hL"":{""N"":""48.4""},""wL"":{""N"":""33.933647""},""tL"":{""N"":""91.04""},""hR"":{""N"":""63.1""},""wR"":{""N"":""45.78466""},""hE"":{""N"":""81.4""},""tR"":{""N"":""75.92""}}",f4486408-f001-7017-6ea9-8539918b7be9
868032061432054,1779588046,unknown,"{""tE"":{""N"":""54.5""},""hL"":{""N"":""46.1""},""wL"":{""N"":""33.949333""},""tL"":{""N"":""90.68""},""hR"":{""N"":""65""},""wR"":{""N"":""46.066006""},""hE"":{""N"":""86.4""},""tR"":{""N"":""75.56""}}",f4486408-f001-7017-6ea9-8539918b7be9
868032061432054,1779591645,unknown,"{""tE"":{""N"":""53.78""},""hL"":{""N"":""46.1""},""wL"":{""N"":""33.962517""},""tL"":{""N"":""90.68""},""hR"":{""N"":""67.9""},""wR"":{""N"":""46.11379""},""hE"":{""N"":""86.9""},""tR"":{""N"":""75.92""}}",f4486408-f001-7017-6ea9-8539918b7be9
868032061432054,1779595245,unknown,"{""tE"":{""N"":""54.5""},""hL"":{""N"":""46.1""},""wL"":{""N"":""34.042545""},""tL"":{""N"":""90.68""},""hR"":{""N"":""69.8""},""wR"":{""N"":""46.41534""},""hE"":{""N"":""86.9""},""tR"":{""N"":""76.46""}}",f4486408-f001-7017-6ea9-8539918b7be9
868032061432054,1779598848,unknown,"{""tE"":{""N"":""54.5""},""hL"":{""N"":""48""},""wL"":{""N"":""34.03547""},""tL"":{""N"":""92.12""},""hR"":{""N"":""70.3""},""wR"":{""N"":""46.38795""},""hE"":{""N"":""86.9""},""tR"":{""N"":""76.1""}}",f4486408-f001-7017-6ea9-8539918b7be9
868032061432054,1779602447,unknown,"{""tE"":{""N"":""54.5""},""hL"":{""N"":""52.9""},""wL"":{""N"":""34.245907""},""tL"":{""N"":""92.12""},""hR"":{""N"":""69.2""},""wR"":{""N"":""47.226482""},""hE"":{""N"":""87.3""},""tR"":{""N"":""77""}}",f4486408-f001-7017-6ea9-8539918b7be9
868032061432054,1779606045,unknown,"{""tE"":{""N"":""55.58""},""hL"":{""N"":""48.4""},""wL"":{""N"":""34.21357""},""tL"":{""N"":""92.66""},""hR"":{""N"":""68.7""},""wR"":{""N"":""47.148037""},""hE"":{""N"":""86.9""},""tR"":{""N"":""77""}}",f4486408-f001-7017-6ea9-8539918b7be9
868032061432054,1779609645,unknown,"{""tE"":{""N"":""55.58""},""hL"":{""N"":""46.1""},""wL"":{""N"":""34.328964""},""tL"":{""N"":""92.66""},""hR"":{""N"":""69""},""wR"":{""N"":""47.27431""},""hE"":{""N"":""87.2""},""tR"":{""N"":""77""}}",f4486408-f001-7017-6ea9-8539918b7be9
868032061432054,1779613245,unknown,"{""tE"":{""N"":""56.3""},""hL"":{""N"":""46.6""},""wL"":{""N"":""34.521255""},""tL"":{""N"":""92.84""},""hR"":{""N"":""70.6""},""wR"":{""N"":""47.28229""},""hE"":{""N"":""87.3""},""tR"":{""N"":""77.54""}}",f4486408-f001-7017-6ea9-8539918b7be9
868032061432054,1779616844,unknown,"{""tE"":{""N"":""55.58""},""hL"":{""N"":""49.1""},""wL"":{""N"":""34.40509""},""tL"":{""N"":""93.2""},""hR"":{""N"":""66.5""},""wR"":{""N"":""47.440628""},""hE"":{""N"":""87.2""},""tR"":{""N"":""77.72""}}",f4486408-f001-7017-6ea9-8539918b7be9
868032061432054,1779620444,unknown,"{""tE"":{""N"":""55.58""},""hL"":{""N"":""47.5""},""wL"":{""N"":""34.756474""},""tL"":{""N"":""93.2""},""hR"":{""N"":""71.2""},""wR"":{""N"":""47.69323""},""hE"":{""N"":""88""},""tR"":{""N"":""77.54""}}",f4486408-f001-7017-6ea9-8539918b7be9
868032061432054,1779624044,unknown,"{""tE"":{""N"":""55.22""},""hL"":{""N"":""48.1""},""wL"":{""N"":""34.6635""},""tL"":{""N"":""93.02""},""hR"":{""N"":""71.6""},""wR"":{""N"":""47.959923""},""hE"":{""N"":""87.8""},""tR"":{""N"":""77.54""}}",f4486408-f001-7017-6ea9-8539918b7be9
868032061432054,1779627647,unknown,"{""tE"":{""N"":""58.1""},""hL"":{""N"":""46.2""},""wL"":{""N"":""34.932884""},""tL"":{""N"":""92.84""},""hR"":{""N"":""66.2""},""wR"":{""N"":""47.650436""},""hE"":{""N"":""85.5""},""tR"":{""N"":""77.72""}}",f4486408-f001-7017-6ea9-8539918b7be9
868032061432054,1779631245,unknown,"{""tE"":{""N"":""57.02""},""hL"":{""N"":""46.3""},""wL"":{""N"":""35.071476""},""tL"":{""N"":""92.66""},""hR"":{""N"":""65""},""wR"":{""N"":""47.82935""},""hE"":{""N"":""84.8""},""tR"":{""N"":""77.36""}}",f4486408-f001-7017-6ea9-8539918b7be9
868032061432054,1779634844,unknown,"{""tE"":{""N"":""59.18""},""hL"":{""N"":""45.5""},""wL"":{""N"":""34.922443""},""tL"":{""N"":""92.48""},""hR"":{""N"":""66.9""},""wR"":{""N"":""47.686043""},""hE"":{""N"":""83.4""},""tR"":{""N"":""77""}}",f4486408-f001-7017-6ea9-8539918b7be9
868032061432054,1779638447,unknown,"{""tE"":{""N"":""60.26""},""hL"":{""N"":""42.9""},""wL"":{""N"":""35.019215""},""tL"":{""N"":""92.48""},""hR"":{""N"":""68.9""},""wR"":{""N"":""47.879284""},""hE"":{""N"":""83""},""tR"":{""N"":""77.54""}}",f4486408-f001-7017-6ea9-8539918b7be9
868032061432054,1779642045,unknown,"{""tE"":{""N"":""60.26""},""hL"":{""N"":""47""},""wL"":{""N"":""34.76778""},""tL"":{""N"":""92.66""},""hR"":{""N"":""69.5""},""wR"":{""N"":""47.805458""},""hE"":{""N"":""83""},""tR"":{""N"":""78.44""}}",f4486408-f001-7017-6ea9-8539918b7be9
868032061432054,1779645644,unknown,"{""tE"":{""N"":""67.46""},""hL"":{""N"":""50""},""wL"":{""N"":""34.891933""},""tL"":{""N"":""92.48""},""hR"":{""N"":""67.9""},""wR"":{""N"":""47.906162""},""hE"":{""N"":""78""},""tR"":{""N"":""79.52""}}",f4486408-f001-7017-6ea9-8539918b7be9
868032061432054,1779649245,unknown,"{""tE"":{""N"":""69.44""},""hL"":{""N"":""48.2""},""wL"":{""N"":""34.907043""},""tL"":{""N"":""92.84""},""hR"":{""N"":""63.7""},""wR"":{""N"":""47.45057""},""hE"":{""N"":""76.5""},""tR"":{""N"":""80.6""}}",f4486408-f001-7017-6ea9-8539918b7be9
868032061432054,1779652845,unknown,"{""tE"":{""N"":""67.1""},""hL"":{""N"":""47.3""},""wL"":{""N"":""35.143707""},""tL"":{""N"":""93.38""},""hR"":{""N"":""66.2""},""wR"":{""N"":""47.434376""},""hE"":{""N"":""78.8""},""tR"":{""N"":""81.14""}}",f4486408-f001-7017-6ea9-8539918b7be9
868032061432054,1779656446,unknown,"{""tE"":{""N"":""64.04""},""hL"":{""N"":""48.9""},""wL"":{""N"":""35.359627""},""tL"":{""N"":""93.2""},""hR"":{""N"":""65.9""},""wR"":{""N"":""47.67559""},""hE"":{""N"":""82.6""},""tR"":{""N"":""81.5""}}",f4486408-f001-7017-6ea9-8539918b7be9
868032061432054,1779660047,unknown,"{""tE"":{""N"":""62.6""},""hL"":{""N"":""48.2""},""wL"":{""N"":""35.342304""},""tL"":{""N"":""93.02""},""hR"":{""N"":""65""},""wR"":{""N"":""47.66294""},""hE"":{""N"":""83.9""},""tR"":{""N"":""81.32""}}",f4486408-f001-7017-6ea9-8539918b7be9
868032061432054,1779663644,unknown,"{""tE"":{""N"":""62.24""},""hL"":{""N"":""52""},""wL"":{""N"":""35.567028""},""tL"":{""N"":""93.02""},""hR"":{""N"":""66.8""},""wR"":{""N"":""47.814137""},""hE"":{""N"":""84.7""},""tR"":{""N"":""81.14""}}",f4486408-f001-7017-6ea9-8539918b7be9
868032061432054,1779667244,unknown,"{""tE"":{""N"":""60.8""},""hL"":{""N"":""45.6""},""wL"":{""N"":""35.662933""},""tL"":{""N"":""92.84""},""hR"":{""N"":""66.8""},""wR"":{""N"":""47.98792""},""hE"":{""N"":""85.9""},""tR"":{""N"":""81.14""}}",f4486408-f001-7017-6ea9-8539918b7be9
868032061432054,1779670844,unknown,"{""tE"":{""N"":""59.72""},""hL"":{""N"":""47.6""},""wL"":{""N"":""35.567993""},""tL"":{""N"":""92.84""},""hR"":{""N"":""67.9""},""wR"":{""N"":""47.769154""},""hE"":{""N"":""87""},""tR"":{""N"":""80.06""}}",f4486408-f001-7017-6ea9-8539918b7be9
868032061432054,1779674445,unknown,"{""tE"":{""N"":""59.36""},""hL"":{""N"":""52.1""},""wL"":{""N"":""35.75451""},""tL"":{""N"":""92.84""},""hR"":{""N"":""71.4""},""wR"":{""N"":""48.08321""},""hE"":{""N"":""87.6""},""tR"":{""N"":""80.24""}}",f4486408-f001-7017-6ea9-8539918b7be9
868032061432054,1779678044,unknown,"{""tE"":{""N"":""59.36""},""hL"":{""N"":""49.1""},""wL"":{""N"":""35.707783""},""tL"":{""N"":""93.2""},""hR"":{""N"":""69.2""},""wR"":{""N"":""48.089138""},""hE"":{""N"":""87.8""},""tR"":{""N"":""80.42""}}",f4486408-f001-7017-6ea9-8539918b7be9
868032061432054,1779681644,unknown,"{""tE"":{""N"":""59.9""},""hL"":{""N"":""50.3""},""wL"":{""N"":""35.99367""},""tL"":{""N"":""93.38""},""hR"":{""N"":""71.4""},""wR"":{""N"":""48.367355""},""hE"":{""N"":""87.9""},""tR"":{""N"":""80.78""}}",f4486408-f001-7017-6ea9-8539918b7be9
868032061432054,1779685236,unknown,"{""tE"":{""N"":""60.44""},""hL"":{""N"":""53.9""},""wL"":{""N"":""36.448036""},""tL"":{""N"":""93.2""},""hR"":{""N"":""71.6""},""wR"":{""N"":""49.28844""},""hE"":{""N"":""88""},""tR"":{""N"":""81.5""}}",f4486408-f001-7017-6ea9-8539918b7be9
868032061432054,1779688836,unknown,"{""tE"":{""N"":""61.52""},""hL"":{""N"":""51.2""},""wL"":{""N"":""36.601063""},""tL"":{""N"":""93.56""},""hR"":{""N"":""65.5""},""wR"":{""N"":""49.262306""},""hE"":{""N"":""87.8""},""tR"":{""N"":""80.96""}}",f4486408-f001-7017-6ea9-8539918b7be9
868032061432054,1779692444,unknown,"{""tE"":{""N"":""61.52""},""hL"":{""N"":""48.3""},""wL"":{""N"":""36.61189""},""tL"":{""N"":""93.2""},""hR"":{""N"":""68.3""},""wR"":{""N"":""49.388443""},""hE"":{""N"":""88""},""tR"":{""N"":""80.42""}}",f4486408-f001-7017-6ea9-8539918b7be9
868032061432054,1779696043,unknown,"{""tE"":{""N"":""60.8""},""hL"":{""N"":""49""},""wL"":{""N"":""36.80139""},""tL"":{""N"":""93.02""},""hR"":{""N"":""68.8""},""wR"":{""N"":""49.622704""},""hE"":{""N"":""88.6""},""tR"":{""N"":""80.6""}}",f4486408-f001-7017-6ea9-8539918b7be9
868032061432054,1779699644,unknown,"{""tE"":{""N"":""60.8""},""hL"":{""N"":""48.3""},""wL"":{""N"":""37.105804""},""tL"":{""N"":""93.38""},""hR"":{""N"":""70.7""},""wR"":{""N"":""49.5374""},""hE"":{""N"":""89""},""tR"":{""N"":""80.96""}}",f4486408-f001-7017-6ea9-8539918b7be9
868032061432054,1779703244,unknown,"{""tE"":{""N"":""60.44""},""hL"":{""N"":""47.6""},""wL"":{""N"":""36.866547""},""tL"":{""N"":""93.56""},""hR"":{""N"":""67.2""},""wR"":{""N"":""49.728962""},""hE"":{""N"":""89.3""},""tR"":{""N"":""80.96""}}",f4486408-f001-7017-6ea9-8539918b7be9
868032061432054,1779706836,unknown,"{""tE"":{""N"":""60.44""},""hL"":{""N"":""50""},""wL"":{""N"":""37.10696""},""tL"":{""N"":""93.56""},""hR"":{""N"":""66.4""},""wR"":{""N"":""49.80414""},""hE"":{""N"":""89.6""},""tR"":{""N"":""80.78""}}",f4486408-f001-7017-6ea9-8539918b7be9
868032061432054,1779710444,unknown,"{""tE"":{""N"":""60.8""},""hL"":{""N"":""50.4""},""wL"":{""N"":""37.22635""},""tL"":{""N"":""93.56""},""hR"":{""N"":""67.2""},""wR"":{""N"":""49.85575""},""hE"":{""N"":""89.7""},""tR"":{""N"":""81.14""}}",f4486408-f001-7017-6ea9-8539918b7be9
868032061432054,1779714044,unknown,"{""tE"":{""N"":""60.8""},""hL"":{""N"":""52.5""},""wL"":{""N"":""37.314026""},""tL"":{""N"":""93.74""},""hR"":{""N"":""66.5""},""wR"":{""N"":""50.07494""},""hE"":{""N"":""89.7""},""tR"":{""N"":""81.14""}}",f4486408-f001-7017-6ea9-8539918b7be9
868032061432054,1779717644,unknown,"{""tE"":{""N"":""69.44""},""hL"":{""N"":""50.9""},""wL"":{""N"":""36.982616""},""tL"":{""N"":""93.74""},""hR"":{""N"":""69.6""},""wR"":{""N"":""49.57963""},""hE"":{""N"":""79.6""},""tR"":{""N"":""81.5""}}",f4486408-f001-7017-6ea9-8539918b7be9
868032061432054,1779721244,unknown,"{""tE"":{""N"":""71.78""},""hL"":{""N"":""51.2""},""wL"":{""N"":""36.916065""},""tL"":{""N"":""94.1""},""hR"":{""N"":""66.6""},""wR"":{""N"":""48.547485""},""hE"":{""N"":""72""},""tR"":{""N"":""82.94""}}",f4486408-f001-7017-6ea9-8539918b7be9
868032061432054,1779724846,unknown,"{""tE"":{""N"":""69.44""},""hL"":{""N"":""54""},""wL"":{""N"":""36.97679""},""tL"":{""N"":""93.92""},""hR"":{""N"":""66.6""},""wR"":{""N"":""49.229267""},""hE"":{""N"":""78""},""tR"":{""N"":""82.94""}}",f4486408-f001-7017-6ea9-8539918b7be9
868032061432054,1779728444,unknown,"{""tE"":{""N"":""78.44""},""hL"":{""N"":""53.4""},""wL"":{""N"":""37.43948""},""tL"":{""N"":""94.1""},""hR"":{""N"":""65""},""wR"":{""N"":""48.87909""},""hE"":{""N"":""69.8""},""tR"":{""N"":""85.28""}}",f4486408-f001-7017-6ea9-8539918b7be9
868032061432054,1779732045,unknown,"{""tE"":{""N"":""77""},""hL"":{""N"":""54.2""},""wL"":{""N"":""36.58162""},""tL"":{""N"":""94.46""},""hR"":{""N"":""64.3""},""wR"":{""N"":""48.75846""},""hE"":{""N"":""71""},""tR"":{""N"":""86.18""}}",f4486408-f001-7017-6ea9-8539918b7be9
868032061432054,1779735643,unknown,"{""tE"":{""N"":""80.24""},""hL"":{""N"":""56.4""},""wL"":{""N"":""36.891716""},""tL"":{""N"":""94.1""},""hR"":{""N"":""64.8""},""wR"":{""N"":""48.397457""},""hE"":{""N"":""66.7""},""tR"":{""N"":""86.72""}}",f4486408-f001-7017-6ea9-8539918b7be9
868032061432054,1779739243,unknown,"{""tE"":{""N"":""75.56""},""hL"":{""N"":""51.7""},""wL"":{""N"":""36.746243""},""tL"":{""N"":""94.28""},""hR"":{""N"":""63.7""},""wR"":{""N"":""47.83584""},""hE"":{""N"":""73.5""},""tR"":{""N"":""87.44""}}",f4486408-f001-7017-6ea9-8539918b7be9
868032061432054,1779742843,unknown,"{""tE"":{""N"":""75.56""},""hL"":{""N"":""55.5""},""wL"":{""N"":""36.885555""},""tL"":{""N"":""94.1""},""hR"":{""N"":""65.3""},""wR"":{""N"":""47.813717""},""hE"":{""N"":""73.5""},""tR"":{""N"":""88.34""}}",f4486408-f001-7017-6ea9-8539918b7be9
868032061432054,1779746445,unknown,"{""tE"":{""N"":""71.78""},""hL"":{""N"":""57.4""},""wL"":{""N"":""37.164562""},""tL"":{""N"":""94.46""},""hR"":{""N"":""64""},""wR"":{""N"":""48.141125""},""hE"":{""N"":""82.1""},""tR"":{""N"":""88.7""}}",f4486408-f001-7017-6ea9-8539918b7be9
868032061432054,1779750044,unknown,"{""tE"":{""N"":""75.02""},""hL"":{""N"":""57.4""},""wL"":{""N"":""36.81525""},""tL"":{""N"":""94.46""},""hR"":{""N"":""62.1""},""wR"":{""N"":""47.051205""},""hE"":{""N"":""78.6""},""tR"":{""N"":""88.88""}}",f4486408-f001-7017-6ea9-8539918b7be9
868032061432054,1779753643,unknown,"{""tE"":{""N"":""66.56""},""hL"":{""N"":""55.7""},""wL"":{""N"":""37.039158""},""tL"":{""N"":""93.92""},""hR"":{""N"":""61.6""},""wR"":{""N"":""46.894318""},""hE"":{""N"":""86.5""},""tR"":{""N"":""88.16""}}",f4486408-f001-7017-6ea9-8539918b7be9
868032061432054,1779757244,unknown,"{""tE"":{""N"":""64.76""},""hL"":{""N"":""57.1""},""wL"":{""N"":""37.04551""},""tL"":{""N"":""93.92""},""hR"":{""N"":""61.4""},""wR"":{""N"":""47.300724""},""hE"":{""N"":""88.3""},""tR"":{""N"":""86""}}",f4486408-f001-7017-6ea9-8539918b7be9
868032061432054,1779760844,unknown,"{""tE"":{""N"":""64.4""},""hL"":{""N"":""58""},""wL"":{""N"":""37.379375""},""tL"":{""N"":""94.1""},""hR"":{""N"":""61.4""},""wR"":{""N"":""47.280006""},""hE"":{""N"":""89.3""},""tR"":{""N"":""84.92""}}",f4486408-f001-7017-6ea9-8539918b7be9
868032061432054,1779764444,unknown,"{""tE"":{""N"":""63.32""},""hL"":{""N"":""56.1""},""wL"":{""N"":""37.69303""},""tL"":{""N"":""94.1""},""hR"":{""N"":""62.6""},""wR"":{""N"":""47.813625""},""hE"":{""N"":""89.9""},""tR"":{""N"":""84.56""}}",f4486408-f001-7017-6ea9-8539918b7be9
868032061432054,1779768044,unknown,"{""tE"":{""N"":""63.32""},""hL"":{""N"":""57.6""},""wL"":{""N"":""37.57908""},""tL"":{""N"":""94.28""},""hR"":{""N"":""62.9""},""wR"":{""N"":""48.3304""},""hE"":{""N"":""89.9""},""tR"":{""N"":""83.84""}}",f4486408-f001-7017-6ea9-8539918b7be9
868032061432054,1779771644,unknown,"{""tE"":{""N"":""62.42""},""hL"":{""N"":""57.4""},""wL"":{""N"":""37.704678""},""tL"":{""N"":""94.1""},""hR"":{""N"":""64.7""},""wR"":{""N"":""48.641003""},""hE"":{""N"":""90.8""},""tR"":{""N"":""83.3""}}",f4486408-f001-7017-6ea9-8539918b7be9
868032061432054,1779775244,unknown,"{""tE"":{""N"":""62.06""},""hL"":{""N"":""56.1""},""wL"":{""N"":""38.048794""},""tL"":{""N"":""93.92""},""hR"":{""N"":""67.6""},""wR"":{""N"":""49.140835""},""hE"":{""N"":""91.4""},""tR"":{""N"":""82.94""}}",f4486408-f001-7017-6ea9-8539918b7be9
868032061432054,1779778844,unknown,"{""tE"":{""N"":""61.34""},""hL"":{""N"":""56.6""},""wL"":{""N"":""38.382225""},""tL"":{""N"":""93.92""},""hR"":{""N"":""64.7""},""wR"":{""N"":""49.5836""},""hE"":{""N"":""91.8""},""tR"":{""N"":""82.58""}}",f4486408-f001-7017-6ea9-8539918b7be9
868032061432054,1779782444,unknown,"{""tE"":{""N"":""61.88""},""hL"":{""N"":""57.4""},""wL"":{""N"":""38.523315""},""tL"":{""N"":""93.74""},""hR"":{""N"":""66.3""},""wR"":{""N"":""49.53987""},""hE"":{""N"":""91.9""},""tR"":{""N"":""82.22""}}",f4486408-f001-7017-6ea9-8539918b7be9
868032061432054,1779786045,unknown,"{""tE"":{""N"":""61.88""},""hL"":{""N"":""56.6""},""wL"":{""N"":""38.51956""},""tL"":{""N"":""93.74""},""hR"":{""N"":""66.1""},""wR"":{""N"":""50.015907""},""hE"":{""N"":""92""},""tR"":{""N"":""82.58""}}",f4486408-f001-7017-6ea9-8539918b7be9
868032061432054,1779789644,unknown,"{""tE"":{""N"":""61.88""},""hL"":{""N"":""53.3""},""wL"":{""N"":""38.79597""},""tL"":{""N"":""94.1""},""hR"":{""N"":""65.7""},""wR"":{""N"":""50.214375""},""hE"":{""N"":""92""},""tR"":{""N"":""82.76""}}",f4486408-f001-7017-6ea9-8539918b7be9
868032061432054,1779793244,unknown,"{""tE"":{""N"":""61.52""},""hL"":{""N"":""54.4""},""wL"":{""N"":""38.68929""},""tL"":{""N"":""93.92""},""hR"":{""N"":""65.7""},""wR"":{""N"":""50.035694""},""hE"":{""N"":""92.5""},""tR"":{""N"":""82.76""}}",f4486408-f001-7017-6ea9-8539918b7be9
868032061432054,1779796844,unknown,"{""tE"":{""N"":""61.52""},""hL"":{""N"":""53.2""},""wL"":{""N"":""38.66494""},""tL"":{""N"":""93.92""},""hR"":{""N"":""65.9""},""wR"":{""N"":""50.333183""},""hE"":{""N"":""92.5""},""tR"":{""N"":""82.22""}}",f4486408-f001-7017-6ea9-8539918b7be9
868032061432054,1779800445,unknown,"{""tE"":{""N"":""63.14""},""hL"":{""N"":""53""},""wL"":{""N"":""39.06858""},""tL"":{""N"":""93.56""},""hR"":{""N"":""65.9""},""wR"":{""N"":""50.925274""},""hE"":{""N"":""91.4""},""tR"":{""N"":""82.22""}}",f4486408-f001-7017-6ea9-8539918b7be9
868032061432054,1779804045,unknown,"{""tE"":{""N"":""67.82""},""hL"":{""N"":""56.7""},""wL"":{""N"":""38.98615""},""tL"":{""N"":""93.92""},""hR"":{""N"":""65.9""},""wR"":{""N"":""50.830826""},""hE"":{""N"":""86.7""},""tR"":{""N"":""82.22""}}",f4486408-f001-7017-6ea9-8539918b7be9
868032061432054,1779807646,unknown,"{""tE"":{""N"":""74.3""},""hL"":{""N"":""53.6""},""wL"":{""N"":""38.772873""},""tL"":{""N"":""93.56""},""hR"":{""N"":""66.1""},""wR"":{""N"":""50.71869""},""hE"":{""N"":""76.2""},""tR"":{""N"":""84.2""}}",f4486408-f001-7017-6ea9-8539918b7be9
868032061432054,1779811244,unknown,"{""tE"":{""N"":""71.06""},""hL"":{""N"":""50.7""},""wL"":{""N"":""38.66513""},""tL"":{""N"":""93.56""},""hR"":{""N"":""65.1""},""wR"":{""N"":""49.90652""},""hE"":{""N"":""81.6""},""tR"":{""N"":""85.82""}}",f4486408-f001-7017-6ea9-8539918b7be9
868032061432054,1779814912,unknown,"{""tE"":{""N"":""68.36""},""hL"":{""N"":""50.7""},""wL"":{""N"":""38.742462""},""tL"":{""N"":""93.56""},""hR"":{""N"":""63.3""},""wR"":{""N"":""50.42703""},""hE"":{""N"":""84.9""},""tR"":{""N"":""86.9""}}",f4486408-f001-7017-6ea9-8539918b7be9
868032061432054,1779818436,unknown,"{""tE"":{""N"":""71.6""},""hL"":{""N"":""53.1""},""wL"":{""N"":""38.49223""},""tL"":{""N"":""93.74""},""hR"":{""N"":""62.8""},""wR"":{""N"":""49.761906""},""hE"":{""N"":""80.6""},""tR"":{""N"":""87.26""}}",f4486408-f001-7017-6ea9-8539918b7be9
868032061432054,1779822045,unknown,"{""tE"":{""N"":""71.96""},""hL"":{""N"":""52.6""},""wL"":{""N"":""38.509315""},""tL"":{""N"":""93.92""},""hR"":{""N"":""62.8""},""wR"":{""N"":""50.178303""},""hE"":{""N"":""81""},""tR"":{""N"":""87.26""}}",f4486408-f001-7017-6ea9-8539918b7be9
868032061432054,1779825644,unknown,"{""tE"":{""N"":""75.56""},""hL"":{""N"":""55.6""},""wL"":{""N"":""38.58958""},""tL"":{""N"":""93.92""},""hR"":{""N"":""60.8""},""wR"":{""N"":""49.719395""},""hE"":{""N"":""75.5""},""tR"":{""N"":""86.54""}}",f4486408-f001-7017-6ea9-8539918b7be9
868032061432054,1779829245,unknown,"{""tE"":{""N"":""75.2""},""hL"":{""N"":""55.6""},""wL"":{""N"":""38.295654""},""tL"":{""N"":""93.92""},""hR"":{""N"":""63.3""},""wR"":{""N"":""49.626625""},""hE"":{""N"":""76.8""},""tR"":{""N"":""87.62""}}",f4486408-f001-7017-6ea9-8539918b7be9
868032061432054,1779832836,unknown,"{""tE"":{""N"":""75.2""},""hL"":{""N"":""57.4""},""wL"":{""N"":""38.20071""},""tL"":{""N"":""94.46""},""hR"":{""N"":""62.1""},""wR"":{""N"":""48.83849""},""hE"":{""N"":""76.8""},""tR"":{""N"":""88.7""}}",f4486408-f001-7017-6ea9-8539918b7be9
868032061432054,1779836444,unknown,"{""tE"":{""N"":""68.9""},""hL"":{""N"":""55.9""},""wL"":{""N"":""38.704205""},""tL"":{""N"":""93.56""},""hR"":{""N"":""61.8""},""wR"":{""N"":""48.987167""},""hE"":{""N"":""85.7""},""tR"":{""N"":""89.42""}}",f4486408-f001-7017-6ea9-8539918b7be9
868032061432054,1779840044,unknown,"{""tE"":{""N"":""65.66""},""hL"":{""N"":""57.5""},""wL"":{""N"":""38.634094""},""tL"":{""N"":""93.56""},""hR"":{""N"":""61.8""},""wR"":{""N"":""49.85757""},""hE"":{""N"":""89.5""},""tR"":{""N"":""89.42""}}",f4486408-f001-7017-6ea9-8539918b7be9
868032061432054,1779843644,unknown,"{""tE"":{""N"":""66.56""},""hL"":{""N"":""55.6""},""wL"":{""N"":""38.853527""},""tL"":{""N"":""93.56""},""hR"":{""N"":""61.1""},""wR"":{""N"":""50.28106""},""hE"":{""N"":""90.1""},""tR"":{""N"":""86.36""}}",f4486408-f001-7017-6ea9-8539918b7be9
868032061432054,1779847245,unknown,"{""tE"":{""N"":""64.76""},""hL"":{""N"":""55.6""},""wL"":{""N"":""39.232914""},""tL"":{""N"":""93.56""},""hR"":{""N"":""61.1""},""wR"":{""N"":""50.336964""},""hE"":{""N"":""91.6""},""tR"":{""N"":""86.36""}}",f4486408-f001-7017-6ea9-8539918b7be9
868032061432054,1779850845,unknown,"{""tE"":{""N"":""64.58""},""hL"":{""N"":""56.5""},""wL"":{""N"":""38.69877""},""tL"":{""N"":""93.56""},""hR"":{""N"":""61.1""},""wR"":{""N"":""50.55979""},""hE"":{""N"":""92.3""},""tR"":{""N"":""86.36""}}",f4486408-f001-7017-6ea9-8539918b7be9
868032061432054,1779854444,unknown,"{""tE"":{""N"":""64.4""},""hL"":{""N"":""58""},""wL"":{""N"":""38.98841""},""tL"":{""N"":""93.92""},""hR"":{""N"":""61.1""},""wR"":{""N"":""50.931156""},""hE"":{""N"":""92.7""},""tR"":{""N"":""86.36""}}",f4486408-f001-7017-6ea9-8539918b7be9
868032061432054,1779858035,unknown,"{""tE"":{""N"":""64.04""},""hL"":{""N"":""60.2""},""wL"":{""N"":""38.986485""},""tL"":{""N"":""93.74""},""hR"":{""N"":""63.5""},""wR"":{""N"":""51.343304""},""hE"":{""N"":""93.1""},""tR"":{""N"":""84.92""}}",f4486408-f001-7017-6ea9-8539918b7be9
868032061432054,1779861643,unknown,"{""tE"":{""N"":""63.68""},""hL"":{""N"":""62""},""wL"":{""N"":""39.059772""},""tL"":{""N"":""93.74""},""hR"":{""N"":""64.3""},""wR"":{""N"":""51.680695""},""hE"":{""N"":""93.3""},""tR"":{""N"":""84.38""}}",f4486408-f001-7017-6ea9-8539918b7be9
868032061432054,1779865243,unknown,"{""tE"":{""N"":""63.14""},""hL"":{""N"":""58.5""},""wL"":{""N"":""39.222088""},""tL"":{""N"":""93.92""},""hR"":{""N"":""64.3""},""wR"":{""N"":""51.829697""},""hE"":{""N"":""93.7""},""tR"":{""N"":""84.38""}}",f4486408-f001-7017-6ea9-8539918b7be9
868032061432054,1779868843,unknown,"{""tE"":{""N"":""62.6""},""hL"":{""N"":""58.5""},""wL"":{""N"":""39.539543""},""tL"":{""N"":""93.92""},""hR"":{""N"":""68.8""},""wR"":{""N"":""51.999886""},""hE"":{""N"":""94""},""tR"":{""N"":""84.38""}}",f4486408-f001-7017-6ea9-8539918b7be9
868032061432054,1779872443,unknown,"{""tE"":{""N"":""62.24""},""hL"":{""N"":""58.3""},""wL"":{""N"":""39.63266""},""tL"":{""N"":""93.92""},""hR"":{""N"":""64.1""},""wR"":{""N"":""52.33961""},""hE"":{""N"":""94.2""},""tR"":{""N"":""84.2""}}",f4486408-f001-7017-6ea9-8539918b7be9
868032061432054,1779876043,unknown,"{""tE"":{""N"":""61.88""},""hL"":{""N"":""58.3""},""wL"":{""N"":""39.850986""},""tL"":{""N"":""93.92""},""hR"":{""N"":""66.7""},""wR"":{""N"":""52.652504""},""hE"":{""N"":""94.4""},""tR"":{""N"":""84.56""}}",f4486408-f001-7017-6ea9-8539918b7be9
868032061432054,1779879645,unknown,"{""tE"":{""N"":""61.88""},""hL"":{""N"":""58.8""},""wL"":{""N"":""39.982117""},""tL"":{""N"":""93.92""},""hR"":{""N"":""62.3""},""wR"":{""N"":""52.86334""},""hE"":{""N"":""94.6""},""tR"":{""N"":""84.38""}}",f4486408-f001-7017-6ea9-8539918b7be9
868032061432054,1779883243,unknown,"{""tE"":{""N"":""62.06""},""hL"":{""N"":""55.9""},""wL"":{""N"":""40.245583""},""tL"":{""N"":""93.56""},""hR"":{""N"":""62.8""},""wR"":{""N"":""52.958256""},""hE"":{""N"":""94.7""},""tR"":{""N"":""84.02""}}",f4486408-f001-7017-6ea9-8539918b7be9
868032061432054,1779886843,unknown,"{""tE"":{""N"":""64.04""},""hL"":{""N"":""56.6""},""wL"":{""N"":""40.127876""},""tL"":{""N"":""93.56""},""hR"":{""N"":""60.3""},""wR"":{""N"":""53.54409""},""hE"":{""N"":""93.4""},""tR"":{""N"":""84.92""}}",f4486408-f001-7017-6ea9-8539918b7be9
868032061432054,1779890444,unknown,"{""tE"":{""N"":""75.74""},""hL"":{""N"":""56.2""},""wL"":{""N"":""40.37291""},""tL"":{""N"":""93.38""},""hR"":{""N"":""62.8""},""wR"":{""N"":""53.294853""},""hE"":{""N"":""77""},""tR"":{""N"":""85.46""}}",f4486408-f001-7017-6ea9-8539918b7be9
868032061432054,1779894043,unknown,"{""tE"":{""N"":""107.96""},""hL"":{""N"":""52.1""},""wL"":{""N"":""38.662003""},""tL"":{""N"":""93.92""},""hR"":{""N"":""64.4""},""wR"":{""N"":""49.478508""},""hE"":{""N"":""39.6""},""tR"":{""N"":""87.8""}}",f4486408-f001-7017-6ea9-8539918b7be9
868032061432054,1779897643,unknown,"{""tE"":{""N"":""82.4""},""hL"":{""N"":""52.1""},""wL"":{""N"":""38.77966""},""tL"":{""N"":""93.92""},""hR"":{""N"":""62.1""},""wR"":{""N"":""49.265385""},""hE"":{""N"":""56.8""},""tR"":{""N"":""90.5""}}",f4486408-f001-7017-6ea9-8539918b7be9
868032061432054,1779901313,unknown,"{""tE"":{""N"":""83.84""},""hL"":{""N"":""52.1""},""wL"":{""N"":""38.75502""},""tL"":{""N"":""93.56""},""hR"":{""N"":""58.3""},""wR"":{""N"":""48.8055""},""hE"":{""N"":""61.8""},""tR"":{""N"":""90.5""}}",f4486408-f001-7017-6ea9-8539918b7be9
868032061432054,1779904844,unknown,"{""tE"":{""N"":""80.6""},""hL"":{""N"":""54.9""},""wL"":{""N"":""38.687412""},""tL"":{""N"":""94.1""},""hR"":{""N"":""57.4""},""wR"":{""N"":""48.80088""},""hE"":{""N"":""64.8""},""tR"":{""N"":""90.86""}}",f4486408-f001-7017-6ea9-8539918b7be9
868032061432054,1779908442,unknown,"{""tE"":{""N"":""78.98""},""hL"":{""N"":""52.6""},""wL"":{""N"":""38.292095""},""tL"":{""N"":""94.28""},""hR"":{""N"":""57.4""},""wR"":{""N"":""48.39825""},""hE"":{""N"":""68.2""},""tR"":{""N"":""90.86""}}",f4486408-f001-7017-6ea9-8539918b7be9
868032061432054,1779912042,unknown,"{""tE"":{""N"":""78.62""},""hL"":{""N"":""57""},""wL"":{""N"":""37.941288""},""tL"":{""N"":""94.1""},""hR"":{""N"":""58""},""wR"":{""N"":""47.60396""},""hE"":{""N"":""72.4""},""tR"":{""N"":""91.04""}}",f4486408-f001-7017-6ea9-8539918b7be9
868032061432054,1779915642,unknown,"{""tE"":{""N"":""78.62""},""hL"":{""N"":""55""},""wL"":{""N"":""37.573498""},""tL"":{""N"":""94.1""},""hR"":{""N"":""56.6""},""wR"":{""N"":""47.054985""},""hE"":{""N"":""72.4""},""tR"":{""N"":""90.86""}}",f4486408-f001-7017-6ea9-8539918b7be9
868032061432054,1779919244,unknown,"{""tE"":{""N"":""72.86""},""hL"":{""N"":""52.5""},""wL"":{""N"":""26.564196""},""tL"":{""N"":""93.56""},""hR"":{""N"":""55.5""},""wR"":{""N"":""37.99494""},""hE"":{""N"":""77.5""},""tR"":{""N"":""90.68""}}",f4486408-f001-7017-6ea9-8539918b7be9
868032061432054,1779922843,unknown,"{""tE"":{""N"":""71.96""},""hL"":{""N"":""57.9""},""wL"":{""N"":""26.999935""},""tL"":{""N"":""94.1""},""hR"":{""N"":""55.7""},""wR"":{""N"":""37.933716""},""hE"":{""N"":""83.6""},""tR"":{""N"":""89.96""}}",f4486408-f001-7017-6ea9-8539918b7be9
868032061432054,1779926444,unknown,"{""tE"":{""N"":""71.96""},""hL"":{""N"":""57.7""},""wL"":{""N"":""26.886898""},""tL"":{""N"":""93.56""},""hR"":{""N"":""54.2""},""wR"":{""N"":""37.931057""},""hE"":{""N"":""83.6""},""tR"":{""N"":""89.42""}}",f4486408-f001-7017-6ea9-8539918b7be9
868032061432054,1779930042,unknown,"{""tE"":{""N"":""68""},""hL"":{""N"":""53""},""wL"":{""N"":""27.056044""},""tL"":{""N"":""93.2""},""hR"":{""N"":""54.2""},""wR"":{""N"":""37.924755""},""hE"":{""N"":""87.5""},""tR"":{""N"":""89.42""}}",f4486408-f001-7017-6ea9-8539918b7be9
868032061432054,1779933644,unknown,"{""tE"":{""N"":""65.84""},""hL"":{""N"":""54.6""},""wL"":{""N"":""27.167156""},""tL"":{""N"":""92.84""},""hR"":{""N"":""55.1""},""wR"":{""N"":""37.954433""},""hE"":{""N"":""89.8""},""tR"":{""N"":""87.8""}}",f4486408-f001-7017-6ea9-8539918b7be9
868032061432054,1779937243,unknown,"{""tE"":{""N"":""64.58""},""hL"":{""N"":""51""},""wL"":{""N"":""27.21653""},""tL"":{""N"":""92.84""},""hR"":{""N"":""55.1""},""wR"":{""N"":""38.032692""},""hE"":{""N"":""91.1""},""tR"":{""N"":""87.8""}}",f4486408-f001-7017-6ea9-8539918b7be9
868032061432054,1779940843,unknown,"{""tE"":{""N"":""63.86""},""hL"":{""N"":""51""},""wL"":{""N"":""27.219946""},""tL"":{""N"":""92.84""},""hR"":{""N"":""56.9""},""wR"":{""N"":""38.060833""},""hE"":{""N"":""91.7""},""tR"":{""N"":""85.28""}}",f4486408-f001-7017-6ea9-8539918b7be9
868032061432054,1779944443,unknown,"{""tE"":{""N"":""62.96""},""hL"":{""N"":""57.3""},""wL"":{""N"":""27.14531""},""tL"":{""N"":""93.2""},""hR"":{""N"":""56.9""},""wR"":{""N"":""38.152622""},""hE"":{""N"":""91.9""},""tR"":{""N"":""85.28""}}",f4486408-f001-7017-6ea9-8539918b7be9
868032061432054,1779944444,unknown,"{""tE"":{""N"":""63.14""},""hL"":{""N"":""54.6""},""wL"":{""N"":""27.142662""},""tL"":{""N"":""93.2""},""hR"":{""N"":""57.3""},""wR"":{""N"":""38.15491""},""hE"":{""N"":""92.9""},""tR"":{""N"":""84.74""}}",f4486408-f001-7017-6ea9-8539918b7be9
868032061432054,1779948046,unknown,"{""tE"":{""N"":""63.14""},""hL"":{""N"":""54.7""},""wL"":{""N"":""27.22346""},""tL"":{""N"":""93.2""},""hR"":{""N"":""57.3""},""wR"":{""N"":""38.359024""},""hE"":{""N"":""92.9""},""tR"":{""N"":""84.74""}}",f4486408-f001-7017-6ea9-8539918b7be9
868032061432054,1779951646,unknown,"{""tE"":{""N"":""63.14""},""hL"":{""N"":""50.9""},""wL"":{""N"":""27.222158""},""tL"":{""N"":""92.48""},""hR"":{""N"":""58.2""},""wR"":{""N"":""38.419456""},""hE"":{""N"":""93.2""},""tR"":{""N"":""83.48""}}",f4486408-f001-7017-6ea9-8539918b7be9
868032061432054,1779955246,unknown,"{""tE"":{""N"":""63.68""},""hL"":{""N"":""52.7""},""wL"":{""N"":""27.28053""},""tL"":{""N"":""92.84""},""hR"":{""N"":""58.2""},""wR"":{""N"":""38.424587""},""hE"":{""N"":""93.5""},""tR"":{""N"":""82.58""}}",f4486408-f001-7017-6ea9-8539918b7be9
868032061432054,1779958847,unknown,"{""tE"":{""N"":""63.32""},""hL"":{""N"":""52.3""},""wL"":{""N"":""27.304157""},""tL"":{""N"":""92.3""},""hR"":{""N"":""57.5""},""wR"":{""N"":""38.420624""},""hE"":{""N"":""93.2""},""tR"":{""N"":""82.58""}}",f4486408-f001-7017-6ea9-8539918b7be9
868032061432054,1779962446,unknown,"{""tE"":{""N"":""62.6""},""hL"":{""N"":""52.3""},""wL"":{""N"":""27.204836""},""tL"":{""N"":""92.3""},""hR"":{""N"":""57.8""},""wR"":{""N"":""38.42552""},""hE"":{""N"":""92.9""},""tR"":{""N"":""81.86""}}",f4486408-f001-7017-6ea9-8539918b7be9
868032061432054,1779966048,unknown,"{""tE"":{""N"":""62.24""},""hL"":{""N"":""52.3""},""wL"":{""N"":""27.230581""},""tL"":{""N"":""92.3""},""hR"":{""N"":""57.6""},""wR"":{""N"":""38.520718""},""hE"":{""N"":""93.2""},""tR"":{""N"":""80.96""}}",f4486408-f001-7017-6ea9-8539918b7be9
868032061432054,1779969646,unknown,"{""tE"":{""N"":""63.5""},""hL"":{""N"":""50.1""},""wL"":{""N"":""27.056044""},""tL"":{""N"":""91.04""},""hR"":{""N"":""59.1""},""wR"":{""N"":""38.659595""},""hE"":{""N"":""92""},""tR"":{""N"":""80.6""}}",f4486408-f001-7017-6ea9-8539918b7be9
868032061432054,1779973246,unknown,"{""tE"":{""N"":""67.46""},""hL"":{""N"":""52.3""},""wL"":{""N"":""26.94344""},""tL"":{""N"":""91.4""},""hR"":{""N"":""59.1""},""wR"":{""N"":""39.000813""},""hE"":{""N"":""86.6""},""tR"":{""N"":""80.6""}}",f4486408-f001-7017-6ea9-8539918b7be9
868032061432054,1779976846,unknown,"{""tE"":{""N"":""89.6""},""hL"":{""N"":""52.3""},""wL"":{""N"":""26.812502""},""tL"":{""N"":""91.4""},""hR"":{""N"":""58.5""},""wR"":{""N"":""38.714706""},""hE"":{""N"":""55.1""},""tR"":{""N"":""82.22""}}",f4486408-f001-7017-6ea9-8539918b7be9
868032061432054,1779980400,data.qo,"{""tE"":{""N"":""95""},""hL"":{""N"":""48.8""},""wL"":{""N"":""26.891758""},""tL"":{""N"":""92.12""},""hR"":{""N"":""58.5""},""wR"":{""N"":""38.478626""},""hE"":{""N"":""48.8""},""tR"":{""N"":""82.22""}}",f4486408-f001-7017-6ea9-8539918b7be9
868032061432054,1779984000,data.qo,"{""tE"":{""N"":""97.52""},""hL"":{""N"":""50.8""},""wL"":{""N"":""26.884155""},""tL"":{""N"":""91.94""},""hR"":{""N"":""54.3""},""wR"":{""N"":""38.609665""},""hE"":{""N"":""46.1""},""tR"":{""N"":""87.44""}}",f4486408-f001-7017-6ea9-8539918b7be9
868032061432054,1779987600,data.qo,"{""tE"":{""N"":""97.52""},""hL"":{""N"":""50.8""},""wL"":{""N"":""26.74932""},""tL"":{""N"":""91.94""},""hR"":{""N"":""54.6""},""wR"":{""N"":""38.641117""},""hE"":{""N"":""46.1""},""tR"":{""N"":""89.06""}}",f4486408-f001-7017-6ea9-8539918b7be9
868032061432054,1779991200,data.qo,"{""tE"":{""N"":""116.6""},""hL"":{""N"":""50.2""},""wL"":{""N"":""26.524014""},""tL"":{""N"":""93.56""},""hR"":{""N"":""52.1""},""wR"":{""N"":""37.85443""},""hE"":{""N"":""33.6""},""tR"":{""N"":""91.04""}}",f4486408-f001-7017-6ea9-8539918b7be9
868032061432054,1779994800,data.qo,"{""tE"":{""N"":""88.34""},""hL"":{""N"":""48.6""},""wL"":{""N"":""26.72728""},""tL"":{""N"":""95.36""},""hR"":{""N"":""52.3""},""wR"":{""N"":""37.299297""},""hE"":{""N"":""48""},""tR"":{""N"":""92.48""}}",f4486408-f001-7017-6ea9-8539918b7be9
868032061432054,1779998400,data.qo,"{""tE"":{""N"":""80.24""},""hL"":{""N"":""51.6""},""wL"":{""N"":""26.67704""},""tL"":{""N"":""94.1""},""hR"":{""N"":""51.4""},""wR"":{""N"":""37.119076""},""hE"":{""N"":""53.4""},""tR"":{""N"":""92.3""}}",f4486408-f001-7017-6ea9-8539918b7be9
868032061432054,1780002000,data.qo,"{""tE"":{""N"":""77.54""},""hL"":{""N"":""55""},""wL"":{""N"":""26.618525""},""tL"":{""N"":""94.28""},""hR"":{""N"":""52.9""},""wR"":{""N"":""37.0012""},""hE"":{""N"":""55.6""},""tR"":{""N"":""92.12""}}",f4486408-f001-7017-6ea9-8539918b7be9
868032061432054,1780005600,data.qo,"{""tE"":{""N"":""76.28""},""hL"":{""N"":""53.2""},""wL"":{""N"":""26.61405""},""tL"":{""N"":""94.28""},""hR"":{""N"":""52.9""},""wR"":{""N"":""36.991028""},""hE"":{""N"":""55.7""},""tR"":{""N"":""92.12""}}",f4486408-f001-7017-6ea9-8539918b7be9
868032061432054,1780009200,data.qo,"{""tE"":{""N"":""74.66""},""hL"":{""N"":""53""},""wL"":{""N"":""26.60173""},""tL"":{""N"":""93.56""},""hR"":{""N"":""50.3""},""wR"":{""N"":""36.964474""},""hE"":{""N"":""56.3""},""tR"":{""N"":""91.58""}}",f4486408-f001-7017-6ea9-8539918b7be9
868032061432054,1780012800,data.qo,"{""tE"":{""N"":""71.6""},""hL"":{""N"":""53""},""wL"":{""N"":""26.542494""},""tL"":{""N"":""93.56""},""hR"":{""N"":""48.8""},""wR"":{""N"":""36.958176""},""hE"":{""N"":""58.7""},""tR"":{""N"":""91.4""}}",f4486408-f001-7017-6ea9-8539918b7be9
868032061432054,1780016400,data.qo,"{""tE"":{""N"":""68.54""},""hL"":{""N"":""55""},""wL"":{""N"":""26.392115""},""tL"":{""N"":""93.56""},""hR"":{""N"":""48.8""},""wR"":{""N"":""36.90857""},""hE"":{""N"":""61.2""},""tR"":{""N"":""91.4""}}",f4486408-f001-7017-6ea9-8539918b7be9
868032061432054,1780020000,data.qo,"{""tE"":{""N"":""64.58""},""hL"":{""N"":""50.3""},""wL"":{""N"":""26.538065""},""tL"":{""N"":""93.56""},""hR"":{""N"":""51""},""wR"":{""N"":""36.79433""},""hE"":{""N"":""64.5""},""tR"":{""N"":""89.6""}}",f4486408-f001-7017-6ea9-8539918b7be9
868032061432054,1780023600,data.qo,"{""tE"":{""N"":""62.06""},""hL"":{""N"":""52.2""},""wL"":{""N"":""26.389708""},""tL"":{""N"":""93.74""},""hR"":{""N"":""50.7""},""wR"":{""N"":""36.784954""},""hE"":{""N"":""66.6""},""tR"":{""N"":""88.88""}}",f4486408-f001-7017-6ea9-8539918b7be9
868032061432054,1780027200,data.qo,"{""tE"":{""N"":""60.8""},""hL"":{""N"":""52.2""},""wL"":{""N"":""26.430803""},""tL"":{""N"":""93.74""},""hR"":{""N"":""51.3""},""wR"":{""N"":""36.794098""},""hE"":{""N"":""68.2""},""tR"":{""N"":""87.98""}}",f4486408-f001-7017-6ea9-8539918b7be9
868032061432054,1780030800,data.qo,"{""tE"":{""N"":""59.54""},""hL"":{""N"":""50""},""wL"":{""N"":""26.343512""},""tL"":{""N"":""93.38""},""hR"":{""N"":""55.5""},""wR"":{""N"":""36.807446""},""hE"":{""N"":""69.9""},""tR"":{""N"":""86.18""}}",f4486408-f001-7017-6ea9-8539918b7be9
868032061432054,1780034400,data.qo,"{""tE"":{""N"":""57.56""},""hL"":{""N"":""53""},""wL"":{""N"":""26.331915""},""tL"":{""N"":""93.56""},""hR"":{""N"":""55.5""},""wR"":{""N"":""36.728626""},""hE"":{""N"":""71.7""},""tR"":{""N"":""86.18""}}",f4486408-f001-7017-6ea9-8539918b7be9
868032061432054,1780038000,data.qo,"{""tE"":{""N"":""55.94""},""hL"":{""N"":""51.4""},""wL"":{""N"":""26.65245""},""tL"":{""N"":""93.2""},""hR"":{""N"":""53.3""},""wR"":{""N"":""36.772026""},""hE"":{""N"":""73.6""},""tR"":{""N"":""83.66""}}",f4486408-f001-7017-6ea9-8539918b7be9
868032061432054,1780041600,data.qo,"{""tE"":{""N"":""55.94""},""hL"":{""N"":""50.9""},""wL"":{""N"":""26.57305""},""tL"":{""N"":""93.2""},""hR"":{""N"":""55.1""},""wR"":{""N"":""36.793633""},""hE"":{""N"":""73.6""},""tR"":{""N"":""82.22""}}",f4486408-f001-7017-6ea9-8539918b7be9
868032061432054,1780045200,data.qo,"{""tE"":{""N"":""55.94""},""hL"":{""N"":""49.5""},""wL"":{""N"":""26.693161""},""tL"":{""N"":""92.84""},""hR"":{""N"":""56.7""},""wR"":{""N"":""36.945343""},""hE"":{""N"":""73.6""},""tR"":{""N"":""81.14""}}",f4486408-f001-7017-6ea9-8539918b7be9
868032061432054,1780048800,data.qo,"{""tE"":{""N"":""51.98""},""hL"":{""N"":""52.5""},""wL"":{""N"":""26.561983""},""tL"":{""N"":""93.02""},""hR"":{""N"":""59.4""},""wR"":{""N"":""36.8144""},""hE"":{""N"":""76.9""},""tR"":{""N"":""80.24""}}",f4486408-f001-7017-6ea9-8539918b7be9
868032061432054,1780052400,data.qo,"{""tE"":{""N"":""51.26""},""hL"":{""N"":""54.1""},""wL"":{""N"":""26.420698""},""tL"":{""N"":""92.84""},""hR"":{""N"":""59.4""},""wR"":{""N"":""36.863445""},""hE"":{""N"":""77.7""},""tR"":{""N"":""80.24""}}",f4486408-f001-7017-6ea9-8539918b7be9
868032061432054,1780056000,data.qo,"{""tE"":{""N"":""51.8""},""hL"":{""N"":""54.1""},""wL"":{""N"":""26.463285""},""tL"":{""N"":""92.84""},""hR"":{""N"":""57.1""},""wR"":{""N"":""36.976795""},""hE"":{""N"":""77.3""},""tR"":{""N"":""78.26""}}",f4486408-f001-7017-6ea9-8539918b7be9
868032061432054,1780059600,data.qo,"{""tE"":{""N"":""51.8""},""hL"":{""N"":""54.1""},""wL"":{""N"":""26.467327""},""tL"":{""N"":""92.84""},""hR"":{""N"":""56.8""},""wR"":{""N"":""38.00278""},""hE"":{""N"":""77.3""},""tR"":{""N"":""78.08""}}",f4486408-f001-7017-6ea9-8539918b7be9
868032061432054,1780063200,data.qo,"{""tE"":{""N"":""95.9""},""hL"":{""N"":""52.9""},""wL"":{""N"":""26.37657""},""tL"":{""N"":""92.48""},""hR"":{""N"":""64.5""},""wR"":{""N"":""37.8654""},""hE"":{""N"":""41.6""},""tR"":{""N"":""80.42""}}",f4486408-f001-7017-6ea9-8539918b7be9
868032061432054,1780066800,data.qo,"{""tE"":{""N"":""108.32""},""hL"":{""N"":""46.7""},""wL"":{""N"":""26.206173""},""tL"":{""N"":""93.2""},""hR"":{""N"":""64""},""wR"":{""N"":""37.61863""},""hE"":{""N"":""34.4""},""tR"":{""N"":""85.82""}}",f4486408-f001-7017-6ea9-8539918b7be9
868032061432054,1780070400,data.qo,"{""tE"":{""N"":""111.38""},""hL"":{""N"":""49.7""},""wL"":{""N"":""26.194624""},""tL"":{""N"":""94.1""},""hR"":{""N"":""56.2""},""wR"":{""N"":""37.25329""},""hE"":{""N"":""31.8""},""tR"":{""N"":""89.6""}}",f4486408-f001-7017-6ea9-8539918b7be9
868032061432054,1780074000,data.qo,"{""tE"":{""N"":""101.84""},""hL"":{""N"":""46.7""},""wL"":{""N"":""26.060125""},""tL"":{""N"":""94.1""},""hR"":{""N"":""57.2""},""wR"":{""N"":""37.18385""},""hE"":{""N"":""36.1""},""tR"":{""N"":""91.94""}}",f4486408-f001-7017-6ea9-8539918b7be9
868032061432054,1780077600,data.qo,"{""tE"":{""N"":""106.7""},""hL"":{""N"":""47""},""wL"":{""N"":""25.965229""},""tL"":{""N"":""95""},""hR"":{""N"":""56.5""},""wR"":{""N"":""36.7976""},""hE"":{""N"":""32""},""tR"":{""N"":""93.2""}}",f4486408-f001-7017-6ea9-8539918b7be9
868032061432054,1780081200,data.qo,"{""tE"":{""N"":""85.1""},""hL"":{""N"":""44""},""wL"":{""N"":""26.16527""},""tL"":{""N"":""95.36""},""hR"":{""N"":""54.2""},""wR"":{""N"":""36.656857""},""hE"":{""N"":""43""},""tR"":{""N"":""93.56""}}",f4486408-f001-7017-6ea9-8539918b7be9
868032061432054,1780084800,data.qo,"{""tE"":{""N"":""75.2""},""hL"":{""N"":""46.4""},""wL"":{""N"":""26.168543""},""tL"":{""N"":""93.56""},""hR"":{""N"":""52""},""wR"":{""N"":""36.536644""},""hE"":{""N"":""50.3""},""tR"":{""N"":""92.3""}}",f4486408-f001-7017-6ea9-8539918b7be9
868032061432054,1780088400,data.qo,"{""tE"":{""N"":""74.3""},""hL"":{""N"":""51.8""},""wL"":{""N"":""26.053532""},""tL"":{""N"":""93.2""},""hR"":{""N"":""53""},""wR"":{""N"":""36.552746""},""hE"":{""N"":""52.4""},""tR"":{""N"":""91.76""}}",f4486408-f001-7017-6ea9-8539918b7be9
868032061432054,1780092000,data.qo,"{""tE"":{""N"":""72.5""},""hL"":{""N"":""48.2""},""wL"":{""N"":""26.286102""},""tL"":{""N"":""93.02""},""hR"":{""N"":""53""},""wR"":{""N"":""36.62013""},""hE"":{""N"":""55""},""tR"":{""N"":""91.76""}}",f4486408-f001-7017-6ea9-8539918b7be9
868032061432054,1780095600,data.qo,"{""tE"":{""N"":""71.06""},""hL"":{""N"":""47.2""},""wL"":{""N"":""25.823175""},""tL"":{""N"":""92.84""},""hR"":{""N"":""52.3""},""wR"":{""N"":""36.620502""},""hE"":{""N"":""56.8""},""tR"":{""N"":""91.58""}}",f4486408-f001-7017-6ea9-8539918b7be9
868032061432054,1780099200,data.qo,"{""tE"":{""N"":""69.26""},""hL"":{""N"":""54.3""},""wL"":{""N"":""25.896463""},""tL"":{""N"":""93.02""},""hR"":{""N"":""53""},""wR"":{""N"":""36.698483""},""hE"":{""N"":""59.3""},""tR"":{""N"":""91.76""}}",f4486408-f001-7017-6ea9-8539918b7be9
868032061432054,1780102800,data.qo,"{""tE"":{""N"":""66.56""},""hL"":{""N"":""54.7""},""wL"":{""N"":""25.82457""},""tL"":{""N"":""92.84""},""hR"":{""N"":""53""},""wR"":{""N"":""36.602676""},""hE"":{""N"":""62.3""},""tR"":{""N"":""91.76""}}",f4486408-f001-7017-6ea9-8539918b7be9
868032061432054,1780106400,data.qo,"{""tE"":{""N"":""64.76""},""hL"":{""N"":""57.6""},""wL"":{""N"":""25.591808""},""tL"":{""N"":""93.02""},""hR"":{""N"":""52.7""},""wR"":{""N"":""36.68747""},""hE"":{""N"":""64.5""},""tR"":{""N"":""90.5""}}",f4486408-f001-7017-6ea9-8539918b7be9
868032061432054,1780110000,data.qo,"{""tE"":{""N"":""63.86""},""hL"":{""N"":""54.3""},""wL"":{""N"":""25.746325""},""tL"":{""N"":""92.84""},""hR"":{""N"":""52.7""},""wR"":{""N"":""36.709496""},""hE"":{""N"":""66.4""},""tR"":{""N"":""90.5""}}",f4486408-f001-7017-6ea9-8539918b7be9
868032061432054,1780113600,data.qo,"{""tE"":{""N"":""63.32""},""hL"":{""N"":""57.5""},""wL"":{""N"":""25.596619""},""tL"":{""N"":""92.84""},""hR"":{""N"":""52.7""},""wR"":{""N"":""36.769135""},""hE"":{""N"":""67.9""},""tR"":{""N"":""89.6""}}",f4486408-f001-7017-6ea9-8539918b7be9
868032061432054,1780117200,data.qo,"{""tE"":{""N"":""62.78""},""hL"":{""N"":""57.5""},""wL"":{""N"":""25.628813""},""tL"":{""N"":""92.84""},""hR"":{""N"":""52.5""},""wR"":{""N"":""36.758728""},""hE"":{""N"":""69""},""tR"":{""N"":""88.7""}}",f4486408-f001-7017-6ea9-8539918b7be9
868032061432054,1780120800,data.qo,"{""tE"":{""N"":""62.6""},""hL"":{""N"":""57.5""},""wL"":{""N"":""25.648062""},""tL"":{""N"":""92.84""},""hR"":{""N"":""52.9""},""wR"":{""N"":""36.799793""},""hE"":{""N"":""69.4""},""tR"":{""N"":""88.34""}}",f4486408-f001-7017-6ea9-8539918b7be9
868032061432054,1780124400,data.qo,"{""tE"":{""N"":""62.96""},""hL"":{""N"":""57.5""},""wL"":{""N"":""25.930775""},""tL"":{""N"":""92.84""},""hR"":{""N"":""53.3""},""wR"":{""N"":""36.952015""},""hE"":{""N"":""70.4""},""tR"":{""N"":""87.26""}}",f4486408-f001-7017-6ea9-8539918b7be9
868032061432054,1780128000,data.qo,"{""tE"":{""N"":""64.4""},""hL"":{""N"":""50.9""},""wL"":{""N"":""26.003677""},""tL"":{""N"":""92.3""},""hR"":{""N"":""53.9""},""wR"":{""N"":""37.037086""},""hE"":{""N"":""71.8""},""tR"":{""N"":""86.54""}}",f4486408-f001-7017-6ea9-8539918b7be9
868032061432054,1780131600,data.qo,"{""tE"":{""N"":""65.3""},""hL"":{""N"":""50.9""},""wL"":{""N"":""25.99314""},""tL"":{""N"":""92.3""},""hR"":{""N"":""56.1""},""wR"":{""N"":""37.048332""},""hE"":{""N"":""73.2""},""tR"":{""N"":""85.82""}}",f4486408-f001-7017-6ea9-8539918b7be9
868032061432054,1780135200,data.qo,"{""tE"":{""N"":""65.12""},""hL"":{""N"":""50.9""},""wL"":{""N"":""26.221283""},""tL"":{""N"":""92.3""},""hR"":{""N"":""55.9""},""wR"":{""N"":""37.033913""},""hE"":{""N"":""75.5""},""tR"":{""N"":""85.46""}}",f4486408-f001-7017-6ea9-8539918b7be9
868032061432054,1780138800,data.qo,"{""tE"":{""N"":""63.86""},""hL"":{""N"":""50.9""},""wL"":{""N"":""26.213968""},""tL"":{""N"":""92.3""},""hR"":{""N"":""53.8""},""wR"":{""N"":""36.995693""},""hE"":{""N"":""77.2""},""tR"":{""N"":""84.38""}}",f4486408-f001-7017-6ea9-8539918b7be9
868032061432054,1780142400,data.qo,"{""tE"":{""N"":""64.58""},""hL"":{""N"":""50""},""wL"":{""N"":""26.095493""},""tL"":{""N"":""91.94""},""hR"":{""N"":""53.8""},""wR"":{""N"":""36.91683""},""hE"":{""N"":""76""},""tR"":{""N"":""84.38""}}",f4486408-f001-7017-6ea9-8539918b7be9
868032061432054,1780146000,data.qo,"{""tE"":{""N"":""64.76""},""hL"":{""N"":""50""},""wL"":{""N"":""26.10555""},""tL"":{""N"":""91.94""},""hR"":{""N"":""53""},""wR"":{""N"":""37.0859""},""hE"":{""N"":""75.1""},""tR"":{""N"":""84.56""}}",f4486408-f001-7017-6ea9-8539918b7be9
868032061432054,1780149600,data.qo,"{""tE"":{""N"":""69.44""},""hL"":{""N"":""50""},""wL"":{""N"":""25.84045""},""tL"":{""N"":""91.94""},""hR"":{""N"":""52.4""},""wR"":{""N"":""37.21222""},""hE"":{""N"":""70.2""},""tR"":{""N"":""84.92""}}",f4486408-f001-7017-6ea9-8539918b7be9
868032061432054,1780153200,data.qo,"{""tE"":{""N"":""91.94""},""hL"":{""N"":""51.9""},""wL"":{""N"":""25.812685""},""tL"":{""N"":""92.48""},""hR"":{""N"":""53.9""},""wR"":{""N"":""37.104984""},""hE"":{""N"":""48.3""},""tR"":{""N"":""85.46""}}",f4486408-f001-7017-6ea9-8539918b7be9
868032061432054,1780156800,data.qo,"{""tE"":{""N"":""81.86""},""hL"":{""N"":""48.8""},""wL"":{""N"":""25.77255""},""tL"":{""N"":""92.66""},""hR"":{""N"":""52""},""wR"":{""N"":""37.08781""},""hE"":{""N"":""55.9""},""tR"":{""N"":""87.8""}}",f4486408-f001-7017-6ea9-8539918b7be9
868032061432054,1780160400,data.qo,"{""tE"":{""N"":""79.88""},""hL"":{""N"":""50.9""},""wL"":{""N"":""25.660429""},""tL"":{""N"":""93.2""},""hR"":{""N"":""52.7""},""wR"":{""N"":""37.085106""},""hE"":{""N"":""58.2""},""tR"":{""N"":""89.6""}}",f4486408-f001-7017-6ea9-8539918b7be9
868032061432054,1780164000,data.qo,"{""tE"":{""N"":""81.32""},""hL"":{""N"":""52.3""},""wL"":{""N"":""25.552925""},""tL"":{""N"":""93.56""},""hR"":{""N"":""53.1""},""wR"":{""N"":""37.267193""},""hE"":{""N"":""57.4""},""tR"":{""N"":""91.22""}}",f4486408-f001-7017-6ea9-8539918b7be9
868032061432054,1780167600,data.qo,"{""tE"":{""N"":""86.36""},""hL"":{""N"":""53.9""},""wL"":{""N"":""25.845648""},""tL"":{""N"":""93.92""},""hR"":{""N"":""52.7""},""wR"":{""N"":""37.12052""},""hE"":{""N"":""52.4""},""tR"":{""N"":""92.3""}}",f4486408-f001-7017-6ea9-8539918b7be9
868032061432054,1780171200,data.qo,"{""tE"":{""N"":""86.36""},""hL"":{""N"":""52.6""},""wL"":{""N"":""25.834244""},""tL"":{""N"":""93.92""},""hR"":{""N"":""54.2""},""wR"":{""N"":""36.99999""},""hE"":{""N"":""52.4""},""tR"":{""N"":""92.84""}}",f4486408-f001-7017-6ea9-8539918b7be9
868032061432054,1780174800,data.qo,"{""tE"":{""N"":""77.9""},""hL"":{""N"":""52.6""},""wL"":{""N"":""26.121864""},""tL"":{""N"":""93.92""},""hR"":{""N"":""54.9""},""wR"":{""N"":""36.998074""},""hE"":{""N"":""59.1""},""tR"":{""N"":""93.02""}}",f4486408-f001-7017-6ea9-8539918b7be9
868032061432054,1780178400,data.qo,"{""tE"":{""N"":""75.92""},""hL"":{""N"":""54.8""},""wL"":{""N"":""26.112963""},""tL"":{""N"":""93.56""},""hR"":{""N"":""54.9""},""wR"":{""N"":""37.047913""},""hE"":{""N"":""61.4""},""tR"":{""N"":""93.02""}}",f4486408-f001-7017-6ea9-8539918b7be9
868032061432054,1780182000,data.qo,"{""tE"":{""N"":""71.6""},""hL"":{""N"":""54.6""},""wL"":{""N"":""25.85715""},""tL"":{""N"":""93.02""},""hR"":{""N"":""54.4""},""wR"":{""N"":""36.85719""},""hE"":{""N"":""65""},""tR"":{""N"":""92.84""}}",f4486408-f001-7017-6ea9-8539918b7be9
868032061432054,1780185600,data.qo,"{""tE"":{""N"":""69.08""},""hL"":{""N"":""55.8""},""wL"":{""N"":""25.755613""},""tL"":{""N"":""92.84""},""hR"":{""N"":""54.2""},""wR"":{""N"":""36.984726""},""hE"":{""N"":""68.1""},""tR"":{""N"":""92.66""}}",f4486408-f001-7017-6ea9-8539918b7be9
868032061432054,1780189200,data.qo,"{""tE"":{""N"":""65.48""},""hL"":{""N"":""56.5""},""wL"":{""N"":""25.81533""},""tL"":{""N"":""92.48""},""hR"":{""N"":""54.2""},""wR"":{""N"":""36.889576""},""hE"":{""N"":""71.2""},""tR"":{""N"":""92.66""}}",f4486408-f001-7017-6ea9-8539918b7be9
868032061432054,1780192800,data.qo,"{""tE"":{""N"":""61.7""},""hL"":{""N"":""56.5""},""wL"":{""N"":""25.926973""},""tL"":{""N"":""92.48""},""hR"":{""N"":""50.3""},""wR"":{""N"":""36.820465""},""hE"":{""N"":""74.2""},""tR"":{""N"":""91.04""}}",f4486408-f001-7017-6ea9-8539918b7be9
868032061432054,1780196400,data.qo,"{""tE"":{""N"":""57.92""},""hL"":{""N"":""54.8""},""wL"":{""N"":""26.318584""},""tL"":{""N"":""92.84""},""hR"":{""N"":""50.3""},""wR"":{""N"":""36.84207""},""hE"":{""N"":""74.4""},""tR"":{""N"":""89.6""}}",f4486408-f001-7017-6ea9-8539918b7be9
868032061432054,1780200000,data.qo,"{""tE"":{""N"":""55.04""},""hL"":{""N"":""54.3""},""wL"":{""N"":""26.587198""},""tL"":{""N"":""92.48""},""hR"":{""N"":""50.3""},""wR"":{""N"":""36.92439""},""hE"":{""N"":""74.4""},""tR"":{""N"":""87.8""}}",f4486408-f001-7017-6ea9-8539918b7be9
868032061432054,1780203600,data.qo,"{""tE"":{""N"":""53.24""},""hL"":{""N"":""52.1""},""wL"":{""N"":""26.370218""},""tL"":{""N"":""92.48""},""hR"":{""N"":""50.3""},""wR"":{""N"":""36.820045""},""hE"":{""N"":""74.7""},""tR"":{""N"":""87.8""}}",f4486408-f001-7017-6ea9-8539918b7be9
868032061432054,1780207200,data.qo,"{""tE"":{""N"":""52.52""},""hL"":{""N"":""54.9""},""wL"":{""N"":""26.558037""},""tL"":{""N"":""92.48""},""hR"":{""N"":""50.3""},""wR"":{""N"":""37.166676""},""hE"":{""N"":""75.1""},""tR"":{""N"":""87.8""}}",f4486408-f001-7017-6ea9-8539918b7be9
868032061432054,1780210800,data.qo,"{""tE"":{""N"":""53.6""},""hL"":{""N"":""54.9""},""wL"":{""N"":""26.440428""},""tL"":{""N"":""92.48""},""hR"":{""N"":""54.6""},""wR"":{""N"":""37.097797""},""hE"":{""N"":""74.4""},""tR"":{""N"":""82.58""}}",f4486408-f001-7017-6ea9-8539918b7be9
868032061432054,1780214400,data.qo,"{""tE"":{""N"":""53.6""},""hL"":{""N"":""48.4""},""wL"":{""N"":""26.466799""},""tL"":{""N"":""91.4""},""hR"":{""N"":""51.9""},""wR"":{""N"":""36.787006""},""hE"":{""N"":""74.4""},""tR"":{""N"":""79.88""}}",f4486408-f001-7017-6ea9-8539918b7be9
868032061432054,1780218000,data.qo,"{""tE"":{""N"":""51.44""},""hL"":{""N"":""50.7""},""wL"":{""N"":""26.384655""},""tL"":{""N"":""91.76""},""hR"":{""N"":""55.5""},""wR"":{""N"":""36.951035""},""hE"":{""N"":""73.3""},""tR"":{""N"":""77.72""}}",f4486408-f001-7017-6ea9-8539918b7be9
868032061432054,1780221600,data.qo,"{""tE"":{""N"":""52.7""},""hL"":{""N"":""46.7""},""wL"":{""N"":""26.570066""},""tL"":{""N"":""91.58""},""hR"":{""N"":""54.5""},""wR"":{""N"":""36.980946""},""hE"":{""N"":""71.5""},""tR"":{""N"":""77.9""}}",f4486408-f001-7017-6ea9-8539918b7be9
868032061432054,1780225200,data.qo,"{""tE"":{""N"":""52.34""},""hL"":{""N"":""46.7""},""wL"":{""N"":""26.60914""},""tL"":{""N"":""91.58""},""hR"":{""N"":""61.6""},""wR"":{""N"":""36.97502""},""hE"":{""N"":""71.1""},""tR"":{""N"":""76.64""}}",f4486408-f001-7017-6ea9-8539918b7be9
868032061432054,1780228800,data.qo,"{""tE"":{""N"":""52.34""},""hL"":{""N"":""44.7""},""wL"":{""N"":""26.473679""},""tL"":{""N"":""91.22""},""hR"":{""N"":""52.1""},""wR"":{""N"":""36.897182""},""hE"":{""N"":""70.8""},""tR"":{""N"":""76.28""}}",f4486408-f001-7017-6ea9-8539918b7be9
868032061432054,1780232400,data.qo,"{""tE"":{""N"":""52.52""},""hL"":{""N"":""50.5""},""wL"":{""N"":""26.37224""},""tL"":{""N"":""91.22""},""hR"":{""N"":""53.3""},""wR"":{""N"":""36.84669""},""hE"":{""N"":""70.7""},""tR"":{""N"":""76.64""}}",f4486408-f001-7017-6ea9-8539918b7be9
868032061432054,1780236000,data.qo,"{""tL"":{""N"":""91.58""},""hL"":{""N"":""50""},""wL"":{""N"":""26.169842""},""hR"":{""N"":""53.2""},""tE"":{""N"":""55.04""},""hE"":{""N"":""69""},""tR"":{""N"":""77.18""},""wR"":{""N"":""36.852615""}}",f4486408-f001-7017-6ea9-8539918b7be9
868032061432054,1780239600,data.qo,"{""tE"":{""N"":""55.04""},""hL"":{""N"":""46.9""},""wL"":{""N"":""26.121286""},""tL"":{""N"":""91.4""},""hR"":{""N"":""57.9""},""wR"":{""N"":""36.89424""},""hE"":{""N"":""69""},""tR"":{""N"":""78.26""}}",f4486408-f001-7017-6ea9-8539918b7be9
868032061432054,1780243200,data.qo,"{""tE"":{""N"":""74.48""},""hL"":{""N"":""46.9""},""wL"":{""N"":""25.969078""},""tL"":{""N"":""91.4""},""hR"":{""N"":""57.6""},""wR"":{""N"":""36.78346""},""hE"":{""N"":""53.5""},""tR"":{""N"":""80.06""}}",f4486408-f001-7017-6ea9-8539918b7be9
868032061432054,1780246800,data.qo,"{""tE"":{""N"":""67.1""},""hL"":{""N"":""41.7""},""wL"":{""N"":""25.551771""},""tL"":{""N"":""91.76""},""hR"":{""N"":""54.4""},""wR"":{""N"":""36.779724""},""hE"":{""N"":""60""},""tR"":{""N"":""82.76""}}",f4486408-f001-7017-6ea9-8539918b7be9
868032061432054,1780250400,data.qo,"{""tE"":{""N"":""76.1""},""hL"":{""N"":""45.3""},""wL"":{""N"":""25.494987""},""tL"":{""N"":""92.12""},""hR"":{""N"":""54.6""},""wR"":{""N"":""36.765633""},""hE"":{""N"":""52.2""},""tR"":{""N"":""85.1""}}",f4486408-f001-7017-6ea9-8539918b7be9
868032061432054,1780254000,data.qo,"{""tE"":{""N"":""76.1""},""hL"":{""N"":""43.2""},""wL"":{""N"":""25.434788""},""tL"":{""N"":""92.3""},""hR"":{""N"":""53.1""},""wR"":{""N"":""36.72466""},""hE"":{""N"":""51.6""},""tR"":{""N"":""87.44""}}",f4486408-f001-7017-6ea9-8539918b7be9
868032061432054,1780257600,data.qo,"{""tE"":{""N"":""70.52""},""hL"":{""N"":""43.2""},""wL"":{""N"":""25.546429""},""tL"":{""N"":""92.3""},""hR"":{""N"":""50.8""},""wR"":{""N"":""36.77366""},""hE"":{""N"":""58""},""tR"":{""N"":""88.16""}}",f4486408-f001-7017-6ea9-8539918b7be9
868032061432054,1780261200,data.qo,"{""tE"":{""N"":""69.62""},""hL"":{""N"":""45.4""},""wL"":{""N"":""25.472803""},""tL"":{""N"":""92.12""},""hR"":{""N"":""54.2""},""wR"":{""N"":""36.74818""},""hE"":{""N"":""60""},""tR"":{""N"":""88.7""}}",f4486408-f001-7017-6ea9-8539918b7be9
868032061432054,1780264800,data.qo,"{""tE"":{""N"":""68.54""},""hL"":{""N"":""50.5""},""wL"":{""N"":""25.621065""},""tL"":{""N"":""92.12""},""hR"":{""N"":""54.2""},""wR"":{""N"":""36.90829""},""hE"":{""N"":""62.4""},""tR"":{""N"":""88.7""}}",f4486408-f001-7017-6ea9-8539918b7be9
868032061432054,1780268400,data.qo,"{""tE"":{""N"":""66.74""},""hL"":{""N"":""48.7""},""wL"":{""N"":""25.698011""},""tL"":{""N"":""92.12""},""hR"":{""N"":""52.3""},""wR"":{""N"":""36.88211""},""hE"":{""N"":""64.1""},""tR"":{""N"":""89.6""}}",f4486408-f001-7017-6ea9-8539918b7be9
868032061432054,1780272000,data.qo,"{""tE"":{""N"":""64.58""},""hL"":{""N"":""50.7""},""wL"":{""N"":""25.53334""},""tL"":{""N"":""91.94""},""hR"":{""N"":""51.1""},""wR"":{""N"":""36.91986""},""hE"":{""N"":""66.2""},""tR"":{""N"":""89.24""}}",f4486408-f001-7017-6ea9-8539918b7be9
868032061432054,1780275600,data.qo,"{""tE"":{""N"":""62.42""},""hL"":{""N"":""52.8""},""wL"":{""N"":""25.4754""},""tL"":{""N"":""92.3""},""hR"":{""N"":""51.9""},""wR"":{""N"":""36.88477""},""hE"":{""N"":""68.7""},""tR"":{""N"":""89.42""}}",f4486408-f001-7017-6ea9-8539918b7be9
868032061432054,1780279200,data.qo,"{""tE"":{""N"":""60.08""},""hL"":{""N"":""52.5""},""wL"":{""N"":""25.42911""},""tL"":{""N"":""92.3""},""hR"":{""N"":""51.5""},""wR"":{""N"":""36.808987""},""hE"":{""N"":""71.4""},""tR"":{""N"":""88.16""}}",f4486408-f001-7017-6ea9-8539918b7be9
868032061432054,1780282800,data.qo,"{""tE"":{""N"":""59""},""hL"":{""N"":""53.8""},""wL"":{""N"":""25.723131""},""tL"":{""N"":""92.48""},""hR"":{""N"":""54.7""},""wR"":{""N"":""36.886124""},""hE"":{""N"":""73""},""tR"":{""N"":""87.08""}}",f4486408-f001-7017-6ea9-8539918b7be9
868032061432054,1780286400,data.qo,"{""tE"":{""N"":""57.92""},""hL"":{""N"":""53.8""},""wL"":{""N"":""25.198704""},""tL"":{""N"":""92.48""},""hR"":{""N"":""54""},""wR"":{""N"":""36.78873""},""hE"":{""N"":""74.5""},""tR"":{""N"":""86""}}",f4486408-f001-7017-6ea9-8539918b7be9
868032061432054,1780290000,data.qo,"{""tE"":{""N"":""58.46""},""hL"":{""N"":""53.3""},""wL"":{""N"":""25.263235""},""tL"":{""N"":""92.48""},""hR"":{""N"":""54""},""wR"":{""N"":""36.89961""},""hE"":{""N"":""74.9""},""tR"":{""N"":""86""}}",f4486408-f001-7017-6ea9-8539918b7be9
868032061432054,1780293600,data.qo,"{""tE"":{""N"":""57.38""},""hL"":{""N"":""53.7""},""wL"":{""N"":""25.365974""},""tL"":{""N"":""92.3""},""hR"":{""N"":""58.1""},""wR"":{""N"":""36.86041""},""hE"":{""N"":""76.2""},""tR"":{""N"":""84.74""}}",f4486408-f001-7017-6ea9-8539918b7be9
868032061432054,1780297200,data.qo,"{""tE"":{""N"":""56.3""},""hL"":{""N"":""52.8""},""wL"":{""N"":""25.29028""},""tL"":{""N"":""92.12""},""hR"":{""N"":""58.1""},""wR"":{""N"":""36.88799""},""hE"":{""N"":""77.3""},""tR"":{""N"":""84.74""}}",f4486408-f001-7017-6ea9-8539918b7be9
868032061432054,1780300800,data.qo,"{""tE"":{""N"":""57.38""},""hL"":{""N"":""48.9""},""wL"":{""N"":""25.325552""},""tL"":{""N"":""92.3""},""hR"":{""N"":""55.4""},""wR"":{""N"":""36.93573""},""hE"":{""N"":""77.5""},""tR"":{""N"":""83.66""}}",f4486408-f001-7017-6ea9-8539918b7be9
868032061432054,1780304400,data.qo,"{""tE"":{""N"":""58.46""},""hL"":{""N"":""52.6""},""wL"":{""N"":""25.487385""},""tL"":{""N"":""92.12""},""hR"":{""N"":""55.4""},""wR"":{""N"":""37.055893""},""hE"":{""N"":""77.8""},""tR"":{""N"":""83.66""}}",f4486408-f001-7017-6ea9-8539918b7be9
868032061432054,1780308000,data.qo,"{""tE"":{""N"":""58.82""},""hL"":{""N"":""49.6""},""wL"":{""N"":""25.506248""},""tL"":{""N"":""92.12""},""hR"":{""N"":""55.1""},""wR"":{""N"":""37.20452""},""hE"":{""N"":""78.4""},""tR"":{""N"":""82.22""}}",f4486408-f001-7017-6ea9-8539918b7be9
868032061432054,1780311600,data.qo,"{""tE"":{""N"":""58.82""},""hL"":{""N"":""48.6""},""wL"":{""N"":""25.501194""},""tL"":{""N"":""91.76""},""hR"":{""N"":""55.7""},""wR"":{""N"":""37.183567""},""hE"":{""N"":""78.4""},""tR"":{""N"":""81.5""}}",f4486408-f001-7017-6ea9-8539918b7be9
868032061432054,1780315200,data.qo,"{""tE"":{""N"":""60.98""},""hL"":{""N"":""48.9""},""wL"":{""N"":""25.322712""},""tL"":{""N"":""91.94""},""hR"":{""N"":""55.7""},""wR"":{""N"":""37.29216""},""hE"":{""N"":""79.4""},""tR"":{""N"":""81.5""}}",f4486408-f001-7017-6ea9-8539918b7be9
868032061432054,1780318800,data.qo,"{""tE"":{""N"":""64.94""},""hL"":{""N"":""46.1""},""wL"":{""N"":""25.411064""},""tL"":{""N"":""91.94""},""hR"":{""N"":""55.7""},""wR"":{""N"":""37.345543""},""hE"":{""N"":""76.1""},""tR"":{""N"":""81.5""}}",f4486408-f001-7017-6ea9-8539918b7be9
868032061432054,1780322400,data.qo,"{""tE"":{""N"":""64.94""},""hL"":{""N"":""49.1""},""wL"":{""N"":""25.444893""},""tL"":{""N"":""92.12""},""hR"":{""N"":""54.4""},""wR"":{""N"":""37.596558""},""hE"":{""N"":""76.1""},""tR"":{""N"":""84.74""}}",f4486408-f001-7017-6ea9-8539918b7be9
868032061432054,1780326000,data.qo,"{""tE"":{""N"":""94.28""},""hL"":{""N"":""45.9""},""wL"":{""N"":""25.46005""},""tL"":{""N"":""92.3""},""hR"":{""N"":""55.2""},""wR"":{""N"":""37.11203""},""hE"":{""N"":""47.1""},""tR"":{""N"":""85.82""}}",f4486408-f001-7017-6ea9-8539918b7be9
868032061432054,1780329600,data.qo,"{""tE"":{""N"":""86""},""hL"":{""N"":""45.9""},""wL"":{""N"":""25.271801""},""tL"":{""N"":""92.3""},""hR"":{""N"":""53.6""},""wR"":{""N"":""37.3056""},""hE"":{""N"":""48.5""},""tR"":{""N"":""87.62""}}",f4486408-f001-7017-6ea9-8539918b7be9
868032061432054,1780333200,data.qo,"{""tE"":{""N"":""88.7""},""hL"":{""N"":""52.1""},""wL"":{""N"":""25.455336""},""tL"":{""N"":""92.48""},""hR"":{""N"":""53.6""},""wR"":{""N"":""37.189075""},""hE"":{""N"":""46.7""},""tR"":{""N"":""87.62""}}",f4486408-f001-7017-6ea9-8539918b7be9
868032061432054,1780336800,data.qo,"{""tE"":{""N"":""70.34""},""hL"":{""N"":""47.5""},""wL"":{""N"":""25.522224""},""tL"":{""N"":""92.48""},""hR"":{""N"":""51.3""},""wR"":{""N"":""37.173817""},""hE"":{""N"":""60.8""},""tR"":{""N"":""89.96""}}",f4486408-f001-7017-6ea9-8539918b7be9
868032061432054,1780340400,data.qo,"{""tE"":{""N"":""69.26""},""hL"":{""N"":""47.9""},""wL"":{""N"":""25.605618""},""tL"":{""N"":""92.66""},""hR"":{""N"":""49.4""},""wR"":{""N"":""37.224586""},""hE"":{""N"":""62.7""},""tR"":{""N"":""89.42""}}",f4486408-f001-7017-6ea9-8539918b7be9
868032061432054,1780344000,data.qo,"{""tE"":{""N"":""70.7""},""hL"":{""N"":""53.2""},""wL"":{""N"":""25.534061""},""tL"":{""N"":""92.66""},""hR"":{""N"":""49.4""},""wR"":{""N"":""37.145584""},""hE"":{""N"":""62.5""},""tR"":{""N"":""89.42""}}",f4486408-f001-7017-6ea9-8539918b7be9
868032061432054,1780347600,data.qo,"{""tE"":{""N"":""72.68""},""hL"":{""N"":""52.9""},""wL"":{""N"":""25.518085""},""tL"":{""N"":""92.66""},""hR"":{""N"":""50.9""},""wR"":{""N"":""37.10951""},""hE"":{""N"":""62.1""},""tR"":{""N"":""90.14""}}",f4486408-f001-7017-6ea9-8539918b7be9
868032061432054,1780351200,data.qo,"{""tE"":{""N"":""72.68""},""hL"":{""N"":""50.8""},""wL"":{""N"":""25.61399""},""tL"":{""N"":""93.02""},""hR"":{""N"":""51.1""},""wR"":{""N"":""37.118797""},""hE"":{""N"":""62.1""},""tR"":{""N"":""90.5""}}",f4486408-f001-7017-6ea9-8539918b7be9
868032061432054,1780354800,data.qo,"{""tE"":{""N"":""70.52""},""hL"":{""N"":""50.8""},""wL"":{""N"":""25.644548""},""tL"":{""N"":""93.02""},""hR"":{""N"":""47.8""},""wR"":{""N"":""37.1411""},""hE"":{""N"":""60.3""},""tR"":{""N"":""91.04""}}",f4486408-f001-7017-6ea9-8539918b7be9
868032061432054,1780358400,data.qo,"{""tE"":{""N"":""68.36""},""hL"":{""N"":""52.5""},""wL"":{""N"":""25.707106""},""tL"":{""N"":""93.2""},""hR"":{""N"":""49.6""},""wR"":{""N"":""37.086597""},""hE"":{""N"":""60.1""},""tR"":{""N"":""90.5""}}",f4486408-f001-7017-6ea9-8539918b7be9
868032061432054,1780362000,data.qo,"{""tE"":{""N"":""65.3""},""hL"":{""N"":""52.5""},""wL"":{""N"":""25.732323""},""tL"":{""N"":""93.2""},""hR"":{""N"":""47.2""},""wR"":{""N"":""37.191875""},""hE"":{""N"":""61.8""},""tR"":{""N"":""90.32""}}",f4486408-f001-7017-6ea9-8539918b7be9
868032061432054,1780365600,data.qo,"{""tE"":{""N"":""62.24""},""hL"":{""N"":""53.7""},""wL"":{""N"":""25.79026""},""tL"":{""N"":""92.3""},""hR"":{""N"":""51.1""},""wR"":{""N"":""37.067326""},""hE"":{""N"":""64.2""},""tR"":{""N"":""89.06""}}",f4486408-f001-7017-6ea9-8539918b7be9
868032061432054,1780369200,data.qo,"{""tE"":{""N"":""60.8""},""hL"":{""N"":""53.7""},""wL"":{""N"":""25.508654""},""tL"":{""N"":""92.3""},""hR"":{""N"":""49.7""},""wR"":{""N"":""37.04399""},""hE"":{""N"":""65.5""},""tR"":{""N"":""88.88""}}",f4486408-f001-7017-6ea9-8539918b7be9
868032061432054,1780372800,data.qo,"{""tE"":{""N"":""60.44""},""hL"":{""N"":""53.3""},""wL"":{""N"":""25.658022""},""tL"":{""N"":""92.3""},""hR"":{""N"":""49.7""},""wR"":{""N"":""37.11292""},""hE"":{""N"":""65.9""},""tR"":{""N"":""88.88""}}",f4486408-f001-7017-6ea9-8539918b7be9
868032061432054,1780376400,data.qo,"{""tE"":{""N"":""59.36""},""hL"":{""N"":""52.5""},""wL"":{""N"":""25.631315""},""tL"":{""N"":""92.66""},""hR"":{""N"":""52""},""wR"":{""N"":""36.957615""},""hE"":{""N"":""67""},""tR"":{""N"":""87.44""}}",f4486408-f001-7017-6ea9-8539918b7be9
868032061432054,1780380000,data.qo,"{""tE"":{""N"":""59.18""},""hL"":{""N"":""51.5""},""wL"":{""N"":""25.98159""},""tL"":{""N"":""92.66""},""hR"":{""N"":""52.3""},""wR"":{""N"":""37.239193""},""hE"":{""N"":""67.6""},""tR"":{""N"":""87.44""}}",f4486408-f001-7017-6ea9-8539918b7be9
868032061432054,1780383600,data.qo,"{""tE"":{""N"":""58.82""},""hL"":{""N"":""44.1""},""wL"":{""N"":""26.239859""},""tL"":{""N"":""92.3""},""hR"":{""N"":""54""},""wR"":{""N"":""37.161354""},""hE"":{""N"":""67.7""},""tR"":{""N"":""85.64""}}",f4486408-f001-7017-6ea9-8539918b7be9
868032061432054,1780387200,data.qo,"{""tE"":{""N"":""57.74""},""hL"":{""N"":""44.1""},""wL"":{""N"":""26.297266""},""tL"":{""N"":""92.3""},""hR"":{""N"":""54.2""},""wR"":{""N"":""37.101856""},""hE"":{""N"":""67.7""},""tR"":{""N"":""84.38""}}",f4486408-f001-7017-6ea9-8539918b7be9
868032061432054,1780390800,data.qo,"{""tE"":{""N"":""56.84""},""hL"":{""N"":""47.8""},""wL"":{""N"":""26.315697""},""tL"":{""N"":""91.76""},""hR"":{""N"":""51.8""},""wR"":{""N"":""37.125565""},""hE"":{""N"":""67.6""},""tR"":{""N"":""83.66""}}",f4486408-f001-7017-6ea9-8539918b7be9
868032061432054,1780394400,data.qo,"{""tE"":{""N"":""56.3""},""hL"":{""N"":""44.3""},""wL"":{""N"":""26.290482""},""tL"":{""N"":""91.58""},""hR"":{""N"":""56.3""},""wR"":{""N"":""37.029434""},""hE"":{""N"":""67""},""tR"":{""N"":""82.94""}}",f4486408-f001-7017-6ea9-8539918b7be9
868032061432054,1780398000,data.qo,"{""tE"":{""N"":""55.4""},""hL"":{""N"":""46.1""},""wL"":{""N"":""26.314205""},""tL"":{""N"":""92.12""},""hR"":{""N"":""56.3""},""wR"":{""N"":""36.99266""},""hE"":{""N"":""66.8""},""tR"":{""N"":""82.94""}}",f4486408-f001-7017-6ea9-8539918b7be9
868032061432054,1780401600,data.qo,"{""tE"":{""N"":""55.04""},""hL"":{""N"":""40.1""},""wL"":{""N"":""26.231195""},""tL"":{""N"":""91.94""},""hR"":{""N"":""53.4""},""wR"":{""N"":""36.842396""},""hE"":{""N"":""66.7""},""tR"":{""N"":""80.42""}}",f4486408-f001-7017-6ea9-8539918b7be9
868032061432054,1780405200,data.qo,"{""tE"":{""N"":""54.5""},""hL"":{""N"":""43.1""},""wL"":{""N"":""26.33735""},""tL"":{""N"":""91.76""},""hR"":{""N"":""54.4""},""wR"":{""N"":""36.761154""},""hE"":{""N"":""67.5""},""tR"":{""N"":""79.88""}}",f4486408-f001-7017-6ea9-8539918b7be9
868032061432054,1780408800,data.qo,"{""tE"":{""N"":""53.96""},""hL"":{""N"":""45.7""},""wL"":{""N"":""26.294956""},""tL"":{""N"":""91.76""},""hR"":{""N"":""54.4""},""wR"":{""N"":""36.88122""},""hE"":{""N"":""67.9""},""tR"":{""N"":""79.88""}}",f4486408-f001-7017-6ea9-8539918b7be9
868032061432054,1780412400,data.qo,"{""tE"":{""N"":""54.5""},""hL"":{""N"":""47.8""},""wL"":{""N"":""26.020231""},""tL"":{""N"":""91.04""},""hR"":{""N"":""58.4""},""wR"":{""N"":""36.802967""},""hE"":{""N"":""67.2""},""tR"":{""N"":""80.96""}}",f4486408-f001-7017-6ea9-8539918b7be9
868032061432054,1780416000,data.qo,"{""tE"":{""N"":""61.16""},""hL"":{""N"":""47.8""},""wL"":{""N"":""26.039913""},""tL"":{""N"":""91.04""},""hR"":{""N"":""53.6""},""wR"":{""N"":""36.82686""},""hE"":{""N"":""61.2""},""tR"":{""N"":""80.6""}}",f4486408-f001-7017-6ea9-8539918b7be9
868032061432054,1780419600,data.qo,"{""tE"":{""N"":""65.3""},""hL"":{""N"":""41.6""},""wL"":{""N"":""25.932604""},""tL"":{""N"":""90.86""},""hR"":{""N"":""59.7""},""wR"":{""N"":""36.883137""},""hE"":{""N"":""58.2""},""tR"":{""N"":""82.04""}}",f4486408-f001-7017-6ea9-8539918b7be9
868032061432054,1780423200,data.qo,"{""tE"":{""N"":""64.94""},""hL"":{""N"":""41.6""},""wL"":{""N"":""25.895212""},""tL"":{""N"":""90.86""},""hR"":{""N"":""48.2""},""wR"":{""N"":""36.84506""},""hE"":{""N"":""58""},""tR"":{""N"":""82.22""}}",f4486408-f001-7017-6ea9-8539918b7be9
868032061432054,1780426800,data.qo,"{""tE"":{""N"":""64.94""},""hL"":{""N"":""39.8""},""wL"":{""N"":""25.82125""},""tL"":{""N"":""90.86""},""hR"":{""N"":""55.1""},""wR"":{""N"":""36.795452""},""hE"":{""N"":""58""},""tR"":{""N"":""83.12""}}",f4486408-f001-7017-6ea9-8539918b7be9
868032061432054,1780430400,data.qo,"{""tE"":{""N"":""63.86""},""hL"":{""N"":""39.8""},""wL"":{""N"":""25.905415""},""tL"":{""N"":""90.86""},""hR"":{""N"":""53.6""},""wR"":{""N"":""36.902596""},""hE"":{""N"":""58.8""},""tR"":{""N"":""84.74""}}",f4486408-f001-7017-6ea9-8539918b7be9
868032061432054,1780434000,data.qo,"{""tE"":{""N"":""64.58""},""hL"":{""N"":""42.3""},""wL"":{""N"":""26.047758""},""tL"":{""N"":""91.04""},""hR"":{""N"":""57.7""},""wR"":{""N"":""37.04264""},""hE"":{""N"":""58""},""tR"":{""N"":""85.1""}}",f4486408-f001-7017-6ea9-8539918b7be9
868032061432054,1780437600,data.qo,"{""tE"":{""N"":""62.24""},""hL"":{""N"":""45.4""},""wL"":{""N"":""26.098381""},""tL"":{""N"":""90.68""},""hR"":{""N"":""53.2""},""wR"":{""N"":""36.999615""},""hE"":{""N"":""60.2""},""tR"":{""N"":""84.2""}}",f4486408-f001-7017-6ea9-8539918b7be9
868032061432054,1780441200,data.qo,"{""tE"":{""N"":""55.94""},""hL"":{""N"":""46.4""},""wL"":{""N"":""25.54845""},""tL"":{""N"":""90.5""},""hR"":{""N"":""44.7""},""wR"":{""N"":""37.092384""},""hE"":{""N"":""65.5""},""tR"":{""N"":""83.12""}}",f4486408-f001-7017-6ea9-8539918b7be9
868032061432054,1780444800,data.qo,"{""tE"":{""N"":""55.4""},""hL"":{""N"":""46.4""},""wL"":{""N"":""25.902334""},""tL"":{""N"":""90.5""},""hR"":{""N"":""60.9""},""wR"":{""N"":""37.062706""},""hE"":{""N"":""68.1""},""tR"":{""N"":""81.86""}}",f4486408-f001-7017-6ea9-8539918b7be9
868032061432054,1780448400,data.qo,"{""tE"":{""N"":""53.78""},""hL"":{""N"":""47.1""},""wL"":{""N"":""26.142508""},""tL"":{""N"":""90.5""},""hR"":{""N"":""53.5""},""wR"":{""N"":""37.154728""},""hE"":{""N"":""69.9""},""tR"":{""N"":""80.78""}}",f4486408-f001-7017-6ea9-8539918b7be9
868032061432054,1780452000,data.qo,"{""tE"":{""N"":""48.92""},""hL"":{""N"":""48.2""},""wL"":{""N"":""26.110508""},""tL"":{""N"":""90.68""},""hR"":{""N"":""55.6""},""wR"":{""N"":""37.15445""},""hE"":{""N"":""73.7""},""tR"":{""N"":""79.7""}}",f4486408-f001-7017-6ea9-8539918b7be9
868032061432054,1780455600,data.qo,"{""tE"":{""N"":""47.12""},""hL"":{""N"":""50.5""},""wL"":{""N"":""25.599747""},""tL"":{""N"":""90.5""},""hR"":{""N"":""55.6""},""wR"":{""N"":""36.986732""},""hE"":{""N"":""75.2""},""tR"":{""N"":""79.7""}}",f4486408-f001-7017-6ea9-8539918b7be9
868032061432054,1780459200,data.qo,"{""tE"":{""N"":""46.4""},""hL"":{""N"":""50.8""},""wL"":{""N"":""25.919033""},""tL"":{""N"":""90.14""},""hR"":{""N"":""57.5""},""wR"":{""N"":""36.9998""},""hE"":{""N"":""76.2""},""tR"":{""N"":""77""}}",f4486408-f001-7017-6ea9-8539918b7be9
868032061432054,1780462740,data.qo,"{""tE"":{""N"":""45.5""},""hL"":{""N"":""50.8""},""wL"":{""N"":""26.12995""},""tL"":{""N"":""90.14""},""hR"":{""N"":""57.5""},""wR"":{""N"":""37.08543""},""hE"":{""N"":""77.1""},""tR"":{""N"":""77""}}",f4486408-f001-7017-6ea9-8539918b7be9
868032061432054,1780466400,data.qo,"{""tE"":{""N"":""44.96""},""hL"":{""N"":""42.2""},""wL"":{""N"":""26.330278""},""tL"":{""N"":""89.78""},""hR"":{""N"":""68.8""},""wR"":{""N"":""37.04012""},""hE"":{""N"":""77.7""},""tR"":{""N"":""75.02""}}",f4486408-f001-7017-6ea9-8539918b7be9
868032061432054,1780470000,data.qo,"{""tE"":{""N"":""43.7""},""hL"":{""N"":""40.2""},""wL"":{""N"":""26.050018""},""tL"":{""N"":""89.42""},""hR"":{""N"":""57.2""},""wR"":{""N"":""36.851543""},""hE"":{""N"":""78.4""},""tR"":{""N"":""74.3""}}",f4486408-f001-7017-6ea9-8539918b7be9
868032061432054,1780473600,data.qo,"{""tE"":{""N"":""43.7""},""hL"":{""N"":""41.8""},""wL"":{""N"":""26.085293""},""tL"":{""N"":""89.24""},""hR"":{""N"":""62.9""},""wR"":{""N"":""36.92042""},""hE"":{""N"":""78.7""},""tR"":{""N"":""73.4""}}",f4486408-f001-7017-6ea9-8539918b7be9
868032061432054,1780477200,data.qo,"{""tE"":{""N"":""42.98""},""hL"":{""N"":""52.4""},""wL"":{""N"":""26.174171""},""tL"":{""N"":""88.7""},""hR"":{""N"":""61.8""},""wR"":{""N"":""36.922195""},""hE"":{""N"":""79.4""},""tR"":{""N"":""72.68""}}",f4486408-f001-7017-6ea9-8539918b7be9
868032061432054,1780480800,data.qo,"{""tE"":{""N"":""41.54""},""hL"":{""N"":""43.2""},""wL"":{""N"":""26.40246""},""tL"":{""N"":""87.98""},""hR"":{""N"":""56.7""},""wR"":{""N"":""36.9809""},""hE"":{""N"":""79.9""},""tR"":{""N"":""72.5""}}",f4486408-f001-7017-6ea9-8539918b7be9
868032061432054,1780484400,data.qo,"{""tE"":{""N"":""41.36""},""hL"":{""N"":""43.6""},""wL"":{""N"":""26.132883""},""tL"":{""N"":""88.34""},""hR"":{""N"":""59.4""},""wR"":{""N"":""36.931015""},""hE"":{""N"":""80.3""},""tR"":{""N"":""71.06""}}",f4486408-f001-7017-6ea9-8539918b7be9
868032061432054,1780488000,data.qo,"{""tE"":{""N"":""42.62""},""hL"":{""N"":""50.6""},""wL"":{""N"":""26.294476""},""tL"":{""N"":""88.34""},""hR"":{""N"":""59.4""},""wR"":{""N"":""37.17419""},""hE"":{""N"":""80.2""},""tR"":{""N"":""71.06""}}",f4486408-f001-7017-6ea9-8539918b7be9
868032061432054,1780491600,data.qo,"{""tE"":{""N"":""47.48""},""hL"":{""N"":""43.3""},""wL"":{""N"":""26.184326""},""tL"":{""N"":""88.7""},""hR"":{""N"":""58.5""},""wR"":{""N"":""37.994892""},""hE"":{""N"":""77.3""},""tR"":{""N"":""71.06""}}",f4486408-f001-7017-6ea9-8539918b7be9
868032061432054,1780495200,data.qo,"{""tE"":{""N"":""47.48""},""hL"":{""N"":""49.8""},""wL"":{""N"":""25.89324""},""tL"":{""N"":""89.24""},""hR"":{""N"":""62.2""},""wR"":{""N"":""37.731606""},""hE"":{""N"":""77.3""},""tR"":{""N"":""74.12""}}",f4486408-f001-7017-6ea9-8539918b7be9
868032061432054,1780498800,data.qo,"{""tE"":{""N"":""108.86""},""hL"":{""N"":""46""},""wL"":{""N"":""25.854935""},""tL"":{""N"":""90.32""},""hR"":{""N"":""62.2""},""wR"":{""N"":""37.364864""},""hE"":{""N"":""29.8""},""tR"":{""N"":""74.12""}}",f4486408-f001-7017-6ea9-8539918b7be9
868032061432054,1780502400,data.qo,"{""tE"":{""N"":""110.3""},""hL"":{""N"":""46""},""wL"":{""N"":""26.039047""},""tL"":{""N"":""90.32""},""hR"":{""N"":""59.5""},""wR"":{""N"":""37.12827""},""hE"":{""N"":""30.5""},""tR"":{""N"":""84.92""}}",f4486408-f001-7017-6ea9-8539918b7be9
868032061432054,1780506000,data.qo,"{""tE"":{""N"":""104.36""},""hL"":{""N"":""42""},""wL"":{""N"":""26.036064""},""tL"":{""N"":""91.94""},""hR"":{""N"":""53.8""},""wR"":{""N"":""37.28656""},""hE"":{""N"":""33.2""},""tR"":{""N"":""87.26""}}",f4486408-f001-7017-6ea9-8539918b7be9
868032061432054,1780509600,data.qo,"{""tE"":{""N"":""112.64""},""hL"":{""N"":""43.6""},""wL"":{""N"":""25.63935""},""tL"":{""N"":""93.02""},""hR"":{""N"":""53.8""},""wR"":{""N"":""36.830963""},""hE"":{""N"":""27.8""},""tR"":{""N"":""87.26""}}",f4486408-f001-7017-6ea9-8539918b7be9
868032061432054,1780513200,data.qo,"{""tE"":{""N"":""81.32""},""hL"":{""N"":""44.6""},""wL"":{""N"":""25.905077""},""tL"":{""N"":""93.56""},""hR"":{""N"":""50.6""},""wR"":{""N"":""36.699787""},""hE"":{""N"":""39.5""},""tR"":{""N"":""89.96""}}",f4486408-f001-7017-6ea9-8539918b7be9
868032061432054,1780516800,data.qo,"{""tE"":{""N"":""69.62""},""hL"":{""N"":""35.9""},""wL"":{""N"":""25.831692""},""tL"":{""N"":""92.3""},""hR"":{""N"":""39.1""},""wR"":{""N"":""36.707626""},""hE"":{""N"":""44.9""},""tR"":{""N"":""88.34""}}",f4486408-f001-7017-6ea9-8539918b7be9
868032061432054,1780520400,data.qo,"{""tE"":{""N"":""67.82""},""hL"":{""N"":""47.2""},""wL"":{""N"":""25.905317""},""tL"":{""N"":""91.4""},""hR"":{""N"":""54.5""},""wR"":{""N"":""36.643276""},""hE"":{""N"":""46.3""},""tR"":{""N"":""87.44""}}",f4486408-f001-7017-6ea9-8539918b7be9
868032061432054,1780524000,data.qo,"{""tE"":{""N"":""66.38""},""hL"":{""N"":""45.1""},""wL"":{""N"":""25.913162""},""tL"":{""N"":""90.5""},""hR"":{""N"":""51""},""wR"":{""N"":""36.725174""},""hE"":{""N"":""47.9""},""tR"":{""N"":""87.08""}}",f4486408-f001-7017-6ea9-8539918b7be9
868032061432054,1780527600,data.qo,"{""tE"":{""N"":""65.84""},""hL"":{""N"":""44.5""},""wL"":{""N"":""26.049778""},""tL"":{""N"":""89.96""},""hR"":{""N"":""51.6""},""wR"":{""N"":""36.822098""},""hE"":{""N"":""48.8""},""tR"":{""N"":""85.46""}}",f4486408-f001-7017-6ea9-8539918b7be9
868032061432054,1780531200,data.qo,"{""tE"":{""N"":""64.04""},""hL"":{""N"":""43.7""},""wL"":{""N"":""26.133944""},""tL"":{""N"":""89.6""},""hR"":{""N"":""50.7""},""wR"":{""N"":""36.84464""},""hE"":{""N"":""50.2""},""tR"":{""N"":""86.18""}}",f4486408-f001-7017-6ea9-8539918b7be9
868032061432054,1780534800,data.qo,"{""tE"":{""N"":""60.98""},""hL"":{""N"":""43.7""},""wL"":{""N"":""26.057623""},""tL"":{""N"":""90.32""},""hR"":{""N"":""50.7""},""wR"":{""N"":""36.705482""},""hE"":{""N"":""52.6""},""tR"":{""N"":""86.18""}}",f4486408-f001-7017-6ea9-8539918b7be9
868032061432054,1780538400,data.qo,"{""tE"":{""N"":""57.56""},""hL"":{""N"":""46.1""},""wL"":{""N"":""25.617167""},""tL"":{""N"":""89.96""},""hR"":{""N"":""51.8""},""wR"":{""N"":""36.560818""},""hE"":{""N"":""55.3""},""tR"":{""N"":""84.92""}}",f4486408-f001-7017-6ea9-8539918b7be9
868032061432054,1780542000,data.qo,"{""tE"":{""N"":""55.4""},""hL"":{""N"":""46.1""},""wL"":{""N"":""25.618755""},""tL"":{""N"":""89.96""},""hR"":{""N"":""52.8""},""wR"":{""N"":""36.474487""},""hE"":{""N"":""56.9""},""tR"":{""N"":""83.3""}}",f4486408-f001-7017-6ea9-8539918b7be9
868032061432054,1780545600,data.qo,"{""tE"":{""N"":""53.42""},""hL"":{""N"":""48.6""},""wL"":{""N"":""25.533533""},""tL"":{""N"":""90.68""},""hR"":{""N"":""52.8""},""wR"":{""N"":""36.479294""},""hE"":{""N"":""58.7""},""tR"":{""N"":""82.22""}}",f4486408-f001-7017-6ea9-8539918b7be9
868032061432054,1780549200,data.qo,"{""tE"":{""N"":""51.98""},""hL"":{""N"":""48.6""},""wL"":{""N"":""25.474054""},""tL"":{""N"":""90.68""},""hR"":{""N"":""56.2""},""wR"":{""N"":""36.437996""},""hE"":{""N"":""60.5""},""tR"":{""N"":""80.42""}}",f4486408-f001-7017-6ea9-8539918b7be9
868032061432054,1780552800,data.qo,"{""tE"":{""N"":""50.72""},""hL"":{""N"":""52.5""},""wL"":{""N"":""25.539162""},""tL"":{""N"":""89.96""},""hR"":{""N"":""52.7""},""wR"":{""N"":""36.415783""},""hE"":{""N"":""61.7""},""tR"":{""N"":""79.16""}}",f4486408-f001-7017-6ea9-8539918b7be9
868032061432054,1780556400,data.qo,"{""tE"":{""N"":""49.46""},""hL"":{""N"":""51.5""},""wL"":{""N"":""25.60586""},""tL"":{""N"":""89.42""},""hR"":{""N"":""52.7""},""wR"":{""N"":""36.373035""},""hE"":{""N"":""63""},""tR"":{""N"":""79.16""}}",f4486408-f001-7017-6ea9-8539918b7be9
868032061432054,1780560000,data.qo,"{""tE"":{""N"":""48.2""},""hL"":{""N"":""47.8""},""wL"":{""N"":""25.787806""},""tL"":{""N"":""88.52""},""hR"":{""N"":""54""},""wR"":{""N"":""36.347977""},""hE"":{""N"":""64.2""},""tR"":{""N"":""77""}}",f4486408-f001-7017-6ea9-8539918b7be9
868032061432054,1780563600,data.qo,"{""tE"":{""N"":""47.48""},""hL"":{""N"":""47.2""},""wL"":{""N"":""25.723131""},""tL"":{""N"":""88.16""},""hR"":{""N"":""55""},""wR"":{""N"":""36.30733""},""hE"":{""N"":""65.3""},""tR"":{""N"":""76.28""}}",f4486408-f001-7017-6ea9-8539918b7be9
868032061432054,1780567200,data.qo,"{""tE"":{""N"":""46.94""},""hL"":{""N"":""50.8""},""wL"":{""N"":""25.469772""},""tL"":{""N"":""87.44""},""hR"":{""N"":""56.6""},""wR"":{""N"":""36.402016""},""hE"":{""N"":""66.2""},""tR"":{""N"":""75.2""}}",f4486408-f001-7017-6ea9-8539918b7be9
868032061432054,1780570800,data.qo,"{""tE"":{""N"":""47.12""},""hL"":{""N"":""47.2""},""wL"":{""N"":""25.810278""},""tL"":{""N"":""87.62""},""hR"":{""N"":""56.6""},""wR"":{""N"":""36.36846""},""hE"":{""N"":""66.8""},""tR"":{""N"":""75.2""}}",f4486408-f001-7017-6ea9-8539918b7be9
868032061432054,1780574400,data.qo,"{""tE"":{""N"":""47.3""},""hL"":{""N"":""43.5""},""wL"":{""N"":""25.897522""},""tL"":{""N"":""87.08""},""hR"":{""N"":""56.6""},""wR"":{""N"":""36.478546""},""hE"":{""N"":""66.7""},""tR"":{""N"":""73.76""}}",f4486408-f001-7017-6ea9-8539918b7be9
868032061432054,1780578000,data.qo,"{""tE"":{""N"":""52.52""},""hL"":{""N"":""47.1""},""wL"":{""N"":""25.78694""},""tL"":{""N"":""86.54""},""hR"":{""N"":""57.2""},""wR"":{""N"":""37.076145""},""hE"":{""N"":""64.1""},""tR"":{""N"":""73.4""}}",f4486408-f001-7017-6ea9-8539918b7be9
868032061432054,1780581600,data.qo,"{""tE"":{""N"":""99.5""},""hL"":{""N"":""47.1""},""wL"":{""N"":""25.590412""},""tL"":{""N"":""86.54""},""hR"":{""N"":""63""},""wR"":{""N"":""37.05468""},""hE"":{""N"":""34.7""},""tR"":{""N"":""75.92""}}",f4486408-f001-7017-6ea9-8539918b7be9
868032061432054,1780585200,data.qo,"{""tE"":{""N"":""119.3""},""hL"":{""N"":""43.5""},""wL"":{""N"":""25.387148""},""tL"":{""N"":""88.7""},""hR"":{""N"":""61.5""},""wR"":{""N"":""36.847576""},""hE"":{""N"":""26.4""},""tR"":{""N"":""82.04""}}",f4486408-f001-7017-6ea9-8539918b7be9
868032061432054,1780588800,data.qo,"{""tE"":{""N"":""121.82""},""hL"":{""N"":""44.9""},""wL"":{""N"":""25.394318""},""tL"":{""N"":""91.76""},""hR"":{""N"":""55.4""},""wR"":{""N"":""36.751213""},""hE"":{""N"":""23.4""},""tR"":{""N"":""87.44""}}",f4486408-f001-7017-6ea9-8539918b7be9
868032061432054,1780592400,data.qo,"{""wR"":{""N"":""36.91711""},""tR"":{""N"":""90.5""},""hL"":{""N"":""45.1""},""hR"":{""N"":""56.2""},""wL"":{""N"":""25.382961""},""hE"":{""N"":""25""},""tL"":{""N"":""92.3""},""tE"":{""N"":""115.52""}}",f4486408-f001-7017-6ea9-8539918b7be9
868032061432054,1780596000,data.qo,"{""tE"":{""N"":""124.16""},""hL"":{""N"":""48.2""},""wL"":{""N"":""25.2052""},""tL"":{""N"":""94.1""},""hR"":{""N"":""50.4""},""wR"":{""N"":""36.65387""},""hE"":{""N"":""20.5""},""tR"":{""N"":""92.3""}}",f4486408-f001-7017-6ea9-8539918b7be9
868032061432054,1780599600,data.qo,"{""tE"":{""N"":""89.96""},""hL"":{""N"":""48.2""},""wL"":{""N"":""25.371508""},""tL"":{""N"":""94.1""},""hR"":{""N"":""50.7""},""wR"":{""N"":""36.596516""},""hE"":{""N"":""30.3""},""tR"":{""N"":""92.84""}}",f4486408-f001-7017-6ea9-8539918b7be9
868032061432054,1780603200,data.qo,"{""tE"":{""N"":""77.36""},""hL"":{""N"":""51.1""},""wL"":{""N"":""25.39913""},""tL"":{""N"":""92.3""},""hR"":{""N"":""50.9""},""wR"":{""N"":""36.56147""},""hE"":{""N"":""35.6""},""tR"":{""N"":""91.58""}}",f4486408-f001-7017-6ea9-8539918b7be9
868032061432054,1780606800,data.qo,"{""tE"":{""N"":""75.74""},""hL"":{""N"":""51""},""wL"":{""N"":""25.442053""},""tL"":{""N"":""92.12""},""hR"":{""N"":""50.6""},""wR"":{""N"":""36.647476""},""hE"":{""N"":""37.7""},""tR"":{""N"":""90.68""}}",f4486408-f001-7017-6ea9-8539918b7be9
868032061432054,1780610400,data.qo,"{""tE"":{""N"":""73.04""},""hL"":{""N"":""48.6""},""wL"":{""N"":""28.931671""},""tL"":{""N"":""92.3""},""hR"":{""N"":""51.8""},""wR"":{""N"":""35.55518""},""hE"":{""N"":""40.9""},""tR"":{""N"":""90.86""}}",f4486408-f001-7017-6ea9-8539918b7be9
868032061432054,1780614000,data.qo,"{""tE"":{""N"":""70.7""},""hL"":{""N"":""39.9""},""wL"":{""N"":""28.732351""},""tL"":{""N"":""91.4""},""hR"":{""N"":""50.7""},""wR"":{""N"":""35.567825""},""hE"":{""N"":""43.1""},""tR"":{""N"":""90.14""}}",f4486408-f001-7017-6ea9-8539918b7be9
868032061432054,1780617600,data.qo,"{""tE"":{""N"":""68.54""},""hL"":{""N"":""53.1""},""wL"":{""N"":""28.24907""},""tL"":{""N"":""93.74""},""hR"":{""N"":""52.8""},""wR"":{""N"":""35.535534""},""hE"":{""N"":""45.2""},""tR"":{""N"":""90.68""}}",f4486408-f001-7017-6ea9-8539918b7be9
868032061432054,1780621200,data.qo,"{""tE"":{""N"":""66.56""},""hL"":{""N"":""53.1""},""wL"":{""N"":""28.024149""},""tL"":{""N"":""93.74""},""hR"":{""N"":""51.2""},""wR"":{""N"":""35.55611""},""hE"":{""N"":""47.2""},""tR"":{""N"":""90.32""}}",f4486408-f001-7017-6ea9-8539918b7be9
868032061432054,1780624800,data.qo,"{""tE"":{""N"":""63.5""},""hL"":{""N"":""53.1""},""wL"":{""N"":""27.930939""},""tL"":{""N"":""93.74""},""hR"":{""N"":""50""},""wR"":{""N"":""35.48182""},""hE"":{""N"":""50""},""tR"":{""N"":""89.78""}}",f4486408-f001-7017-6ea9-8539918b7be9
868032061432054,1780628400,data.qo,"{""tE"":{""N"":""61.52""},""hL"":{""N"":""51.9""},""wL"":{""N"":""27.91121""},""tL"":{""N"":""95""},""hR"":{""N"":""52.2""},""wR"":{""N"":""35.41929""},""hE"":{""N"":""51.8""},""tR"":{""N"":""88.7""}}",f4486408-f001-7017-6ea9-8539918b7be9
868032061432054,1780632000,data.qo,"{""tE"":{""N"":""59.54""},""hL"":{""N"":""51.2""},""wL"":{""N"":""27.811743""},""tL"":{""N"":""93.92""},""hR"":{""N"":""52.2""},""wR"":{""N"":""35.42041""},""hE"":{""N"":""53.3""},""tR"":{""N"":""88.7""}}",f4486408-f001-7017-6ea9-8539918b7be9
868032061432054,1780635600,data.qo,"{""tE"":{""N"":""57.74""},""hL"":{""N"":""49.9""},""wL"":{""N"":""27.731909""},""tL"":{""N"":""93.02""},""hR"":{""N"":""52.2""},""wR"":{""N"":""35.418774""},""hE"":{""N"":""54.8""},""tR"":{""N"":""88.7""}}",f4486408-f001-7017-6ea9-8539918b7be9
868032061432054,1780639200,data.qo,"{""tE"":{""N"":""55.94""},""hL"":{""N"":""49.9""},""wL"":{""N"":""27.653519""},""tL"":{""N"":""93.02""},""hR"":{""N"":""52.2""},""wR"":{""N"":""35.40963""},""hE"":{""N"":""56.4""},""tR"":{""N"":""88.7""}}",f4486408-f001-7017-6ea9-8539918b7be9
868032061432054,1780642800,data.qo,"{""tE"":{""N"":""54.86""},""hL"":{""N"":""49.9""},""wL"":{""N"":""27.89812""},""tL"":{""N"":""93.02""},""hR"":{""N"":""52.1""},""wR"":{""N"":""35.407856""},""hE"":{""N"":""57.7""},""tR"":{""N"":""82.94""}}",f4486408-f001-7017-6ea9-8539918b7be9
868032061432054,1780646400,data.qo,"{""tE"":{""N"":""53.42""},""hL"":{""N"":""46.6""},""wL"":{""N"":""27.817276""},""tL"":{""N"":""91.22""},""hR"":{""N"":""54""},""wR"":{""N"":""35.41145""},""hE"":{""N"":""59.2""},""tR"":{""N"":""81.14""}}",f4486408-f001-7017-6ea9-8539918b7be9
868032061432054,1780650000,data.qo,"{""tE"":{""N"":""52.7""},""hL"":{""N"":""45.8""},""wL"":{""N"":""28.060963""},""tL"":{""N"":""90.5""},""hR"":{""N"":""54""},""wR"":{""N"":""35.392315""},""hE"":{""N"":""60.8""},""tR"":{""N"":""81.14""}}",f4486408-f001-7017-6ea9-8539918b7be9
868032061432054,1780653600,data.qo,"{""tE"":{""N"":""51.44""},""hL"":{""N"":""45.8""},""wL"":{""N"":""27.830317""},""tL"":{""N"":""90.5""},""hR"":{""N"":""57.6""},""wR"":{""N"":""35.449806""},""hE"":{""N"":""62.2""},""tR"":{""N"":""78.44""}}",f4486408-f001-7017-6ea9-8539918b7be9
868032061432054,1780657200,data.qo,"{""tE"":{""N"":""51.44""},""hL"":{""N"":""46.5""},""wL"":{""N"":""28.051676""},""tL"":{""N"":""89.78""},""hR"":{""N"":""57.6""},""wR"":{""N"":""35.42531""},""hE"":{""N"":""63.3""},""tR"":{""N"":""78.44""}}",f4486408-f001-7017-6ea9-8539918b7be9
868032061432054,1780660800,data.qo,"{""tE"":{""N"":""52.7""},""hL"":{""N"":""43""},""wL"":{""N"":""28.24748""},""tL"":{""N"":""90.32""},""hR"":{""N"":""55.3""},""wR"":{""N"":""35.57142""},""hE"":{""N"":""63.4""},""tR"":{""N"":""76.28""}}",f4486408-f001-7017-6ea9-8539918b7be9
868032061432054,1780664400,data.qo,"{""tE"":{""N"":""58.28""},""hL"":{""N"":""47.2""},""wL"":{""N"":""29.22574""},""tL"":{""N"":""91.04""},""hR"":{""N"":""55.8""},""wR"":{""N"":""35.932796""},""hE"":{""N"":""60.6""},""tR"":{""N"":""77""}}",f4486408-f001-7017-6ea9-8539918b7be9
868032061432054,1780668000,data.qo,"{""tE"":{""N"":""103.1""},""hL"":{""N"":""48.1""},""wL"":{""N"":""29.178053""},""tL"":{""N"":""92.48""},""hR"":{""N"":""55.8""},""wR"":{""N"":""35.775673""},""hE"":{""N"":""33.3""},""tR"":{""N"":""77""}}",f4486408-f001-7017-6ea9-8539918b7be9
868032061432054,1780671600,data.qo,"{""tE"":{""N"":""118.04""},""hL"":{""N"":""46.6""},""wL"":{""N"":""28.960255""},""tL"":{""N"":""93.02""},""hR"":{""N"":""57.5""},""wR"":{""N"":""35.7375""},""hE"":{""N"":""25.6""},""tR"":{""N"":""86.72""}}",f4486408-f001-7017-6ea9-8539918b7be9
868032061432054,1780675200,data.qo,"{""tE"":{""N"":""123.44""},""hL"":{""N"":""46.4""},""wL"":{""N"":""28.941296""},""tL"":{""N"":""94.28""},""hR"":{""N"":""52.5""},""wR"":{""N"":""35.783234""},""hE"":{""N"":""22.2""},""tR"":{""N"":""91.4""}}",f4486408-f001-7017-6ea9-8539918b7be9
868032061432054,1780678800,data.qo,"{""tE"":{""N"":""114.26""},""hL"":{""N"":""43.5""},""wL"":{""N"":""27.984304""},""tL"":{""N"":""94.1""},""hR"":{""N"":""50.4""},""wR"":{""N"":""35.816364""},""hE"":{""N"":""25.4""},""tR"":{""N"":""93.56""}}",f4486408-f001-7017-6ea9-8539918b7be9
868032061432054,1780682400,data.qo,"{""tE"":{""N"":""114.26""},""hL"":{""N"":""46.7""},""wL"":{""N"":""27.328411""},""tL"":{""N"":""95.9""},""hR"":{""N"":""50.4""},""wR"":{""N"":""35.739788""},""hE"":{""N"":""25.4""},""tR"":{""N"":""93.56""}}",f4486408-f001-7017-6ea9-8539918b7be9
868032061432054,1780686000,data.qo,"{""tE"":{""N"":""92.12""},""hL"":{""N"":""47.7""},""wL"":{""N"":""27.23111""},""tL"":{""N"":""95""},""hR"":{""N"":""44.7""},""wR"":{""N"":""35.711693""},""hE"":{""N"":""33.4""},""tR"":{""N"":""95.72""}}",f4486408-f001-7017-6ea9-8539918b7be9
868032061432054,1780689600,data.qo,"{""tE"":{""N"":""79.52""},""hL"":{""N"":""47.7""},""wL"":{""N"":""27.139246""},""tL"":{""N"":""95""},""hR"":{""N"":""49.3""},""wR"":{""N"":""35.671936""},""hE"":{""N"":""39.9""},""tR"":{""N"":""93.38""}}",f4486408-f001-7017-6ea9-8539918b7be9
868032061432054,1780693200,data.qo,"{""tE"":{""N"":""77.36""},""hL"":{""N"":""47.9""},""wL"":{""N"":""27.078516""},""tL"":{""N"":""92.3""},""hR"":{""N"":""48.9""},""wR"":{""N"":""35.631104""},""hE"":{""N"":""42.5""},""tR"":{""N"":""92.66""}}",f4486408-f001-7017-6ea9-8539918b7be9
868032061432054,1780696800,data.qo,"{""tE"":{""N"":""75.56""},""hL"":{""N"":""47.9""},""wL"":{""N"":""26.956144""},""tL"":{""N"":""92.3""},""hR"":{""N"":""50.4""},""wR"":{""N"":""35.66489""},""hE"":{""N"":""44.9""},""tR"":{""N"":""92.48""}}",f4486408-f001-7017-6ea9-8539918b7be9
868032061432054,1780700400,data.qo,"{""tE"":{""N"":""76.28""},""hL"":{""N"":""50.3""},""wL"":{""N"":""27.108112""},""tL"":{""N"":""92.84""},""hR"":{""N"":""52.2""},""wR"":{""N"":""35.794434""},""hE"":{""N"":""45.5""},""tR"":{""N"":""92.3""}}",f4486408-f001-7017-6ea9-8539918b7be9
868032061432054,1780704000,data.qo,"{""tE"":{""N"":""74.12""},""hL"":{""N"":""50.3""},""wL"":{""N"":""26.7754""},""tL"":{""N"":""92.84""},""hR"":{""N"":""52.9""},""wR"":{""N"":""35.793034""},""hE"":{""N"":""47.1""},""tR"":{""N"":""92.12""}}",f4486408-f001-7017-6ea9-8539918b7be9
868032061432054,1780707600,data.qo,"{""tE"":{""N"":""70.16""},""hL"":{""N"":""51""},""wL"":{""N"":""26.724054""},""tL"":{""N"":""91.76""},""hR"":{""N"":""51.2""},""wR"":{""N"":""35.761066""},""hE"":{""N"":""50.1""},""tR"":{""N"":""91.76""}}",f4486408-f001-7017-6ea9-8539918b7be9
868032061432054,1780711200,data.qo,"{""tE"":{""N"":""66.38""},""hL"":{""N"":""51.2""},""wL"":{""N"":""26.637774""},""tL"":{""N"":""91.58""},""hR"":{""N"":""51.2""},""wR"":{""N"":""35.7487""},""hE"":{""N"":""53.1""},""tR"":{""N"":""91.76""}}",f4486408-f001-7017-6ea9-8539918b7be9
868032061432054,1780714800,data.qo,"{""tE"":{""N"":""64.4""},""hL"":{""N"":""53.9""},""wL"":{""N"":""26.584936""},""tL"":{""N"":""91.94""},""hR"":{""N"":""50.9""},""wR"":{""N"":""35.732693""},""hE"":{""N"":""55.1""},""tR"":{""N"":""89.06""}}",f4486408-f001-7017-6ea9-8539918b7be9
868032061432054,1780718400,data.qo,"{""tE"":{""N"":""62.96""},""hL"":{""N"":""53.4""},""wL"":{""N"":""26.646965""},""tL"":{""N"":""91.94""},""hR"":{""N"":""54.5""},""wR"":{""N"":""35.719067""},""hE"":{""N"":""56.7""},""tR"":{""N"":""87.98""}}",f4486408-f001-7017-6ea9-8539918b7be9
868032061432054,1780722000,data.qo,"{""tE"":{""N"":""61.34""},""hL"":{""N"":""50""},""wL"":{""N"":""26.78079""},""tL"":{""N"":""91.76""},""hR"":{""N"":""51.3""},""wR"":{""N"":""35.73237""},""hE"":{""N"":""58.7""},""tR"":{""N"":""86.54""}}",f4486408-f001-7017-6ea9-8539918b7be9
868032061432054,1780725600,data.qo,"{""tE"":{""N"":""60.08""},""hL"":{""N"":""50""},""wL"":{""N"":""26.956049""},""tL"":{""N"":""91.76""},""hR"":{""N"":""51.1""},""wR"":{""N"":""35.756912""},""hE"":{""N"":""60.7""},""tR"":{""N"":""84.74""}}",f4486408-f001-7017-6ea9-8539918b7be9
868032061432054,1780729200,data.qo,"{""tE"":{""N"":""59.9""},""hL"":{""N"":""50""},""wL"":{""N"":""26.862019""},""tL"":{""N"":""91.76""},""hR"":{""N"":""52.9""},""wR"":{""N"":""35.760227""},""hE"":{""N"":""63.4""},""tR"":{""N"":""83.12""}}",f4486408-f001-7017-6ea9-8539918b7be9
868032061432054,1780732800,data.qo,"{""tE"":{""N"":""59""},""hL"":{""N"":""48.6""},""wL"":{""N"":""27.082655""},""tL"":{""N"":""91.04""},""hR"":{""N"":""52.3""},""wR"":{""N"":""35.78939""},""hE"":{""N"":""64.9""},""tR"":{""N"":""81.86""}}",f4486408-f001-7017-6ea9-8539918b7be9
868032061432054,1780736400,data.qo,"{""tE"":{""N"":""58.64""},""hL"":{""N"":""48.6""},""wL"":{""N"":""27.16605""},""tL"":{""N"":""91.04""},""hR"":{""N"":""56.7""},""wR"":{""N"":""35.83452""},""hE"":{""N"":""66.6""},""tR"":{""N"":""80.78""}}",f4486408-f001-7017-6ea9-8539918b7be9
868032061432054,1780740000,data.qo,"{""tE"":{""N"":""58.1""},""hL"":{""N"":""47.7""},""wL"":{""N"":""27.02674""},""tL"":{""N"":""90.5""},""hR"":{""N"":""56.2""},""wR"":{""N"":""35.819958""},""hE"":{""N"":""68.2""},""tR"":{""N"":""79.7""}}",f4486408-f001-7017-6ea9-8539918b7be9
868032061432054,1780743600,data.qo,"{""tE"":{""N"":""57.56""},""hL"":{""N"":""44.2""},""wL"":{""N"":""27.220524""},""tL"":{""N"":""90.32""},""hR"":{""N"":""56.2""},""wR"":{""N"":""35.804234""},""hE"":{""N"":""69""},""tR"":{""N"":""79.7""}}",f4486408-f001-7017-6ea9-8539918b7be9
868032061432054,1780747200,data.qo,"{""tE"":{""N"":""58.1""},""hL"":{""N"":""46.2""},""wL"":{""N"":""27.694181""},""tL"":{""N"":""89.6""},""hR"":{""N"":""55.4""},""wR"":{""N"":""35.917908""},""hE"":{""N"":""69""},""tR"":{""N"":""78.62""}}",f4486408-f001-7017-6ea9-8539918b7be9
868032061432054,1780750800,data.qo,"{""tE"":{""N"":""62.96""},""hL"":{""N"":""41""},""wL"":{""N"":""28.316294""},""tL"":{""N"":""89.06""},""hR"":{""N"":""55.4""},""wR"":{""N"":""36.10933""},""hE"":{""N"":""66.4""},""tR"":{""N"":""78.62""}}",f4486408-f001-7017-6ea9-8539918b7be9
868032061432054,1780754400,data.qo,"{""tE"":{""N"":""89.6""},""hL"":{""N"":""44.8""},""wL"":{""N"":""28.087526""},""tL"":{""N"":""89.6""},""hR"":{""N"":""52.5""},""wR"":{""N"":""36.035553""},""hE"":{""N"":""40.7""},""tR"":{""N"":""80.24""}}",f4486408-f001-7017-6ea9-8539918b7be9
868032061432054,1780758000,data.qo,"{""tE"":{""N"":""95.72""},""hL"":{""N"":""47""},""wL"":{""N"":""27.885704""},""tL"":{""N"":""90.32""},""hR"":{""N"":""52.5""},""wR"":{""N"":""35.930183""},""hE"":{""N"":""34.7""},""tR"":{""N"":""80.24""}}",f4486408-f001-7017-6ea9-8539918b7be9
868032061432054,1780761600,data.qo,"{""tE"":{""N"":""99.5""},""hL"":{""N"":""46.2""},""wL"":{""N"":""28.345793""},""tL"":{""N"":""91.4""},""hR"":{""N"":""49.1""},""wR"":{""N"":""36.043205""},""hE"":{""N"":""30.7""},""tR"":{""N"":""86.9""}}",f4486408-f001-7017-6ea9-8539918b7be9
868032061432054,1780765200,data.qo,"{""tE"":{""N"":""99.5""},""hL"":{""N"":""48.5""},""wL"":{""N"":""28.045082""},""tL"":{""N"":""92.3""},""hR"":{""N"":""49.7""},""wR"":{""N"":""36.05142""},""hE"":{""N"":""30.7""},""tR"":{""N"":""89.24""}}",f4486408-f001-7017-6ea9-8539918b7be9
868032061432054,1780768800,data.qo,"{""tE"":{""N"":""123.08""},""hL"":{""N"":""47.2""},""wL"":{""N"":""27.10585""},""tL"":{""N"":""94.46""},""hR"":{""N"":""49.7""},""wR"":{""N"":""35.87395""},""hE"":{""N"":""22.2""},""tR"":{""N"":""92.84""}}",f4486408-f001-7017-6ea9-8539918b7be9
868032061432054,1780772400,data.qo,"{""tE"":{""N"":""96.08""},""hL"":{""N"":""43.2""},""wL"":{""N"":""26.08789""},""tL"":{""N"":""95.9""},""hR"":{""N"":""48.9""},""wR"":{""N"":""35.806427""},""hE"":{""N"":""31.8""},""tR"":{""N"":""94.82""}}",f4486408-f001-7017-6ea9-8539918b7be9
868032061432054,1780776000,data.qo,"{""tE"":{""N"":""83.84""},""hL"":{""N"":""43.4""},""wL"":{""N"":""26.159111""},""tL"":{""N"":""93.56""},""hR"":{""N"":""48.9""},""wR"":{""N"":""35.789158""},""hE"":{""N"":""38.1""},""tR"":{""N"":""94.82""}}",f4486408-f001-7017-6ea9-8539918b7be9
868032061432054,1780779600,data.qo,"{""tE"":{""N"":""78.08""},""hL"":{""N"":""51.7""},""wL"":{""N"":""26.023264""},""tL"":{""N"":""93.02""},""hR"":{""N"":""47.9""},""wR"":{""N"":""35.71893""},""hE"":{""N"":""42.5""},""tR"":{""N"":""92.48""}}",f4486408-f001-7017-6ea9-8539918b7be9
868032061432054,1780783200,data.qo,"{""tE"":{""N"":""76.1""},""hL"":{""N"":""52.2""},""wL"":{""N"":""25.956135""},""tL"":{""N"":""92.84""},""hR"":{""N"":""46.3""},""wR"":{""N"":""35.777214""},""hE"":{""N"":""44.6""},""tR"":{""N"":""92.48""}}",f4486408-f001-7017-6ea9-8539918b7be9
868032061432054,1780786800,data.qo,"{""tE"":{""N"":""75.2""},""hL"":{""N"":""53.5""},""wL"":{""N"":""25.877745""},""tL"":{""N"":""92.48""},""hR"":{""N"":""47""},""wR"":{""N"":""35.876656""},""hE"":{""N"":""46.4""},""tR"":{""N"":""93.02""}}",f4486408-f001-7017-6ea9-8539918b7be9
868032061432054,1780790400,data.qo,"{""tE"":{""N"":""75.2""},""hL"":{""N"":""53.4""},""wL"":{""N"":""25.821009""},""tL"":{""N"":""91.94""},""hR"":{""N"":""47""},""wR"":{""N"":""35.953003""},""hE"":{""N"":""47.1""},""tR"":{""N"":""93.02""}}",f4486408-f001-7017-6ea9-8539918b7be9
868032061432054,1780794000,data.qo,"{""tE"":{""N"":""71.42""},""hL"":{""N"":""53.4""},""wL"":{""N"":""25.91624""},""tL"":{""N"":""91.94""},""hR"":{""N"":""48.1""},""wR"":{""N"":""36.032238""},""hE"":{""N"":""50""},""tR"":{""N"":""92.48""}}",f4486408-f001-7017-6ea9-8539918b7be9
868032061432054,1780797600,data.qo,"{""tE"":{""N"":""68.54""},""hL"":{""N"":""50.8""},""wL"":{""N"":""26.044678""},""tL"":{""N"":""91.4""},""hR"":{""N"":""47""},""wR"":{""N"":""35.928177""},""hE"":{""N"":""52.1""},""tR"":{""N"":""91.76""}}",f4486408-f001-7017-6ea9-8539918b7be9
868032061432054,1780801200,data.qo,"{""tE"":{""N"":""65.48""},""hL"":{""N"":""53""},""wL"":{""N"":""26.128841""},""tL"":{""N"":""92.12""},""hR"":{""N"":""47.7""},""wR"":{""N"":""35.955475""},""hE"":{""N"":""54.5""},""tR"":{""N"":""91.4""}}",f4486408-f001-7017-6ea9-8539918b7be9
868032061432054,1780804800,data.qo,"{""tE"":{""N"":""64.04""},""hL"":{""N"":""49.2""},""wL"":{""N"":""26.288893""},""tL"":{""N"":""91.76""},""hR"":{""N"":""46.3""},""wR"":{""N"":""35.930695""},""hE"":{""N"":""56.4""},""tR"":{""N"":""90.32""}}",f4486408-f001-7017-6ea9-8539918b7be9
868032061432054,1780808340,data.qo,"{""tE"":{""N"":""62.96""},""hL"":{""N"":""47.8""},""wL"":{""N"":""26.36786""},""tL"":{""N"":""91.58""},""hR"":{""N"":""46""},""wR"":{""N"":""35.89117""},""hE"":{""N"":""58.3""},""tR"":{""N"":""88.88""}}",f4486408-f001-7017-6ea9-8539918b7be9
868032061432054,1780812000,data.qo,"{""tE"":{""N"":""62.42""},""hL"":{""N"":""48.1""},""wL"":{""N"":""26.506353""},""tL"":{""N"":""91.04""},""hR"":{""N"":""47.7""},""wR"":{""N"":""35.933727""},""hE"":{""N"":""60.7""},""tR"":{""N"":""87.44""}}",f4486408-f001-7017-6ea9-8539918b7be9
868032061432054,1780815600,data.qo,"{""tE"":{""N"":""62.06""},""hL"":{""N"":""47.8""},""wL"":{""N"":""26.42344""},""tL"":{""N"":""90.68""},""hR"":{""N"":""48.6""},""wR"":{""N"":""35.88627""},""hE"":{""N"":""62.6""},""tR"":{""N"":""87.08""}}",f4486408-f001-7017-6ea9-8539918b7be9
868032061432054,1780819200,data.qo,"{""tE"":{""N"":""62.06""},""hL"":{""N"":""48.4""},""wL"":{""N"":""26.514294""},""tL"":{""N"":""90.5""},""hR"":{""N"":""47.5""},""wR"":{""N"":""35.88487""},""hE"":{""N"":""62.6""},""tR"":{""N"":""86.9""}}",f4486408-f001-7017-6ea9-8539918b7be9
868032061432054,1780822800,data.qo,"{""tE"":{""N"":""62.06""},""hL"":{""N"":""47.7""},""wL"":{""N"":""26.496826""},""tL"":{""N"":""90.68""},""hR"":{""N"":""48.2""},""wR"":{""N"":""35.928875""},""hE"":{""N"":""62.6""},""tR"":{""N"":""86""}}",f4486408-f001-7017-6ea9-8539918b7be9
868032061432054,1780826400,data.qo,"{""tE"":{""N"":""60.44""},""hL"":{""N"":""44.4""},""wL"":{""N"":""26.703026""},""tL"":{""N"":""90.5""},""hR"":{""N"":""47.6""},""wR"":{""N"":""35.932842""},""hE"":{""N"":""66.2""},""tR"":{""N"":""85.64""}}",f4486408-f001-7017-6ea9-8539918b7be9
868032061432054,1780830000,data.qo,"{""tE"":{""N"":""60.62""},""hL"":{""N"":""44.4""},""wL"":{""N"":""26.683151""},""tL"":{""N"":""90.5""},""hR"":{""N"":""48""},""wR"":{""N"":""35.860043""},""hE"":{""N"":""67.7""},""tR"":{""N"":""84.38""}}",f4486408-f001-7017-6ea9-8539918b7be9
868032061432054,1780833600,data.qo,"{""tE"":{""N"":""61.7""},""hL"":{""N"":""44.4""},""wL"":{""N"":""26.751148""},""tL"":{""N"":""90.5""},""hR"":{""N"":""48""},""wR"":{""N"":""35.897095""},""hE"":{""N"":""67.4""},""tR"":{""N"":""83.3""}}",f4486408-f001-7017-6ea9-8539918b7be9
868032061432054,1780837200,data.qo,"{""tE"":{""N"":""64.58""},""hL"":{""N"":""43.3""},""wL"":{""N"":""26.764814""},""tL"":{""N"":""89.24""},""hR"":{""N"":""51.6""},""wR"":{""N"":""36.08651""},""hE"":{""N"":""65.8""},""tR"":{""N"":""83.48""}}",f4486408-f001-7017-6ea9-8539918b7be9
868032061432054,1780840800,data.qo,"{""tE"":{""N"":""98.78""},""hL"":{""N"":""45""},""wL"":{""N"":""26.327246""},""tL"":{""N"":""89.96""},""hR"":{""N"":""47.6""},""wR"":{""N"":""35.98072""},""hE"":{""N"":""38.2""},""tR"":{""N"":""84.56""}}",f4486408-f001-7017-6ea9-8539918b7be9
868032061432054,1780844400,data.qo,"{""tE"":{""N"":""98.78""},""hL"":{""N"":""43.9""},""wL"":{""N"":""26.2183""},""tL"":{""N"":""90.5""},""hR"":{""N"":""46.3""},""wR"":{""N"":""35.934803""},""hE"":{""N"":""38.2""},""tR"":{""N"":""87.26""}}",f4486408-f001-7017-6ea9-8539918b7be9
868032061432054,1780848000,data.qo,"{""tE"":{""N"":""78.44""},""hL"":{""N"":""48.5""},""wL"":{""N"":""26.199196""},""tL"":{""N"":""91.4""},""hR"":{""N"":""46.9""},""wR"":{""N"":""35.974655""},""hE"":{""N"":""48.5""},""tR"":{""N"":""89.06""}}",f4486408-f001-7017-6ea9-8539918b7be9
868032061432054,1780851600,data.qo,"{""tE"":{""N"":""89.06""},""hL"":{""N"":""50.2""},""wL"":{""N"":""26.279028""},""tL"":{""N"":""92.12""},""hR"":{""N"":""47.2""},""wR"":{""N"":""36.057533""},""hE"":{""N"":""42.2""},""tR"":{""N"":""90.32""}}",f4486408-f001-7017-6ea9-8539918b7be9
868032061432054,1780855200,data.qo,"{""tE"":{""N"":""109.4""},""hL"":{""N"":""46.8""},""wL"":{""N"":""25.802723""},""tL"":{""N"":""92.84""},""hR"":{""N"":""48.8""},""wR"":{""N"":""36.02561""},""hE"":{""N"":""30.4""},""tR"":{""N"":""92.3""}}",f4486408-f001-7017-6ea9-8539918b7be9
868032061432054,1780858800,data.qo,"{""tE"":{""N"":""93.2""},""hL"":{""N"":""41.2""},""wL"":{""N"":""25.953054""},""tL"":{""N"":""94.64""},""hR"":{""N"":""48.8""},""wR"":{""N"":""36.041477""},""hE"":{""N"":""37.3""},""tR"":{""N"":""92.3""}}",f4486408-f001-7017-6ea9-8539918b7be9
868032061432054,1780862400,data.qo,"{""tE"":{""N"":""84.38""},""hL"":{""N"":""46.6""},""wL"":{""N"":""25.82486""},""tL"":{""N"":""93.2""},""hR"":{""N"":""45.5""},""wR"":{""N"":""36.078392""},""hE"":{""N"":""42.2""},""tR"":{""N"":""93.92""}}",f4486408-f001-7017-6ea9-8539918b7be9
868032061432054,1780866000,data.qo,"{""tE"":{""N"":""79.52""},""hL"":{""N"":""46.6""},""wL"":{""N"":""25.779913""},""tL"":{""N"":""93.2""},""hR"":{""N"":""45.5""},""wR"":{""N"":""36.12753""},""hE"":{""N"":""45.4""},""tR"":{""N"":""93.92""}}",f4486408-f001-7017-6ea9-8539918b7be9
868032061432054,1780869600,data.qo,"{""tE"":{""N"":""79.52""},""hL"":{""N"":""46.6""},""wL"":{""N"":""25.7713""},""tL"":{""N"":""93.2""},""hR"":{""N"":""45.3""},""wR"":{""N"":""36.08922""},""hE"":{""N"":""45.4""},""tR"":{""N"":""93.56""}}",f4486408-f001-7017-6ea9-8539918b7be9
868032061432054,1780873200,data.qo,"{""tE"":{""N"":""78.08""},""hL"":{""N"":""51.8""},""wL"":{""N"":""25.756382""},""tL"":{""N"":""93.2""},""hR"":{""N"":""45.6""},""wR"":{""N"":""36.139942""},""hE"":{""N"":""47.1""},""tR"":{""N"":""93.56""}}",f4486408-f001-7017-6ea9-8539918b7be9
868032061432054,1780876800,data.qo,"{""tE"":{""N"":""78.08""},""hL"":{""N"":""52.2""},""wL"":{""N"":""25.812588""},""tL"":{""N"":""92.48""},""hR"":{""N"":""45.3""},""wR"":{""N"":""36.244473""},""hE"":{""N"":""47.1""},""tR"":{""N"":""93.2""}}",f4486408-f001-7017-6ea9-8539918b7be9
868032061432054,1780880400,data.qo,"{""tE"":{""N"":""71.24""},""hL"":{""N"":""53.8""},""wL"":{""N"":""25.68627""},""tL"":{""N"":""92.3""},""hR"":{""N"":""46.5""},""wR"":{""N"":""36.279007""},""hE"":{""N"":""52.4""},""tR"":{""N"":""93.02""}}",f4486408-f001-7017-6ea9-8539918b7be9
868032061432054,1780884000,data.qo,"{""tE"":{""N"":""67.82""},""hL"":{""N"":""53.3""},""wL"":{""N"":""25.843433""},""tL"":{""N"":""91.94""},""hR"":{""N"":""45.8""},""wR"":{""N"":""36.23458""},""hE"":{""N"":""55.3""},""tR"":{""N"":""92.48""}}",f4486408-f001-7017-6ea9-8539918b7be9
868032061432054,1780887600,data.qo,"{""tE"":{""N"":""65.3""},""hL"":{""N"":""51.6""},""wL"":{""N"":""25.914366""},""tL"":{""N"":""92.12""},""hR"":{""N"":""45.8""},""wR"":{""N"":""36.16631""},""hE"":{""N"":""57.6""},""tR"":{""N"":""92.48""}}",f4486408-f001-7017-6ea9-8539918b7be9
868032061432054,1780891200,data.qo,"{""tE"":{""N"":""63.86""},""hL"":{""N"":""50.8""},""wL"":{""N"":""25.942612""},""tL"":{""N"":""92.3""},""hR"":{""N"":""45.8""},""wR"":{""N"":""36.149418""},""hE"":{""N"":""59.3""},""tR"":{""N"":""92.48""}}",f4486408-f001-7017-6ea9-8539918b7be9
868032061432054,1780894800,data.qo,"{""tE"":{""N"":""63.86""},""hL"":{""N"":""53.6""},""wL"":{""N"":""26.068354""},""tL"":{""N"":""91.76""},""hR"":{""N"":""46.9""},""wR"":{""N"":""36.135883""},""hE"":{""N"":""59.3""},""tR"":{""N"":""90.32""}}",f4486408-f001-7017-6ea9-8539918b7be9
868032061432054,1780898400,data.qo,"{""tE"":{""N"":""63.86""},""hL"":{""N"":""51.6""},""wL"":{""N"":""26.257421""},""tL"":{""N"":""91.58""},""hR"":{""N"":""47.2""},""wR"":{""N"":""36.131638""},""hE"":{""N"":""59.3""},""tR"":{""N"":""88.88""}}",f4486408-f001-7017-6ea9-8539918b7be9
868032061432054,1780902000,data.qo,"{""tE"":{""N"":""60.26""},""hL"":{""N"":""48.7""},""wL"":{""N"":""26.05536""},""tL"":{""N"":""91.4""},""hR"":{""N"":""47.3""},""wR"":{""N"":""36.116096""},""hE"":{""N"":""63.5""},""tR"":{""N"":""87.8""}}",f4486408-f001-7017-6ea9-8539918b7be9
868032061432054,1780905600,data.qo,"{""tE"":{""N"":""60.08""},""hL"":{""N"":""50.1""},""wL"":{""N"":""26.0364""},""tL"":{""N"":""91.4""},""hR"":{""N"":""47.9""},""wR"":{""N"":""36.115257""},""hE"":{""N"":""64.2""},""tR"":{""N"":""87.44""}}",f4486408-f001-7017-6ea9-8539918b7be9
868032061432054,1780909200,data.qo,"{""tE"":{""N"":""59""},""hL"":{""N"":""55.4""},""wL"":{""N"":""26.05512""},""tL"":{""N"":""91.4""},""hR"":{""N"":""48.4""},""wR"":{""N"":""36.123238""},""hE"":{""N"":""65.3""},""tR"":{""N"":""86.54""}}",f4486408-f001-7017-6ea9-8539918b7be9
868032061432054,1780912800,data.qo,"{""tE"":{""N"":""58.64""},""hL"":{""N"":""50.7""},""wL"":{""N"":""26.04386""},""tL"":{""N"":""91.04""},""hR"":{""N"":""51.4""},""wR"":{""N"":""36.10555""},""hE"":{""N"":""66""},""tR"":{""N"":""85.64""}}",f4486408-f001-7017-6ea9-8539918b7be9
868032061432054,1780916400,data.qo,"{""tE"":{""N"":""58.1""},""hL"":{""N"":""50.7""},""wL"":{""N"":""26.206173""},""tL"":{""N"":""91.04""},""hR"":{""N"":""49""},""wR"":{""N"":""36.096966""},""hE"":{""N"":""66.8""},""tR"":{""N"":""85.1""}}",f4486408-f001-7017-6ea9-8539918b7be9
868032061432054,1780920000,data.qo,"{""tE"":{""N"":""58.1""},""hL"":{""N"":""50.4""},""wL"":{""N"":""26.214209""},""tL"":{""N"":""90.68""},""hR"":{""N"":""49.6""},""wR"":{""N"":""36.193375""},""hE"":{""N"":""66.8""},""tR"":{""N"":""84.74""}}",f4486408-f001-7017-6ea9-8539918b7be9
868032061432054,1780923600,data.qo,"{""tE"":{""N"":""61.7""},""hL"":{""N"":""51""},""wL"":{""N"":""26.496008""},""tL"":{""N"":""90.32""},""hR"":{""N"":""49.6""},""wR"":{""N"":""36.451855""},""hE"":{""N"":""64.3""},""tR"":{""N"":""84.74""}}",f4486408-f001-7017-6ea9-8539918b7be9
868032061432054,1780927200,data.qo,"{""tE"":{""N"":""138.92""},""hL"":{""N"":""48.7""},""wL"":{""N"":""26.224026""},""tL"":{""N"":""90.5""},""hR"":{""N"":""53""},""wR"":{""N"":""36.47248""},""hE"":{""N"":""95.2""},""tR"":{""N"":""87.44""}}",f4486408-f001-7017-6ea9-8539918b7be9
868032061432054,1780930800,data.qo,"{""tE"":{""N"":""98.06""},""hL"":{""N"":""51.2""},""wL"":{""N"":""26.025476""},""tL"":{""N"":""91.58""},""hR"":{""N"":""54.1""},""wR"":{""N"":""36.414757""},""hE"":{""N"":""40.1""},""tR"":{""N"":""90.5""}}",f4486408-f001-7017-6ea9-8539918b7be9
868032061432054,1780934400,data.qo,"{""tE"":{""N"":""100.58""},""hL"":{""N"":""51.2""},""wL"":{""N"":""26.184278""},""tL"":{""N"":""91.58""},""hR"":{""N"":""45.5""},""wR"":{""N"":""36.37201""},""hE"":{""N"":""37.9""},""tR"":{""N"":""91.58""}}",f4486408-f001-7017-6ea9-8539918b7be9
868032061432054,1780938000,data.qo,"{""tE"":{""N"":""98.24""},""hL"":{""N"":""50.5""},""wL"":{""N"":""25.89372""},""tL"":{""N"":""92.48""},""hR"":{""N"":""46.7""},""wR"":{""N"":""36.27233""},""hE"":{""N"":""39""},""tR"":{""N"":""91.94""}}",f4486408-f001-7017-6ea9-8539918b7be9
868032061432054,1780941600,data.qo,"{""tE"":{""N"":""88.88""},""hL"":{""N"":""45.5""},""wL"":{""N"":""25.76875""},""tL"":{""N"":""93.2""},""hR"":{""N"":""46.7""},""wR"":{""N"":""36.390255""},""hE"":{""N"":""44.7""},""tR"":{""N"":""91.94""}}",f4486408-f001-7017-6ea9-8539918b7be9
868032061432054,1780945200,data.qo,"{""tE"":{""N"":""93.2""},""hL"":{""N"":""51.5""},""wL"":{""N"":""26.003052""},""tL"":{""N"":""93.92""},""hR"":{""N"":""44.9""},""wR"":{""N"":""36.43734""},""hE"":{""N"":""41.8""},""tR"":{""N"":""93.2""}}",f4486408-f001-7017-6ea9-8539918b7be9
868032061432054,1780948800,data.qo,"{""tE"":{""N"":""82.04""},""hL"":{""N"":""49.4""},""wL"":{""N"":""26.064312""},""tL"":{""N"":""93.2""},""hR"":{""N"":""46.4""},""wR"":{""N"":""36.49516""},""hE"":{""N"":""49.9""},""tR"":{""N"":""93.02""}}",f4486408-f001-7017-6ea9-8539918b7be9
868032061432054,1780952400,data.qo,"{""tE"":{""N"":""80.78""},""hL"":{""N"":""49.4""},""wL"":{""N"":""25.975767""},""tL"":{""N"":""93.2""},""hR"":{""N"":""44.1""},""wR"":{""N"":""36.543972""},""hE"":{""N"":""51.2""},""tR"":{""N"":""92.3""}}",f4486408-f001-7017-6ea9-8539918b7be9
868032061432054,1780956000,data.qo,"{""tE"":{""N"":""78.98""},""hL"":{""N"":""53.9""},""wL"":{""N"":""26.06667""},""tL"":{""N"":""92.12""},""hR"":{""N"":""46.8""},""wR"":{""N"":""36.73586""},""hE"":{""N"":""53.2""},""tR"":{""N"":""92.3""}}",f4486408-f001-7017-6ea9-8539918b7be9
868032061432054,1780959600,data.qo,"{""tE"":{""N"":""77.18""},""hL"":{""N"":""47.9""},""wL"":{""N"":""26.154587""},""tL"":{""N"":""90.86""},""hR"":{""N"":""48.8""},""wR"":{""N"":""36.889904""},""hE"":{""N"":""55.2""},""tR"":{""N"":""92.3""}}",f4486408-f001-7017-6ea9-8539918b7be9
868032061432054,1780963200,data.qo,"{""tE"":{""N"":""74.3""},""hL"":{""N"":""53.9""},""wL"":{""N"":""26.89657""},""tL"":{""N"":""90.68""},""hR"":{""N"":""47.2""},""wR"":{""N"":""37.2664""},""hE"":{""N"":""58""},""tR"":{""N"":""91.76""}}",f4486408-f001-7017-6ea9-8539918b7be9
868032061432054,1780966800,data.qo,"{""tE"":{""N"":""68.54""},""hL"":{""N"":""54.4""},""wL"":{""N"":""26.777615""},""tL"":{""N"":""91.4""},""hR"":{""N"":""46.7""},""wR"":{""N"":""37.172836""},""hE"":{""N"":""62.7""},""tR"":{""N"":""91.58""}}",f4486408-f001-7017-6ea9-8539918b7be9
868032061432054,1780970400,data.qo,"{""tE"":{""N"":""64.58""},""hL"":{""N"":""55.2""},""wL"":{""N"":""26.683249""},""tL"":{""N"":""91.4""},""hR"":{""N"":""47.5""},""wR"":{""N"":""37.140217""},""hE"":{""N"":""71.1""},""tR"":{""N"":""92.48""}}",f4486408-f001-7017-6ea9-8539918b7be9
868032061432054,1780974000,data.qo,"{""tE"":{""N"":""64.04""},""hL"":{""N"":""54.8""},""wL"":{""N"":""26.675404""},""tL"":{""N"":""91.4""},""hR"":{""N"":""47.5""},""wR"":{""N"":""37.14852""},""hE"":{""N"":""76.4""},""tR"":{""N"":""92.48""}}",f4486408-f001-7017-6ea9-8539918b7be9
868032061432054,1780977600,data.qo,"{""tE"":{""N"":""64.04""},""hL"":{""N"":""55.5""},""wL"":{""N"":""26.795515""},""tL"":{""N"":""91.04""},""hR"":{""N"":""48.6""},""wR"":{""N"":""37.21507""},""hE"":{""N"":""76.4""},""tR"":{""N"":""90.5""}}",f4486408-f001-7017-6ea9-8539918b7be9
868032061432054,1780981200,data.qo,"{""tE"":{""N"":""64.76""},""hL"":{""N"":""56.3""},""wL"":{""N"":""27.567719""},""tL"":{""N"":""90.68""},""hR"":{""N"":""49.2""},""wR"":{""N"":""37.291645""},""hE"":{""N"":""81.7""},""tR"":{""N"":""89.96""}}",f4486408-f001-7017-6ea9-8539918b7be9
868032061432054,1780984800,data.qo,"{""tE"":{""N"":""64.58""},""hL"":{""N"":""54.8""},""wL"":{""N"":""27.774834""},""tL"":{""N"":""91.04""},""hR"":{""N"":""52.5""},""wR"":{""N"":""37.363976""},""hE"":{""N"":""83.5""},""tR"":{""N"":""88.88""}}",f4486408-f001-7017-6ea9-8539918b7be9
868032061432054,1780988400,data.qo,"{""tE"":{""N"":""64.4""},""hL"":{""N"":""53.7""},""wL"":{""N"":""27.546738""},""tL"":{""N"":""91.04""},""hR"":{""N"":""51.6""},""wR"":{""N"":""37.351936""},""hE"":{""N"":""84.9""},""tR"":{""N"":""88.34""}}",f4486408-f001-7017-6ea9-8539918b7be9
868032061432054,1780992000,data.qo,"{""tE"":{""N"":""63.68""},""hL"":{""N"":""53.7""},""wL"":{""N"":""27.754189""},""tL"":{""N"":""91.04""},""hR"":{""N"":""52.8""},""wR"":{""N"":""37.308258""},""hE"":{""N"":""86.2""},""tR"":{""N"":""89.24""}}",f4486408-f001-7017-6ea9-8539918b7be9
868032061432054,1780995600,data.qo,"{""tE"":{""N"":""63.68""},""hL"":{""N"":""53.1""},""wL"":{""N"":""27.77748""},""tL"":{""N"":""90.68""},""hR"":{""N"":""52""},""wR"":{""N"":""37.32963""},""hE"":{""N"":""87.3""},""tR"":{""N"":""89.6""}}",f4486408-f001-7017-6ea9-8539918b7be9
868032061432054,1780999200,data.qo,"{""tE"":{""N"":""63.68""},""hL"":{""N"":""51.4""},""wL"":{""N"":""27.689322""},""tL"":{""N"":""90.68""},""hR"":{""N"":""52""},""wR"":{""N"":""37.328323""},""hE"":{""N"":""88.2""},""tR"":{""N"":""89.6""}}",f4486408-f001-7017-6ea9-8539918b7be9
868032061432054,1781002800,data.qo,"{""tE"":{""N"":""63.68""},""hL"":{""N"":""51.4""},""wL"":{""N"":""27.910969""},""tL"":{""N"":""90.68""},""hR"":{""N"":""51.3""},""wR"":{""N"":""37.331264""},""hE"":{""N"":""88.8""},""tR"":{""N"":""90.14""}}",f4486408-f001-7017-6ea9-8539918b7be9
868032061432054,1781006400,data.qo,"{""tE"":{""N"":""62.96""},""hL"":{""N"":""52.4""},""wL"":{""N"":""27.988876""},""tL"":{""N"":""90.5""},""hR"":{""N"":""51.3""},""wR"":{""N"":""37.31129""},""hE"":{""N"":""89.4""},""tR"":{""N"":""90.14""}}",f4486408-f001-7017-6ea9-8539918b7be9
868032061432054,1781010000,data.qo,"{""tE"":{""N"":""62.96""},""hL"":{""N"":""52.2""},""wL"":{""N"":""27.633741""},""tL"":{""N"":""90.5""},""hR"":{""N"":""52.3""},""wR"":{""N"":""37.23467""},""hE"":{""N"":""89.4""},""tR"":{""N"":""90.32""}}",f4486408-f001-7017-6ea9-8539918b7be9
868032061432054,1781013600,data.qo,"{""tE"":{""N"":""64.04""},""hL"":{""N"":""49.8""},""wL"":{""N"":""27.532831""},""tL"":{""N"":""90.32""},""hR"":{""N"":""52.3""},""wR"":{""N"":""37.22636""},""hE"":{""N"":""88""},""tR"":{""N"":""90.32""}}",f4486408-f001-7017-6ea9-8539918b7be9
868032061432054,1781017200,data.qo,"{""tE"":{""N"":""64.04""},""hL"":{""N"":""53.4""},""wL"":{""N"":""27.574503""},""tL"":{""N"":""89.96""},""hR"":{""N"":""50""},""wR"":{""N"":""37.229626""},""hE"":{""N"":""88.4""},""tR"":{""N"":""89.96""}}",f4486408-f001-7017-6ea9-8539918b7be9
868032061432054,1781020800,data.qo,"{""tE"":{""N"":""64.4""},""hL"":{""N"":""54.5""},""wL"":{""N"":""27.436155""},""tL"":{""N"":""89.96""},""hR"":{""N"":""49.9""},""wR"":{""N"":""37.182404""},""hE"":{""N"":""88.6""},""tR"":{""N"":""89.96""}}",f4486408-f001-7017-6ea9-8539918b7be9
868032061432054,1781024400,data.qo,"{""tE"":{""N"":""64.4""},""hL"":{""N"":""55.9""},""wL"":{""N"":""27.720505""},""tL"":{""N"":""89.78""},""hR"":{""N"":""51.6""},""wR"":{""N"":""37.301304""},""hE"":{""N"":""88.6""},""tR"":{""N"":""89.6""}}",f4486408-f001-7017-6ea9-8539918b7be9
868032061432054,1781028000,data.qo,"{""tE"":{""N"":""70.52""},""hL"":{""N"":""54.2""},""wL"":{""N"":""27.317055""},""tL"":{""N"":""89.6""},""hR"":{""N"":""51.6""},""wR"":{""N"":""37.137978""},""hE"":{""N"":""83.9""},""tR"":{""N"":""89.6""}}",f4486408-f001-7017-6ea9-8539918b7be9
868032061432054,1781031600,data.qo,"{""tE"":{""N"":""70.7""},""hL"":{""N"":""57.2""},""wL"":{""N"":""27.515314""},""tL"":{""N"":""90.32""},""hR"":{""N"":""54.4""},""wR"":{""N"":""37.00092""},""hE"":{""N"":""82.5""},""tR"":{""N"":""90.32""}}",f4486408-f001-7017-6ea9-8539918b7be9
868032061432054,1781035200,data.qo,"{""tE"":{""N"":""67.1""},""hL"":{""N"":""57.1""},""wL"":{""N"":""27.411901""},""tL"":{""N"":""89.96""},""hR"":{""N"":""52.5""},""wR"":{""N"":""36.910202""},""hE"":{""N"":""87.2""},""tR"":{""N"":""90.86""}}",f4486408-f001-7017-6ea9-8539918b7be9
868032061432054,1781038800,data.qo,"{""tE"":{""N"":""68.9""},""hL"":{""N"":""55.7""},""wL"":{""N"":""27.519598""},""tL"":{""N"":""90.86""},""hR"":{""N"":""52.1""},""wR"":{""N"":""36.954487""},""hE"":{""N"":""86.2""},""tR"":{""N"":""90.32""}}",f4486408-f001-7017-6ea9-8539918b7be9
868032061432054,1781042400,data.qo,"{""tE"":{""N"":""70.7""},""hL"":{""N"":""57.1""},""wL"":{""N"":""27.57181""},""tL"":{""N"":""90.5""},""hR"":{""N"":""53.3""},""wR"":{""N"":""36.95435""},""hE"":{""N"":""84.1""},""tR"":{""N"":""89.96""}}",f4486408-f001-7017-6ea9-8539918b7be9
868032061432054,1781046000,data.qo,"{""tE"":{""N"":""70.7""},""hL"":{""N"":""56.6""},""wL"":{""N"":""27.584803""},""tL"":{""N"":""90.68""},""hR"":{""N"":""55.6""},""wR"":{""N"":""36.98179""},""hE"":{""N"":""84.1""},""tR"":{""N"":""89.24""}}",f4486408-f001-7017-6ea9-8539918b7be9
868032061432054,1781049600,data.qo,"{""tE"":{""N"":""67.64""},""hL"":{""N"":""57.1""},""wL"":{""N"":""27.571377""},""tL"":{""N"":""91.04""},""hR"":{""N"":""56.9""},""wR"":{""N"":""37.05832""},""hE"":{""N"":""87.6""},""tR"":{""N"":""88.7""}}",f4486408-f001-7017-6ea9-8539918b7be9
868032061432054,1781053200,data.qo,"{""tE"":{""N"":""65.3""},""hL"":{""N"":""57.1""},""wL"":{""N"":""27.890469""},""tL"":{""N"":""91.04""},""hR"":{""N"":""56.3""},""wR"":{""N"":""37.101624""},""hE"":{""N"":""90.5""},""tR"":{""N"":""88.7""}}",f4486408-f001-7017-6ea9-8539918b7be9
868032061432054,1781056800,data.qo,"{""tE"":{""N"":""64.04""},""hL"":{""N"":""55.3""},""wL"":{""N"":""28.024054""},""tL"":{""N"":""90.68""},""hR"":{""N"":""54.1""},""wR"":{""N"":""37.10923""},""hE"":{""N"":""91.9""},""tR"":{""N"":""87.98""}}",f4486408-f001-7017-6ea9-8539918b7be9
868032061432054,1781060400,data.qo,"{""tE"":{""N"":""63.5""},""hL"":{""N"":""56.1""},""wL"":{""N"":""27.89018""},""tL"":{""N"":""91.04""},""hR"":{""N"":""56.8""},""wR"":{""N"":""37.13275""},""hE"":{""N"":""93""},""tR"":{""N"":""87.62""}}",f4486408-f001-7017-6ea9-8539918b7be9
868032061432054,1781064000,data.qo,"{""tE"":{""N"":""63.5""},""hL"":{""N"":""56.9""},""wL"":{""N"":""28.362492""},""tL"":{""N"":""91.04""},""hR"":{""N"":""56.3""},""wR"":{""N"":""37.19001""},""hE"":{""N"":""93.3""},""tR"":{""N"":""87.44""}}",f4486408-f001-7017-6ea9-8539918b7be9
868032061432054,1781067600,data.qo,"{""tE"":{""N"":""62.6""},""hL"":{""N"":""56.8""},""wL"":{""N"":""28.21654""},""tL"":{""N"":""90.68""},""hR"":{""N"":""56.1""},""wR"":{""N"":""37.16616""},""hE"":{""N"":""93.9""},""tR"":{""N"":""87.62""}}",f4486408-f001-7017-6ea9-8539918b7be9
868032061432054,1781071200,data.qo,"{""tE"":{""N"":""62.24""},""hL"":{""N"":""56.6""},""wL"":{""N"":""28.138487""},""tL"":{""N"":""90.86""},""hR"":{""N"":""56.2""},""wR"":{""N"":""37.25604""},""hE"":{""N"":""94.2""},""tR"":{""N"":""87.8""}}",f4486408-f001-7017-6ea9-8539918b7be9
868032061432054,1781074800,data.qo,"{""tE"":{""N"":""61.88""},""hL"":{""N"":""54.3""},""wL"":{""N"":""28.10023""},""tL"":{""N"":""90.86""},""hR"":{""N"":""57""},""wR"":{""N"":""37.277878""},""hE"":{""N"":""94.7""},""tR"":{""N"":""87.44""}}",f4486408-f001-7017-6ea9-8539918b7be9
868032061432054,1781078400,data.qo,"{""tE"":{""N"":""61.88""},""hL"":{""N"":""53.9""},""wL"":{""N"":""28.02386""},""tL"":{""N"":""90.68""},""hR"":{""N"":""59.2""},""wR"":{""N"":""37.24885""},""hE"":{""N"":""94.7""},""tR"":{""N"":""87.44""}}",f4486408-f001-7017-6ea9-8539918b7be9
868032061432054,1781082000,data.qo,"{""tE"":{""N"":""61.7""},""hL"":{""N"":""53.9""},""wL"":{""N"":""28.563398""},""tL"":{""N"":""90.86""},""hR"":{""N"":""58.3""},""wR"":{""N"":""37.332245""},""hE"":{""N"":""94.9""},""tR"":{""N"":""87.44""}}",f4486408-f001-7017-6ea9-8539918b7be9
868032061432054,1781085600,data.qo,"{""tE"":{""N"":""62.96""},""hL"":{""N"":""53.4""},""wL"":{""N"":""28.600643""},""tL"":{""N"":""90.86""},""hR"":{""N"":""55""},""wR"":{""N"":""37.439575""},""hE"":{""N"":""95.1""},""tR"":{""N"":""87.08""}}",f4486408-f001-7017-6ea9-8539918b7be9
868032061432054,1781089200,data.qo,"{""tE"":{""N"":""63.68""},""hL"":{""N"":""54.7""},""wL"":{""N"":""28.664597""},""tL"":{""N"":""91.04""},""hR"":{""N"":""58.8""},""wR"":{""N"":""37.422634""},""hE"":{""N"":""94.9""},""tR"":{""N"":""86.9""}}",f4486408-f001-7017-6ea9-8539918b7be9
868032061432054,1781092800,data.qo,"{""tE"":{""N"":""63.68""},""hL"":{""N"":""51.8""},""wL"":{""N"":""28.6735""},""tL"":{""N"":""90.86""},""hR"":{""N"":""55.1""},""wR"":{""N"":""37.40742""},""hE"":{""N"":""94.9""},""tR"":{""N"":""86.54""}}",f4486408-f001-7017-6ea9-8539918b7be9
868032061432054,1781096400,data.qo,"{""tE"":{""N"":""65.66""},""hL"":{""N"":""51.8""},""wL"":{""N"":""28.630527""},""tL"":{""N"":""90.5""},""hR"":{""N"":""54.7""},""wR"":{""N"":""37.449""},""hE"":{""N"":""93.3""},""tR"":{""N"":""86.9""}}",f4486408-f001-7017-6ea9-8539918b7be9
868032061432054,1781100000,data.qo,"{""tE"":{""N"":""75.2""},""hL"":{""N"":""53.6""},""wL"":{""N"":""28.149363""},""tL"":{""N"":""90.32""},""hR"":{""N"":""53.3""},""wR"":{""N"":""37.12393""},""hE"":{""N"":""81.9""},""tR"":{""N"":""87.8""}}",f4486408-f001-7017-6ea9-8539918b7be9
868032061432054,1781103600,data.qo,"{""tE"":{""N"":""83.48""},""hL"":{""N"":""54""},""wL"":{""N"":""27.79288""},""tL"":{""N"":""90.14""},""hR"":{""N"":""53.3""},""wR"":{""N"":""36.981976""},""hE"":{""N"":""64.4""},""tR"":{""N"":""87.8""}}",f4486408-f001-7017-6ea9-8539918b7be9
868032061432054,1781107200,data.qo,"{""tE"":{""N"":""85.46""},""hL"":{""N"":""53.7""},""wL"":{""N"":""27.867949""},""tL"":{""N"":""91.4""},""hR"":{""N"":""53.8""},""wR"":{""N"":""36.989346""},""hE"":{""N"":""61""},""tR"":{""N"":""89.6""}}",f4486408-f001-7017-6ea9-8539918b7be9
868032061432054,1781110800,data.qo,"{""tE"":{""N"":""98.78""},""hL"":{""N"":""53.7""},""wL"":{""N"":""27.839123""},""tL"":{""N"":""91.4""},""hR"":{""N"":""54.1""},""wR"":{""N"":""36.98221""},""hE"":{""N"":""51.6""},""tR"":{""N"":""90.5""}}",f4486408-f001-7017-6ea9-8539918b7be9
868032061432054,1781114400,data.qo,"{""tE"":{""N"":""95.9""},""hL"":{""N"":""53.7""},""wL"":{""N"":""27.364407""},""tL"":{""N"":""91.4""},""hR"":{""N"":""54.2""},""wR"":{""N"":""36.594185""},""hE"":{""N"":""55.3""},""tR"":{""N"":""91.58""}}",f4486408-f001-7017-6ea9-8539918b7be9
868032061432054,1781118000,data.qo,"{""tE"":{""N"":""86.36""},""hL"":{""N"":""51.7""},""wL"":{""N"":""27.209263""},""tL"":{""N"":""94.64""},""hR"":{""N"":""52""},""wR"":{""N"":""36.563618""},""hE"":{""N"":""64.8""},""tR"":{""N"":""92.48""}}",f4486408-f001-7017-6ea9-8539918b7be9
868032061432054,1781121600,data.qo,"{""tE"":{""N"":""81.32""},""hL"":{""N"":""47.3""},""wL"":{""N"":""27.232698""},""tL"":{""N"":""93.38""},""hR"":{""N"":""51.4""},""wR"":{""N"":""36.60865""},""hE"":{""N"":""75""},""tR"":{""N"":""93.02""}}",f4486408-f001-7017-6ea9-8539918b7be9
868032061432054,1781125200,data.qo,"{""tE"":{""N"":""80.96""},""hL"":{""N"":""46.5""},""wL"":{""N"":""27.063118""},""tL"":{""N"":""92.48""},""hR"":{""N"":""50.5""},""wR"":{""N"":""36.63567""},""hE"":{""N"":""76.4""},""tR"":{""N"":""93.2""}}",f4486408-f001-7017-6ea9-8539918b7be9
868032061432054,1781128800,data.qo,"{""tE"":{""N"":""79.7""},""hL"":{""N"":""48.5""},""wL"":{""N"":""27.065475""},""tL"":{""N"":""92.12""},""hR"":{""N"":""51.7""},""wR"":{""N"":""36.827698""},""hE"":{""N"":""78.8""},""tR"":{""N"":""92.84""}}",f4486408-f001-7017-6ea9-8539918b7be9
868032061432054,1781132400,data.qo,"{""tE"":{""N"":""78.26""},""hL"":{""N"":""50.9""},""wL"":{""N"":""26.990406""},""tL"":{""N"":""91.58""},""hR"":{""N"":""52.8""},""wR"":{""N"":""36.88057""},""hE"":{""N"":""80.9""},""tR"":{""N"":""92.84""}}",f4486408-f001-7017-6ea9-8539918b7be9
868032061432054,1781136000,data.qo,"{""tE"":{""N"":""74.3""},""hL"":{""N"":""51.5""},""wL"":{""N"":""26.912498""},""tL"":{""N"":""91.22""},""hR"":{""N"":""51.1""},""wR"":{""N"":""36.89275""},""hE"":{""N"":""86.9""},""tR"":{""N"":""92.3""}}",f4486408-f001-7017-6ea9-8539918b7be9
868032061432054,1781139600,data.qo,"{""tE"":{""N"":""74.3""},""hL"":{""N"":""52.8""},""wL"":{""N"":""27.05561""},""tL"":{""N"":""90.5""},""hR"":{""N"":""51.1""},""wR"":{""N"":""37.003674""},""hE"":{""N"":""86.9""},""tR"":{""N"":""91.94""}}",f4486408-f001-7017-6ea9-8539918b7be9
868032061432054,1781143200,data.qo,"{""tE"":{""N"":""68.54""},""hL"":{""N"":""52.8""},""wL"":{""N"":""26.927464""},""tL"":{""N"":""90.5""},""hR"":{""N"":""49""},""wR"":{""N"":""36.89877""},""hE"":{""N"":""91.5""},""tR"":{""N"":""91.22""}}",f4486408-f001-7017-6ea9-8539918b7be9
868032061432054,1781146800,data.qo,"{""tE"":{""N"":""66.92""},""hL"":{""N"":""56.5""},""wL"":{""N"":""27.018654""},""tL"":{""N"":""91.76""},""hR"":{""N"":""53.2""},""wR"":{""N"":""36.839317""},""hE"":{""N"":""92.9""},""tR"":{""N"":""91.4""}}",f4486408-f001-7017-6ea9-8539918b7be9
868032061432054,1781150400,data.qo,"{""tE"":{""N"":""66.92""},""hL"":{""N"":""57""},""wL"":{""N"":""27.183517""},""tL"":{""N"":""91.94""},""hR"":{""N"":""51.7""},""wR"":{""N"":""36.87306""},""hE"":{""N"":""92.9""},""tR"":{""N"":""91.4""}}",f4486408-f001-7017-6ea9-8539918b7be9
868032061432054,1781154000,data.qo,"{""tE"":{""N"":""67.1""},""hL"":{""N"":""54""},""wL"":{""N"":""27.338373""},""tL"":{""N"":""91.94""},""hR"":{""N"":""51.3""},""wR"":{""N"":""36.907356""},""hE"":{""N"":""94.3""},""tR"":{""N"":""90.5""}}",f4486408-f001-7017-6ea9-8539918b7be9
868032061432054,1781157600,data.qo,"{""tE"":{""N"":""67.1""},""hL"":{""N"":""55""},""wL"":{""N"":""27.340874""},""tL"":{""N"":""91.94""},""hR"":{""N"":""53.2""},""wR"":{""N"":""36.930874""},""hE"":{""N"":""94.3""},""tR"":{""N"":""89.6""}}",f4486408-f001-7017-6ea9-8539918b7be9
868032061432054,1781161200,data.qo,"{""tE"":{""N"":""67.1""},""hL"":{""N"":""53.5""},""wL"":{""N"":""27.43038""},""tL"":{""N"":""91.76""},""hR"":{""N"":""53.2""},""wR"":{""N"":""36.953693""},""hE"":{""N"":""94.3""},""tR"":{""N"":""89.6""}}",f4486408-f001-7017-6ea9-8539918b7be9
868032061432054,1781164800,data.qo,"{""tE"":{""N"":""66.2""},""hL"":{""N"":""52.2""},""wL"":{""N"":""27.522917""},""tL"":{""N"":""91.58""},""hR"":{""N"":""53.2""},""wR"":{""N"":""37.03732""},""hE"":{""N"":""94.6""},""tR"":{""N"":""89.6""}}",f4486408-f001-7017-6ea9-8539918b7be9
868032061432054,1781168400,data.qo,"{""tE"":{""N"":""66.92""},""hL"":{""N"":""52.6""},""wL"":{""N"":""27.62455""},""tL"":{""N"":""91.4""},""hR"":{""N"":""50.9""},""wR"":{""N"":""37.045578""},""hE"":{""N"":""94.8""},""tR"":{""N"":""88.88""}}",f4486408-f001-7017-6ea9-8539918b7be9
868032061432054,1781172000,data.qo,"{""tE"":{""N"":""67.1""},""hL"":{""N"":""54.7""},""wL"":{""N"":""27.440004""},""tL"":{""N"":""91.04""},""hR"":{""N"":""50.9""},""wR"":{""N"":""37.055893""},""hE"":{""N"":""94.3""},""tR"":{""N"":""88.88""}}",f4486408-f001-7017-6ea9-8539918b7be9
868032061432054,1781175600,data.qo,"{""tE"":{""N"":""67.1""},""hL"":{""N"":""52.9""},""wL"":{""N"":""27.565554""},""tL"":{""N"":""91.04""},""hR"":{""N"":""51.5""},""wR"":{""N"":""37.009228""},""hE"":{""N"":""93.8""},""tR"":{""N"":""87.8""}}",f4486408-f001-7017-6ea9-8539918b7be9
868032061432054,1781179200,data.qo,"{""tE"":{""N"":""68""},""hL"":{""N"":""54""},""wL"":{""N"":""27.541637""},""tL"":{""N"":""91.58""},""hR"":{""N"":""50.6""},""wR"":{""N"":""37.101295""},""hE"":{""N"":""92.5""},""tR"":{""N"":""88.7""}}",f4486408-f001-7017-6ea9-8539918b7be9
868032061432054,1781182800,data.qo,"{""tE"":{""N"":""71.42""},""hL"":{""N"":""55.2""},""wL"":{""N"":""27.747211""},""tL"":{""N"":""91.04""},""hR"":{""N"":""50.6""},""wR"":{""N"":""37.36169""},""hE"":{""N"":""87.6""},""tR"":{""N"":""88.7""}}",f4486408-f001-7017-6ea9-8539918b7be9
868032061432054,1781186400,data.qo,"{""tE"":{""N"":""95""},""hL"":{""N"":""53.7""},""wL"":{""N"":""27.566565""},""tL"":{""N"":""91.22""},""hR"":{""N"":""51.9""},""wR"":{""N"":""37.24526""},""hE"":{""N"":""57.4""},""tR"":{""N"":""89.78""}}",f4486408-f001-7017-6ea9-8539918b7be9
868032061432054,1781190000,data.qo,"{""tE"":{""N"":""108.5""},""hL"":{""N"":""53.7""},""wL"":{""N"":""27.222496""},""tL"":{""N"":""91.22""},""hR"":{""N"":""51.2""},""wR"":{""N"":""37.202843""},""hE"":{""N"":""41.1""},""tR"":{""N"":""91.4""}}",f4486408-f001-7017-6ea9-8539918b7be9
868032061432054,1781193600,data.qo,"{""tE"":{""N"":""190.04""},""hL"":{""N"":""48.9""},""wL"":{""N"":""27.450687""},""tL"":{""N"":""92.12""},""hR"":{""N"":""50.5""},""wR"":{""N"":""37.133076""},""hE"":{""N"":""75.8""},""tR"":{""N"":""92.48""}}",f4486408-f001-7017-6ea9-8539918b7be9
868032061432054,1781197200,data.qo,"{""tE"":{""N"":""109.94""},""hL"":{""N"":""48.9""},""wL"":{""N"":""26.973227""},""tL"":{""N"":""92.12""},""hR"":{""N"":""50.2""},""wR"":{""N"":""37.165882""},""hE"":{""N"":""38.3""},""tR"":{""N"":""93.38""}}",f4486408-f001-7017-6ea9-8539918b7be9
868032061432054,1781200800,data.qo,"{""tE"":{""N"":""124.7""},""hL"":{""N"":""48.9""},""wL"":{""N"":""26.310549""},""tL"":{""N"":""92.12""},""hR"":{""N"":""48.2""},""wR"":{""N"":""36.995647""},""hE"":{""N"":""28.3""},""tR"":{""N"":""95""}}",f4486408-f001-7017-6ea9-8539918b7be9
868032061432054,1781204400,data.qo,"{""tE"":{""N"":""161.24""},""hL"":{""N"":""43.9""},""wL"":{""N"":""26.347698""},""tL"":{""N"":""95.72""},""hR"":{""N"":""50.1""},""wR"":{""N"":""37.018185""},""hE"":{""N"":""82.8""},""tR"":{""N"":""95.54""}}",f4486408-f001-7017-6ea9-8539918b7be9
868032061432054,1781208000,data.qo,"{""tE"":{""N"":""88.88""},""hL"":{""N"":""43.9""},""wL"":{""N"":""26.229559""},""tL"":{""N"":""95.72""},""hR"":{""N"":""48.8""},""wR"":{""N"":""37.032513""},""hE"":{""N"":""47.3""},""tR"":{""N"":""94.28""}}",f4486408-f001-7017-6ea9-8539918b7be9
868032061432054,1781211600,data.qo,"{""tE"":{""N"":""87.98""},""hL"":{""N"":""45.5""},""wL"":{""N"":""26.183075""},""tL"":{""N"":""91.58""},""hR"":{""N"":""50.2""},""wR"":{""N"":""36.99579""},""hE"":{""N"":""49""},""tR"":{""N"":""93.92""}}",f4486408-f001-7017-6ea9-8539918b7be9
868032061432054,1781215200,data.qo,"{""tE"":{""N"":""86""},""hL"":{""N"":""48.2""},""wL"":{""N"":""26.154394""},""tL"":{""N"":""91.94""},""hR"":{""N"":""48.5""},""wR"":{""N"":""37.099106""},""hE"":{""N"":""50.8""},""tR"":{""N"":""94.1""}}",f4486408-f001-7017-6ea9-8539918b7be9
868032061432054,1781218800,data.qo,"{""tE"":{""N"":""83.66""},""hL"":{""N"":""44.9""},""wL"":{""N"":""26.143423""},""tL"":{""N"":""91.4""},""hR"":{""N"":""50.2""},""wR"":{""N"":""37.157017""},""hE"":{""N"":""53.1""},""tR"":{""N"":""93.92""}}",f4486408-f001-7017-6ea9-8539918b7be9
868032061432054,1781222400,data.qo,"{""tE"":{""N"":""79.52""},""hL"":{""N"":""47.6""},""wL"":{""N"":""26.105743""},""tL"":{""N"":""90.86""},""hR"":{""N"":""50.2""},""wR"":{""N"":""37.262245""},""hE"":{""N"":""56.9""},""tR"":{""N"":""93.92""}}",f4486408-f001-7017-6ea9-8539918b7be9
868032061432054,1781226000,data.qo,"{""tE"":{""N"":""76.1""},""hL"":{""N"":""45.9""},""wL"":{""N"":""26.150978""},""tL"":{""N"":""90.5""},""hR"":{""N"":""49.2""},""wR"":{""N"":""37.332386""},""hE"":{""N"":""59.8""},""tR"":{""N"":""93.2""}}",f4486408-f001-7017-6ea9-8539918b7be9
868032061432054,1781229600,data.qo,"{""tE"":{""N"":""73.4""},""hL"":{""N"":""46.8""},""wL"":{""N"":""26.353376""},""tL"":{""N"":""90.5""},""hR"":{""N"":""49.2""},""wR"":{""N"":""37.280586""},""hE"":{""N"":""62""},""tR"":{""N"":""93.2""}}",f4486408-f001-7017-6ea9-8539918b7be9
868032061432054,1781233200,data.qo,"{""tE"":{""N"":""71.96""},""hL"":{""N"":""50.5""},""wL"":{""N"":""26.294188""},""tL"":{""N"":""90.68""},""hR"":{""N"":""49.2""},""wR"":{""N"":""37.243675""},""hE"":{""N"":""64""},""tR"":{""N"":""93.2""}}",f4486408-f001-7017-6ea9-8539918b7be9
868032061432054,1781236800,data.qo,"{""tE"":{""N"":""71.96""},""hL"":{""N"":""55""},""wL"":{""N"":""26.455442""},""tL"":{""N"":""91.04""},""hR"":{""N"":""48.7""},""wR"":{""N"":""37.207367""},""hE"":{""N"":""64""},""tR"":{""N"":""92.48""}}",f4486408-f001-7017-6ea9-8539918b7be9
868032061432054,1781240340,data.qo,"{""tE"":{""N"":""69.26""},""hL"":{""N"":""54.5""},""wL"":{""N"":""26.610104""},""tL"":{""N"":""91.04""},""hR"":{""N"":""47.5""},""wR"":{""N"":""37.20914""},""hE"":{""N"":""67.7""},""tR"":{""N"":""91.94""}}",f4486408-f001-7017-6ea9-8539918b7be9
868032061432054,1781244000,data.qo,"{""tE"":{""N"":""69.08""},""hL"":{""N"":""53.2""},""wL"":{""N"":""26.262907""},""tL"":{""N"":""91.04""},""hR"":{""N"":""48""},""wR"":{""N"":""37.1719""},""hE"":{""N"":""68.9""},""tR"":{""N"":""91.4""}}",f4486408-f001-7017-6ea9-8539918b7be9
868032061432054,1781247600,data.qo,"{""tE"":{""N"":""68.54""},""hL"":{""N"":""58""},""wL"":{""N"":""26.470215""},""tL"":{""N"":""90.68""},""hR"":{""N"":""49.6""},""wR"":{""N"":""37.192387""},""hE"":{""N"":""69.9""},""tR"":{""N"":""91.4""}}",f4486408-f001-7017-6ea9-8539918b7be9
868032061432054,1781251200,data.qo,"{""tE"":{""N"":""69.08""},""hL"":{""N"":""55.2""},""wL"":{""N"":""26.79027""},""tL"":{""N"":""90.68""},""hR"":{""N"":""49.3""},""wR"":{""N"":""37.173817""},""hE"":{""N"":""71.4""},""tR"":{""N"":""91.58""}}",f4486408-f001-7017-6ea9-8539918b7be9
868032061432054,1781254800,data.qo,"{""tE"":{""N"":""69.08""},""hL"":{""N"":""55.2""},""wL"":{""N"":""26.80591""},""tL"":{""N"":""90.68""},""hR"":{""N"":""49.6""},""wR"":{""N"":""37.167656""},""hE"":{""N"":""71.4""},""tR"":{""N"":""91.22""}}",f4486408-f001-7017-6ea9-8539918b7be9
868032061432054,1781258400,data.qo,"{""tE"":{""N"":""69.08""},""hL"":{""N"":""54.1""},""wL"":{""N"":""26.743351""},""tL"":{""N"":""90.32""},""hR"":{""N"":""49.6""},""wR"":{""N"":""37.12155""},""hE"":{""N"":""71.4""},""tR"":{""N"":""91.22""}}",f4486408-f001-7017-6ea9-8539918b7be9
868032061432054,1781262000,data.qo,"{""tE"":{""N"":""68.54""},""hL"":{""N"":""53.8""},""wL"":{""N"":""26.546343""},""tL"":{""N"":""89.96""},""hR"":{""N"":""48.2""},""wR"":{""N"":""37.077686""},""hE"":{""N"":""78.7""},""tR"":{""N"":""90.5""}}",f4486408-f001-7017-6ea9-8539918b7be9
868032061432054,1781265600,data.qo,"{""tE"":{""N"":""68.54""},""hL"":{""N"":""53.8""},""wL"":{""N"":""26.652643""},""tL"":{""N"":""89.96""},""hR"":{""N"":""48.4""},""wR"":{""N"":""37.236675""},""hE"":{""N"":""78.7""},""tR"":{""N"":""91.04""}}",f4486408-f001-7017-6ea9-8539918b7be9
868032061432054,1781269200,data.qo,"{""tE"":{""N"":""71.78""},""hL"":{""N"":""53.8""},""wL"":{""N"":""26.756489""},""tL"":{""N"":""89.96""},""hR"":{""N"":""48""},""wR"":{""N"":""37.358143""},""hE"":{""N"":""75.1""},""tR"":{""N"":""91.4""}}",f4486408-f001-7017-6ea9-8539918b7be9
868032061432054,1781272800,data.qo,"{""tE"":{""N"":""101.3""},""hL"":{""N"":""52.9""},""wL"":{""N"":""26.919235""},""tL"":{""N"":""90.32""},""hR"":{""N"":""48.4""},""wR"":{""N"":""37.218334""},""hE"":{""N"":""41.8""},""tR"":{""N"":""91.58""}}",f4486408-f001-7017-6ea9-8539918b7be9
868032061432054,1781276400,data.qo,"{""tE"":{""N"":""115.88""},""hL"":{""N"":""52.9""},""wL"":{""N"":""26.721264""},""tL"":{""N"":""90.32""},""hR"":{""N"":""48.9""},""wR"":{""N"":""37.280678""},""hE"":{""N"":""30.9""},""tR"":{""N"":""92.48""}}",f4486408-f001-7017-6ea9-8539918b7be9
868032061432054,1781280000,data.qo,"{""tE"":{""N"":""112.1""},""hL"":{""N"":""52.9""},""wL"":{""N"":""26.865627""},""tL"":{""N"":""90.32""},""hR"":{""N"":""48.3""},""wR"":{""N"":""37.273727""},""hE"":{""N"":""31""},""tR"":{""N"":""93.56""}}",f4486408-f001-7017-6ea9-8539918b7be9
868032061432054,1781283600,data.qo,"{""tE"":{""N"":""113""},""hL"":{""N"":""52.9""},""wL"":{""N"":""26.511696""},""tL"":{""N"":""90.32""},""hR"":{""N"":""49""},""wR"":{""N"":""37.31647""},""hE"":{""N"":""32""},""tR"":{""N"":""94.28""}}",f4486408-f001-7017-6ea9-8539918b7be9
868032061432054,1781287200,data.qo,"{""tE"":{""N"":""115.34""},""hL"":{""N"":""52.9""},""wL"":{""N"":""25.957096""},""tL"":{""N"":""90.32""},""hR"":{""N"":""47.4""},""wR"":{""N"":""37.256927""},""hE"":{""N"":""28.6""},""tR"":{""N"":""95.54""}}",f4486408-f001-7017-6ea9-8539918b7be9
868032061432054,1781290800,data.qo,"{""tE"":{""N"":""93.74""},""hL"":{""N"":""41.1""},""wL"":{""N"":""25.909071""},""tL"":{""N"":""94.64""},""hR"":{""N"":""45.1""},""wR"":{""N"":""37.20625""},""hE"":{""N"":""37.9""},""tR"":{""N"":""95.36""}}",f4486408-f001-7017-6ea9-8539918b7be9
868032061432054,1781294400,data.qo,"{""tE"":{""N"":""85.28""},""hL"":{""N"":""41.1""},""wL"":{""N"":""25.850845""},""tL"":{""N"":""94.64""},""hR"":{""N"":""46.5""},""wR"":{""N"":""37.26169""},""hE"":{""N"":""44.2""},""tR"":{""N"":""94.1""}}",f4486408-f001-7017-6ea9-8539918b7be9
868032061432054,1781298000,data.qo,"{""tE"":{""N"":""84.02""},""hL"":{""N"":""47.6""},""wL"":{""N"":""25.732563""},""tL"":{""N"":""91.58""},""hR"":{""N"":""46.5""},""wR"":{""N"":""37.269478""},""hE"":{""N"":""46.4""},""tR"":{""N"":""94.1""}}",f4486408-f001-7017-6ea9-8539918b7be9
868032061432054,1781301600,data.qo,"{""tE"":{""N"":""85.46""},""hL"":{""N"":""47.6""},""wL"":{""N"":""25.755323""},""tL"":{""N"":""91.58""},""hR"":{""N"":""46.9""},""wR"":{""N"":""37.34265""},""hE"":{""N"":""46.2""},""tR"":{""N"":""94.1""}}",f4486408-f001-7017-6ea9-8539918b7be9
868032061432054,1781305200,data.qo,"{""tE"":{""N"":""134.6""},""hL"":{""N"":""58.6""},""wL"":{""N"":""25.812395""},""tL"":{""N"":""92.3""},""hR"":{""N"":""46.4""},""wR"":{""N"":""37.31129""},""hE"":{""N"":""96.8""},""tR"":{""N"":""93.92""}}",f4486408-f001-7017-6ea9-8539918b7be9
868032061432054,1781308800,data.qo,"{""tE"":{""N"":""80.42""},""hL"":{""N"":""58.6""},""wL"":{""N"":""25.861336""},""tL"":{""N"":""92.3""},""hR"":{""N"":""47.2""},""wR"":{""N"":""37.360245""},""hE"":{""N"":""52""},""tR"":{""N"":""93.56""}}",f4486408-f001-7017-6ea9-8539918b7be9
868032061432054,1781312400,data.qo,"{""tE"":{""N"":""75.92""},""hL"":{""N"":""49.8""},""wL"":{""N"":""26.083609""},""tL"":{""N"":""91.04""},""hR"":{""N"":""47.2""},""wR"":{""N"":""37.423054""},""hE"":{""N"":""57.4""},""tR"":{""N"":""93.2""}}",f4486408-f001-7017-6ea9-8539918b7be9
868032061432054,1781316000,data.qo,"{""tE"":{""N"":""73.22""},""hL"":{""N"":""50.5""},""wL"":{""N"":""26.275274""},""tL"":{""N"":""91.04""},""hR"":{""N"":""47.6""},""wR"":{""N"":""37.380497""},""hE"":{""N"":""61.8""},""tR"":{""N"":""93.02""}}",f4486408-f001-7017-6ea9-8539918b7be9
868032061432054,1781319600,data.qo,"{""tE"":{""N"":""71.6""},""hL"":{""N"":""50.5""},""wL"":{""N"":""26.298132""},""tL"":{""N"":""91.04""},""hR"":{""N"":""48.5""},""wR"":{""N"":""37.35497""},""hE"":{""N"":""65.3""},""tR"":{""N"":""92.48""}}",f4486408-f001-7017-6ea9-8539918b7be9
868032061432054,1781323200,data.qo,"{""tE"":{""N"":""70.34""},""hL"":{""N"":""56.3""},""wL"":{""N"":""26.462997""},""tL"":{""N"":""91.58""},""hR"":{""N"":""48.5""},""wR"":{""N"":""37.36029""},""hE"":{""N"":""67.1""},""tR"":{""N"":""92.48""}}",f4486408-f001-7017-6ea9-8539918b7be9
868032061432054,1781326800,data.qo,"{""tE"":{""N"":""69.8""},""hL"":{""N"":""51.9""},""wL"":{""N"":""26.59201""},""tL"":{""N"":""91.4""},""hR"":{""N"":""47.1""},""wR"":{""N"":""37.36113""},""hE"":{""N"":""68.4""},""tR"":{""N"":""91.76""}}",f4486408-f001-7017-6ea9-8539918b7be9
868032061432054,1781330400,data.qo,"{""tE"":{""N"":""68.9""},""hL"":{""N"":""51.8""},""wL"":{""N"":""26.545622""},""tL"":{""N"":""91.04""},""hR"":{""N"":""48.1""},""wR"":{""N"":""37.33971""},""hE"":{""N"":""70""},""tR"":{""N"":""91.22""}}",f4486408-f001-7017-6ea9-8539918b7be9
868032061432054,1781334000,data.qo,"{""tE"":{""N"":""67.46""},""hL"":{""N"":""51.7""},""wL"":{""N"":""26.655771""},""tL"":{""N"":""91.4""},""hR"":{""N"":""46.8""},""wR"":{""N"":""37.30238""},""hE"":{""N"":""71.4""},""tR"":{""N"":""90.68""}}",f4486408-f001-7017-6ea9-8539918b7be9
868032061432054,1781337600,data.qo,"{""tE"":{""N"":""66.56""},""hL"":{""N"":""51.7""},""wL"":{""N"":""26.711977""},""tL"":{""N"":""91.4""},""hR"":{""N"":""46.3""},""wR"":{""N"":""37.335045""},""hE"":{""N"":""72.2""},""tR"":{""N"":""90.14""}}",f4486408-f001-7017-6ea9-8539918b7be9
868032061432054,1781341200,data.qo,"{""tE"":{""N"":""65.66""},""hL"":{""N"":""51.5""},""wL"":{""N"":""26.703314""},""tL"":{""N"":""91.04""},""hR"":{""N"":""46.3""},""wR"":{""N"":""37.29524""},""hE"":{""N"":""72.8""},""tR"":{""N"":""90.14""}}",f4486408-f001-7017-6ea9-8539918b7be9
868032061432054,1781344800,data.qo,"{""tE"":{""N"":""64.76""},""hL"":{""N"":""52.7""},""wL"":{""N"":""26.660727""},""tL"":{""N"":""91.04""},""hR"":{""N"":""46.8""},""wR"":{""N"":""37.26206""},""hE"":{""N"":""73.8""},""tR"":{""N"":""87.98""}}",f4486408-f001-7017-6ea9-8539918b7be9
868032061432054,1781348400,data.qo,"{""tE"":{""N"":""63.68""},""hL"":{""N"":""49.9""},""wL"":{""N"":""26.448704""},""tL"":{""N"":""90.68""},""hR"":{""N"":""46.8""},""wR"":{""N"":""37.237373""},""hE"":{""N"":""75.5""},""tR"":{""N"":""87.98""}}",f4486408-f001-7017-6ea9-8539918b7be9
868032061432054,1781352000,data.qo,"{""tE"":{""N"":""63.86""},""hL"":{""N"":""52.2""},""wL"":{""N"":""26.497597""},""tL"":{""N"":""91.22""},""hR"":{""N"":""46.6""},""wR"":{""N"":""37.26822""},""hE"":{""N"":""75.7""},""tR"":{""N"":""88.88""}}",f4486408-f001-7017-6ea9-8539918b7be9
868032061432054,1781355600,data.qo,"{""tE"":{""N"":""67.28""},""hL"":{""N"":""51.4""},""wL"":{""N"":""26.54076""},""tL"":{""N"":""91.04""},""hR"":{""N"":""46.5""},""wR"":{""N"":""37.456936""},""hE"":{""N"":""73.3""},""tR"":{""N"":""89.42""}}",f4486408-f001-7017-6ea9-8539918b7be9
868032061432054,1781359200,data.qo,"{""tE"":{""N"":""103.28""},""hL"":{""N"":""50.8""},""wL"":{""N"":""26.41781""},""tL"":{""N"":""91.04""},""hR"":{""N"":""46.8""},""wR"":{""N"":""37.310593""},""hE"":{""N"":""39.3""},""tR"":{""N"":""89.96""}}",f4486408-f001-7017-6ea9-8539918b7be9
868032061432054,1781362800,data.qo,"{""tE"":{""N"":""119.84""},""hL"":{""N"":""48.2""},""wL"":{""N"":""26.137938""},""tL"":{""N"":""91.22""},""hR"":{""N"":""46.8""},""wR"":{""N"":""37.29076""},""hE"":{""N"":""30""},""tR"":{""N"":""89.96""}}",f4486408-f001-7017-6ea9-8539918b7be9
868032061432054,1781366400,data.qo,"{""tE"":{""N"":""106.16""},""hL"":{""N"":""44.2""},""wL"":{""N"":""25.674768""},""tL"":{""N"":""93.92""},""hR"":{""N"":""48""},""wR"":{""N"":""36.999615""},""hE"":{""N"":""35.9""},""tR"":{""N"":""95""}}",f4486408-f001-7017-6ea9-8539918b7be9
868032061432054,1781370000,data.qo,"{""tE"":{""N"":""113.36""},""hL"":{""N"":""45""},""wL"":{""N"":""26.18476""},""tL"":{""N"":""93.38""},""hR"":{""N"":""49.8""},""wR"":{""N"":""37.45997""},""hE"":{""N"":""33.2""},""tR"":{""N"":""95""}}",f4486408-f001-7017-6ea9-8539918b7be9
868032061432054,1781373600,data.qo,"{""tE"":{""N"":""131.9""},""hL"":{""N"":""40""},""wL"":{""N"":""25.833328""},""tL"":{""N"":""94.1""},""hR"":{""N"":""46.9""},""wR"":{""N"":""37.383156""},""hE"":{""N"":""23.3""},""tR"":{""N"":""97.7""}}",f4486408-f001-7017-6ea9-8539918b7be9
868032061432054,1781377200,data.qo,"{""tE"":{""N"":""162.86""},""hL"":{""N"":""47.5""},""wL"":{""N"":""25.809364""},""tL"":{""N"":""93.56""},""hR"":{""N"":""46""},""wR"":{""N"":""37.355904""},""hE"":{""N"":""76.2""},""tR"":{""N"":""96.98""}}",f4486408-f001-7017-6ea9-8539918b7be9
868032061432054,1781380800,data.qo,"{""tE"":{""N"":""88.52""},""hL"":{""N"":""39.1""},""wL"":{""N"":""25.790741""},""tL"":{""N"":""91.76""},""hR"":{""N"":""45.2""},""wR"":{""N"":""37.366543""},""hE"":{""N"":""42.6""},""tR"":{""N"":""94.64""}}",f4486408-f001-7017-6ea9-8539918b7be9
868032061432054,1781384400,data.qo,"{""tE"":{""N"":""83.3""},""hL"":{""N"":""43.8""},""wL"":{""N"":""25.779432""},""tL"":{""N"":""90.68""},""hR"":{""N"":""47.6""},""wR"":{""N"":""37.440086""},""hE"":{""N"":""45.8""},""tR"":{""N"":""93.56""}}",f4486408-f001-7017-6ea9-8539918b7be9
868032061432054,1781388000,data.qo,"{""tE"":{""N"":""81.32""},""hL"":{""N"":""43.5""},""wL"":{""N"":""25.836023""},""tL"":{""N"":""90.5""},""hR"":{""N"":""47.6""},""wR"":{""N"":""37.529358""},""hE"":{""N"":""47.3""},""tR"":{""N"":""93.56""}}",f4486408-f001-7017-6ea9-8539918b7be9
868032061432054,1781391600,data.qo,"{""tE"":{""N"":""79.52""},""hL"":{""N"":""43.5""},""wL"":{""N"":""25.889824""},""tL"":{""N"":""90.5""},""hR"":{""N"":""43.1""},""wR"":{""N"":""37.61849""},""hE"":{""N"":""48.1""},""tR"":{""N"":""93.2""}}",f4486408-f001-7017-6ea9-8539918b7be9
868032061432054,1781395200,data.qo,"{""tE"":{""N"":""77.36""},""hL"":{""N"":""42""},""wL"":{""N"":""25.815283""},""tL"":{""N"":""89.24""},""hR"":{""N"":""44""},""wR"":{""N"":""37.65512""},""hE"":{""N"":""47.8""},""tR"":{""N"":""92.3""}}",f4486408-f001-7017-6ea9-8539918b7be9
868032061432054,1781398800,data.qo,"{""tE"":{""N"":""75.02""},""hL"":{""N"":""41.5""},""wL"":{""N"":""25.787132""},""tL"":{""N"":""88.88""},""hR"":{""N"":""44""},""wR"":{""N"":""37.675377""},""hE"":{""N"":""49.3""},""tR"":{""N"":""92.3""}}",f4486408-f001-7017-6ea9-8539918b7be9
868032061432054,1781402400,data.qo,"{""tE"":{""N"":""70.7""},""hL"":{""N"":""42.7""},""wL"":{""N"":""25.728086""},""tL"":{""N"":""88.88""},""hR"":{""N"":""46.5""},""wR"":{""N"":""37.634357""},""hE"":{""N"":""52.6""},""tR"":{""N"":""91.58""}}",f4486408-f001-7017-6ea9-8539918b7be9
868032061432054,1781406000,data.qo,"{""tE"":{""N"":""68.54""},""hL"":{""N"":""54""},""wL"":{""N"":""25.683142""},""tL"":{""N"":""89.78""},""hR"":{""N"":""48""},""wR"":{""N"":""37.545364""},""hE"":{""N"":""54.5""},""tR"":{""N"":""91.4""}}",f4486408-f001-7017-6ea9-8539918b7be9
868032061432054,1781409600,data.qo,"{""tE"":{""N"":""66.2""},""hL"":{""N"":""54""},""wL"":{""N"":""25.631363""},""tL"":{""N"":""89.78""},""hR"":{""N"":""48.6""},""wR"":{""N"":""37.49926""},""hE"":{""N"":""56.5""},""tR"":{""N"":""91.4""}}",f4486408-f001-7017-6ea9-8539918b7be9
868032061432054,1781413200,data.qo,"{""tE"":{""N"":""64.76""},""hL"":{""N"":""55.7""},""wL"":{""N"":""25.739828""},""tL"":{""N"":""90.68""},""hR"":{""N"":""48.6""},""wR"":{""N"":""37.462162""},""hE"":{""N"":""58.1""},""tR"":{""N"":""91.4""}}",f4486408-f001-7017-6ea9-8539918b7be9
868032061432054,1781416800,data.qo,"{""tE"":{""N"":""64.76""},""hL"":{""N"":""54.4""},""wL"":{""N"":""25.839584""},""tL"":{""N"":""90.86""},""hR"":{""N"":""51.9""},""wR"":{""N"":""37.495667""},""hE"":{""N"":""58.1""},""tR"":{""N"":""90.14""}}",f4486408-f001-7017-6ea9-8539918b7be9
868032061432054,1781420400,data.qo,"{""tE"":{""N"":""61.88""},""hL"":{""N"":""54.4""},""wL"":{""N"":""25.988953""},""tL"":{""N"":""90.86""},""hR"":{""N"":""49.4""},""wR"":{""N"":""37.433273""},""hE"":{""N"":""61.2""},""tR"":{""N"":""89.6""}}",f4486408-f001-7017-6ea9-8539918b7be9
868032061432054,1781424000,data.qo,"{""tE"":{""N"":""60.8""},""hL"":{""N"":""57.3""},""wL"":{""N"":""25.954306""},""tL"":{""N"":""91.58""},""hR"":{""N"":""49.1""},""wR"":{""N"":""37.378117""},""hE"":{""N"":""62.5""},""tR"":{""N"":""89.42""}}",f4486408-f001-7017-6ea9-8539918b7be9
868032061432054,1781427600,data.qo,"{""tE"":{""N"":""60.98""},""hL"":{""N"":""55.5""},""wL"":{""N"":""26.244188""},""tL"":{""N"":""91.22""},""hR"":{""N"":""49.1""},""wR"":{""N"":""37.39529""},""hE"":{""N"":""63""},""tR"":{""N"":""89.42""}}",f4486408-f001-7017-6ea9-8539918b7be9
868032061432054,1781431200,data.qo,"{""tE"":{""N"":""59.72""},""hL"":{""N"":""55.5""},""wL"":{""N"":""25.939966""},""tL"":{""N"":""91.04""},""hR"":{""N"":""52.8""},""wR"":{""N"":""37.397434""},""hE"":{""N"":""64.5""},""tR"":{""N"":""88.34""}}",f4486408-f001-7017-6ea9-8539918b7be9
868032061432054,1781434800,data.qo,"{""tE"":{""N"":""59.36""},""hL"":{""N"":""55.5""},""wL"":{""N"":""26.006998""},""tL"":{""N"":""91.04""},""hR"":{""N"":""51.4""},""wR"":{""N"":""37.35903""},""hE"":{""N"":""65.6""},""tR"":{""N"":""88.16""}}",f4486408-f001-7017-6ea9-8539918b7be9
868032061432054,1781438400,data.qo,"{""tE"":{""N"":""60.08""},""hL"":{""N"":""55.5""},""wL"":{""N"":""25.91345""},""tL"":{""N"":""91.04""},""hR"":{""N"":""49.7""},""wR"":{""N"":""37.355812""},""hE"":{""N"":""65.4""},""tR"":{""N"":""88.52""}}",f4486408-f001-7017-6ea9-8539918b7be9
868032061432054,1781442000,data.qo,"{""tE"":{""N"":""64.94""},""hL"":{""N"":""55.5""},""wL"":{""N"":""25.68343""},""tL"":{""N"":""91.04""},""hR"":{""N"":""48.2""},""wR"":{""N"":""37.526886""},""hE"":{""N"":""62.7""},""tR"":{""N"":""88.88""}}",f4486408-f001-7017-6ea9-8539918b7be9
868032061432054,1781445600,data.qo,"{""tE"":{""N"":""104.9""},""hL"":{""N"":""48.8""},""wL"":{""N"":""25.643297""},""tL"":{""N"":""90.5""},""hR"":{""N"":""50.1""},""wR"":{""N"":""37.57094""},""hE"":{""N"":""36.5""},""tR"":{""N"":""89.78""}}",f4486408-f001-7017-6ea9-8539918b7be9
868032061432054,1781449200,data.qo,"{""tE"":{""N"":""123.08""},""hL"":{""N"":""43.3""},""wL"":{""N"":""25.679678""},""tL"":{""N"":""90.5""},""hR"":{""N"":""50.1""},""wR"":{""N"":""37.502995""},""hE"":{""N"":""27.8""},""tR"":{""N"":""89.78""}}",f4486408-f001-7017-6ea9-8539918b7be9
868032061432054,1781452800,data.qo,"{""tE"":{""N"":""121.28""},""hL"":{""N"":""41.6""},""wL"":{""N"":""25.827555""},""tL"":{""N"":""92.12""},""hR"":{""N"":""48.2""},""wR"":{""N"":""37.606544""},""hE"":{""N"":""26.7""},""tR"":{""N"":""95.54""}}",f4486408-f001-7017-6ea9-8539918b7be9
868032061432054,1781456400,data.qo,"{""tE"":{""N"":""99.86""},""hL"":{""N"":""43.7""},""wL"":{""N"":""26.314878""},""tL"":{""N"":""91.58""},""hR"":{""N"":""48.2""},""wR"":{""N"":""37.92513""},""hE"":{""N"":""36.6""},""tR"":{""N"":""95.54""}}",f4486408-f001-7017-6ea9-8539918b7be9
868032061432054,1781460000,data.qo,"{""tE"":{""N"":""99.86""},""hL"":{""N"":""43.7""},""wL"":{""N"":""25.97163""},""tL"":{""N"":""91.58""},""hR"":{""N"":""45""},""wR"":{""N"":""37.860218""},""hE"":{""N"":""36.6""},""tR"":{""N"":""95""}}",f4486408-f001-7017-6ea9-8539918b7be9
868032061432054,1781463600,data.qo,"{""tE"":{""N"":""72.5""},""hL"":{""N"":""43.7""},""wL"":{""N"":""25.884096""},""tL"":{""N"":""91.58""},""hR"":{""N"":""47.3""},""wR"":{""N"":""37.870716""},""hE"":{""N"":""62.6""},""tR"":{""N"":""91.58""}}",f4486408-f001-7017-6ea9-8539918b7be9
868032061432054,1781467200,data.qo,"{""tE"":{""N"":""75.56""},""hL"":{""N"":""57""},""wL"":{""N"":""25.930004""},""tL"":{""N"":""89.6""},""hR"":{""N"":""49.8""},""wR"":{""N"":""37.596462""},""hE"":{""N"":""65.4""},""tR"":{""N"":""90.32""}}",f4486408-f001-7017-6ea9-8539918b7be9
868032061432054,1781470800,data.qo,"{""tE"":{""N"":""75.2""},""hL"":{""N"":""57.8""},""wL"":{""N"":""25.849497""},""tL"":{""N"":""89.6""},""hR"":{""N"":""50.3""},""wR"":{""N"":""37.390717""},""hE"":{""N"":""69.6""},""tR"":{""N"":""90.5""}}",f4486408-f001-7017-6ea9-8539918b7be9
868032061432054,1781474400,data.qo,"{""tE"":{""N"":""73.58""},""hL"":{""N"":""57.8""},""wL"":{""N"":""25.826687""},""tL"":{""N"":""89.6""},""hR"":{""N"":""50.8""},""wR"":{""N"":""37.600616""},""hE"":{""N"":""73.7""},""tR"":{""N"":""91.04""}}",f4486408-f001-7017-6ea9-8539918b7be9
868032061432054,1781478000,data.qo,"{""tE"":{""N"":""73.4""},""hL"":{""N"":""54.2""},""wL"":{""N"":""26.345774""},""tL"":{""N"":""91.04""},""hR"":{""N"":""51.3""},""wR"":{""N"":""37.776825""},""hE"":{""N"":""75.9""},""tR"":{""N"":""90.68""}}",f4486408-f001-7017-6ea9-8539918b7be9
868032061432054,1781481600,data.qo,"{""tE"":{""N"":""70.16""},""hL"":{""N"":""50""},""wL"":{""N"":""26.282494""},""tL"":{""N"":""89.6""},""hR"":{""N"":""49.8""},""wR"":{""N"":""37.779858""},""hE"":{""N"":""78.8""},""tR"":{""N"":""90.32""}}",f4486408-f001-7017-6ea9-8539918b7be9
868032061432054,1781485200,data.qo,"{""tE"":{""N"":""67.1""},""hL"":{""N"":""56.5""},""wL"":{""N"":""26.664""},""tL"":{""N"":""89.96""},""hR"":{""N"":""49.3""},""wR"":{""N"":""37.814857""},""hE"":{""N"":""82""},""tR"":{""N"":""89.42""}}",f4486408-f001-7017-6ea9-8539918b7be9
868032061432054,1781488800,data.qo,"{""tE"":{""N"":""65.66""},""hL"":{""N"":""56.5""},""wL"":{""N"":""26.672325""},""tL"":{""N"":""89.96""},""hR"":{""N"":""51""},""wR"":{""N"":""37.854244""},""hE"":{""N"":""84.8""},""tR"":{""N"":""88.16""}}",f4486408-f001-7017-6ea9-8539918b7be9
868032061432054,1781492400,data.qo,"{""tE"":{""N"":""64.4""},""hL"":{""N"":""57""},""wL"":{""N"":""26.845465""},""tL"":{""N"":""90.5""},""hR"":{""N"":""51""},""wR"":{""N"":""37.85975""},""hE"":{""N"":""86.3""},""tR"":{""N"":""88.16""}}",f4486408-f001-7017-6ea9-8539918b7be9
868032061432054,1781496000,data.qo,"{""tE"":{""N"":""63.5""},""hL"":{""N"":""57""},""wL"":{""N"":""26.686184""},""tL"":{""N"":""90.5""},""hR"":{""N"":""51.8""},""wR"":{""N"":""37.81836""},""hE"":{""N"":""87.1""},""tR"":{""N"":""86""}}",f4486408-f001-7017-6ea9-8539918b7be9
868032061432054,1781499600,data.qo,"{""tE"":{""N"":""61.52""},""hL"":{""N"":""58.5""},""wL"":{""N"":""26.789404""},""tL"":{""N"":""88.7""},""hR"":{""N"":""49.8""},""wR"":{""N"":""37.810658""},""hE"":{""N"":""89.2""},""tR"":{""N"":""84.2""}}",f4486408-f001-7017-6ea9-8539918b7be9
868032061432054,1781503200,data.qo,"{""tE"":{""N"":""62.24""},""hL"":{""N"":""56.2""},""wL"":{""N"":""26.62194""},""tL"":{""N"":""89.24""},""hR"":{""N"":""51.7""},""wR"":{""N"":""37.813084""},""hE"":{""N"":""89.5""},""tR"":{""N"":""83.3""}}",f4486408-f001-7017-6ea9-8539918b7be9
868032061432054,1781506800,data.qo,"{""tE"":{""N"":""62.24""},""hL"":{""N"":""57.5""},""wL"":{""N"":""26.377918""},""tL"":{""N"":""89.24""},""hR"":{""N"":""51.2""},""wR"":{""N"":""37.81374""},""hE"":{""N"":""89.7""},""tR"":{""N"":""83.3""}}",f4486408-f001-7017-6ea9-8539918b7be9
868032061432054,1781510400,data.qo,"{""tE"":{""N"":""60.8""},""hL"":{""N"":""57.9""},""wL"":{""N"":""26.752398""},""tL"":{""N"":""89.42""},""hR"":{""N"":""53.6""},""wR"":{""N"":""37.82956""},""hE"":{""N"":""90.7""},""tR"":{""N"":""83.66""}}",f4486408-f001-7017-6ea9-8539918b7be9
868032061432054,1781514000,data.qo,"{""tE"":{""N"":""60.26""},""hL"":{""N"":""57.9""},""wL"":{""N"":""26.828768""},""tL"":{""N"":""89.42""},""hR"":{""N"":""50.9""},""wR"":{""N"":""37.81402""},""hE"":{""N"":""90.6""},""tR"":{""N"":""83.48""}}",f4486408-f001-7017-6ea9-8539918b7be9
868032061432054,1781517600,data.qo,"{""tE"":{""N"":""59.36""},""hL"":{""N"":""52.9""},""wL"":{""N"":""26.808027""},""tL"":{""N"":""88.34""},""hR"":{""N"":""50.4""},""wR"":{""N"":""37.774166""},""hE"":{""N"":""90.2""},""tR"":{""N"":""82.22""}}",f4486408-f001-7017-6ea9-8539918b7be9
868032061432054,1781521200,data.qo,"{""tE"":{""N"":""59.36""},""hL"":{""N"":""55.3""},""wL"":{""N"":""26.795996""},""tL"":{""N"":""87.08""},""hR"":{""N"":""50""},""wR"":{""N"":""37.671036""},""hE"":{""N"":""90.2""},""tR"":{""N"":""80.6""}}",f4486408-f001-7017-6ea9-8539918b7be9
868032061432054,1781524800,data.qo,"{""tE"":{""N"":""59.36""},""hL"":{""N"":""52.7""},""wL"":{""N"":""26.82973""},""tL"":{""N"":""86.72""},""hR"":{""N"":""47.7""},""wR"":{""N"":""37.75816""},""hE"":{""N"":""90.2""},""tR"":{""N"":""78.44""}}",f4486408-f001-7017-6ea9-8539918b7be9
868032061432054,1781528400,data.qo,"{""tE"":{""N"":""56.48""},""hL"":{""N"":""48.9""},""wL"":{""N"":""26.788153""},""tL"":{""N"":""86.54""},""hR"":{""N"":""50.2""},""wR"":{""N"":""37.94851""},""hE"":{""N"":""86.4""},""tR"":{""N"":""77.72""}}",f4486408-f001-7017-6ea9-8539918b7be9
868032061432054,1781532000,data.qo,"{""tE"":{""N"":""92.66""},""hL"":{""N"":""51.4""},""wL"":{""N"":""26.656445""},""tL"":{""N"":""86.36""},""hR"":{""N"":""48.4""},""wR"":{""N"":""37.91696""},""hE"":{""N"":""40.7""},""tR"":{""N"":""78.08""}}",f4486408-f001-7017-6ea9-8539918b7be9
868032061432054,1781535600,data.qo,"{""tE"":{""N"":""106.16""},""hL"":{""N"":""50""},""wL"":{""N"":""26.479742""},""tL"":{""N"":""86.18""},""hR"":{""N"":""48.4""},""wR"":{""N"":""37.80002""},""hE"":{""N"":""31.9""},""tR"":{""N"":""78.08""}}",f4486408-f001-7017-6ea9-8539918b7be9
868032061432054,1781539200,data.qo,"{""tE"":{""N"":""107.42""},""hL"":{""N"":""50""},""wL"":{""N"":""26.536333""},""tL"":{""N"":""86.18""},""hR"":{""N"":""46.2""},""wR"":{""N"":""37.694088""},""hE"":{""N"":""32.1""},""tR"":{""N"":""84.74""}}",f4486408-f001-7017-6ea9-8539918b7be9
868032061432054,1781542800,data.qo,"{""tE"":{""N"":""94.64""},""hL"":{""N"":""50""},""wL"":{""N"":""26.253668""},""tL"":{""N"":""86.18""},""hR"":{""N"":""46.1""},""wR"":{""N"":""37.661003""},""hE"":{""N"":""44.4""},""tR"":{""N"":""85.82""}}",f4486408-f001-7017-6ea9-8539918b7be9
868032061432054,1781546400,data.qo,"{""tE"":{""N"":""107.96""},""hL"":{""N"":""53.7""},""wL"":{""N"":""26.292984""},""tL"":{""N"":""89.42""},""hR"":{""N"":""44.1""},""wR"":{""N"":""37.538597""},""hE"":{""N"":""34.5""},""tR"":{""N"":""87.62""}}",f4486408-f001-7017-6ea9-8539918b7be9
868032061432054,1781550000,data.qo,"{""tE"":{""N"":""78.62""},""hL"":{""N"":""51.5""},""wL"":{""N"":""26.364733""},""tL"":{""N"":""90.14""},""hR"":{""N"":""44.1""},""wR"":{""N"":""37.5218""},""hE"":{""N"":""53""},""tR"":{""N"":""87.62""}}",f4486408-f001-7017-6ea9-8539918b7be9
868032061432054,1781553600,data.qo,"{""tE"":{""N"":""71.06""},""hL"":{""N"":""48.2""},""wL"":{""N"":""26.335524""},""tL"":{""N"":""89.6""},""hR"":{""N"":""43.3""},""wR"":{""N"":""37.540886""},""hE"":{""N"":""60""},""tR"":{""N"":""86.54""}}",f4486408-f001-7017-6ea9-8539918b7be9
868032061432054,1781557200,data.qo,"{""tE"":{""N"":""70.7""},""hL"":{""N"":""51.6""},""wL"":{""N"":""26.40963""},""tL"":{""N"":""88.7""},""hR"":{""N"":""44""},""wR"":{""N"":""37.4567""},""hE"":{""N"":""56.6""},""tR"":{""N"":""84.74""}}",f4486408-f001-7017-6ea9-8539918b7be9
868032061432054,1781560800,data.qo,"{""tE"":{""N"":""66.92""},""hL"":{""N"":""51.6""},""wL"":{""N"":""26.269213""},""tL"":{""N"":""88.7""},""hR"":{""N"":""44.6""},""wR"":{""N"":""37.564358""},""hE"":{""N"":""58.2""},""tR"":{""N"":""83.48""}}",f4486408-f001-7017-6ea9-8539918b7be9
868032061432054,1781564400,data.qo,"{""tE"":{""N"":""65.66""},""hL"":{""N"":""48.9""},""wL"":{""N"":""26.209541""},""tL"":{""N"":""87.26""},""hR"":{""N"":""44.6""},""wR"":{""N"":""37.683914""},""hE"":{""N"":""59.7""},""tR"":{""N"":""83.48""}}",f4486408-f001-7017-6ea9-8539918b7be9
868032061432054,1781568000,data.qo,"{""tE"":{""N"":""64.76""},""hL"":{""N"":""48.9""},""wL"":{""N"":""26.060076""},""tL"":{""N"":""87.26""},""hR"":{""N"":""44.6""},""wR"":{""N"":""37.6785""},""hE"":{""N"":""60.7""},""tR"":{""N"":""83.48""}}",f4486408-f001-7017-6ea9-8539918b7be9
868032061432054,1781571600,data.qo,"{""tE"":{""N"":""63.14""},""hL"":{""N"":""48.9""},""wL"":{""N"":""26.015709""},""tL"":{""N"":""87.26""},""hR"":{""N"":""49.2""},""wR"":{""N"":""37.594784""},""hE"":{""N"":""62.3""},""tR"":{""N"":""81.32""}}",f4486408-f001-7017-6ea9-8539918b7be9
868032061432054,1781575200,data.qo,"{""tE"":{""N"":""60.26""},""hL"":{""N"":""53.2""},""wL"":{""N"":""25.943768""},""tL"":{""N"":""87.26""},""hR"":{""N"":""50.6""},""wR"":{""N"":""37.528847""},""hE"":{""N"":""65.1""},""tR"":{""N"":""81.5""}}",f4486408-f001-7017-6ea9-8539918b7be9
868032061432054,1781578800,data.qo,"{""tE"":{""N"":""58.64""},""hL"":{""N"":""53.2""},""wL"":{""N"":""25.862682""},""tL"":{""N"":""87.26""},""hR"":{""N"":""55.2""},""wR"":{""N"":""37.549473""},""hE"":{""N"":""66.9""},""tR"":{""N"":""81.5""}}",f4486408-f001-7017-6ea9-8539918b7be9
868032061432054,1781582400,data.qo,"{""tE"":{""N"":""56.84""},""hL"":{""N"":""60""},""wL"":{""N"":""25.98313""},""tL"":{""N"":""88.52""},""hR"":{""N"":""53""},""wR"":{""N"":""37.63137""},""hE"":{""N"":""68.6""},""tR"":{""N"":""81.5""}}",f4486408-f001-7017-6ea9-8539918b7be9
868032061432054,1781585940,data.qo,"{""tE"":{""N"":""54.86""},""hL"":{""N"":""57.4""},""wL"":{""N"":""25.962294""},""tL"":{""N"":""88.88""},""hR"":{""N"":""53""},""wR"":{""N"":""37.59068""},""hE"":{""N"":""70.4""},""tR"":{""N"":""81.5""}}",f4486408-f001-7017-6ea9-8539918b7be9
868032061432054,1781586000,data.qo,"{""tE"":{""N"":""54.5""},""hL"":{""N"":""56.9""},""wL"":{""N"":""25.950214""},""tL"":{""N"":""88.16""},""hR"":{""N"":""55""},""wR"":{""N"":""37.616436""},""hE"":{""N"":""71""},""tR"":{""N"":""81.5""}}",f4486408-f001-7017-6ea9-8539918b7be9
868032061432054,1781589600,data.qo,"{""tE"":{""N"":""54.5""},""hL"":{""N"":""56.9""},""wL"":{""N"":""25.871489""},""tL"":{""N"":""88.16""},""hR"":{""N"":""55""},""wR"":{""N"":""37.589977""},""hE"":{""N"":""71""},""tR"":{""N"":""81.5""}}",f4486408-f001-7017-6ea9-8539918b7be9
868032061432054,1781593200,data.qo,"{""tE"":{""N"":""54.32""},""hL"":{""N"":""51.3""},""wL"":{""N"":""25.632519""},""tL"":{""N"":""88.34""},""hR"":{""N"":""59.7""},""wR"":{""N"":""37.442886""},""hE"":{""N"":""71.9""},""tR"":{""N"":""81.5""}}",f4486408-f001-7017-6ea9-8539918b7be9
868032061432054,1781596800,data.qo,"{""tE"":{""N"":""55.58""},""hL"":{""N"":""53.6""},""wL"":{""N"":""26.004448""},""tL"":{""N"":""88.88""},""hR"":{""N"":""59.7""},""wR"":{""N"":""37.435097""},""hE"":{""N"":""71.8""},""tR"":{""N"":""81.5""}}",f4486408-f001-7017-6ea9-8539918b7be9
868032061432054,1781600400,data.qo,"{""tE"":{""N"":""55.58""},""hL"":{""N"":""51.2""},""wL"":{""N"":""26.202324""},""tL"":{""N"":""88.52""},""hR"":{""N"":""55.3""},""wR"":{""N"":""37.36505""},""hE"":{""N"":""73.2""},""tR"":{""N"":""80.42""}}",f4486408-f001-7017-6ea9-8539918b7be9
868032061432054,1781604000,data.qo,"{""tE"":{""N"":""55.58""},""hL"":{""N"":""56.4""},""wL"":{""N"":""26.169697""},""tL"":{""N"":""88.16""},""hR"":{""N"":""54.2""},""wR"":{""N"":""37.40425""},""hE"":{""N"":""73.9""},""tR"":{""N"":""79.16""}}",f4486408-f001-7017-6ea9-8539918b7be9
868032061432054,1781607600,data.qo,"{""tE"":{""N"":""55.76""},""hL"":{""N"":""57.4""},""wL"":{""N"":""26.075811""},""tL"":{""N"":""87.98""},""hR"":{""N"":""57.5""},""wR"":{""N"":""37.446014""},""hE"":{""N"":""74""},""tR"":{""N"":""78.98""}}",f4486408-f001-7017-6ea9-8539918b7be9
868032061432054,1781611200,data.qo,"{""tE"":{""N"":""54.68""},""hL"":{""N"":""54.7""},""wL"":{""N"":""25.89627""},""tL"":{""N"":""88.34""},""hR"":{""N"":""54.4""},""wR"":{""N"":""37.538086""},""hE"":{""N"":""74.7""},""tR"":{""N"":""79.52""}}",f4486408-f001-7017-6ea9-8539918b7be9
868032061432054,1781614800,data.qo,"{""tE"":{""N"":""60.8""},""hL"":{""N"":""57""},""wL"":{""N"":""25.902527""},""tL"":{""N"":""88.16""},""hR"":{""N"":""54.4""},""wR"":{""N"":""37.52642""},""hE"":{""N"":""69.5""},""tR"":{""N"":""79.52""}}",f4486408-f001-7017-6ea9-8539918b7be9
868032061432054,1781618400,data.qo,"{""tE"":{""N"":""65.84""},""hL"":{""N"":""54.7""},""wL"":{""N"":""25.858063""},""tL"":{""N"":""88.34""},""hR"":{""N"":""56.6""},""wR"":{""N"":""37.57915""},""hE"":{""N"":""65.3""},""tR"":{""N"":""82.4""}}",f4486408-f001-7017-6ea9-8539918b7be9
868032061432054,1781622000,data.qo,"{""tE"":{""N"":""66.56""},""hL"":{""N"":""54.7""},""wL"":{""N"":""26.263292""},""tL"":{""N"":""88.34""},""hR"":{""N"":""56.1""},""wR"":{""N"":""37.658436""},""hE"":{""N"":""65.3""},""tR"":{""N"":""84.2""}}",f4486408-f001-7017-6ea9-8539918b7be9
868032061432054,1781625600,data.qo,"{""tE"":{""N"":""65.12""},""hL"":{""N"":""45.3""},""wL"":{""N"":""26.425653""},""tL"":{""N"":""88.34""},""hR"":{""N"":""54.7""},""wR"":{""N"":""37.615036""},""hE"":{""N"":""66.6""},""tR"":{""N"":""84.92""}}",f4486408-f001-7017-6ea9-8539918b7be9
868032061432054,1781629200,data.qo,"{""tE"":{""N"":""84.56""},""hL"":{""N"":""47.1""},""wL"":{""N"":""25.77438""},""tL"":{""N"":""87.8""},""hR"":{""N"":""54.7""},""wR"":{""N"":""37.307697""},""hE"":{""N"":""50.9""},""tR"":{""N"":""84.92""}}",f4486408-f001-7017-6ea9-8539918b7be9
868032061432054,1781632800,data.qo,"{""tE"":{""N"":""87.62""},""hL"":{""N"":""45.6""},""wL"":{""N"":""25.828901""},""tL"":{""N"":""87.8""},""hR"":{""N"":""54.6""},""wR"":{""N"":""37.232986""},""hE"":{""N"":""46.7""},""tR"":{""N"":""85.28""}}",f4486408-f001-7017-6ea9-8539918b7be9
868032061432054,1781636400,data.qo,"{""tE"":{""N"":""77.54""},""hL"":{""N"":""48.5""},""wL"":{""N"":""26.00055""},""tL"":{""N"":""88.52""},""hR"":{""N"":""55.8""},""wR"":{""N"":""37.265232""},""hE"":{""N"":""52.2""},""tR"":{""N"":""86.54""}}",f4486408-f001-7017-6ea9-8539918b7be9
868032061432054,1781640000,data.qo,"{""tE"":{""N"":""72.14""},""hL"":{""N"":""48.5""},""wL"":{""N"":""26.087553""},""tL"":{""N"":""88.52""},""hR"":{""N"":""50.9""},""wR"":{""N"":""37.256645""},""hE"":{""N"":""56.2""},""tR"":{""N"":""86.54""}}",f4486408-f001-7017-6ea9-8539918b7be9
868032061432054,1781643600,data.qo,"{""tE"":{""N"":""71.78""},""hL"":{""N"":""51.2""},""wL"":{""N"":""25.935587""},""tL"":{""N"":""88.52""},""hR"":{""N"":""50.9""},""wR"":{""N"":""37.364956""},""hE"":{""N"":""57.4""},""tR"":{""N"":""86.54""}}",f4486408-f001-7017-6ea9-8539918b7be9
868032061432054,1781647200,data.qo,"{""tE"":{""N"":""70.7""},""hL"":{""N"":""51.2""},""wL"":{""N"":""26.092896""},""tL"":{""N"":""88.52""},""hR"":{""N"":""55.1""},""wR"":{""N"":""37.52852""},""hE"":{""N"":""59.1""},""tR"":{""N"":""85.28""}}",f4486408-f001-7017-6ea9-8539918b7be9
868032061432054,1781650800,data.qo,"{""tE"":{""N"":""68.18""},""hL"":{""N"":""51.2""},""wL"":{""N"":""25.55947""},""tL"":{""N"":""88.52""},""hR"":{""N"":""54.8""},""wR"":{""N"":""37.489506""},""hE"":{""N"":""61.7""},""tR"":{""N"":""85.82""}}",f4486408-f001-7017-6ea9-8539918b7be9
868032061432054,1781654400,data.qo,"{""tE"":{""N"":""65.48""},""hL"":{""N"":""51.2""},""wL"":{""N"":""25.712015""},""tL"":{""N"":""88.52""},""hR"":{""N"":""53.6""},""wR"":{""N"":""37.51228""},""hE"":{""N"":""64.7""},""tR"":{""N"":""85.82""}}",f4486408-f001-7017-6ea9-8539918b7be9
868032061432054,1781658000,data.qo,"{""tE"":{""N"":""65.48""},""hL"":{""N"":""53.1""},""wL"":{""N"":""25.693295""},""tL"":{""N"":""88.34""},""hR"":{""N"":""52.2""},""wR"":{""N"":""37.50052""},""hE"":{""N"":""65""},""tR"":{""N"":""85.46""}}",f4486408-f001-7017-6ea9-8539918b7be9
868032061432054,1781661600,data.qo,"{""tE"":{""N"":""62.6""},""hL"":{""N"":""50.4""},""wL"":{""N"":""25.93164""},""tL"":{""N"":""88.16""},""hR"":{""N"":""52.2""},""wR"":{""N"":""37.49828""},""hE"":{""N"":""67.2""},""tR"":{""N"":""85.46""}}",f4486408-f001-7017-6ea9-8539918b7be9
868032061432054,1781665200,data.qo,"{""tE"":{""N"":""61.88""},""hL"":{""N"":""54.9""},""wL"":{""N"":""25.970427""},""tL"":{""N"":""88.16""},""hR"":{""N"":""55.6""},""wR"":{""N"":""37.49128""},""hE"":{""N"":""68.2""},""tR"":{""N"":""84.02""}}",f4486408-f001-7017-6ea9-8539918b7be9
868032061432054,1781668800,data.qo,"{""tE"":{""N"":""60.08""},""hL"":{""N"":""54.9""},""wL"":{""N"":""25.995882""},""tL"":{""N"":""88.16""},""hR"":{""N"":""56.5""},""wR"":{""N"":""37.55064""},""hE"":{""N"":""70.2""},""tR"":{""N"":""83.66""}}",f4486408-f001-7017-6ea9-8539918b7be9
868032061432054,1781672400,data.qo,"{""tE"":{""N"":""57.56""},""hL"":{""N"":""55.3""},""wL"":{""N"":""25.78973""},""tL"":{""N"":""88.7""},""hR"":{""N"":""54.5""},""wR"":{""N"":""37.48797""},""hE"":{""N"":""71.7""},""tR"":{""N"":""83.3""}}",f4486408-f001-7017-6ea9-8539918b7be9
868032061432054,1781676000,data.qo,"{""tE"":{""N"":""55.94""},""hL"":{""N"":""54.8""},""wL"":{""N"":""25.804504""},""tL"":{""N"":""88.7""},""hR"":{""N"":""54.6""},""wR"":{""N"":""37.46286""},""hE"":{""N"":""73.1""},""tR"":{""N"":""83.3""}}",f4486408-f001-7017-6ea9-8539918b7be9
868032061432054,1781679600,data.qo,"{""tE"":{""N"":""55.58""},""hL"":{""N"":""54.8""},""wL"":{""N"":""25.97981""},""tL"":{""N"":""88.7""},""hR"":{""N"":""55.5""},""wR"":{""N"":""37.531834""},""hE"":{""N"":""73.5""},""tR"":{""N"":""82.94""}}",f4486408-f001-7017-6ea9-8539918b7be9
868032061432054,1781683200,data.qo,"{""tE"":{""N"":""57.2""},""hL"":{""N"":""59.5""},""wL"":{""N"":""26.214882""},""tL"":{""N"":""88.52""},""hR"":{""N"":""56.2""},""wR"":{""N"":""37.52735""},""hE"":{""N"":""73""},""tR"":{""N"":""81.86""}}",f4486408-f001-7017-6ea9-8539918b7be9
868032061432054,1781686800,data.qo,"{""tE"":{""N"":""56.3""},""hL"":{""N"":""55.3""},""wL"":{""N"":""26.410978""},""tL"":{""N"":""87.98""},""hR"":{""N"":""56.2""},""wR"":{""N"":""37.56543""},""hE"":{""N"":""74.3""},""tR"":{""N"":""81.86""}}",f4486408-f001-7017-6ea9-8539918b7be9
868032061432054,1781690400,data.qo,"{""tE"":{""N"":""56.48""},""hL"":{""N"":""54.8""},""wL"":{""N"":""26.453999""},""tL"":{""N"":""86.9""},""hR"":{""N"":""56.2""},""wR"":{""N"":""37.491467""},""hE"":{""N"":""75.7""},""tR"":{""N"":""81.86""}}",f4486408-f001-7017-6ea9-8539918b7be9
868032061432054,1781694000,data.qo,"{""tE"":{""N"":""56.48""},""hL"":{""N"":""51.6""},""wL"":{""N"":""26.45111""},""tL"":{""N"":""86.36""},""hR"":{""N"":""56.7""},""wR"":{""N"":""37.471355""},""hE"":{""N"":""76.5""},""tR"":{""N"":""78.08""}}",f4486408-f001-7017-6ea9-8539918b7be9
868032061432054,1781697600,data.qo,"{""tE"":{""N"":""57.2""},""hL"":{""N"":""55""},""wL"":{""N"":""26.349815""},""tL"":{""N"":""85.46""},""hR"":{""N"":""52.5""},""wR"":{""N"":""37.52922""},""hE"":{""N"":""76.7""},""tR"":{""N"":""77.9""}}",f4486408-f001-7017-6ea9-8539918b7be9
868032061432054,1781701200,data.qo,"{""tE"":{""N"":""57.2""},""hL"":{""N"":""55""},""wL"":{""N"":""26.281387""},""tL"":{""N"":""85.46""},""hR"":{""N"":""52.5""},""wR"":{""N"":""37.63095""},""hE"":{""N"":""76.7""},""tR"":{""N"":""77.9""}}",f4486408-f001-7017-6ea9-8539918b7be9
868032061432054,1781704800,data.qo,"{""tE"":{""N"":""93.92""},""hL"":{""N"":""55""},""wL"":{""N"":""26.08534""},""tL"":{""N"":""85.46""},""hR"":{""N"":""51.2""},""wR"":{""N"":""37.58153""},""hE"":{""N"":""39.9""},""tR"":{""N"":""78.8""}}",f4486408-f001-7017-6ea9-8539918b7be9
868032061432054,1781708400,data.qo,"{""tE"":{""N"":""111.38""},""hL"":{""N"":""50.1""},""wL"":{""N"":""25.766296""},""tL"":{""N"":""86.54""},""hR"":{""N"":""51.2""},""wR"":{""N"":""37.55162""},""hE"":{""N"":""28.8""},""tR"":{""N"":""78.8""}}",f4486408-f001-7017-6ea9-8539918b7be9
868032061432054,1781712000,data.qo,"{""tE"":{""N"":""111.38""},""hL"":{""N"":""50.1""},""wL"":{""N"":""25.937464""},""tL"":{""N"":""86.54""},""hR"":{""N"":""53.5""},""wR"":{""N"":""37.65839""},""hE"":{""N"":""28.8""},""tR"":{""N"":""87.08""}}",f4486408-f001-7017-6ea9-8539918b7be9
868032061432054,1781715600,data.qo,"{""tE"":{""N"":""106.16""},""hL"":{""N"":""50.1""},""wL"":{""N"":""25.520588""},""tL"":{""N"":""86.54""},""hR"":{""N"":""51.2""},""wR"":{""N"":""37.763527""},""hE"":{""N"":""31.2""},""tR"":{""N"":""90.86""}}",f4486408-f001-7017-6ea9-8539918b7be9
868032061432054,1781719200,data.qo,"{""tE"":{""N"":""95.9""},""hL"":{""N"":""53.7""},""wL"":{""N"":""25.656868""},""tL"":{""N"":""91.94""},""hR"":{""N"":""52.4""},""wR"":{""N"":""37.79227""},""hE"":{""N"":""35.6""},""tR"":{""N"":""93.92""}}",f4486408-f001-7017-6ea9-8539918b7be9
868032061432054,1781722800,data.qo,"{""tE"":{""N"":""90.68""},""hL"":{""N"":""50.4""},""wL"":{""N"":""25.714228""},""tL"":{""N"":""92.3""},""hR"":{""N"":""53.3""},""wR"":{""N"":""37.795307""},""hE"":{""N"":""37.9""},""tR"":{""N"":""94.46""}}",f4486408-f001-7017-6ea9-8539918b7be9
868032061432054,1781726400,data.qo,"{""tE"":{""N"":""82.04""},""hL"":{""N"":""55.6""},""wL"":{""N"":""25.679533""},""tL"":{""N"":""92.12""},""hR"":{""N"":""51.7""},""wR"":{""N"":""37.769173""},""hE"":{""N"":""43.5""},""tR"":{""N"":""93.56""}}",f4486408-f001-7017-6ea9-8539918b7be9
868032061432054,1781730000,data.qo,"{""tE"":{""N"":""80.96""},""hL"":{""N"":""59.9""},""wL"":{""N"":""25.868698""},""tL"":{""N"":""91.04""},""hR"":{""N"":""53""},""wR"":{""N"":""37.87935""},""hE"":{""N"":""45""},""tR"":{""N"":""93.02""}}",f4486408-f001-7017-6ea9-8539918b7be9
868032061432054,1781733600,data.qo,"{""tE"":{""N"":""76.1""},""hL"":{""N"":""57.7""},""wL"":{""N"":""25.771204""},""tL"":{""N"":""90.5""},""hR"":{""N"":""53""},""wR"":{""N"":""38.04095""},""hE"":{""N"":""48.7""},""tR"":{""N"":""92.48""}}",f4486408-f001-7017-6ea9-8539918b7be9
868032061432054,1781737200,data.qo,"{""tE"":{""N"":""75.38""},""hL"":{""N"":""56.8""},""wL"":{""N"":""26.15088""},""tL"":{""N"":""89.6""},""hR"":{""N"":""51.3""},""wR"":{""N"":""38.16681""},""hE"":{""N"":""49.8""},""tR"":{""N"":""92.12""}}",f4486408-f001-7017-6ea9-8539918b7be9
868032061432054,1781740800,data.qo,"{""tE"":{""N"":""72.68""},""hL"":{""N"":""54.5""},""wL"":{""N"":""26.23288""},""tL"":{""N"":""89.24""},""hR"":{""N"":""51.3""},""wR"":{""N"":""38.317398""},""hE"":{""N"":""52.4""},""tR"":{""N"":""91.4""}}",f4486408-f001-7017-6ea9-8539918b7be9
868032061432054,1781744400,data.qo,"{""tE"":{""N"":""69.98""},""hL"":{""N"":""54.5""},""wL"":{""N"":""25.982553""},""tL"":{""N"":""89.24""},""hR"":{""N"":""53.2""},""wR"":{""N"":""38.222202""},""hE"":{""N"":""54.6""},""tR"":{""N"":""90.68""}}",f4486408-f001-7017-6ea9-8539918b7be9
868032061432054,1781748000,data.qo,"{""tE"":{""N"":""66.92""},""hL"":{""N"":""53.9""},""wL"":{""N"":""25.92553""},""tL"":{""N"":""87.62""},""hR"":{""N"":""52.5""},""wR"":{""N"":""38.146088""},""hE"":{""N"":""57""},""tR"":{""N"":""90.32""}}",f4486408-f001-7017-6ea9-8539918b7be9
868032061432054,1781751600,data.qo,"{""tE"":{""N"":""65.84""},""hL"":{""N"":""61.4""},""wL"":{""N"":""26.020039""},""tL"":{""N"":""88.16""},""hR"":{""N"":""52.5""},""wR"":{""N"":""38.091866""},""hE"":{""N"":""58.8""},""tR"":{""N"":""90.32""}}",f4486408-f001-7017-6ea9-8539918b7be9
868032061432054,1781755200,data.qo,"{""tE"":{""N"":""65.48""},""hL"":{""N"":""61.4""},""wL"":{""N"":""25.810278""},""tL"":{""N"":""88.16""},""hR"":{""N"":""52.8""},""wR"":{""N"":""38.047066""},""hE"":{""N"":""60.5""},""tR"":{""N"":""89.06""}}",f4486408-f001-7017-6ea9-8539918b7be9
868032061432054,1781758800,data.qo,"{""tE"":{""N"":""64.4""},""hL"":{""N"":""61.4""},""wL"":{""N"":""25.869083""},""tL"":{""N"":""88.16""},""hR"":{""N"":""53.2""},""wR"":{""N"":""38.0018""},""hE"":{""N"":""62.2""},""tR"":{""N"":""88.52""}}",f4486408-f001-7017-6ea9-8539918b7be9
868032061432054,1781762400,data.qo,"{""tE"":{""N"":""64.04""},""hL"":{""N"":""55.7""},""wL"":{""N"":""25.979954""},""tL"":{""N"":""88.16""},""hR"":{""N"":""51.7""},""wR"":{""N"":""38.027466""},""hE"":{""N"":""63.5""},""tR"":{""N"":""88.16""}}",f4486408-f001-7017-6ea9-8539918b7be9
868032061432054,1781766000,data.qo,"{""tE"":{""N"":""63.68""},""hL"":{""N"":""60""},""wL"":{""N"":""25.988327""},""tL"":{""N"":""88.16""},""hR"":{""N"":""52.8""},""wR"":{""N"":""37.99214""},""hE"":{""N"":""64.2""},""tR"":{""N"":""87.44""}}",f4486408-f001-7017-6ea9-8539918b7be9
868032061432054,1781769600,data.qo,"{""tE"":{""N"":""63.86""},""hL"":{""N"":""60.2""},""wL"":{""N"":""25.796274""},""tL"":{""N"":""87.98""},""hR"":{""N"":""52.8""},""wR"":{""N"":""38.026207""},""hE"":{""N"":""65.1""},""tR"":{""N"":""87.8""}}",f4486408-f001-7017-6ea9-8539918b7be9
868032061432054,1781773200,data.qo,"{""tE"":{""N"":""64.76""},""hL"":{""N"":""55.1""},""wL"":{""N"":""25.719858""},""tL"":{""N"":""87.44""},""hR"":{""N"":""53""},""wR"":{""N"":""38.037174""},""hE"":{""N"":""65.5""},""tR"":{""N"":""87.44""}}",f4486408-f001-7017-6ea9-8539918b7be9
868032061432054,1781776800,data.qo,"{""tE"":{""N"":""64.04""},""hL"":{""N"":""55.1""},""wL"":{""N"":""25.625637""},""tL"":{""N"":""87.44""},""hR"":{""N"":""52.7""},""wR"":{""N"":""38.02616""},""hE"":{""N"":""66.6""},""tR"":{""N"":""88.16""}}",f4486408-f001-7017-6ea9-8539918b7be9
868032061432054,1781780400,data.qo,"{""tE"":{""N"":""64.76""},""hL"":{""N"":""58.7""},""wL"":{""N"":""25.58839""},""tL"":{""N"":""87.44""},""hR"":{""N"":""51.1""},""wR"":{""N"":""37.96876""},""hE"":{""N"":""67.5""},""tR"":{""N"":""88.16""}}",f4486408-f001-7017-6ea9-8539918b7be9
868032061432054,1781784000,data.qo,"{""tE"":{""N"":""65.3""},""hL"":{""N"":""55.4""},""wL"":{""N"":""25.589739""},""tL"":{""N"":""87.62""},""hR"":{""N"":""50.8""},""wR"":{""N"":""38.01771""},""hE"":{""N"":""68.2""},""tR"":{""N"":""87.44""}}",f4486408-f001-7017-6ea9-8539918b7be9
868032061432054,1781787600,data.qo,"{""tE"":{""N"":""67.82""},""hL"":{""N"":""57.9""},""wL"":{""N"":""25.599989""},""tL"":{""N"":""87.62""},""hR"":{""N"":""49.7""},""wR"":{""N"":""38.090557""},""hE"":{""N"":""66.7""},""tR"":{""N"":""89.42""}}",f4486408-f001-7017-6ea9-8539918b7be9
868032061432054,1781791200,data.qo,"{""tE"":{""N"":""78.08""},""hL"":{""N"":""59.1""},""wL"":{""N"":""25.575254""},""tL"":{""N"":""87.8""},""hR"":{""N"":""51""},""wR"":{""N"":""38.020187""},""hE"":{""N"":""59.5""},""tR"":{""N"":""89.24""}}",f4486408-f001-7017-6ea9-8539918b7be9
868032061432054,1781794800,data.qo,"{""tE"":{""N"":""87.44""},""hL"":{""N"":""59""},""wL"":{""N"":""25.66192""},""tL"":{""N"":""87.98""},""hR"":{""N"":""51.2""},""wR"":{""N"":""38.2103""},""hE"":{""N"":""50.7""},""tR"":{""N"":""89.96""}}",f4486408-f001-7017-6ea9-8539918b7be9
868032061432054,1781798400,data.qo,"{""tE"":{""N"":""96.98""},""hL"":{""N"":""56""},""wL"":{""N"":""25.510578""},""tL"":{""N"":""89.24""},""hR"":{""N"":""53.1""},""wR"":{""N"":""38.18846""},""hE"":{""N"":""44.1""},""tR"":{""N"":""91.58""}}",f4486408-f001-7017-6ea9-8539918b7be9
868032061432054,1781802000,data.qo,"{""tE"":{""N"":""87.44""},""hL"":{""N"":""62.5""},""wL"":{""N"":""25.554995""},""tL"":{""N"":""89.96""},""hR"":{""N"":""54.6""},""wR"":{""N"":""38.343903""},""hE"":{""N"":""49.3""},""tR"":{""N"":""93.2""}}",f4486408-f001-7017-6ea9-8539918b7be9
868032061432054,1781805600,data.qo,"{""tE"":{""N"":""89.24""},""hL"":{""N"":""50.3""},""wL"":{""N"":""25.601288""},""tL"":{""N"":""90.68""},""hR"":{""N"":""54.6""},""wR"":{""N"":""38.986862""},""hE"":{""N"":""47.9""},""tR"":{""N"":""93.2""}}",f4486408-f001-7017-6ea9-8539918b7be9
868032061432054,1781809200,data.qo,"{""tE"":{""N"":""83.66""},""hL"":{""N"":""50.3""},""wL"":{""N"":""25.669668""},""tL"":{""N"":""90.68""},""hR"":{""N"":""52.1""},""wR"":{""N"":""38.901554""},""hE"":{""N"":""52.5""},""tR"":{""N"":""94.28""}}",f4486408-f001-7017-6ea9-8539918b7be9
868032061432054,1781812800,data.qo,"{""tE"":{""N"":""77.36""},""hL"":{""N"":""54""},""wL"":{""N"":""25.588055""},""tL"":{""N"":""88.34""},""hR"":{""N"":""54.5""},""wR"":{""N"":""38.589176""},""hE"":{""N"":""67.5""},""tR"":{""N"":""93.02""}}",f4486408-f001-7017-6ea9-8539918b7be9
868032061432054,1781816400,data.qo,"{""tE"":{""N"":""78.44""},""hL"":{""N"":""57.2""},""wL"":{""N"":""25.797718""},""tL"":{""N"":""88.16""},""hR"":{""N"":""56""},""wR"":{""N"":""38.771687""},""hE"":{""N"":""70.8""},""tR"":{""N"":""92.48""}}",f4486408-f001-7017-6ea9-8539918b7be9
868032061432054,1781820000,data.qo,"{""tE"":{""N"":""77.72""},""hL"":{""N"":""57.7""},""wL"":{""N"":""25.965855""},""tL"":{""N"":""88.16""},""hR"":{""N"":""55.4""},""wR"":{""N"":""39.114864""},""hE"":{""N"":""73.8""},""tR"":{""N"":""92.3""}}",f4486408-f001-7017-6ea9-8539918b7be9
868032061432054,1781823600,data.qo,"{""tE"":{""N"":""75.2""},""hL"":{""N"":""55.3""},""wL"":{""N"":""26.19015""},""tL"":{""N"":""88.88""},""hR"":{""N"":""56.8""},""wR"":{""N"":""39.122845""},""hE"":{""N"":""78.3""},""tR"":{""N"":""92.48""}}",f4486408-f001-7017-6ea9-8539918b7be9
868032061432054,1781827200,data.qo,"{""tE"":{""N"":""73.4""},""hL"":{""N"":""58.5""},""wL"":{""N"":""26.129612""},""tL"":{""N"":""88.34""},""hR"":{""N"":""56.6""},""wR"":{""N"":""39.2865""},""hE"":{""N"":""81""},""tR"":{""N"":""92.3""}}",f4486408-f001-7017-6ea9-8539918b7be9
868032061432054,1781830800,data.qo,"{""tE"":{""N"":""70.7""},""hL"":{""N"":""58.5""},""wL"":{""N"":""26.407946""},""tL"":{""N"":""88.34""},""hR"":{""N"":""55.8""},""wR"":{""N"":""39.40167""},""hE"":{""N"":""84.5""},""tR"":{""N"":""92.12""}}",f4486408-f001-7017-6ea9-8539918b7be9
868032061432054,1781834400,data.qo,"{""tE"":{""N"":""69.98""},""hL"":{""N"":""60.7""},""wL"":{""N"":""26.359488""},""tL"":{""N"":""86.9""},""hR"":{""N"":""56.4""},""wR"":{""N"":""39.264988""},""hE"":{""N"":""86.7""},""tR"":{""N"":""91.58""}}",f4486408-f001-7017-6ea9-8539918b7be9
868032061432054,1781838000,data.qo,"{""tE"":{""N"":""68.72""},""hL"":{""N"":""60.7""},""wL"":{""N"":""26.221956""},""tL"":{""N"":""86.9""},""hR"":{""N"":""56.7""},""wR"":{""N"":""39.218086""},""hE"":{""N"":""88.4""},""tR"":{""N"":""91.76""}}",f4486408-f001-7017-6ea9-8539918b7be9
868032061432054,1781841600,data.qo,"{""tE"":{""N"":""66.92""},""hL"":{""N"":""53""},""wL"":{""N"":""26.3233""},""tL"":{""N"":""85.82""},""hR"":{""N"":""56.7""},""wR"":{""N"":""39.21832""},""hE"":{""N"":""89.1""},""tR"":{""N"":""91.76""}}",f4486408-f001-7017-6ea9-8539918b7be9
868032061432054,1781845140,data.qo,"{""tE"":{""N"":""65.48""},""hL"":{""N"":""56.1""},""wL"":{""N"":""26.290337""},""tL"":{""N"":""85.82""},""hR"":{""N"":""53.8""},""wR"":{""N"":""39.259808""},""hE"":{""N"":""89.8""},""tR"":{""N"":""91.04""}}",f4486408-f001-7017-6ea9-8539918b7be9
868032061432054,1781848800,data.qo,"{""tE"":{""N"":""64.22""},""hL"":{""N"":""59.7""},""wL"":{""N"":""26.284706""},""tL"":{""N"":""86.54""},""hR"":{""N"":""53.8""},""wR"":{""N"":""39.27077""},""hE"":{""N"":""90.9""},""tR"":{""N"":""91.04""}}",f4486408-f001-7017-6ea9-8539918b7be9
868032061432054,1781852400,data.qo,"{""tE"":{""N"":""63.68""},""hL"":{""N"":""54.1""},""wL"":{""N"":""26.320269""},""tL"":{""N"":""86.18""},""hR"":{""N"":""55.5""},""wR"":{""N"":""39.335266""},""hE"":{""N"":""91.5""},""tR"":{""N"":""90.5""}}",f4486408-f001-7017-6ea9-8539918b7be9
868032061432054,1781856000,data.qo,"{""tE"":{""N"":""62.96""},""hL"":{""N"":""54.1""},""wL"":{""N"":""26.43191""},""tL"":{""N"":""86.18""},""hR"":{""N"":""55.5""},""wR"":{""N"":""39.304558""},""hE"":{""N"":""92.2""},""tR"":{""N"":""90.5""}}",f4486408-f001-7017-6ea9-8539918b7be9
868032061432054,1781859600,data.qo,"{""tE"":{""N"":""62.6""},""hL"":{""N"":""60.7""},""wL"":{""N"":""26.491291""},""tL"":{""N"":""86""},""hR"":{""N"":""54.4""},""wR"":{""N"":""39.276""},""hE"":{""N"":""92.8""},""tR"":{""N"":""89.96""}}",f4486408-f001-7017-6ea9-8539918b7be9
868032061432054,1781863200,data.qo,"{""tE"":{""N"":""62.6""},""hL"":{""N"":""63.2""},""wL"":{""N"":""26.466942""},""tL"":{""N"":""85.46""},""hR"":{""N"":""54.5""},""wR"":{""N"":""39.265545""},""hE"":{""N"":""92.8""},""tR"":{""N"":""89.6""}}",f4486408-f001-7017-6ea9-8539918b7be9
868032061432054,1781866800,data.qo,"{""tE"":{""N"":""62.06""},""hL"":{""N"":""58.9""},""wL"":{""N"":""26.523197""},""tL"":{""N"":""85.1""},""hR"":{""N"":""51.5""},""wR"":{""N"":""39.30381""},""hE"":{""N"":""93.6""},""tR"":{""N"":""89.24""}}",f4486408-f001-7017-6ea9-8539918b7be9
868032061432054,1781870400,data.qo,"{""tE"":{""N"":""62.96""},""hL"":{""N"":""52.6""},""wL"":{""N"":""26.655048""},""tL"":{""N"":""84.92""},""hR"":{""N"":""51.1""},""wR"":{""N"":""39.305027""},""hE"":{""N"":""93.4""},""tR"":{""N"":""87.98""}}",f4486408-f001-7017-6ea9-8539918b7be9
868032061432054,1781874000,data.qo,"{""tE"":{""N"":""64.4""},""hL"":{""N"":""58.5""},""wL"":{""N"":""26.57098""},""tL"":{""N"":""84.38""},""hR"":{""N"":""53.4""},""wR"":{""N"":""39.23932""},""hE"":{""N"":""92""},""tR"":{""N"":""87.44""}}",f4486408-f001-7017-6ea9-8539918b7be9
868032061432054,1781877600,data.qo,"{""tE"":{""N"":""69.8""},""hL"":{""N"":""58.3""},""wL"":{""N"":""26.63633""},""tL"":{""N"":""83.48""},""hR"":{""N"":""51""},""wR"":{""N"":""39.21328""},""hE"":{""N"":""81.6""},""tR"":{""N"":""87.26""}}",f4486408-f001-7017-6ea9-8539918b7be9
868032061432054,1781881200,data.qo,"{""tE"":{""N"":""84.02""},""hL"":{""N"":""61.5""},""wL"":{""N"":""26.571558""},""tL"":{""N"":""84.02""},""hR"":{""N"":""49.3""},""wR"":{""N"":""39.177116""},""hE"":{""N"":""58.2""},""tR"":{""N"":""87.44""}}",f4486408-f001-7017-6ea9-8539918b7be9
868032061432054,1781884800,data.qo,"{""tE"":{""N"":""92.48""},""hL"":{""N"":""57.2""},""wL"":{""N"":""26.172247""},""tL"":{""N"":""84.2""},""hR"":{""N"":""50.7""},""wR"":{""N"":""38.65199""},""hE"":{""N"":""49.3""},""tR"":{""N"":""86.9""}}",f4486408-f001-7017-6ea9-8539918b7be9
868032061432054,1781888400,data.qo,"{""tE"":{""N"":""83.48""},""hL"":{""N"":""59.4""},""wL"":{""N"":""26.427916""},""tL"":{""N"":""86""},""hR"":{""N"":""50.4""},""wR"":{""N"":""38.777752""},""hE"":{""N"":""59.3""},""tR"":{""N"":""88.52""}}",f4486408-f001-7017-6ea9-8539918b7be9
868032061432054,1781892000,data.qo,"{""tE"":{""N"":""73.58""},""hL"":{""N"":""59""},""wL"":{""N"":""26.340864""},""tL"":{""N"":""87.44""},""hR"":{""N"":""51.1""},""wR"":{""N"":""38.82199""},""hE"":{""N"":""68.8""},""tR"":{""N"":""90.32""}}",f4486408-f001-7017-6ea9-8539918b7be9
868032061432054,1781895600,data.qo,"{""tE"":{""N"":""73.22""},""hL"":{""N"":""59""},""wL"":{""N"":""26.28851""},""tL"":{""N"":""87.44""},""hR"":{""N"":""49.7""},""wR"":{""N"":""38.70766""},""hE"":{""N"":""68.2""},""tR"":{""N"":""90.68""}}",f4486408-f001-7017-6ea9-8539918b7be9
868032061432054,1781899200,data.qo,"{""tE"":{""N"":""72.5""},""hL"":{""N"":""59""},""wL"":{""N"":""26.136011""},""tL"":{""N"":""87.44""},""hR"":{""N"":""51.2""},""wR"":{""N"":""38.818256""},""hE"":{""N"":""74.3""},""tR"":{""N"":""91.04""}}",f4486408-f001-7017-6ea9-8539918b7be9
868032061432054,1781902800,data.qo,"{""tE"":{""N"":""69.44""},""hL"":{""N"":""56.6""},""wL"":{""N"":""26.302944""},""tL"":{""N"":""89.06""},""hR"":{""N"":""46.5""},""wR"":{""N"":""38.950882""},""hE"":{""N"":""76.2""},""tR"":{""N"":""91.58""}}",f4486408-f001-7017-6ea9-8539918b7be9
868032061432054,1781906400,data.qo,"{""tE"":{""N"":""68.9""},""hL"":{""N"":""57.7""},""wL"":{""N"":""26.450918""},""tL"":{""N"":""88.88""},""hR"":{""N"":""46.5""},""wR"":{""N"":""39.17007""},""hE"":{""N"":""77.6""},""tR"":{""N"":""91.58""}}",f4486408-f001-7017-6ea9-8539918b7be9
868032061432054,1781910000,data.qo,"{""tE"":{""N"":""68""},""hL"":{""N"":""57.7""},""wL"":{""N"":""26.445528""},""tL"":{""N"":""88.88""},""hR"":{""N"":""47.3""},""wR"":{""N"":""39.38893""},""hE"":{""N"":""77.9""},""tR"":{""N"":""92.3""}}",f4486408-f001-7017-6ea9-8539918b7be9
868032061432054,1781913600,data.qo,"{""tE"":{""N"":""66.02""},""hL"":{""N"":""57.7""},""wL"":{""N"":""26.565159""},""tL"":{""N"":""88.88""},""hR"":{""N"":""46.4""},""wR"":{""N"":""39.54358""},""hE"":{""N"":""78.9""},""tR"":{""N"":""91.76""}}",f4486408-f001-7017-6ea9-8539918b7be9
868032061432054,1781917200,data.qo,"{""tE"":{""N"":""64.4""},""hL"":{""N"":""56.1""},""wL"":{""N"":""26.667273""},""tL"":{""N"":""87.08""},""hR"":{""N"":""45""},""wR"":{""N"":""39.48665""},""hE"":{""N"":""79.6""},""tR"":{""N"":""91.4""}}",f4486408-f001-7017-6ea9-8539918b7be9
868032061432054,1781920800,data.qo,"{""tE"":{""N"":""61.34""},""hL"":{""N"":""58""},""wL"":{""N"":""26.379505""},""tL"":{""N"":""87.44""},""hR"":{""N"":""47.8""},""wR"":{""N"":""39.462566""},""hE"":{""N"":""84.4""},""tR"":{""N"":""91.04""}}",f4486408-f001-7017-6ea9-8539918b7be9
868032061432054,1781924400,data.qo,"{""tE"":{""N"":""59.9""},""hL"":{""N"":""57""},""wL"":{""N"":""26.759377""},""tL"":{""N"":""87.98""},""hR"":{""N"":""47.8""},""wR"":{""N"":""39.390377""},""hE"":{""N"":""86.5""},""tR"":{""N"":""91.04""}}",f4486408-f001-7017-6ea9-8539918b7be9
868032061432054,1781928000,data.qo,"{""tE"":{""N"":""57.56""},""hL"":{""N"":""56.9""},""wL"":{""N"":""26.429985""},""tL"":{""N"":""87.98""},""hR"":{""N"":""49.1""},""wR"":{""N"":""39.413708""},""hE"":{""N"":""88""},""tR"":{""N"":""91.04""}}",f4486408-f001-7017-6ea9-8539918b7be9
868032061432054,1781931600,data.qo,"{""tE"":{""N"":""57.02""},""hL"":{""N"":""58.3""},""wL"":{""N"":""26.357996""},""tL"":{""N"":""88.52""},""hR"":{""N"":""52.8""},""wR"":{""N"":""39.289673""},""hE"":{""N"":""90.3""},""tR"":{""N"":""91.4""}}",f4486408-f001-7017-6ea9-8539918b7be9
868032061432054,1781935200,data.qo,"{""tE"":{""N"":""57.02""},""hL"":{""N"":""58.1""},""wL"":{""N"":""26.416079""},""tL"":{""N"":""88.7""},""hR"":{""N"":""51.9""},""wR"":{""N"":""39.306892""},""hE"":{""N"":""90.3""},""tR"":{""N"":""91.58""}}",f4486408-f001-7017-6ea9-8539918b7be9
868032061432054,1781938800,data.qo,"{""tE"":{""N"":""55.76""},""hL"":{""N"":""56.1""},""wL"":{""N"":""26.393702""},""tL"":{""N"":""88.88""},""hR"":{""N"":""49.5""},""wR"":{""N"":""39.29737""},""hE"":{""N"":""91.5""},""tR"":{""N"":""91.4""}}",f4486408-f001-7017-6ea9-8539918b7be9
868032061432054,1781942400,data.qo,"{""tE"":{""N"":""54.86""},""hL"":{""N"":""56.1""},""wL"":{""N"":""26.259348""},""tL"":{""N"":""88.88""},""hR"":{""N"":""51.4""},""wR"":{""N"":""39.196854""},""hE"":{""N"":""92""},""tR"":{""N"":""91.4""}}",f4486408-f001-7017-6ea9-8539918b7be9
868032061432054,1781946000,data.qo,"{""tE"":{""N"":""55.22""},""hL"":{""N"":""55""},""wL"":{""N"":""26.187454""},""tL"":{""N"":""89.06""},""hR"":{""N"":""51.4""},""wR"":{""N"":""39.217106""},""hE"":{""N"":""92.6""},""tR"":{""N"":""91.4""}}",f4486408-f001-7017-6ea9-8539918b7be9
868032061432054,1781949600,data.qo,"{""tE"":{""N"":""55.94""},""hL"":{""N"":""53.2""},""wL"":{""N"":""26.086494""},""tL"":{""N"":""88.16""},""hR"":{""N"":""51.4""},""wR"":{""N"":""39.175762""},""hE"":{""N"":""91.7""},""tR"":{""N"":""91.4""}}",f4486408-f001-7017-6ea9-8539918b7be9
868032061432054,1781953200,data.qo,"{""tE"":{""N"":""55.58""},""hL"":{""N"":""51.5""},""wL"":{""N"":""26.125713""},""tL"":{""N"":""87.8""},""hR"":{""N"":""54.2""},""wR"":{""N"":""39.18575""},""hE"":{""N"":""91.6""},""tR"":{""N"":""91.04""}}",f4486408-f001-7017-6ea9-8539918b7be9
868032061432054,1781956800,data.qo,"{""tE"":{""N"":""57.02""},""hL"":{""N"":""54.6""},""wL"":{""N"":""26.42089""},""tL"":{""N"":""86.9""},""hR"":{""N"":""48.3""},""wR"":{""N"":""39.18449""},""hE"":{""N"":""88.8""},""tR"":{""N"":""89.96""}}",f4486408-f001-7017-6ea9-8539918b7be9
868032061432054,1781960400,data.qo,"{""tE"":{""N"":""60.08""},""hL"":{""N"":""52""},""wL"":{""N"":""26.046507""},""tL"":{""N"":""87.26""},""hR"":{""N"":""52.6""},""wR"":{""N"":""39.158215""},""hE"":{""N"":""84.4""},""tR"":{""N"":""89.42""}}",f4486408-f001-7017-6ea9-8539918b7be9
868032061432054,1781964000,data.qo,"{""tE"":{""N"":""83.48""},""hL"":{""N"":""54.4""},""wL"":{""N"":""25.935827""},""tL"":{""N"":""86.72""},""hR"":{""N"":""47""},""wR"":{""N"":""39.16839""},""hE"":{""N"":""54.4""},""tR"":{""N"":""89.6""}}",f4486408-f001-7017-6ea9-8539918b7be9
868032061432054,1781967600,data.qo,"{""tE"":{""N"":""91.76""},""hL"":{""N"":""46.4""},""wL"":{""N"":""25.965326""},""tL"":{""N"":""86.54""},""hR"":{""N"":""47.6""},""wR"":{""N"":""39.181267""},""hE"":{""N"":""43.4""},""tR"":{""N"":""90.32""}}",f4486408-f001-7017-6ea9-8539918b7be9
868032061432054,1781971200,data.qo,"{""tE"":{""N"":""82.22""},""hL"":{""N"":""54.9""},""wL"":{""N"":""25.86302""},""tL"":{""N"":""88.52""},""hR"":{""N"":""47.6""},""wR"":{""N"":""39.268627""},""hE"":{""N"":""48.8""},""tR"":{""N"":""90.32""}}",f4486408-f001-7017-6ea9-8539918b7be9
868032061432054,1781974800,data.qo,"{""tE"":{""N"":""85.1""},""hL"":{""N"":""56.2""},""wL"":{""N"":""25.84324""},""tL"":{""N"":""89.24""},""hR"":{""N"":""48.7""},""wR"":{""N"":""39.455196""},""hE"":{""N"":""47.3""},""tR"":{""N"":""92.66""}}",f4486408-f001-7017-6ea9-8539918b7be9
868032061432054,1781978400,data.qo,"{""tE"":{""N"":""108.32""},""hL"":{""N"":""51.7""},""wL"":{""N"":""25.66577""},""tL"":{""N"":""89.96""},""hR"":{""N"":""49.2""},""wR"":{""N"":""39.1948""},""hE"":{""N"":""31.8""},""tR"":{""N"":""93.56""}}",f4486408-f001-7017-6ea9-8539918b7be9
868032061432054,1781982000,data.qo,"{""tE"":{""N"":""83.3""},""hL"":{""N"":""55.9""},""wL"":{""N"":""25.82226""},""tL"":{""N"":""91.22""},""hR"":{""N"":""43.3""},""wR"":{""N"":""35.306965""},""hE"":{""N"":""42.2""},""tR"":{""N"":""88.52""}}",f4486408-f001-7017-6ea9-8539918b7be9
868032061432054,1781985600,data.qo,"{""tE"":{""N"":""74.48""},""hL"":{""N"":""51.4""},""wL"":{""N"":""26.016912""},""tL"":{""N"":""96.26""},""hR"":{""N"":""48.5""},""wR"":{""N"":""44.832592""},""hE"":{""N"":""47""},""tR"":{""N"":""90.86""}}",f4486408-f001-7017-6ea9-8539918b7be9
868032061432054,1781989200,data.qo,"{""tE"":{""N"":""73.76""},""hL"":{""N"":""51.2""},""wL"":{""N"":""25.794157""},""tL"":{""N"":""96.44""},""hR"":{""N"":""48.5""},""wR"":{""N"":""44.79274""},""hE"":{""N"":""48.7""},""tR"":{""N"":""90.86""}}",f4486408-f001-7017-6ea9-8539918b7be9
868032061432054,1781992800,data.qo,"{""tE"":{""N"":""73.22""},""hL"":{""N"":""51.2""},""wL"":{""N"":""25.865232""},""tL"":{""N"":""96.44""},""hR"":{""N"":""49.8""},""wR"":{""N"":""44.987755""},""hE"":{""N"":""50.7""},""tR"":{""N"":""92.48""}}",f4486408-f001-7017-6ea9-8539918b7be9
868032061432054,1781996400,data.qo,"{""tE"":{""N"":""73.22""},""hL"":{""N"":""54.6""},""wL"":{""N"":""25.748634""},""tL"":{""N"":""95""},""hR"":{""N"":""49.8""},""wR"":{""N"":""45.175163""},""hE"":{""N"":""51.9""},""tR"":{""N"":""92.48""}}",f4486408-f001-7017-6ea9-8539918b7be9
868032061432054,1782000000,data.qo,"{""tE"":{""N"":""71.78""},""hL"":{""N"":""50.7""},""wL"":{""N"":""25.788286""},""tL"":{""N"":""94.46""},""hR"":{""N"":""49.8""},""wR"":{""N"":""45.2957""},""hE"":{""N"":""52.9""},""tR"":{""N"":""92.48""}}",f4486408-f001-7017-6ea9-8539918b7be9
868032061432054,1782003600,data.qo,"{""tE"":{""N"":""69.62""},""hL"":{""N"":""49.7""},""wL"":{""N"":""25.813887""},""tL"":{""N"":""93.92""},""hR"":{""N"":""53.3""},""wR"":{""N"":""45.34983""},""hE"":{""N"":""54.4""},""tR"":{""N"":""92.3""}}",f4486408-f001-7017-6ea9-8539918b7be9
868032061432054,1782007200,data.qo,"{""tE"":{""N"":""66.74""},""hL"":{""N"":""50.2""},""wL"":{""N"":""25.870863""},""tL"":{""N"":""92.48""},""hR"":{""N"":""53.3""},""wR"":{""N"":""45.26723""},""hE"":{""N"":""57""},""tR"":{""N"":""92.3""}}",f4486408-f001-7017-6ea9-8539918b7be9
868032061432054,1782010800,data.qo,"{""tE"":{""N"":""64.4""},""hL"":{""N"":""51""},""wL"":{""N"":""25.82457""},""tL"":{""N"":""92.48""},""hR"":{""N"":""51.2""},""wR"":{""N"":""45.186035""},""hE"":{""N"":""59.2""},""tR"":{""N"":""92.12""}}",f4486408-f001-7017-6ea9-8539918b7be9
868032061432054,1782014400,data.qo,"{""wL"":{""N"":""25.817593""},""tE"":{""N"":""62.6""},""tL"":{""N"":""92.48""},""wR"":{""N"":""45.16564""},""hR"":{""N"":""48.2""},""hE"":{""N"":""60.9""},""tR"":{""N"":""92.12""},""hL"":{""N"":""51""}}",f4486408-f001-7017-6ea9-8539918b7be9
868032061432054,1782018000,data.qo,"{""tE"":{""N"":""61.52""},""hL"":{""N"":""51.8""},""wL"":{""N"":""25.72905""},""tL"":{""N"":""91.76""},""hR"":{""N"":""48.2""},""wR"":{""N"":""45.15239""},""hE"":{""N"":""62.4""},""tR"":{""N"":""92.12""}}",f4486408-f001-7017-6ea9-8539918b7be9
868032061432054,1782021600,data.qo,"{""tE"":{""N"":""61.52""},""hL"":{""N"":""51.8""},""wL"":{""N"":""25.937897""},""tL"":{""N"":""91.04""},""hR"":{""N"":""50.4""},""wR"":{""N"":""45.169376""},""hE"":{""N"":""62.4""},""tR"":{""N"":""91.76""}}",f4486408-f001-7017-6ea9-8539918b7be9
868032061432054,1782025200,data.qo,"{""tE"":{""N"":""60.26""},""hL"":{""N"":""50.4""},""wL"":{""N"":""25.881498""},""tL"":{""N"":""91.04""},""hR"":{""N"":""50.8""},""wR"":{""N"":""45.08029""},""hE"":{""N"":""65.5""},""tR"":{""N"":""91.94""}}",f4486408-f001-7017-6ea9-8539918b7be9
868032061432054,1782028800,data.qo,"{""tE"":{""N"":""60.26""},""hL"":{""N"":""49.3""},""wL"":{""N"":""25.77029""},""tL"":{""N"":""90.5""},""hR"":{""N"":""50.8""},""wR"":{""N"":""45.09653""},""hE"":{""N"":""65.5""},""tR"":{""N"":""91.94""}}",f4486408-f001-7017-6ea9-8539918b7be9
868032061432054,1782032400,data.qo,"{""tE"":{""N"":""59.54""},""hL"":{""N"":""50.4""},""wL"":{""N"":""25.989433""},""tL"":{""N"":""90.5""},""hR"":{""N"":""50.8""},""wR"":{""N"":""45.10115""},""hE"":{""N"":""67.7""},""tR"":{""N"":""91.94""}}",f4486408-f001-7017-6ea9-8539918b7be9
868032061432054,1782036000,data.qo,"{""tE"":{""N"":""58.82""},""hL"":{""N"":""48.4""},""wL"":{""N"":""25.913355""},""tL"":{""N"":""90.32""},""hR"":{""N"":""50""},""wR"":{""N"":""45.06886""},""hE"":{""N"":""69.1""},""tR"":{""N"":""91.76""}}",f4486408-f001-7017-6ea9-8539918b7be9
868032061432054,1782039600,data.qo,"{""tE"":{""N"":""57.92""},""hL"":{""N"":""47.9""},""wL"":{""N"":""25.953054""},""tL"":{""N"":""89.6""},""hR"":{""N"":""46.7""},""wR"":{""N"":""45.070633""},""hE"":{""N"":""70.3""},""tR"":{""N"":""91.58""}}",f4486408-f001-7017-6ea9-8539918b7be9
868032061432054,1782043200,data.qo,"{""tE"":{""N"":""58.46""},""hL"":{""N"":""49.6""},""wL"":{""N"":""25.827747""},""tL"":{""N"":""89.42""},""hR"":{""N"":""48.2""},""wR"":{""N"":""45.018738""},""hE"":{""N"":""70.3""},""tR"":{""N"":""91.94""}}",f4486408-f001-7017-6ea9-8539918b7be9
868032061432054,1782046800,data.qo,"{""tE"":{""N"":""62.6""},""hL"":{""N"":""48.3""},""wL"":{""N"":""25.639833""},""tL"":{""N"":""88.88""},""hR"":{""N"":""48.2""},""wR"":{""N"":""45.142075""},""hE"":{""N"":""68.2""},""tR"":{""N"":""91.94""}}",f4486408-f001-7017-6ea9-8539918b7be9
868032061432054,1782050400,data.qo,"{""tE"":{""N"":""102.56""},""hL"":{""N"":""50.2""},""wL"":{""N"":""25.67448""},""tL"":{""N"":""88.88""},""hR"":{""N"":""47.5""},""wR"":{""N"":""45.234055""},""hE"":{""N"":""38.3""},""tR"":{""N"":""91.94""}}",f4486408-f001-7017-6ea9-8539918b7be9
868032061432054,1782054000,data.qo,"{""tE"":{""N"":""118.76""},""hL"":{""N"":""51.5""},""wL"":{""N"":""25.539452""},""tL"":{""N"":""89.42""},""hR"":{""N"":""47.5""},""wR"":{""N"":""45.217953""},""hE"":{""N"":""28.9""},""tR"":{""N"":""91.94""}}",f4486408-f001-7017-6ea9-8539918b7be9
868032061432054,1782057600,data.qo,"{""tE"":{""N"":""124.52""},""hL"":{""N"":""54.7""},""wL"":{""N"":""25.749886""},""tL"":{""N"":""89.96""},""hR"":{""N"":""48.7""},""wR"":{""N"":""45.464813""},""hE"":{""N"":""25.9""},""tR"":{""N"":""96.08""}}",f4486408-f001-7017-6ea9-8539918b7be9
868032061432054,1782061200,data.qo,"{""tE"":{""N"":""124.52""},""hL"":{""N"":""54.7""},""wL"":{""N"":""26.145493""},""tL"":{""N"":""89.96""},""hR"":{""N"":""49.8""},""wR"":{""N"":""45.622356""},""hE"":{""N"":""25.9""},""tR"":{""N"":""95.72""}}",f4486408-f001-7017-6ea9-8539918b7be9
868032061432054,1782064800,data.qo,"{""tE"":{""N"":""108.5""},""hL"":{""N"":""54.7""},""wL"":{""N"":""26.13529""},""tL"":{""N"":""89.96""},""hR"":{""N"":""49.5""},""wR"":{""N"":""45.540554""},""hE"":{""N"":""31.5""},""tR"":{""N"":""95.9""}}",f4486408-f001-7017-6ea9-8539918b7be9
868032061432054,1782068400,data.qo,"{""tE"":{""N"":""86.18""},""hL"":{""N"":""55.5""},""wL"":{""N"":""26.091692""},""tL"":{""N"":""93.2""},""hR"":{""N"":""49.5""},""wR"":{""N"":""45.598278""},""hE"":{""N"":""42.3""},""tR"":{""N"":""95.9""}}",f4486408-f001-7017-6ea9-8539918b7be9
868032061432054,1782072000,data.qo,"{""tE"":{""N"":""86.18""},""hL"":{""N"":""51.5""},""wL"":{""N"":""26.348372""},""tL"":{""N"":""93.02""},""hR"":{""N"":""46.9""},""wR"":{""N"":""45.666363""},""hE"":{""N"":""42.3""},""tR"":{""N"":""95""}}",f4486408-f001-7017-6ea9-8539918b7be9
868032061432054,1782075600,data.qo,"{""tE"":{""N"":""78.98""},""hL"":{""N"":""54.5""},""wL"":{""N"":""26.30078""},""tL"":{""N"":""92.3""},""hR"":{""N"":""46.9""},""wR"":{""N"":""45.74182""},""hE"":{""N"":""46.7""},""tR"":{""N"":""95""}}",f4486408-f001-7017-6ea9-8539918b7be9
868032061432054,1782079200,data.qo,"{""tE"":{""N"":""77.18""},""hL"":{""N"":""49.5""},""wL"":{""N"":""26.381046""},""tL"":{""N"":""91.94""},""hR"":{""N"":""50.5""},""wR"":{""N"":""45.936417""},""hE"":{""N"":""48.3""},""tR"":{""N"":""94.28""}}",f4486408-f001-7017-6ea9-8539918b7be9
868032061432054,1782082800,data.qo,"{""tE"":{""N"":""75.74""},""hL"":{""N"":""50.1""},""wL"":{""N"":""26.383934""},""tL"":{""N"":""92.3""},""hR"":{""N"":""50.9""},""wR"":{""N"":""46.11463""},""hE"":{""N"":""50.1""},""tR"":{""N"":""94.1""}}",f4486408-f001-7017-6ea9-8539918b7be9
868032061432054,1782086400,data.qo,"{""tE"":{""N"":""74.48""},""hL"":{""N"":""51.9""},""wL"":{""N"":""26.267094""},""tL"":{""N"":""92.12""},""hR"":{""N"":""52.8""},""wR"":{""N"":""46.213562""},""hE"":{""N"":""51.7""},""tR"":{""N"":""93.74""}}",f4486408-f001-7017-6ea9-8539918b7be9
868032061432054,1782090000,data.qo,"{""tE"":{""N"":""71.78""},""hL"":{""N"":""55.5""},""wL"":{""N"":""26.223978""},""tL"":{""N"":""92.12""},""hR"":{""N"":""52.8""},""wR"":{""N"":""46.214306""},""hE"":{""N"":""54.1""},""tR"":{""N"":""93.74""}}",f4486408-f001-7017-6ea9-8539918b7be9
868032061432054,1782093600,data.qo,"{""tE"":{""N"":""68""},""hL"":{""N"":""58.1""},""wL"":{""N"":""26.288652""},""tL"":{""N"":""91.76""},""hR"":{""N"":""52.8""},""wR"":{""N"":""46.178516""},""hE"":{""N"":""57""},""tR"":{""N"":""93.74""}}",f4486408-f001-7017-6ea9-8539918b7be9
868032061432054,1782097200,data.qo,"{""tE"":{""N"":""65.84""},""hL"":{""N"":""56.1""},""wL"":{""N"":""26.40424""},""tL"":{""N"":""91.4""},""hR"":{""N"":""50.6""},""wR"":{""N"":""46.17455""},""hE"":{""N"":""58.7""},""tR"":{""N"":""92.84""}}",f4486408-f001-7017-6ea9-8539918b7be9
868032061432054,1782100800,data.qo,"{""tE"":{""N"":""64.76""},""hL"":{""N"":""56.8""},""wL"":{""N"":""26.28615""},""tL"":{""N"":""91.58""},""hR"":{""N"":""50.6""},""wR"":{""N"":""46.144077""},""hE"":{""N"":""60""},""tR"":{""N"":""92.84""}}",f4486408-f001-7017-6ea9-8539918b7be9
868032061432054,1782104400,data.qo,"{""tE"":{""N"":""63.5""},""hL"":{""N"":""56.5""},""wL"":{""N"":""26.397743""},""tL"":{""N"":""91.4""},""hR"":{""N"":""53.2""},""wR"":{""N"":""46.078606""},""hE"":{""N"":""61.3""},""tR"":{""N"":""92.84""}}",f4486408-f001-7017-6ea9-8539918b7be9
868032061432054,1782108000,data.qo,"{""tE"":{""N"":""62.96""},""hL"":{""N"":""56.5""},""wL"":{""N"":""26.526566""},""tL"":{""N"":""91.4""},""hR"":{""N"":""51.8""},""wR"":{""N"":""46.103382""},""hE"":{""N"":""62.1""},""tR"":{""N"":""93.2""}}",f4486408-f001-7017-6ea9-8539918b7be9
868032061432054,1782111600,data.qo,"{""tE"":{""N"":""62.96""},""hL"":{""N"":""54.2""},""wL"":{""N"":""26.5782""},""tL"":{""N"":""90.68""},""hR"":{""N"":""51.4""},""wR"":{""N"":""46.144077""},""hE"":{""N"":""62.1""},""tR"":{""N"":""93.38""}}",f4486408-f001-7017-6ea9-8539918b7be9
868032061432054,1782115200,data.qo,"{""tE"":{""N"":""62.24""},""hL"":{""N"":""57.3""},""wL"":{""N"":""26.405973""},""tL"":{""N"":""90.86""},""hR"":{""N"":""51.5""},""wR"":{""N"":""46.06045""},""hE"":{""N"":""63.2""},""tR"":{""N"":""93.38""}}",f4486408-f001-7017-6ea9-8539918b7be9
868032061432054,1782118800,data.qo,"{""tE"":{""N"":""60.8""},""hL"":{""N"":""54.4""},""wL"":{""N"":""26.373444""},""tL"":{""N"":""90.5""},""hR"":{""N"":""50.6""},""wR"":{""N"":""46.03245""},""hE"":{""N"":""65""},""tR"":{""N"":""93.56""}}",f4486408-f001-7017-6ea9-8539918b7be9
868032061432054,1782122400,data.qo,"{""tE"":{""N"":""60.08""},""hL"":{""N"":""53.9""},""wL"":{""N"":""26.354773""},""tL"":{""N"":""90.5""},""hR"":{""N"":""53.2""},""wR"":{""N"":""46.017567""},""hE"":{""N"":""66.2""},""tR"":{""N"":""93.56""}}",f4486408-f001-7017-6ea9-8539918b7be9
868032061432054,1782126000,data.qo,"{""tE"":{""N"":""59.36""},""hL"":{""N"":""53.3""},""wL"":{""N"":""26.453709""},""tL"":{""N"":""90.32""},""hR"":{""N"":""50""},""wR"":{""N"":""46.03712""},""hE"":{""N"":""67.2""},""tR"":{""N"":""93.56""}}",f4486408-f001-7017-6ea9-8539918b7be9
868032061432054,1782129600,data.qo,"{""tE"":{""N"":""59.54""},""hL"":{""N"":""53.9""},""wL"":{""N"":""26.247509""},""tL"":{""N"":""89.96""},""hR"":{""N"":""47.6""},""wR"":{""N"":""46.00576""},""hE"":{""N"":""67.3""},""tR"":{""N"":""93.56""}}",f4486408-f001-7017-6ea9-8539918b7be9
868032061432054,1782133200,data.qo,"{""tE"":{""N"":""65.48""},""hL"":{""N"":""53.9""},""wL"":{""N"":""25.833233""},""tL"":{""N"":""89.96""},""hR"":{""N"":""48.2""},""wR"":{""N"":""46.18262""},""hE"":{""N"":""65.1""},""tR"":{""N"":""93.38""}}",f4486408-f001-7017-6ea9-8539918b7be9
868032061432054,1782136800,data.qo,"{""tE"":{""N"":""99.32""},""hL"":{""N"":""55.4""},""wL"":{""N"":""26.081682""},""tL"":{""N"":""90.32""},""hR"":{""N"":""49.7""},""wR"":{""N"":""46.22117""},""hE"":{""N"":""39.9""},""tR"":{""N"":""94.1""}}",f4486408-f001-7017-6ea9-8539918b7be9
868032061432054,1782140400,data.qo,"{""tE"":{""N"":""118.4""},""hL"":{""N"":""55.1""},""wL"":{""N"":""26.230715""},""tL"":{""N"":""90.32""},""hR"":{""N"":""54.7""},""wR"":{""N"":""46.398403""},""hE"":{""N"":""29.1""},""tR"":{""N"":""95.72""}}",f4486408-f001-7017-6ea9-8539918b7be9
868032061432054,1782144000,data.qo,"{""tE"":{""N"":""111.2""},""hL"":{""N"":""56.5""},""wL"":{""N"":""26.281002""},""tL"":{""N"":""90.68""},""hR"":{""N"":""54.7""},""wR"":{""N"":""46.541294""},""hE"":{""N"":""30.4""},""tR"":{""N"":""95.72""}}",f4486408-f001-7017-6ea9-8539918b7be9
868032061432054,1782147600,data.qo,"{""tE"":{""N"":""96.62""},""hL"":{""N"":""57.9""},""wL"":{""N"":""26.315023""},""tL"":{""N"":""91.94""},""hR"":{""N"":""50.2""},""wR"":{""N"":""46.668037""},""hE"":{""N"":""38.8""},""tR"":{""N"":""95.36""}}",f4486408-f001-7017-6ea9-8539918b7be9
868032061432054,1782151200,data.qo,"{""tE"":{""N"":""84.38""},""hL"":{""N"":""55""},""wL"":{""N"":""26.193035""},""tL"":{""N"":""92.3""},""hR"":{""N"":""46.3""},""wR"":{""N"":""46.80388""},""hE"":{""N"":""45.5""},""tR"":{""N"":""95""}}",f4486408-f001-7017-6ea9-8539918b7be9
868032061432054,1782154800,data.qo,"{""tE"":{""N"":""90.68""},""hL"":{""N"":""56.8""},""wL"":{""N"":""26.519299""},""tL"":{""N"":""92.48""},""hR"":{""N"":""46.3""},""wR"":{""N"":""46.975094""},""hE"":{""N"":""42.3""},""tR"":{""N"":""95""}}",f4486408-f001-7017-6ea9-8539918b7be9
868032061432054,1782158400,data.qo,"{""tE"":{""N"":""86""},""hL"":{""N"":""58.6""},""wL"":{""N"":""26.71212""},""tL"":{""N"":""93.02""},""hR"":{""N"":""54.3""},""wR"":{""N"":""47.355415""},""hE"":{""N"":""47.1""},""tR"":{""N"":""94.64""}}",f4486408-f001-7017-6ea9-8539918b7be9
868032061432054,1782162000,data.qo,"{""tE"":{""N"":""80.6""},""hL"":{""N"":""58.6""},""wL"":{""N"":""26.595234""},""tL"":{""N"":""93.02""},""hR"":{""N"":""54.3""},""wR"":{""N"":""47.58235""},""hE"":{""N"":""51.5""},""tR"":{""N"":""94.64""}}",f4486408-f001-7017-6ea9-8539918b7be9
868032061432054,1782165600,data.qo,"{""tE"":{""N"":""71.42""},""hL"":{""N"":""60.8""},""wL"":{""N"":""26.602934""},""tL"":{""N"":""92.48""},""hR"":{""N"":""43.3""},""wR"":{""N"":""47.654076""},""hE"":{""N"":""69.2""},""tR"":{""N"":""91.04""}}",f4486408-f001-7017-6ea9-8539918b7be9
868032061432054,1782169200,data.qo,"{""tE"":{""N"":""75.92""},""hL"":{""N"":""60.8""},""wL"":{""N"":""26.69932""},""tL"":{""N"":""92.48""},""hR"":{""N"":""43.3""},""wR"":{""N"":""47.67587""},""hE"":{""N"":""71.7""},""tR"":{""N"":""91.04""}}",f4486408-f001-7017-6ea9-8539918b7be9
868032061432054,1782172800,data.qo,"{""tE"":{""N"":""69.62""},""hL"":{""N"":""57.8""},""wL"":{""N"":""26.909563""},""tL"":{""N"":""91.94""},""hR"":{""N"":""50.8""},""wR"":{""N"":""47.72062""},""hE"":{""N"":""78.4""},""tR"":{""N"":""92.12""}}",f4486408-f001-7017-6ea9-8539918b7be9
868032061432054,1782176400,data.qo,"{""tE"":{""N"":""67.28""},""hL"":{""N"":""57.8""},""wL"":{""N"":""26.934586""},""tL"":{""N"":""91.94""},""hR"":{""N"":""46.7""},""wR"":{""N"":""47.784367""},""hE"":{""N"":""82.7""},""tR"":{""N"":""91.76""}}",f4486408-f001-7017-6ea9-8539918b7be9
868032061432054,1782180000,data.qo,"{""tE"":{""N"":""65.84""},""hL"":{""N"":""58.5""},""wL"":{""N"":""27.296795""},""tL"":{""N"":""91.04""},""hR"":{""N"":""55.3""},""wR"":{""N"":""47.74526""},""hE"":{""N"":""85.7""},""tR"":{""N"":""91.94""}}",f4486408-f001-7017-6ea9-8539918b7be9
868032061432054,1782183600,data.qo,"{""tE"":{""N"":""65.66""},""hL"":{""N"":""55.7""},""wL"":{""N"":""27.104261""},""tL"":{""N"":""91.04""},""hR"":{""N"":""53.8""},""wR"":{""N"":""47.78684""},""hE"":{""N"":""87.5""},""tR"":{""N"":""92.66""}}",f4486408-f001-7017-6ea9-8539918b7be9
868032061432054,1782187200,data.qo,"{""tE"":{""N"":""65.12""},""hL"":{""N"":""56.3""},""wL"":{""N"":""26.844118""},""tL"":{""N"":""91.04""},""hR"":{""N"":""56.8""},""wR"":{""N"":""47.782406""},""hE"":{""N"":""88.9""},""tR"":{""N"":""92.84""}}",f4486408-f001-7017-6ea9-8539918b7be9
868032061432054,1782190800,data.qo,"{""tE"":{""N"":""64.58""},""hL"":{""N"":""55.8""},""wL"":{""N"":""26.753553""},""tL"":{""N"":""91.04""},""hR"":{""N"":""56.8""},""wR"":{""N"":""47.762432""},""hE"":{""N"":""90""},""tR"":{""N"":""92.84""}}",f4486408-f001-7017-6ea9-8539918b7be9
868032061432054,1782194400,data.qo,"{""tE"":{""N"":""64.4""},""hL"":{""N"":""56.4""},""wL"":{""N"":""26.862837""},""tL"":{""N"":""91.22""},""hR"":{""N"":""48.7""},""wR"":{""N"":""47.74918""},""hE"":{""N"":""90.7""},""tR"":{""N"":""92.48""}}",f4486408-f001-7017-6ea9-8539918b7be9
868032061432054,1782198000,data.qo,"{""tE"":{""N"":""63.68""},""hL"":{""N"":""57.1""},""wL"":{""N"":""27.001041""},""tL"":{""N"":""90.5""},""hR"":{""N"":""54.7""},""wR"":{""N"":""47.698223""},""hE"":{""N"":""91.7""},""tR"":{""N"":""93.56""}}",f4486408-f001-7017-6ea9-8539918b7be9
868032061432054,1782201600,data.qo,"{""tE"":{""N"":""62.96""},""hL"":{""N"":""56.4""},""wL"":{""N"":""27.122837""},""tL"":{""N"":""90.5""},""hR"":{""N"":""54.6""},""wR"":{""N"":""47.717213""},""hE"":{""N"":""92.1""},""tR"":{""N"":""93.56""}}",f4486408-f001-7017-6ea9-8539918b7be9
868032061432054,1782205200,data.qo,"{""tE"":{""N"":""62.42""},""hL"":{""N"":""55.1""},""wL"":{""N"":""27.132462""},""tL"":{""N"":""90.5""},""hR"":{""N"":""55.3""},""wR"":{""N"":""47.69234""},""hE"":{""N"":""92.6""},""tR"":{""N"":""94.1""}}",f4486408-f001-7017-6ea9-8539918b7be9
868032061432054,1782208800,data.qo,"{""tE"":{""N"":""62.42""},""hL"":{""N"":""54.4""},""wL"":{""N"":""27.066872""},""tL"":{""N"":""90.32""},""hR"":{""N"":""55.3""},""wR"":{""N"":""47.77102""},""hE"":{""N"":""93""},""tR"":{""N"":""94.1""}}",f4486408-f001-7017-6ea9-8539918b7be9
868032061432054,1782212400,data.qo,"{""tE"":{""N"":""62.42""},""hL"":{""N"":""56.3""},""wL"":{""N"":""27.321001""},""tL"":{""N"":""90.32""},""hR"":{""N"":""55.3""},""wR"":{""N"":""47.88642""},""hE"":{""N"":""93.6""},""tR"":{""N"":""94.1""}}",f4486408-f001-7017-6ea9-8539918b7be9
868032061432054,1782216000,data.qo,"{""tE"":{""N"":""62.6""},""hL"":{""N"":""55.5""},""wL"":{""N"":""27.123606""},""tL"":{""N"":""90.14""},""hR"":{""N"":""54.2""},""wR"":{""N"":""47.89193""},""hE"":{""N"":""93.6""},""tR"":{""N"":""93.56""}}",f4486408-f001-7017-6ea9-8539918b7be9
868032061432054,1782219600,data.qo,"{""tE"":{""N"":""63.86""},""hL"":{""N"":""55.5""},""wL"":{""N"":""26.989397""},""tL"":{""N"":""90.14""},""hR"":{""N"":""49.4""},""wR"":{""N"":""47.952827""},""hE"":{""N"":""92.9""},""tR"":{""N"":""93.74""}}",f4486408-f001-7017-6ea9-8539918b7be9
868032061432054,1782223200,data.qo,"{""tE"":{""N"":""65.84""},""hL"":{""N"":""54.2""},""wL"":{""N"":""27.035063""},""tL"":{""N"":""89.78""},""hR"":{""N"":""49.2""},""wR"":{""N"":""47.833786""},""hE"":{""N"":""89.8""},""tR"":{""N"":""93.74""}}",f4486408-f001-7017-6ea9-8539918b7be9
868032061432054,1782226800,data.qo,"{""tE"":{""N"":""71.78""},""hL"":{""N"":""54.2""},""wL"":{""N"":""26.999453""},""tL"":{""N"":""89.78""},""hR"":{""N"":""48.5""},""wR"":{""N"":""47.849""},""hE"":{""N"":""74.1""},""tR"":{""N"":""93.56""}}",f4486408-f001-7017-6ea9-8539918b7be9
868032061432054,1782230400,data.qo,"{""tE"":{""N"":""84.2""},""hL"":{""N"":""53""},""wL"":{""N"":""27.01052""},""tL"":{""N"":""89.06""},""hR"":{""N"":""46.9""},""wR"":{""N"":""47.628036""},""hE"":{""N"":""57.6""},""tR"":{""N"":""93.2""}}",f4486408-f001-7017-6ea9-8539918b7be9
868032061432054,1782234000,data.qo,"{""tE"":{""N"":""74.12""},""hL"":{""N"":""55.3""},""wL"":{""N"":""27.312628""},""tL"":{""N"":""89.24""},""hR"":{""N"":""48.3""},""wR"":{""N"":""47.804432""},""hE"":{""N"":""70.3""},""tR"":{""N"":""93.56""}}",f4486408-f001-7017-6ea9-8539918b7be9
868032061432054,1782237600,data.qo,"{""tE"":{""N"":""77""},""hL"":{""N"":""52.7""},""wL"":{""N"":""27.29001""},""tL"":{""N"":""89.06""},""hR"":{""N"":""47.9""},""wR"":{""N"":""47.72818""},""hE"":{""N"":""68""},""tR"":{""N"":""93.38""}}",f4486408-f001-7017-6ea9-8539918b7be9
868032061432054,1782241200,data.qo,"{""tE"":{""N"":""67.46""},""hL"":{""N"":""53.1""},""wL"":{""N"":""27.222591""},""tL"":{""N"":""88.7""},""hR"":{""N"":""47.9""},""wR"":{""N"":""47.788754""},""hE"":{""N"":""78.5""},""tR"":{""N"":""93.2""}}",f4486408-f001-7017-6ea9-8539918b7be9
868032061432054,1782244800,data.qo,"{""tE"":{""N"":""68""},""hL"":{""N"":""55.8""},""wL"":{""N"":""27.316477""},""tL"":{""N"":""88.52""},""hR"":{""N"":""47.7""},""wR"":{""N"":""47.679787""},""hE"":{""N"":""80.8""},""tR"":{""N"":""92.84""}}",f4486408-f001-7017-6ea9-8539918b7be9
868032061432054,1782248400,data.qo,"{""tE"":{""N"":""68""},""hL"":{""N"":""52.7""},""wL"":{""N"":""27.423115""},""tL"":{""N"":""88.34""},""hR"":{""N"":""46.3""},""wR"":{""N"":""47.56303""},""hE"":{""N"":""80.8""},""tR"":{""N"":""92.48""}}",f4486408-f001-7017-6ea9-8539918b7be9
868032061432054,1782252000,data.qo,"{""tE"":{""N"":""66.56""},""hL"":{""N"":""52.7""},""wL"":{""N"":""38.49257""},""tL"":{""N"":""88.16""},""hR"":{""N"":""47.5""},""wR"":{""N"":""32.204273""},""hE"":{""N"":""80.3""},""tR"":{""N"":""92.12""}}",f4486408-f001-7017-6ea9-8539918b7be9
868032061432054,1782255600,data.qo,"{""tE"":{""N"":""64.04""},""hL"":{""N"":""77.5""},""wL"":{""N"":""39.355625""},""tL"":{""N"":""61.52""},""hR"":{""N"":""49.7""},""wR"":{""N"":""34.798687""},""hE"":{""N"":""82.4""},""tR"":{""N"":""90.5""}}",f4486408-f001-7017-6ea9-8539918b7be9
868032061432054,1782259200,data.qo,"{""tE"":{""N"":""64.04""},""hL"":{""N"":""74.3""},""wL"":{""N"":""39.25991""},""tL"":{""N"":""62.78""},""hR"":{""N"":""46""},""wR"":{""N"":""34.55962""},""hE"":{""N"":""82.4""},""tR"":{""N"":""90.5""}}",f4486408-f001-7017-6ea9-8539918b7be9
868032061432054,1782262800,data.qo,"{""tE"":{""N"":""60.08""},""hL"":{""N"":""75.2""},""wL"":{""N"":""39.27382""},""tL"":{""N"":""61.7""},""hR"":{""N"":""43.7""},""wR"":{""N"":""34.525368""},""hE"":{""N"":""88.3""},""tR"":{""N"":""90.68""}}",f4486408-f001-7017-6ea9-8539918b7be9
868032061432054,1782266400,data.qo,"{""tE"":{""N"":""57.74""},""hL"":{""N"":""76.6""},""wL"":{""N"":""39.19389""},""tL"":{""N"":""60.08""},""hR"":{""N"":""47.2""},""wR"":{""N"":""34.30072""},""hE"":{""N"":""90.6""},""tR"":{""N"":""91.58""}}",f4486408-f001-7017-6ea9-8539918b7be9
868032061432054,1782270000,data.qo,"{""tE"":{""N"":""56.48""},""hL"":{""N"":""77.4""},""wL"":{""N"":""39.100727""},""tL"":{""N"":""58.82""},""hR"":{""N"":""44.7""},""wR"":{""N"":""34.488407""},""hE"":{""N"":""91.5""},""tR"":{""N"":""92.3""}}",f4486408-f001-7017-6ea9-8539918b7be9
868032061432054,1782273600,data.qo,"{""tE"":{""N"":""54.5""},""hL"":{""N"":""78.5""},""wL"":{""N"":""38.820515""},""tL"":{""N"":""57.56""},""hR"":{""N"":""51.9""},""wR"":{""N"":""34.58449""},""hE"":{""N"":""92""},""tR"":{""N"":""92.84""}}",f4486408-f001-7017-6ea9-8539918b7be9
868032061432054,1782277200,data.qo,"{""tE"":{""N"":""54.5""},""hL"":{""N"":""79.6""},""wL"":{""N"":""39.13513""},""tL"":{""N"":""57.2""},""hR"":{""N"":""52.3""},""wR"":{""N"":""34.56993""},""hE"":{""N"":""93.2""},""tR"":{""N"":""93.2""}}",f4486408-f001-7017-6ea9-8539918b7be9
868032061432054,1782280800,data.qo,"{""tE"":{""N"":""53.78""},""hL"":{""N"":""79.2""},""wL"":{""N"":""39.145237""},""tL"":{""N"":""56.3""},""hR"":{""N"":""44.2""},""wR"":{""N"":""34.7558""},""hE"":{""N"":""93.8""},""tR"":{""N"":""93.38""}}",f4486408-f001-7017-6ea9-8539918b7be9
868032061432054,1782284400,data.qo,"{""tE"":{""N"":""53.78""},""hL"":{""N"":""79.6""},""wL"":{""N"":""39.23864""},""tL"":{""N"":""56.48""},""hR"":{""N"":""49.7""},""wR"":{""N"":""34.72738""},""hE"":{""N"":""93.8""},""tR"":{""N"":""93.38""}}",f4486408-f001-7017-6ea9-8539918b7be9
868032061432054,1782288000,data.qo,"{""tE"":{""N"":""53.06""},""hL"":{""N"":""79.6""},""wL"":{""N"":""38.92186""},""tL"":{""N"":""56.48""},""hR"":{""N"":""50.8""},""wR"":{""N"":""34.67801""},""hE"":{""N"":""93.5""},""tR"":{""N"":""93.56""}}",f4486408-f001-7017-6ea9-8539918b7be9
868032061432054,1782291600,data.qo,"{""tE"":{""N"":""51.98""},""hL"":{""N"":""80.1""},""wL"":{""N"":""38.98196""},""tL"":{""N"":""54.68""},""hR"":{""N"":""47.1""},""wR"":{""N"":""34.80741""},""hE"":{""N"":""93.6""},""tR"":{""N"":""93.38""}}",f4486408-f001-7017-6ea9-8539918b7be9
868032061432054,1782295200,data.qo,"{""tE"":{""N"":""50.9""},""hL"":{""N"":""80.1""},""wL"":{""N"":""38.71455""},""tL"":{""N"":""54.68""},""hR"":{""N"":""49.7""},""wR"":{""N"":""34.964813""},""hE"":{""N"":""93.6""},""tR"":{""N"":""93.56""}}",f4486408-f001-7017-6ea9-8539918b7be9
868032061432054,1782298800,data.qo,"{""tE"":{""N"":""50""},""hL"":{""N"":""80.4""},""wL"":{""N"":""38.849483""},""tL"":{""N"":""53.06""},""hR"":{""N"":""49.7""},""wR"":{""N"":""34.91171""},""hE"":{""N"":""93.6""},""tR"":{""N"":""93.56""}}",f4486408-f001-7017-6ea9-8539918b7be9
868032061432054,1782302400,data.qo,"{""tE"":{""N"":""50.54""},""hL"":{""N"":""80.8""},""wL"":{""N"":""38.978256""},""tL"":{""N"":""53.42""},""hR"":{""N"":""49.7""},""wR"":{""N"":""0""},""hE"":{""N"":""93.7""},""tR"":{""N"":""93.56""}}",f4486408-f001-7017-6ea9-8539918b7be9
868032061432054,1782306000,data.qo,"{""tE"":{""N"":""55.94""},""hL"":{""N"":""81.4""},""wL"":{""N"":""38.406""},""tL"":{""N"":""57.38""},""hR"":{""N"":""49.7""},""wR"":{""N"":""0""},""hE"":{""N"":""93.2""},""tR"":{""N"":""93.56""}}",f4486408-f001-7017-6ea9-8539918b7be9
868032061432054,1782309600,data.qo,"{""tE"":{""N"":""93.74""},""hL"":{""N"":""64.5""},""wL"":{""N"":""37.91867""},""tL"":{""N"":""76.64""},""hR"":{""N"":""45.5""},""wR"":{""N"":""0""},""hE"":{""N"":""52.6""},""tR"":{""N"":""93.02""}}",f4486408-f001-7017-6ea9-8539918b7be9
868032061432054,1782313200,data.qo,"{""tE"":{""N"":""102.02""},""hL"":{""N"":""69.9""},""wL"":{""N"":""37.22428""},""tL"":{""N"":""75.56""},""hR"":{""N"":""47.3""},""wR"":{""N"":""36.433094""},""hE"":{""N"":""41.2""},""tR"":{""N"":""93.02""}}",f4486408-f001-7017-6ea9-8539918b7be9
868032061432054,1782316800,data.qo,"{""tE"":{""N"":""110.3""},""hL"":{""N"":""71.1""},""wL"":{""N"":""37.418064""},""tL"":{""N"":""75.56""},""hR"":{""N"":""47.3""},""wR"":{""N"":""36.198833""},""hE"":{""N"":""37.8""},""tR"":{""N"":""93.02""}}",f4486408-f001-7017-6ea9-8539918b7be9
868032061432054,1782320400,data.qo,"{""tE"":{""N"":""85.46""},""hL"":{""N"":""69.1""},""wL"":{""N"":""37.626045""},""tL"":{""N"":""77.54""},""hR"":{""N"":""49.6""},""wR"":{""N"":""36.17242""},""hE"":{""N"":""59""},""tR"":{""N"":""94.64""}}",f4486408-f001-7017-6ea9-8539918b7be9
868032061432054,1782324000,data.qo,"{""tE"":{""N"":""86.54""},""hL"":{""N"":""70.1""},""wL"":{""N"":""37.389626""},""tL"":{""N"":""78.62""},""hR"":{""N"":""47.4""},""wR"":{""N"":""36.020992""},""hE"":{""N"":""56.9""},""tR"":{""N"":""95.18""}}",f4486408-f001-7017-6ea9-8539918b7be9
868032061432054,1782327600,data.qo,"{""tE"":{""N"":""82.58""},""hL"":{""N"":""64""},""wL"":{""N"":""37.62109""},""tL"":{""N"":""80.6""},""hR"":{""N"":""47.4""},""wR"":{""N"":""36.0006""},""hE"":{""N"":""60.8""},""tR"":{""N"":""95.18""}}",f4486408-f001-7017-6ea9-8539918b7be9
868032061432054,1782331200,data.qo,"{""tE"":{""N"":""76.28""},""hL"":{""N"":""64""},""wL"":{""N"":""37.683647""},""tL"":{""N"":""80.6""},""hR"":{""N"":""50""},""wR"":{""N"":""35.943623""},""hE"":{""N"":""71.5""},""tR"":{""N"":""95.72""}}",f4486408-f001-7017-6ea9-8539918b7be9
868032061432054,1782334800,data.qo,"{""tE"":{""N"":""74.48""},""hL"":{""N"":""66""},""wL"":{""N"":""37.680374""},""tL"":{""N"":""80.24""},""hR"":{""N"":""51.4""},""wR"":{""N"":""35.8313""},""hE"":{""N"":""77""},""tR"":{""N"":""95.54""}}",f4486408-f001-7017-6ea9-8539918b7be9
868032061432054,1782338400,data.qo,"{""tE"":{""N"":""72.14""},""hL"":{""N"":""68.7""},""wL"":{""N"":""37.484715""},""tL"":{""N"":""79.88""},""hR"":{""N"":""51.4""},""wR"":{""N"":""35.813004""},""hE"":{""N"":""80.5""},""tR"":{""N"":""95.54""}}",f4486408-f001-7017-6ea9-8539918b7be9
868032061432054,1782342000,data.qo,"{""tE"":{""N"":""69.62""},""hL"":{""N"":""67.2""},""wL"":{""N"":""37.416237""},""tL"":{""N"":""80.42""},""hR"":{""N"":""51.4""},""wR"":{""N"":""35.726906""},""hE"":{""N"":""84.3""},""tR"":{""N"":""95.54""}}",f4486408-f001-7017-6ea9-8539918b7be9
868032061432054,1782345600,data.qo,"{""tE"":{""N"":""68""},""hL"":{""N"":""64""},""wL"":{""N"":""37.381252""},""tL"":{""N"":""80.06""},""hR"":{""N"":""51.4""},""wR"":{""N"":""35.667877""},""hE"":{""N"":""86.8""},""tR"":{""N"":""95.54""}}",f4486408-f001-7017-6ea9-8539918b7be9
868032061432054,1782349200,data.qo,"{""tE"":{""N"":""66.2""},""hL"":{""N"":""66.4""},""wL"":{""N"":""37.672""},""tL"":{""N"":""79.88""},""hR"":{""N"":""51.4""},""wR"":{""N"":""35.680054""},""hE"":{""N"":""88.7""},""tR"":{""N"":""95.54""}}",f4486408-f001-7017-6ea9-8539918b7be9
868032061432054,1782352800,data.qo,"{""tE"":{""N"":""61.88""},""hL"":{""N"":""66.4""},""wL"":{""N"":""37.771564""},""tL"":{""N"":""79.88""},""hR"":{""N"":""51.4""},""wR"":{""N"":""35.66489""},""hE"":{""N"":""90.2""},""tR"":{""N"":""95.54""}}",f4486408-f001-7017-6ea9-8539918b7be9
868032061432054,1782356400,data.qo,"{""tE"":{""N"":""59.72""},""hL"":{""N"":""64.4""},""wL"":{""N"":""37.723637""},""tL"":{""N"":""79.52""},""hR"":{""N"":""47.7""},""wR"":{""N"":""35.65042""},""hE"":{""N"":""91.7""},""tR"":{""N"":""95.36""}}",f4486408-f001-7017-6ea9-8539918b7be9
868032061432054,1782360000,data.qo,"{""tE"":{""N"":""57.56""},""hL"":{""N"":""64.6""},""wL"":{""N"":""37.734177""},""tL"":{""N"":""79.16""},""hR"":{""N"":""47.7""},""wR"":{""N"":""35.646736""},""hE"":{""N"":""92.2""},""tR"":{""N"":""95.36""}}",f4486408-f001-7017-6ea9-8539918b7be9
868032061432054,1782363540,data.qo,"{""tE"":{""N"":""56.12""},""hL"":{""N"":""61.5""},""wL"":{""N"":""37.791584""},""tL"":{""N"":""78.8""},""hR"":{""N"":""50.3""},""wR"":{""N"":""35.616962""},""hE"":{""N"":""92.5""},""tR"":{""N"":""95""}}",f4486408-f001-7017-6ea9-8539918b7be9
868032061432054,1782367200,data.qo,"{""tE"":{""N"":""54.5""},""hL"":{""N"":""58.9""},""wL"":{""N"":""37.78042""},""tL"":{""N"":""78.98""},""hR"":{""N"":""50.3""},""wR"":{""N"":""35.648464""},""hE"":{""N"":""92.5""},""tR"":{""N"":""95""}}",f4486408-f001-7017-6ea9-8539918b7be9
868032061432054,1782370800,data.qo,"{""tE"":{""N"":""53.42""},""hL"":{""N"":""58.2""},""wL"":{""N"":""38.011353""},""tL"":{""N"":""78.8""},""hR"":{""N"":""49.1""},""wR"":{""N"":""35.66587""},""hE"":{""N"":""93""},""tR"":{""N"":""95""}}",f4486408-f001-7017-6ea9-8539918b7be9
868032061432054,1782374400,data.qo,"{""tE"":{""N"":""52.7""},""hL"":{""N"":""60.4""},""wL"":{""N"":""37.9295""},""tL"":{""N"":""77.36""},""hR"":{""N"":""49.1""},""wR"":{""N"":""35.657795""},""hE"":{""N"":""93.2""},""tR"":{""N"":""95""}}",f4486408-f001-7017-6ea9-8539918b7be9
868032061432054,1782378000,data.qo,"{""tE"":{""N"":""51.98""},""hL"":{""N"":""60.9""},""wL"":{""N"":""37.81627""},""tL"":{""N"":""76.64""},""hR"":{""N"":""47.9""},""wR"":{""N"":""35.68878""},""hE"":{""N"":""93.4""},""tR"":{""N"":""95""}}",f4486408-f001-7017-6ea9-8539918b7be9
868032061432054,1782381600,data.qo,"{""tE"":{""N"":""52.16""},""hL"":{""N"":""58.5""},""wL"":{""N"":""37.90265""},""tL"":{""N"":""76.82""},""hR"":{""N"":""47.9""},""wR"":{""N"":""35.7193""},""hE"":{""N"":""94.3""},""tR"":{""N"":""95""}}",f4486408-f001-7017-6ea9-8539918b7be9
868032061432054,1782385200,data.qo,"{""tE"":{""N"":""51.44""},""hL"":{""N"":""58.2""},""wL"":{""N"":""37.95014""},""tL"":{""N"":""76.1""},""hR"":{""N"":""47.8""},""wR"":{""N"":""35.769047""},""hE"":{""N"":""94.1""},""tR"":{""N"":""95""}}",f4486408-f001-7017-6ea9-8539918b7be9
868032061432054,1782388800,data.qo,"{""tE"":{""N"":""52.88""},""hL"":{""N"":""57.4""},""wL"":{""N"":""37.802315""},""tL"":{""N"":""75.92""},""hR"":{""N"":""48.5""},""wR"":{""N"":""35.82957""},""hE"":{""N"":""94.2""},""tR"":{""N"":""95""}}",f4486408-f001-7017-6ea9-8539918b7be9
868032061432054,1782392400,data.qo,"{""tE"":{""N"":""57.38""},""hL"":{""N"":""61.2""},""wL"":{""N"":""37.369465""},""tL"":{""N"":""75.56""},""hR"":{""N"":""49.1""},""wR"":{""N"":""35.874043""},""hE"":{""N"":""92""},""tR"":{""N"":""95""}}",f4486408-f001-7017-6ea9-8539918b7be9
868032061432054,1782396000,data.qo,"{""tE"":{""N"":""66.38""},""hL"":{""N"":""60.7""},""wL"":{""N"":""36.942772""},""tL"":{""N"":""76.1""},""hR"":{""N"":""48""},""wR"":{""N"":""36.11577""},""hE"":{""N"":""82.8""},""tR"":{""N"":""95""}}",f4486408-f001-7017-6ea9-8539918b7be9
868032061432054,1782399600,data.qo,"{""tE"":{""N"":""95.72""},""hL"":{""N"":""65.6""},""wL"":{""N"":""36.867653""},""tL"":{""N"":""77.72""},""hR"":{""N"":""48""},""wR"":{""N"":""36.163136""},""hE"":{""N"":""52.7""},""tR"":{""N"":""95""}}",f4486408-f001-7017-6ea9-8539918b7be9
868032061432054,1782403200,data.qo,"{""tE"":{""N"":""114.8""},""hL"":{""N"":""65.6""},""wL"":{""N"":""36.725887""},""tL"":{""N"":""77.72""},""hR"":{""N"":""49.1""},""wR"":{""N"":""36.142788""},""hE"":{""N"":""34.8""},""tR"":{""N"":""95.36""}}",f4486408-f001-7017-6ea9-8539918b7be9
868032061432054,1782406800,data.qo,"{""tE"":{""N"":""100.58""},""hL"":{""N"":""65.6""},""wL"":{""N"":""36.653275""},""tL"":{""N"":""77.72""},""hR"":{""N"":""49.1""},""wR"":{""N"":""36.257168""},""hE"":{""N"":""49.1""},""tR"":{""N"":""95.36""}}",f4486408-f001-7017-6ea9-8539918b7be9
868032061432054,1782410400,data.qo,"{""tE"":{""N"":""116.96""},""hL"":{""N"":""65.6""},""wL"":{""N"":""36.5283""},""tL"":{""N"":""77.72""},""hR"":{""N"":""50.2""},""wR"":{""N"":""35.98483""},""hE"":{""N"":""37.2""},""tR"":{""N"":""95.9""}}",f4486408-f001-7017-6ea9-8539918b7be9
868032061432054,1782414000,data.qo,"{""tE"":{""N"":""84.74""},""hL"":{""N"":""59.7""},""wL"":{""N"":""36.754326""},""tL"":{""N"":""85.46""},""hR"":{""N"":""52.9""},""wR"":{""N"":""35.92052""},""hE"":{""N"":""61.3""},""tR"":{""N"":""96.08""}}",f4486408-f001-7017-6ea9-8539918b7be9
868032061432054,1782417600,data.qo,"{""tE"":{""N"":""80.96""},""hL"":{""N"":""65.9""},""wL"":{""N"":""36.57777""},""tL"":{""N"":""82.58""},""hR"":{""N"":""54.6""},""wR"":{""N"":""35.82528""},""hE"":{""N"":""66.8""},""tR"":{""N"":""95.9""}}",f4486408-f001-7017-6ea9-8539918b7be9
868032061432054,1782421200,data.qo,"{""tE"":{""N"":""78.08""},""hL"":{""N"":""66""},""wL"":{""N"":""36.78816""},""tL"":{""N"":""81.5""},""hR"":{""N"":""54.5""},""wR"":{""N"":""35.761906""},""hE"":{""N"":""68.7""},""tR"":{""N"":""95.72""}}",f4486408-f001-7017-6ea9-8539918b7be9
868032061432054,1782424800,data.qo,"{""tE"":{""N"":""74.84""},""hL"":{""N"":""64.5""},""wL"":{""N"":""36.878""},""tL"":{""N"":""81.86""},""hR"":{""N"":""54.7""},""wR"":{""N"":""35.724155""},""hE"":{""N"":""71""},""tR"":{""N"":""95.72""}}",f4486408-f001-7017-6ea9-8539918b7be9
868032061432054,1782428400,data.qo,"{""tE"":{""N"":""74.12""},""hL"":{""N"":""64.5""},""wL"":{""N"":""36.77815""},""tL"":{""N"":""81.86""},""hR"":{""N"":""54.7""},""wR"":{""N"":""35.685936""},""hE"":{""N"":""70.3""},""tR"":{""N"":""95.72""}}",f4486408-f001-7017-6ea9-8539918b7be9
868032061432054,1782432000,data.qo,"{""tE"":{""N"":""71.96""},""hL"":{""N"":""65.4""},""wL"":{""N"":""37.059658""},""tL"":{""N"":""80.96""},""hR"":{""N"":""56.8""},""wR"":{""N"":""35.630825""},""hE"":{""N"":""71.2""},""tR"":{""N"":""95.36""}}",f4486408-f001-7017-6ea9-8539918b7be9
868032061432054,1782435600,data.qo,"{""tE"":{""N"":""69.8""},""hL"":{""N"":""64.8""},""wL"":{""N"":""37.141994""},""tL"":{""N"":""80.96""},""hR"":{""N"":""55.2""},""wR"":{""N"":""35.61547""},""hE"":{""N"":""72.8""},""tR"":{""N"":""95.36""}}",f4486408-f001-7017-6ea9-8539918b7be9
868032061432054,1782439200,data.qo,"{""tE"":{""N"":""66.2""},""hL"":{""N"":""63.1""},""wL"":{""N"":""36.777184""},""tL"":{""N"":""79.88""},""hR"":{""N"":""53.9""},""wR"":{""N"":""35.585136""},""hE"":{""N"":""75.6""},""tR"":{""N"":""95.18""}}",f4486408-f001-7017-6ea9-8539918b7be9
868032061432054,1782442800,data.qo,"{""tE"":{""N"":""64.04""},""hL"":{""N"":""65.2""},""wL"":{""N"":""36.88907""},""tL"":{""N"":""80.24""},""hR"":{""N"":""53.9""},""wR"":{""N"":""35.570858""},""hE"":{""N"":""77.5""},""tR"":{""N"":""95.18""}}",f4486408-f001-7017-6ea9-8539918b7be9
868032061432054,1782446400,data.qo,"{""tE"":{""N"":""62.96""},""hL"":{""N"":""65.2""},""wL"":{""N"":""36.87184""},""tL"":{""N"":""80.24""},""hR"":{""N"":""53.9""},""wR"":{""N"":""35.578743""},""hE"":{""N"":""78.4""},""tR"":{""N"":""95.18""}}",f4486408-f001-7017-6ea9-8539918b7be9
868032061432054,1782450000,data.qo,"{""tE"":{""N"":""62.6""},""hL"":{""N"":""66.5""},""wL"":{""N"":""36.75741""},""tL"":{""N"":""80.06""},""hR"":{""N"":""53""},""wR"":{""N"":""35.57823""},""hE"":{""N"":""79""},""tR"":{""N"":""95.18""}}",f4486408-f001-7017-6ea9-8539918b7be9
868032061432054,1782453600,data.qo,"{""tE"":{""N"":""61.52""},""hL"":{""N"":""66.4""},""wL"":{""N"":""36.57657""},""tL"":{""N"":""79.88""},""hR"":{""N"":""52.7""},""wR"":{""N"":""35.603336""},""hE"":{""N"":""80""},""tR"":{""N"":""95.18""}}",f4486408-f001-7017-6ea9-8539918b7be9
868032061432054,1782457200,data.qo,"{""tE"":{""N"":""61.52""},""hL"":{""N"":""65.1""},""wL"":{""N"":""36.44269""},""tL"":{""N"":""79.7""},""hR"":{""N"":""52.7""},""wR"":{""N"":""35.614677""},""hE"":{""N"":""80""},""tR"":{""N"":""95.18""}}",f4486408-f001-7017-6ea9-8539918b7be9
868032061432054,1782460800,data.qo,"{""tE"":{""N"":""60.8""},""hL"":{""N"":""62.9""},""wL"":{""N"":""36.625072""},""tL"":{""N"":""79.52""},""hR"":{""N"":""52.6""},""wR"":{""N"":""35.627464""},""hE"":{""N"":""81.5""},""tR"":{""N"":""95.36""}}",f4486408-f001-7017-6ea9-8539918b7be9
868032061432054,1782464400,data.qo,"{""tE"":{""N"":""59.9""},""hL"":{""N"":""63.7""},""wL"":{""N"":""36.638306""},""tL"":{""N"":""79.16""},""hR"":{""N"":""52.2""},""wR"":{""N"":""35.63484""},""hE"":{""N"":""82.4""},""tR"":{""N"":""95.54""}}",f4486408-f001-7017-6ea9-8539918b7be9
868032061432054,1782468000,data.qo,"{""tE"":{""N"":""59""},""hL"":{""N"":""65.2""},""wL"":{""N"":""36.962646""},""tL"":{""N"":""78.98""},""hR"":{""N"":""51.4""},""wR"":{""N"":""35.66358""},""hE"":{""N"":""82.8""},""tR"":{""N"":""95.54""}}",f4486408-f001-7017-6ea9-8539918b7be9
868032061432054,1782471600,data.qo,"{""tE"":{""N"":""58.46""},""hL"":{""N"":""63.4""},""wL"":{""N"":""36.889164""},""tL"":{""N"":""78.08""},""hR"":{""N"":""51.1""},""wR"":{""N"":""35.673336""},""hE"":{""N"":""83.4""},""tR"":{""N"":""95.36""}}",f4486408-f001-7017-6ea9-8539918b7be9
868032061432054,1782475200,data.qo,"{""tE"":{""N"":""59.72""},""hL"":{""N"":""64.5""},""wL"":{""N"":""36.719055""},""tL"":{""N"":""78.08""},""hR"":{""N"":""47.6""},""wR"":{""N"":""35.79779""},""hE"":{""N"":""82.7""},""tR"":{""N"":""95.18""}}",f4486408-f001-7017-6ea9-8539918b7be9
868032061432054,1782478800,data.qo,"{""tE"":{""N"":""64.76""},""hL"":{""N"":""64.1""},""wL"":{""N"":""36.323833""},""tL"":{""N"":""77.9""},""hR"":{""N"":""50.3""},""wR"":{""N"":""35.946888""},""hE"":{""N"":""79""},""tR"":{""N"":""95.54""}}",f4486408-f001-7017-6ea9-8539918b7be9
868032061432054,1782482400,data.qo,"{""tE"":{""N"":""97.34""},""hL"":{""N"":""64.9""},""wL"":{""N"":""36.3209""},""tL"":{""N"":""78.62""},""hR"":{""N"":""50.1""},""wR"":{""N"":""36.027527""},""hE"":{""N"":""50.4""},""tR"":{""N"":""95.36""}}",f4486408-f001-7017-6ea9-8539918b7be9
868032061432054,1782486000,data.qo,"{""tE"":{""N"":""106.52""},""hL"":{""N"":""66.7""},""wL"":{""N"":""36.363487""},""tL"":{""N"":""80.78""},""hR"":{""N"":""50.1""},""wR"":{""N"":""36.026127""},""hE"":{""N"":""40.8""},""tR"":{""N"":""95.54""}}",f4486408-f001-7017-6ea9-8539918b7be9
868032061432054,1782489600,data.qo,"{""tE"":{""N"":""115.16""},""hL"":{""N"":""63.4""},""wL"":{""N"":""36.06345""},""tL"":{""N"":""84.38""},""hR"":{""N"":""50.7""},""wR"":{""N"":""36.010212""},""hE"":{""N"":""35""},""tR"":{""N"":""95.72""}}",f4486408-f001-7017-6ea9-8539918b7be9
868032061432054,1782493200,data.qo,"{""tE"":{""N"":""104.9""},""hL"":{""N"":""63""},""wL"":{""N"":""36.221912""},""tL"":{""N"":""83.3""},""hR"":{""N"":""50.7""},""wR"":{""N"":""35.85001""},""hE"":{""N"":""40.5""},""tR"":{""N"":""95.72""}}",f4486408-f001-7017-6ea9-8539918b7be9
868032061432054,1782496800,data.qo,"{""tE"":{""N"":""79.52""},""hL"":{""N"":""64.1""},""wL"":{""N"":""36.431576""},""tL"":{""N"":""83.3""},""hR"":{""N"":""51""},""wR"":{""N"":""35.798447""},""hE"":{""N"":""57.8""},""tR"":{""N"":""95.72""}}",f4486408-f001-7017-6ea9-8539918b7be9
868032061432054,1782500400,data.qo,"{""tE"":{""N"":""78.08""},""hL"":{""N"":""64.1""},""wL"":{""N"":""36.342842""},""tL"":{""N"":""83.3""},""hR"":{""N"":""55.6""},""wR"":{""N"":""35.7753""},""hE"":{""N"":""59.4""},""tR"":{""N"":""95.72""}}",f4486408-f001-7017-6ea9-8539918b7be9
868032061432054,1782504000,data.qo,"{""tE"":{""N"":""82.22""},""hL"":{""N"":""64.7""},""wL"":{""N"":""36.587204""},""tL"":{""N"":""82.22""},""hR"":{""N"":""55.6""},""wR"":{""N"":""35.68015""},""hE"":{""N"":""57.2""},""tR"":{""N"":""95.72""}}",f4486408-f001-7017-6ea9-8539918b7be9
868032061432054,1782507600,data.qo,"{""tE"":{""N"":""78.44""},""hL"":{""N"":""65.6""},""wL"":{""N"":""36.528496""},""tL"":{""N"":""82.4""},""hR"":{""N"":""55.6""},""wR"":{""N"":""35.649208""},""hE"":{""N"":""60.5""},""tR"":{""N"":""95.72""}}",f4486408-f001-7017-6ea9-8539918b7be9
868032061432054,1782511200,data.qo,"{""tE"":{""N"":""77.36""},""hL"":{""N"":""64.2""},""wL"":{""N"":""36.488792""},""tL"":{""N"":""82.22""},""hR"":{""N"":""56.6""},""wR"":{""N"":""37.012913""},""hE"":{""N"":""62.4""},""tR"":{""N"":""95.54""}}",f4486408-f001-7017-6ea9-8539918b7be9
868032061432054,1782514800,data.qo,"{""tE"":{""N"":""77.54""},""hL"":{""N"":""73""},""wL"":{""N"":""36.519833""},""tL"":{""N"":""81.5""},""hR"":{""N"":""57.8""},""wR"":{""N"":""36.861485""},""hE"":{""N"":""63.7""},""tR"":{""N"":""95.54""}}",f4486408-f001-7017-6ea9-8539918b7be9
868032061432054,1782518400,data.qo,"{""tE"":{""N"":""77.54""},""hL"":{""N"":""68.5""},""wL"":{""N"":""36.74985""},""tL"":{""N"":""81.86""},""hR"":{""N"":""58.1""},""wR"":{""N"":""36.908337""},""hE"":{""N"":""63.7""},""tR"":{""N"":""95.18""}}",f4486408-f001-7017-6ea9-8539918b7be9
868032061432054,1782522000,data.qo,"{""tE"":{""N"":""71.06""},""hL"":{""N"":""68""},""wL"":{""N"":""37.351852""},""tL"":{""N"":""81.68""},""hR"":{""N"":""56.7""},""wR"":{""N"":""36.94301""},""hE"":{""N"":""69.9""},""tR"":{""N"":""95.18""}}",f4486408-f001-7017-6ea9-8539918b7be9
868032061432054,1782525600,data.qo,"{""tE"":{""N"":""65.48""},""hL"":{""N"":""68""},""wL"":{""N"":""36.373928""},""tL"":{""N"":""81.68""},""hR"":{""N"":""56""},""wR"":{""N"":""36.955048""},""hE"":{""N"":""79.9""},""tR"":{""N"":""94.82""}}",f4486408-f001-7017-6ea9-8539918b7be9
868032061432054,1782529200,data.qo,"{""tE"":{""N"":""64.58""},""hL"":{""N"":""67.8""},""wL"":{""N"":""36.132214""},""tL"":{""N"":""81.5""},""hR"":{""N"":""57.1""},""wR"":{""N"":""36.981087""},""hE"":{""N"":""84.9""},""tR"":{""N"":""95""}}",f4486408-f001-7017-6ea9-8539918b7be9
868032061432054,1782532800,data.qo,"{""tE"":{""N"":""64.58""},""tL"":{""N"":""81.5""},""hR"":{""N"":""57.1""},""hE"":{""N"":""88""},""wR"":{""N"":""37.004887""},""wL"":{""N"":""36.10459""},""tR"":{""N"":""95""},""hL"":{""N"":""65.5""}}",f4486408-f001-7017-6ea9-8539918b7be9
868032061432054,1782536400,data.qo,"{""tE"":{""N"":""64.76""},""hL"":{""N"":""65.5""},""wL"":{""N"":""35.95609""},""tL"":{""N"":""81.5""},""hR"":{""N"":""55.7""},""wR"":{""N"":""37.012867""},""hE"":{""N"":""89.8""},""tR"":{""N"":""95""}}",f4486408-f001-7017-6ea9-8539918b7be9
868032061432054,1782540000,data.qo,"{""tE"":{""N"":""64.58""},""hL"":{""N"":""66.2""},""wL"":{""N"":""35.986168""},""tL"":{""N"":""81.14""},""hR"":{""N"":""55.2""},""wR"":{""N"":""37.036945""},""hE"":{""N"":""91.4""},""tR"":{""N"":""95.18""}}",f4486408-f001-7017-6ea9-8539918b7be9
868032061432054,1782543600,data.qo,"{""tE"":{""N"":""64.58""},""hL"":{""N"":""67.8""},""wL"":{""N"":""36.000893""},""tL"":{""N"":""81.5""},""hR"":{""N"":""54.1""},""wR"":{""N"":""37.013332""},""hE"":{""N"":""92.5""},""tR"":{""N"":""95.18""}}",f4486408-f001-7017-6ea9-8539918b7be9
868032061432054,1782547200,data.qo,"{""tE"":{""N"":""64.04""},""hL"":{""N"":""66.4""},""wL"":{""N"":""35.894928""},""tL"":{""N"":""81.32""},""hR"":{""N"":""54.1""},""wR"":{""N"":""37.026726""},""hE"":{""N"":""93.4""},""tR"":{""N"":""95.18""}}",f4486408-f001-7017-6ea9-8539918b7be9
868032061432054,1782550800,data.qo,"{""tE"":{""N"":""62.96""},""hL"":{""N"":""65.6""},""wL"":{""N"":""35.885303""},""tL"":{""N"":""81.32""},""hR"":{""N"":""54.1""},""wR"":{""N"":""37.02752""},""hE"":{""N"":""94.4""},""tR"":{""N"":""95.18""}}",f4486408-f001-7017-6ea9-8539918b7be9
868032061432054,1782554400,data.qo,"{""tE"":{""N"":""62.6""},""hL"":{""N"":""66.7""},""wL"":{""N"":""36.13568""},""tL"":{""N"":""80.6""},""hR"":{""N"":""54""},""wR"":{""N"":""37.050713""},""hE"":{""N"":""95.1""},""tR"":{""N"":""95.18""}}",f4486408-f001-7017-6ea9-8539918b7be9
868032061432054,1782558000,data.qo,"{""tE"":{""N"":""62.6""},""hL"":{""N"":""64.7""},""wL"":{""N"":""36.572285""},""tL"":{""N"":""80.78""},""hR"":{""N"":""52.9""},""wR"":{""N"":""37.106476""},""hE"":{""N"":""95.6""},""tR"":{""N"":""95.18""}}",f4486408-f001-7017-6ea9-8539918b7be9
868032061432054,1782561600,data.qo,"{""tE"":{""N"":""64.04""},""hL"":{""N"":""66.2""},""wL"":{""N"":""36.7115""},""tL"":{""N"":""80.6""},""hR"":{""N"":""51.6""},""wR"":{""N"":""37.14992""},""hE"":{""N"":""95.7""},""tR"":{""N"":""95.18""}}",f4486408-f001-7017-6ea9-8539918b7be9
868032061432054,1782565200,data.qo,"{""tE"":{""N"":""64.76""},""hL"":{""N"":""66.1""},""wL"":{""N"":""36.720642""},""tL"":{""N"":""79.7""},""hR"":{""N"":""52""},""wR"":{""N"":""37.21143""},""hE"":{""N"":""95.6""},""tR"":{""N"":""95.18""}}",f4486408-f001-7017-6ea9-8539918b7be9
868032061432054,1782568800,data.qo,"{""tE"":{""N"":""66.56""},""hL"":{""N"":""66.9""},""wL"":{""N"":""36.25324""},""tL"":{""N"":""79.7""},""hR"":{""N"":""50.9""},""wR"":{""N"":""37.2741""},""hE"":{""N"":""94.5""},""tR"":{""N"":""95""}}",f4486408-f001-7017-6ea9-8539918b7be9
868032061432054,1782572400,data.qo,"{""tE"":{""N"":""72.14""},""hL"":{""N"":""68.2""},""wL"":{""N"":""36.156998""},""tL"":{""N"":""79.52""},""hR"":{""N"":""50.9""},""wR"":{""N"":""37.26047""},""hE"":{""N"":""89.4""},""tR"":{""N"":""95""}}",f4486408-f001-7017-6ea9-8539918b7be9
868032061432054,1782576000,data.qo,"{""tE"":{""N"":""74.66""},""hL"":{""N"":""69""},""wL"":{""N"":""36.07418""},""tL"":{""N"":""80.24""},""hR"":{""N"":""53.1""},""wR"":{""N"":""37.15207""},""hE"":{""N"":""86.1""},""tR"":{""N"":""95.18""}}",f4486408-f001-7017-6ea9-8539918b7be9
868032061432054,1782579600,data.qo,"{""tE"":{""N"":""74.66""},""hL"":{""N"":""69""},""wL"":{""N"":""35.992134""},""tL"":{""N"":""80.24""},""hR"":{""N"":""53.1""},""wR"":{""N"":""37.14012""},""hE"":{""N"":""86.1""},""tR"":{""N"":""95.18""}}",f4486408-f001-7017-6ea9-8539918b7be9
868032061432054,1782583200,data.qo,"{""tE"":{""N"":""85.46""},""hL"":{""N"":""68.5""},""wL"":{""N"":""36.38548""},""tL"":{""N"":""83.84""},""hR"":{""N"":""51.6""},""wR"":{""N"":""37.113476""},""hE"":{""N"":""68""},""tR"":{""N"":""95.18""}}",f4486408-f001-7017-6ea9-8539918b7be9
868032061432054,1782586800,data.qo,"{""tE"":{""N"":""83.84""},""hL"":{""N"":""66.8""},""wL"":{""N"":""36.89104""},""tL"":{""N"":""81.86""},""hR"":{""N"":""53""},""wR"":{""N"":""37.015526""},""hE"":{""N"":""70.6""},""tR"":{""N"":""95.18""}}",f4486408-f001-7017-6ea9-8539918b7be9
868032061432054,1782590400,data.qo,"{""tE"":{""N"":""77""},""hL"":{""N"":""64.9""},""wL"":{""N"":""37.628162""},""tL"":{""N"":""81.32""},""hR"":{""N"":""49.6""},""wR"":{""N"":""36.888035""},""hE"":{""N"":""80.2""},""tR"":{""N"":""95.18""}}",f4486408-f001-7017-6ea9-8539918b7be9
868032061432054,1782594000,data.qo,"{""tE"":{""N"":""69.8""},""hL"":{""N"":""65""},""wL"":{""N"":""37.49044""},""tL"":{""N"":""80.06""},""hR"":{""N"":""49.6""},""wR"":{""N"":""36.945763""},""hE"":{""N"":""84.7""},""tR"":{""N"":""95.18""}}",f4486408-f001-7017-6ea9-8539918b7be9
868032061432054,1782597600,data.qo,"{""tE"":{""N"":""69.8""},""hL"":{""N"":""67.1""},""wL"":{""N"":""36.841476""},""tL"":{""N"":""80.24""},""hR"":{""N"":""51.9""},""wR"":{""N"":""37.001385""},""hE"":{""N"":""84.7""},""tR"":{""N"":""95""}}",f4486408-f001-7017-6ea9-8539918b7be9
868032061432054,1782601200,data.qo,"{""tE"":{""N"":""73.58""},""hL"":{""N"":""67.3""},""wL"":{""N"":""36.58412""},""tL"":{""N"":""80.06""},""hR"":{""N"":""51""},""wR"":{""N"":""36.949867""},""hE"":{""N"":""85.3""},""tR"":{""N"":""95""}}",f4486408-f001-7017-6ea9-8539918b7be9
868032061432054,1782604800,data.qo,"{""tE"":{""N"":""69.8""},""hL"":{""N"":""66.9""},""wL"":{""N"":""36.599472""},""tL"":{""N"":""80.78""},""hR"":{""N"":""53.3""},""wR"":{""N"":""36.921867""},""hE"":{""N"":""91.9""},""tR"":{""N"":""95""}}",f4486408-f001-7017-6ea9-8539918b7be9
868032061432054,1782608400,data.qo,"{""tE"":{""N"":""69.08""},""hL"":{""N"":""66.9""},""wL"":{""N"":""36.968277""},""tL"":{""N"":""80.78""},""hR"":{""N"":""53.9""},""wR"":{""N"":""36.904602""},""hE"":{""N"":""93.9""},""tR"":{""N"":""95""}}",f4486408-f001-7017-6ea9-8539918b7be9
868032061432054,1782612000,data.qo,"{""tE"":{""N"":""67.1""},""hL"":{""N"":""69.5""},""wL"":{""N"":""37.148777""},""tL"":{""N"":""80.06""},""hR"":{""N"":""52.4""},""wR"":{""N"":""36.927094""},""hE"":{""N"":""95.8""},""tR"":{""N"":""95""}}",f4486408-f001-7017-6ea9-8539918b7be9
868032061432054,1782615600,data.qo,"{""tE"":{""N"":""66.56""},""hL"":{""N"":""67.1""},""wL"":{""N"":""36.902878""},""tL"":{""N"":""81.32""},""hR"":{""N"":""52.2""},""wR"":{""N"":""36.932274""},""hE"":{""N"":""97.1""},""tR"":{""N"":""95""}}",f4486408-f001-7017-6ea9-8539918b7be9
868032061432054,1782619200,data.qo,"{""tE"":{""N"":""66.02""},""hL"":{""N"":""67.5""},""wL"":{""N"":""37.15691""},""tL"":{""N"":""81.32""},""hR"":{""N"":""53.5""},""wR"":{""N"":""36.958363""},""hE"":{""N"":""97.4""},""tR"":{""N"":""95.18""}}",f4486408-f001-7017-6ea9-8539918b7be9
868032061432054,1782622740,data.qo,"{""tE"":{""N"":""65.48""},""hL"":{""N"":""66.4""},""wL"":{""N"":""36.958313""},""tL"":{""N"":""81.32""},""hR"":{""N"":""53.5""},""wR"":{""N"":""36.982487""},""hE"":{""N"":""98.1""},""tR"":{""N"":""95.18""}}",f4486408-f001-7017-6ea9-8539918b7be9
868032061432054,1782626400,data.qo,"{""tE"":{""N"":""65.84""},""hL"":{""N"":""66.4""},""wL"":{""N"":""36.849895""},""tL"":{""N"":""81.32""},""hR"":{""N"":""54.1""},""wR"":{""N"":""37.008667""},""hE"":{""N"":""98.7""},""tR"":{""N"":""95.18""}}",f4486408-f001-7017-6ea9-8539918b7be9
868032061432054,1782630000,data.qo,"{""tE"":{""N"":""66.38""},""hL"":{""N"":""67.4""},""wL"":{""N"":""37.220673""},""tL"":{""N"":""81.14""},""hR"":{""N"":""53.2""},""wR"":{""N"":""37.019726""},""hE"":{""N"":""99.5""},""tR"":{""N"":""95.18""}}",f4486408-f001-7017-6ea9-8539918b7be9
868032061432054,1782633600,data.qo,"{""tE"":{""N"":""65.84""},""hL"":{""N"":""66.5""},""wL"":{""N"":""36.978813""},""tL"":{""N"":""80.96""},""hR"":{""N"":""52.3""},""wR"":{""N"":""37.104332""},""hE"":{""N"":""99.5""},""tR"":{""N"":""95.18""}}",f4486408-f001-7017-6ea9-8539918b7be9
868032061432054,1782637200,data.qo,"{""tE"":{""N"":""64.76""},""hL"":{""N"":""67.8""},""wL"":{""N"":""37.267685""},""tL"":{""N"":""80.6""},""hR"":{""N"":""52.3""},""wR"":{""N"":""37.23047""},""hE"":{""N"":""99.6""},""tR"":{""N"":""95.18""}}",f4486408-f001-7017-6ea9-8539918b7be9
868032061432054,1782640800,data.qo,"{""tE"":{""N"":""64.4""},""hL"":{""N"":""67.8""},""wL"":{""N"":""37.661705""},""tL"":{""N"":""80.6""},""hR"":{""N"":""52.4""},""wR"":{""N"":""37.281567""},""hE"":{""N"":""99.9""},""tR"":{""N"":""95.18""}}",f4486408-f001-7017-6ea9-8539918b7be9
868032061432054,1782644400,data.qo,"{""tE"":{""N"":""63.32""},""hL"":{""N"":""67.8""},""wL"":{""N"":""37.596306""},""tL"":{""N"":""79.7""},""hR"":{""N"":""50.2""},""wR"":{""N"":""37.29118""},""hE"":{""N"":""99.9""},""tR"":{""N"":""95""}}",f4486408-f001-7017-6ea9-8539918b7be9
868032061432054,1782648000,data.qo,"{""tE"":{""N"":""63.5""},""hL"":{""N"":""68.7""},""wL"":{""N"":""37.28251""},""tL"":{""N"":""79.52""},""hR"":{""N"":""51.3""},""wR"":{""N"":""37.38782""},""hE"":{""N"":""99.9""},""tR"":{""N"":""95.18""}}",f4486408-f001-7017-6ea9-8539918b7be9
868032061432054,1782651600,data.qo,"{""tE"":{""N"":""65.12""},""hL"":{""N"":""69.3""},""wL"":{""N"":""37.154408""},""tL"":{""N"":""79.16""},""hR"":{""N"":""51.3""},""wR"":{""N"":""37.438923""},""hE"":{""N"":""99.9""},""tR"":{""N"":""95.18""}}",f4486408-f001-7017-6ea9-8539918b7be9
868032061432054,1782655200,data.qo,"{""tE"":{""N"":""67.82""},""hL"":{""N"":""68.7""},""wL"":{""N"":""36.92949""},""tL"":{""N"":""79.52""},""hR"":{""N"":""49.9""},""wR"":{""N"":""37.46748""},""hE"":{""N"":""96.6""},""tR"":{""N"":""94.82""}}",f4486408-f001-7017-6ea9-8539918b7be9
868032061432054,1782658800,data.qo,"{""tE"":{""N"":""71.06""},""hL"":{""N"":""70.8""},""wL"":{""N"":""36.684746""},""tL"":{""N"":""78.8""},""hR"":{""N"":""50.8""},""wR"":{""N"":""37.474995""},""hE"":{""N"":""92.2""},""tR"":{""N"":""95""}}",f4486408-f001-7017-6ea9-8539918b7be9
868032061432054,1782662400,data.qo,"{""tE"":{""N"":""73.94""},""hL"":{""N"":""70.8""},""wL"":{""N"":""36.620792""},""tL"":{""N"":""78.8""},""hR"":{""N"":""52.6""},""wR"":{""N"":""37.373543""},""hE"":{""N"":""89""},""tR"":{""N"":""94.64""}}",f4486408-f001-7017-6ea9-8539918b7be9
868032061432054,1782666000,data.qo,"{""tE"":{""N"":""76.64""},""hL"":{""N"":""69.8""},""wL"":{""N"":""37.30421""},""tL"":{""N"":""80.06""},""hR"":{""N"":""52.6""},""wR"":{""N"":""37.289547""},""hE"":{""N"":""83.2""},""tR"":{""N"":""94.64""}}",f4486408-f001-7017-6ea9-8539918b7be9
868032061432054,1782669600,data.qo,"{""tE"":{""N"":""70.16""},""hL"":{""N"":""68.6""},""wL"":{""N"":""37.38082""},""tL"":{""N"":""79.16""},""hR"":{""N"":""50.2""},""wR"":{""N"":""37.300045""},""hE"":{""N"":""90.2""},""tR"":{""N"":""94.64""}}",f4486408-f001-7017-6ea9-8539918b7be9
868032061432054,1782673200,data.qo,"{""tE"":{""N"":""71.06""},""hL"":{""N"":""70.5""},""wL"":{""N"":""36.900085""},""tL"":{""N"":""78.8""},""hR"":{""N"":""50.2""},""wR"":{""N"":""37.326923""},""hE"":{""N"":""90""},""tR"":{""N"":""94.64""}}",f4486408-f001-7017-6ea9-8539918b7be9
868032061432054,1782676800,data.qo,"{""tE"":{""N"":""74.66""},""hL"":{""N"":""69""},""wL"":{""N"":""36.67334""},""tL"":{""N"":""79.7""},""hR"":{""N"":""46.9""},""wR"":{""N"":""37.309517""},""hE"":{""N"":""83.6""},""tR"":{""N"":""94.28""}}",f4486408-f001-7017-6ea9-8539918b7be9
868032061432054,1782680400,data.qo,"{""tE"":{""N"":""75.02""},""hL"":{""N"":""71.1""},""wL"":{""N"":""36.790516""},""tL"":{""N"":""80.78""},""hR"":{""N"":""51.3""},""wR"":{""N"":""37.22207""},""hE"":{""N"":""84.1""},""tR"":{""N"":""94.64""}}",f4486408-f001-7017-6ea9-8539918b7be9
868032061432054,1782684000,data.qo,"{""tE"":{""N"":""72.5""},""hL"":{""N"":""66.6""},""wL"":{""N"":""36.7243""},""tL"":{""N"":""79.52""},""hR"":{""N"":""52.4""},""wR"":{""N"":""37.168354""},""hE"":{""N"":""87.2""},""tR"":{""N"":""95.18""}}",f4486408-f001-7017-6ea9-8539918b7be9
868032061432054,1782687600,data.qo,"{""tE"":{""N"":""70.88""},""hL"":{""N"":""67.9""},""wL"":{""N"":""36.768284""},""tL"":{""N"":""79.52""},""hR"":{""N"":""52.9""},""wR"":{""N"":""37.17372""},""hE"":{""N"":""91""},""tR"":{""N"":""95.18""}}",f4486408-f001-7017-6ea9-8539918b7be9
868032061432054,1782691200,data.qo,"{""tE"":{""N"":""69.98""},""hL"":{""N"":""68.3""},""wL"":{""N"":""37.192955""},""tL"":{""N"":""78.98""},""hR"":{""N"":""52.9""},""wR"":{""N"":""37.120945""},""hE"":{""N"":""94.1""},""tR"":{""N"":""95.18""}}",f4486408-f001-7017-6ea9-8539918b7be9
868032061432054,1782694800,data.qo,"{""tE"":{""N"":""68.36""},""hL"":{""N"":""66.8""},""wL"":{""N"":""37.194157""},""tL"":{""N"":""78.8""},""hR"":{""N"":""52.9""},""wR"":{""N"":""37.09705""},""hE"":{""N"":""96.5""},""tR"":{""N"":""95.18""}}",f4486408-f001-7017-6ea9-8539918b7be9
868032061432054,1782698400,data.qo,"{""tE"":{""N"":""67.1""},""hL"":{""N"":""70.8""},""wL"":{""N"":""36.96303""},""tL"":{""N"":""79.52""},""hR"":{""N"":""52.8""},""wR"":{""N"":""37.10536""},""hE"":{""N"":""99.7""},""tR"":{""N"":""95""}}",f4486408-f001-7017-6ea9-8539918b7be9
868032061432054,1782702000,data.qo,"{""tE"":{""N"":""67.1""},""hL"":{""N"":""70.1""},""wL"":{""N"":""36.61343""},""tL"":{""N"":""80.6""},""hR"":{""N"":""54.6""},""wR"":{""N"":""37.10167""},""hE"":{""N"":""99.7""},""tR"":{""N"":""95""}}",f4486408-f001-7017-6ea9-8539918b7be9
868032061432054,1782705600,data.qo,"{""tE"":{""N"":""65.84""},""hL"":{""N"":""69.1""},""wL"":{""N"":""36.846626""},""tL"":{""N"":""80.96""},""hR"":{""N"":""54.4""},""wR"":{""N"":""37.11161""},""hE"":{""N"":""99.9""},""tR"":{""N"":""95""}}",f4486408-f001-7017-6ea9-8539918b7be9
868032061432054,1782709200,data.qo,"{""tE"":{""N"":""65.12""},""hL"":{""N"":""70.8""},""wL"":{""N"":""36.81087""},""tL"":{""N"":""80.96""},""hR"":{""N"":""55.5""},""wR"":{""N"":""37.126076""},""hE"":{""N"":""99.9""},""tR"":{""N"":""95.18""}}",f4486408-f001-7017-6ea9-8539918b7be9
868032061432054,1782712800,data.qo,"{""tE"":{""N"":""64.94""},""hL"":{""N"":""69.9""},""wL"":{""N"":""36.89056""},""tL"":{""N"":""80.96""},""hR"":{""N"":""54.4""},""wR"":{""N"":""37.09285""},""hE"":{""N"":""99.9""},""tR"":{""N"":""95.36""}}",f4486408-f001-7017-6ea9-8539918b7be9
868032061432054,1782716400,data.qo,"{""tE"":{""N"":""64.58""},""hL"":{""N"":""67.8""},""wL"":{""N"":""37.072266""},""tL"":{""N"":""80.6""},""hR"":{""N"":""55.5""},""wR"":{""N"":""37.15501""},""hE"":{""N"":""99.9""},""tR"":{""N"":""95.36""}}",f4486408-f001-7017-6ea9-8539918b7be9
868032061432054,1782720000,data.qo,"{""tE"":{""N"":""64.4""},""hL"":{""N"":""68.3""},""wL"":{""N"":""37.180634""},""tL"":{""N"":""80.78""},""hR"":{""N"":""53.8""},""wR"":{""N"":""37.186417""},""hE"":{""N"":""99.9""},""tR"":{""N"":""95.36""}}",f4486408-f001-7017-6ea9-8539918b7be9
868032061432054,1782723600,data.qo,"{""tE"":{""N"":""64.04""},""hL"":{""N"":""68.4""},""wL"":{""N"":""37.25368""},""tL"":{""N"":""80.6""},""hR"":{""N"":""53.4""},""wR"":{""N"":""37.17512""},""hE"":{""N"":""99.9""},""tR"":{""N"":""95.36""}}",f4486408-f001-7017-6ea9-8539918b7be9
868032061432054,1782727200,data.qo,"{""tE"":{""N"":""63.14""},""hL"":{""N"":""66.8""},""wL"":{""N"":""37.465176""},""tL"":{""N"":""80.42""},""hR"":{""N"":""53.9""},""wR"":{""N"":""37.2195""},""hE"":{""N"":""99.9""},""tR"":{""N"":""95.36""}}",f4486408-f001-7017-6ea9-8539918b7be9
868032061432054,1782730800,data.qo,"{""tE"":{""N"":""63.68""},""hL"":{""N"":""67.2""},""wL"":{""N"":""37.674313""},""tL"":{""N"":""80.24""},""hR"":{""N"":""53.9""},""wR"":{""N"":""37.293""},""hE"":{""N"":""99.9""},""tR"":{""N"":""95.36""}}",f4486408-f001-7017-6ea9-8539918b7be9
868032061432054,1782734400,data.qo,"{""tE"":{""N"":""64.76""},""hL"":{""N"":""68""},""wL"":{""N"":""37.63952""},""tL"":{""N"":""80.24""},""hR"":{""N"":""51.9""},""wR"":{""N"":""37.41573""},""hE"":{""N"":""99.9""},""tR"":{""N"":""95.36""}}",f4486408-f001-7017-6ea9-8539918b7be9
868032061432054,1782738000,data.qo,"{""tE"":{""N"":""69.08""},""hL"":{""N"":""69""},""wL"":{""N"":""37.16769""},""tL"":{""N"":""80.6""},""hR"":{""N"":""51.5""},""wR"":{""N"":""37.682888""},""hE"":{""N"":""99.9""},""tR"":{""N"":""95.36""}}",f4486408-f001-7017-6ea9-8539918b7be9
868032061432054,1782741600,data.qo,"{""wR"":{""N"":""37.603977""},""hL"":{""N"":""69""},""hR"":{""N"":""52.1""},""wL"":{""N"":""36.497936""},""hE"":{""N"":""69.6""},""tE"":{""N"":""97.88""},""tR"":{""N"":""95.36""},""tL"":{""N"":""80.6""}}",f4486408-f001-7017-6ea9-8539918b7be9
868032061432054,1782745200,data.qo,"{""tE"":{""N"":""105.8""},""hL"":{""N"":""69""},""wL"":{""N"":""36.85639""},""tL"":{""N"":""80.6""},""hR"":{""N"":""53.9""},""wR"":{""N"":""37.584377""},""hE"":{""N"":""55.8""},""tR"":{""N"":""95.72""}}",f4486408-f001-7017-6ea9-8539918b7be9
868032061432054,1782748800,data.qo,"{""tE"":{""N"":""93.56""},""hL"":{""N"":""69""},""wL"":{""N"":""36.701057""},""tL"":{""N"":""80.6""},""hR"":{""N"":""52.5""},""wR"":{""N"":""37.381104""},""hE"":{""N"":""63.8""},""tR"":{""N"":""95.72""}}",f4486408-f001-7017-6ea9-8539918b7be9
868032061432054,1782752400,data.qo,"{""tE"":{""N"":""92.66""},""hL"":{""N"":""67.6""},""wL"":{""N"":""36.587635""},""tL"":{""N"":""83.48""},""hR"":{""N"":""54""},""wR"":{""N"":""37.554325""},""hE"":{""N"":""65.4""},""tR"":{""N"":""95.9""}}",f4486408-f001-7017-6ea9-8539918b7be9
868032061432054,1782756000,data.qo,"{""tE"":{""N"":""111.2""},""hL"":{""N"":""67.7""},""wL"":{""N"":""36.30959""},""tL"":{""N"":""86.18""},""hR"":{""N"":""54.7""},""wR"":{""N"":""37.10452""},""hE"":{""N"":""47.8""},""tR"":{""N"":""95.72""}}",f4486408-f001-7017-6ea9-8539918b7be9
868032061432054,1782759600,data.qo,"{""tE"":{""N"":""91.76""},""hL"":{""N"":""60.7""},""wL"":{""N"":""36.709526""},""tL"":{""N"":""89.6""},""hR"":{""N"":""55.4""},""wR"":{""N"":""36.88743""},""hE"":{""N"":""62.7""},""tR"":{""N"":""95.36""}}",f4486408-f001-7017-6ea9-8539918b7be9
868032061432054,1782763200,data.qo,"{""tE"":{""N"":""83.84""},""hL"":{""N"":""60.7""},""wL"":{""N"":""36.91996""},""tL"":{""N"":""89.6""},""hR"":{""N"":""55.4""},""wR"":{""N"":""36.814213""},""hE"":{""N"":""74.5""},""tR"":{""N"":""95.36""}}",f4486408-f001-7017-6ea9-8539918b7be9
868032061432054,1782766800,data.qo,"{""tE"":{""N"":""81.5""},""hL"":{""N"":""61""},""wL"":{""N"":""37.074673""},""tL"":{""N"":""84.74""},""hR"":{""N"":""55.4""},""wR"":{""N"":""36.679302""},""hE"":{""N"":""82.5""},""tR"":{""N"":""95.36""}}",f4486408-f001-7017-6ea9-8539918b7be9
868032061432054,1782770400,data.qo,"{""tE"":{""N"":""80.42""},""hL"":{""N"":""61""},""wL"":{""N"":""37.080013""},""tL"":{""N"":""84.74""},""hR"":{""N"":""56.5""},""wR"":{""N"":""36.62069""},""hE"":{""N"":""81.3""},""tR"":{""N"":""95.36""}}",f4486408-f001-7017-6ea9-8539918b7be9
868032061432054,1782774000,data.qo,"{""tE"":{""N"":""79.16""},""hL"":{""N"":""65.7""},""wL"":{""N"":""37.351177""},""tL"":{""N"":""83.66""},""hR"":{""N"":""56.5""},""wR"":{""N"":""36.55578""},""hE"":{""N"":""86.9""},""tR"":{""N"":""95.36""}}",f4486408-f001-7017-6ea9-8539918b7be9
868032061432054,1782777600,data.qo,"{""tE"":{""N"":""77""},""hL"":{""N"":""63.9""},""wL"":{""N"":""37.555164""},""tL"":{""N"":""83.48""},""hR"":{""N"":""55.6""},""wR"":{""N"":""36.48522""},""hE"":{""N"":""90.4""},""tR"":{""N"":""95.36""}}",f4486408-f001-7017-6ea9-8539918b7be9
868032061432054,1782781200,data.qo,"{""tE"":{""N"":""75.02""},""hL"":{""N"":""63.9""},""wL"":{""N"":""38.204754""},""tL"":{""N"":""83.48""},""hR"":{""N"":""57.5""},""wR"":{""N"":""36.42899""},""hE"":{""N"":""93.7""},""tR"":{""N"":""95""}}",f4486408-f001-7017-6ea9-8539918b7be9
868032061432054,1782784800,data.qo,"{""tE"":{""N"":""71.42""},""hL"":{""N"":""63.9""},""wL"":{""N"":""37.72354""},""tL"":{""N"":""83.48""},""hR"":{""N"":""57.6""},""wR"":{""N"":""36.384235""},""hE"":{""N"":""98.6""},""tR"":{""N"":""95""}}",f4486408-f001-7017-6ea9-8539918b7be9
868032061432054,1782788400,data.qo,"{""tE"":{""N"":""69.98""},""hL"":{""N"":""67.7""},""wL"":{""N"":""37.903755""},""tL"":{""N"":""84.02""},""hR"":{""N"":""59.1""},""wR"":{""N"":""36.383957""},""hE"":{""N"":""99.9""},""tR"":{""N"":""95.18""}}",f4486408-f001-7017-6ea9-8539918b7be9
868032061432054,1782792000,data.qo,"{""tE"":{""N"":""69.98""},""hL"":{""N"":""66.4""},""wL"":{""N"":""37.895958""},""tL"":{""N"":""84.02""},""hR"":{""N"":""57.5""},""wR"":{""N"":""36.290253""},""hE"":{""N"":""99.9""},""tR"":{""N"":""95.18""}}",f4486408-f001-7017-6ea9-8539918b7be9
868032061432054,1782795600,data.qo,"{""tE"":{""N"":""69.44""},""hL"":{""N"":""67.5""},""wL"":{""N"":""38.148403""},""tL"":{""N"":""83.66""},""hR"":{""N"":""57.5""},""wR"":{""N"":""36.43692""},""hE"":{""N"":""99.9""},""tR"":{""N"":""95.18""}}",f4486408-f001-7017-6ea9-8539918b7be9
868032061432054,1782799200,data.qo,"{""tE"":{""N"":""69.08""},""hL"":{""N"":""67.5""},""wL"":{""N"":""38.274868""},""tL"":{""N"":""83.66""},""hR"":{""N"":""56.8""},""wR"":{""N"":""36.445183""},""hE"":{""N"":""99.9""},""tR"":{""N"":""95""}}",f4486408-f001-7017-6ea9-8539918b7be9
868032061432054,1782802800,data.qo,"{""tE"":{""N"":""68""},""hL"":{""N"":""66.7""},""wL"":{""N"":""38.328712""},""tL"":{""N"":""83.3""},""hR"":{""N"":""56.8""},""wR"":{""N"":""36.464966""},""hE"":{""N"":""99.9""},""tR"":{""N"":""95""}}",f4486408-f001-7017-6ea9-8539918b7be9
868032061432054,1782806400,data.qo,"{""tE"":{""N"":""67.64""},""hL"":{""N"":""66.7""},""wL"":{""N"":""38.47818""},""tL"":{""N"":""82.94""},""hR"":{""N"":""56.8""},""wR"":{""N"":""36.473133""},""hE"":{""N"":""99.9""},""tR"":{""N"":""95""}}",f4486408-f001-7017-6ea9-8539918b7be9
868032061432054,1782810000,data.qo,"{""tE"":{""N"":""66.92""},""hL"":{""N"":""66.2""},""wL"":{""N"":""38.381935""},""tL"":{""N"":""82.76""},""hR"":{""N"":""56.8""},""wR"":{""N"":""36.486385""},""hE"":{""N"":""99.9""},""tR"":{""N"":""95""}}",f4486408-f001-7017-6ea9-8539918b7be9
868032061432054,1782813600,data.qo,"{""tE"":{""N"":""66.92""},""hL"":{""N"":""65.8""},""wL"":{""N"":""38.609406""},""tL"":{""N"":""82.4""},""hR"":{""N"":""56.2""},""wR"":{""N"":""36.526333""},""hE"":{""N"":""99.9""},""tR"":{""N"":""95.36""}}",f4486408-f001-7017-6ea9-8539918b7be9
868032061432054,1782817200,data.qo,"{""tE"":{""N"":""66.56""},""hL"":{""N"":""64.9""},""wL"":{""N"":""38.557243""},""tL"":{""N"":""82.22""},""hR"":{""N"":""54.1""},""wR"":{""N"":""36.55125""},""hE"":{""N"":""99.9""},""tR"":{""N"":""95.18""}}",f4486408-f001-7017-6ea9-8539918b7be9
868032061432054,1782820800,data.qo,"{""tE"":{""N"":""67.82""},""hL"":{""N"":""64.9""},""wL"":{""N"":""38.65445""},""tL"":{""N"":""82.22""},""hR"":{""N"":""55.4""},""wR"":{""N"":""36.63063""},""hE"":{""N"":""99.9""},""tR"":{""N"":""95""}}",f4486408-f001-7017-6ea9-8539918b7be9
868032061432054,1782824400,data.qo,"{""tE"":{""N"":""69.08""},""hL"":{""N"":""67.5""},""wL"":{""N"":""38.54011""},""tL"":{""N"":""81.5""},""hR"":{""N"":""54""},""wR"":{""N"":""36.85075""},""hE"":{""N"":""99.9""},""tR"":{""N"":""95.36""}}",f4486408-f001-7017-6ea9-8539918b7be9
868032061432054,1782828000,data.qo,"{""tE"":{""N"":""85.1""},""hL"":{""N"":""68.2""},""wL"":{""N"":""38.046963""},""tL"":{""N"":""81.86""},""hR"":{""N"":""54.7""},""wR"":{""N"":""36.668663""},""hE"":{""N"":""89.9""},""tR"":{""N"":""95.36""}}",f4486408-f001-7017-6ea9-8539918b7be9
868032061432054,1782831600,data.qo,"{""tE"":{""N"":""86.18""},""hL"":{""N"":""69.5""},""wL"":{""N"":""37.755974""},""tL"":{""N"":""82.4""},""hR"":{""N"":""54.7""},""wR"":{""N"":""36.935307""},""hE"":{""N"":""80.5""},""tR"":{""N"":""95.36""}}",f4486408-f001-7017-6ea9-8539918b7be9
868032061432054,1782835200,data.qo,"{""tE"":{""N"":""110.3""},""hL"":{""N"":""68.8""},""wL"":{""N"":""37.795193""},""tL"":{""N"":""84.56""},""hR"":{""N"":""56.5""},""wR"":{""N"":""36.77422""},""hE"":{""N"":""56""},""tR"":{""N"":""95.54""}}",f4486408-f001-7017-6ea9-8539918b7be9
868032061432054,1782838800,data.qo,"{""tE"":{""N"":""93.2""},""hL"":{""N"":""68.8""},""wL"":{""N"":""37.415276""},""tL"":{""N"":""84.56""},""hR"":{""N"":""54.7""},""wR"":{""N"":""36.96214""},""hE"":{""N"":""77.2""},""tR"":{""N"":""95.54""}}",f4486408-f001-7017-6ea9-8539918b7be9
868032061432054,1782842400,data.qo,"{""tE"":{""N"":""109.94""},""hL"":{""N"":""66.6""},""wL"":{""N"":""37.410126""},""tL"":{""N"":""87.62""},""hR"":{""N"":""56""},""wR"":{""N"":""36.644115""},""hE"":{""N"":""58.3""},""tR"":{""N"":""95.9""}}",f4486408-f001-7017-6ea9-8539918b7be9
868032061432054,1782846000,data.qo,"{""tE"":{""N"":""109.94""},""hL"":{""N"":""64.8""},""wL"":{""N"":""38.273617""},""tL"":{""N"":""86.72""},""hR"":{""N"":""54.5""},""wR"":{""N"":""36.575844""},""hE"":{""N"":""58.3""},""tR"":{""N"":""95.9""}}",f4486408-f001-7017-6ea9-8539918b7be9
868032061432054,1782849600,data.qo,"{""tE"":{""N"":""77""},""hL"":{""N"":""64.8""},""wL"":{""N"":""38.020737""},""tL"":{""N"":""86.72""},""hR"":{""N"":""54.9""},""wR"":{""N"":""36.640057""},""hE"":{""N"":""90.2""},""tR"":{""N"":""95.72""}}",f4486408-f001-7017-6ea9-8539918b7be9
868032061432054,1782853200,data.qo,"{""tE"":{""N"":""78.44""},""hL"":{""N"":""64.8""},""wL"":{""N"":""37.798656""},""tL"":{""N"":""86.72""},""hR"":{""N"":""56.2""},""wR"":{""N"":""36.588585""},""hE"":{""N"":""90.9""},""tR"":{""N"":""95.72""}}",f4486408-f001-7017-6ea9-8539918b7be9
868032061432054,1782856800,data.qo,"{""tE"":{""N"":""79.7""},""hL"":{""N"":""70.8""},""wL"":{""N"":""38.043354""},""tL"":{""N"":""83.66""},""hR"":{""N"":""57.4""},""wR"":{""N"":""36.59101""},""hE"":{""N"":""90.9""},""tR"":{""N"":""95.54""}}",f4486408-f001-7017-6ea9-8539918b7be9
868032061432054,1782860400,data.qo,"{""tE"":{""N"":""75.56""},""hL"":{""N"":""69.9""},""wL"":{""N"":""38.76166""},""tL"":{""N"":""84.92""},""hR"":{""N"":""56.6""},""wR"":{""N"":""36.57916""},""hE"":{""N"":""98.2""},""tR"":{""N"":""95.54""}}",f4486408-f001-7017-6ea9-8539918b7be9
868032061432054,1782864000,data.qo,"{""tE"":{""N"":""73.76""},""hL"":{""N"":""66.7""},""wL"":{""N"":""39.098946""},""tL"":{""N"":""82.94""},""hR"":{""N"":""56.6""},""wR"":{""N"":""36.542107""},""hE"":{""N"":""99.9""},""tR"":{""N"":""95.54""}}",f4486408-f001-7017-6ea9-8539918b7be9
868032061432054,1782867600,data.qo,"{""tE"":{""N"":""72.5""},""hL"":{""N"":""70.8""},""wL"":{""N"":""39.197834""},""tL"":{""N"":""82.58""},""hR"":{""N"":""56.6""},""wR"":{""N"":""36.530205""},""hE"":{""N"":""99.9""},""tR"":{""N"":""95.54""}}",f4486408-f001-7017-6ea9-8539918b7be9
868032061432054,1782871200,data.qo,"{""tE"":{""N"":""71.6""},""hL"":{""N"":""70.8""},""wL"":{""N"":""38.855595""},""tL"":{""N"":""82.58""},""hR"":{""N"":""55.7""},""wR"":{""N"":""36.527267""},""hE"":{""N"":""99.9""},""tR"":{""N"":""94.82""}}",f4486408-f001-7017-6ea9-8539918b7be9
868032061432054,1782874800,data.qo,"{""tE"":{""N"":""71.6""},""hL"":{""N"":""70.3""},""wL"":{""N"":""38.84241""},""tL"":{""N"":""83.84""},""hR"":{""N"":""57.8""},""wR"":{""N"":""36.546772""},""hE"":{""N"":""99.9""},""tR"":{""N"":""95""}}",f4486408-f001-7017-6ea9-8539918b7be9
868032061432054,1782878400,data.qo,"{""tE"":{""N"":""69.62""},""hL"":{""N"":""70.7""},""wL"":{""N"":""38.9579""},""tL"":{""N"":""83.84""},""hR"":{""N"":""56.1""},""wR"":{""N"":""36.5499""},""hE"":{""N"":""99.9""},""tR"":{""N"":""95""}}",f4486408-f001-7017-6ea9-8539918b7be9
868032061432054,1782881940,data.qo,"{""tE"":{""N"":""69.08""},""hL"":{""N"":""69""},""wL"":{""N"":""39.055443""},""tL"":{""N"":""83.66""},""hR"":{""N"":""56.2""},""wR"":{""N"":""36.56525""},""hE"":{""N"":""99.9""},""tR"":{""N"":""95""}}",f4486408-f001-7017-6ea9-8539918b7be9
868032061432054,1782885600,data.qo,"{""tE"":{""N"":""68.54""},""hL"":{""N"":""69""},""wL"":{""N"":""39.18407""},""tL"":{""N"":""83.66""},""hR"":{""N"":""57.6""},""wR"":{""N"":""36.562824""},""hE"":{""N"":""99.9""},""tR"":{""N"":""95.18""}}",f4486408-f001-7017-6ea9-8539918b7be9
868032061432054,1782889200,data.qo,"{""tE"":{""N"":""67.82""},""hL"":{""N"":""69""},""wL"":{""N"":""39.34056""},""tL"":{""N"":""83.66""},""hR"":{""N"":""56.5""},""wR"":{""N"":""36.559837""},""hE"":{""N"":""99.9""},""tR"":{""N"":""95.36""}}",f4486408-f001-7017-6ea9-8539918b7be9
868032061432054,1782892800,data.qo,"{""tE"":{""N"":""66.74""},""hL"":{""N"":""68.3""},""wL"":{""N"":""39.135853""},""tL"":{""N"":""82.76""},""hR"":{""N"":""56.2""},""wR"":{""N"":""36.567863""},""hE"":{""N"":""99.9""},""tR"":{""N"":""95""}}",f4486408-f001-7017-6ea9-8539918b7be9
868032061432054,1782896400,data.qo,"{""tE"":{""N"":""66.38""},""hL"":{""N"":""68.3""},""wL"":{""N"":""39.358513""},""tL"":{""N"":""82.76""},""hR"":{""N"":""56.4""},""wR"":{""N"":""36.58583""},""hE"":{""N"":""99.9""},""tR"":{""N"":""95.36""}}",f4486408-f001-7017-6ea9-8539918b7be9
868032061432054,1782900000,data.qo,"{""tE"":{""N"":""65.66""},""hL"":{""N"":""68.2""},""wL"":{""N"":""39.514523""},""tL"":{""N"":""82.4""},""hR"":{""N"":""55.7""},""wR"":{""N"":""36.591057""},""hE"":{""N"":""99.9""},""tR"":{""N"":""95.18""}}",f4486408-f001-7017-6ea9-8539918b7be9
868032061432054,1782903600,data.qo,"{""tE"":{""N"":""64.94""},""hL"":{""N"":""66.2""},""wL"":{""N"":""39.507786""},""tL"":{""N"":""82.04""},""hR"":{""N"":""55.1""},""wR"":{""N"":""36.66171""},""hE"":{""N"":""99.9""},""tR"":{""N"":""95""}}",f4486408-f001-7017-6ea9-8539918b7be9
868032061432054,1782907200,data.qo,"{""tE"":{""N"":""66.02""},""hL"":{""N"":""66.2""},""wL"":{""N"":""39.646614""},""tL"":{""N"":""81.5""},""hR"":{""N"":""55.4""},""wR"":{""N"":""36.771793""},""hE"":{""N"":""99.9""},""tR"":{""N"":""95.18""}}",f4486408-f001-7017-6ea9-8539918b7be9
868032061432054,1782910800,data.qo,"{""tE"":{""N"":""69.26""},""hL"":{""N"":""66.2""},""wL"":{""N"":""38.946594""},""tL"":{""N"":""81.5""},""hR"":{""N"":""55.4""},""wR"":{""N"":""37.12211""},""hE"":{""N"":""99.9""},""tR"":{""N"":""95.18""}}",f4486408-f001-7017-6ea9-8539918b7be9
868032061432054,1782914400,data.qo,"{""tE"":{""N"":""111.38""},""hL"":{""N"":""71.9""},""wL"":{""N"":""38.089264""},""tL"":{""N"":""81.86""},""hR"":{""N"":""56""},""wR"":{""N"":""37.255714""},""hE"":{""N"":""54.4""},""tR"":{""N"":""95.36""}}",f4486408-f001-7017-6ea9-8539918b7be9
868032061432054,1782918000,data.qo,"{""tE"":{""N"":""222.62""},""hL"":{""N"":""73.8""},""wL"":{""N"":""37.79707""},""tL"":{""N"":""85.46""},""hR"":{""N"":""55.9""},""wR"":{""N"":""36.95939""},""hE"":{""N"":""74.6""},""tR"":{""N"":""95.72""}}",f4486408-f001-7017-6ea9-8539918b7be9
868032061432054,1782921600,data.qo,"{""tE"":{""N"":""128.66""},""hL"":{""N"":""73.8""},""wL"":{""N"":""37.931328""},""tL"":{""N"":""85.46""},""hR"":{""N"":""55.2""},""wR"":{""N"":""36.846783""},""hE"":{""N"":""36.7""},""tR"":{""N"":""96.08""}}",f4486408-f001-7017-6ea9-8539918b7be9
868032061432054,1782925200,data.qo,"{""tE"":{""N"":""112.82""},""hL"":{""N"":""58.4""},""wL"":{""N"":""37.30758""},""tL"":{""N"":""88.7""},""hR"":{""N"":""56.2""},""wR"":{""N"":""36.585598""},""hE"":{""N"":""51.1""},""tR"":{""N"":""95.9""}}",f4486408-f001-7017-6ea9-8539918b7be9
868032061432054,1782928800,data.qo,"{""tE"":{""N"":""122.54""},""hL"":{""N"":""54.2""},""wL"":{""N"":""37.51917""},""tL"":{""N"":""94.82""},""hR"":{""N"":""55.4""},""wR"":{""N"":""36.47696""},""hE"":{""N"":""44""},""tR"":{""N"":""95.72""}}",f4486408-f001-7017-6ea9-8539918b7be9
868032061432054,1782932400,data.qo,"{""tE"":{""N"":""104.18""},""hL"":{""N"":""48.2""},""wL"":{""N"":""37.663967""},""tL"":{""N"":""98.42""},""hR"":{""N"":""54.2""},""wR"":{""N"":""36.313072""},""hE"":{""N"":""53.7""},""tR"":{""N"":""95.72""}}",f4486408-f001-7017-6ea9-8539918b7be9
868032061432054,1782936000,data.qo,"{""tE"":{""N"":""91.04""},""hL"":{""N"":""50.3""},""wL"":{""N"":""37.85929""},""tL"":{""N"":""91.04""},""hR"":{""N"":""54.3""},""wR"":{""N"":""36.18087""},""hE"":{""N"":""70""},""tR"":{""N"":""95.18""}}",f4486408-f001-7017-6ea9-8539918b7be9
868032061432054,1782939600,data.qo,"{""tE"":{""N"":""87.62""},""hL"":{""N"":""52.7""},""wL"":{""N"":""38.142437""},""tL"":{""N"":""88.16""},""hR"":{""N"":""54.3""},""wR"":{""N"":""36.044277""},""hE"":{""N"":""74.8""},""tR"":{""N"":""95.18""}}",f4486408-f001-7017-6ea9-8539918b7be9
868032061432054,1782943200,data.qo,"{""tE"":{""N"":""84.2""},""hL"":{""N"":""57""},""wL"":{""N"":""38.276745""},""tL"":{""N"":""87.26""},""hR"":{""N"":""52.4""},""wR"":{""N"":""35.94754""},""hE"":{""N"":""77.6""},""tR"":{""N"":""95.18""}}",f4486408-f001-7017-6ea9-8539918b7be9
868032061432054,1782946800,data.qo,"{""tE"":{""N"":""83.3""},""hL"":{""N"":""57""},""wL"":{""N"":""38.510757""},""tL"":{""N"":""87.26""},""hR"":{""N"":""51.9""},""wR"":{""N"":""35.870075""},""hE"":{""N"":""77.7""},""tR"":{""N"":""95.36""}}",f4486408-f001-7017-6ea9-8539918b7be9
868032061432054,1782950400,data.qo,"{""tE"":{""N"":""81.14""},""hL"":{""N"":""58.7""},""wL"":{""N"":""38.936104""},""tL"":{""N"":""86.36""},""hR"":{""N"":""51.9""},""wR"":{""N"":""35.834286""},""hE"":{""N"":""79.1""},""tR"":{""N"":""95.36""}}",f4486408-f001-7017-6ea9-8539918b7be9
868032061432054,1782954000,data.qo,"{""tE"":{""N"":""79.88""},""hL"":{""N"":""58.7""},""wL"":{""N"":""39.288544""},""tL"":{""N"":""86.36""},""hR"":{""N"":""54.4""},""wR"":{""N"":""35.76648""},""hE"":{""N"":""80.1""},""tR"":{""N"":""95.36""}}",f4486408-f001-7017-6ea9-8539918b7be9
868032061432054,1782957600,data.qo,"{""tE"":{""N"":""76.46""},""hL"":{""N"":""61.5""},""wL"":{""N"":""39.0079""},""tL"":{""N"":""84.92""},""hR"":{""N"":""53.6""},""wR"":{""N"":""35.764427""},""hE"":{""N"":""82.4""},""tR"":{""N"":""95""}}",f4486408-f001-7017-6ea9-8539918b7be9
868032061432054,1782961200,data.qo,"{""tE"":{""N"":""73.58""},""hL"":{""N"":""65.4""},""wL"":{""N"":""39.28628""},""tL"":{""N"":""86.18""},""hR"":{""N"":""56.7""},""wR"":{""N"":""35.756493""},""hE"":{""N"":""83.9""},""tR"":{""N"":""95.18""}}",f4486408-f001-7017-6ea9-8539918b7be9
868032061432054,1782964800,data.qo,"{""tE"":{""N"":""71.42""},""hL"":{""N"":""65.9""},""wL"":{""N"":""39.44768""},""tL"":{""N"":""86.18""},""hR"":{""N"":""55.4""},""wR"":{""N"":""35.714962""},""hE"":{""N"":""85.1""},""tR"":{""N"":""94.82""}}",f4486408-f001-7017-6ea9-8539918b7be9
868032061432054,1782968400,data.qo,"{""tE"":{""N"":""69.8""},""hL"":{""N"":""63.7""},""wL"":{""N"":""39.577126""},""tL"":{""N"":""85.82""},""hR"":{""N"":""56.4""},""wR"":{""N"":""35.743755""},""hE"":{""N"":""85.8""},""tR"":{""N"":""95""}}",f4486408-f001-7017-6ea9-8539918b7be9
868032061432054,1782972000,data.qo,"{""tE"":{""N"":""68.18""},""hL"":{""N"":""63.3""},""wL"":{""N"":""39.66182""},""tL"":{""N"":""85.46""},""hR"":{""N"":""57.3""},""wR"":{""N"":""35.77175""},""hE"":{""N"":""86.8""},""tR"":{""N"":""95""}}",f4486408-f001-7017-6ea9-8539918b7be9
868032061432054,1782975600,data.qo,"{""tE"":{""N"":""67.1""},""hL"":{""N"":""62.5""},""wL"":{""N"":""39.571835""},""tL"":{""N"":""84.74""},""hR"":{""N"":""57""},""wR"":{""N"":""35.793777""},""hE"":{""N"":""87.5""},""tR"":{""N"":""95""}}",f4486408-f001-7017-6ea9-8539918b7be9
868032061432054,1782979200,data.qo,"{""tE"":{""N"":""65.66""},""hL"":{""N"":""62.5""},""wL"":{""N"":""39.60268""},""tL"":{""N"":""84.74""},""hR"":{""N"":""54""},""wR"":{""N"":""35.8033""},""hE"":{""N"":""88.6""},""tR"":{""N"":""95""}}",f4486408-f001-7017-6ea9-8539918b7be9
868032061432054,1782982800,data.qo,"{""tE"":{""N"":""64.94""},""hL"":{""N"":""62.7""},""wL"":{""N"":""39.527946""},""tL"":{""N"":""83.48""},""hR"":{""N"":""55.3""},""wR"":{""N"":""35.7739""},""hE"":{""N"":""89.2""},""tR"":{""N"":""95""}}",f4486408-f001-7017-6ea9-8539918b7be9
868032061432054,1782986400,data.qo,"{""tE"":{""N"":""63.68""},""hL"":{""N"":""62.9""},""wL"":{""N"":""39.584347""},""tL"":{""N"":""83.3""},""hR"":{""N"":""55.3""},""wR"":{""N"":""35.86401""},""hE"":{""N"":""90""},""tR"":{""N"":""95""}}",f4486408-f001-7017-6ea9-8539918b7be9
868032061432054,1782990000,data.qo,"{""tE"":{""N"":""63.68""},""hL"":{""N"":""62.9""},""wL"":{""N"":""39.81932""},""tL"":{""N"":""83.3""},""hR"":{""N"":""53.9""},""wR"":{""N"":""35.894062""},""hE"":{""N"":""90""},""tR"":{""N"":""95""}}",f4486408-f001-7017-6ea9-8539918b7be9
868032061432054,1782993600,data.qo,"{""tE"":{""N"":""63.5""},""hL"":{""N"":""62.1""},""wL"":{""N"":""39.796318""},""tL"":{""N"":""82.4""},""hR"":{""N"":""54.2""},""wR"":{""N"":""35.960514""},""hE"":{""N"":""90.9""},""tR"":{""N"":""94.82""}}",f4486408-f001-7017-6ea9-8539918b7be9
868032061432054,1782997200,data.qo,"{""tE"":{""N"":""67.1""},""hL"":{""N"":""64.3""},""wL"":{""N"":""38.92797""},""tL"":{""N"":""82.22""},""hR"":{""N"":""54""},""wR"":{""N"":""36.146194""},""hE"":{""N"":""88.5""},""tR"":{""N"":""95""}}",f4486408-f001-7017-6ea9-8539918b7be9
868032061432054,1783000800,data.qo,"{""tE"":{""N"":""114.8""},""hL"":{""N"":""65.8""},""wL"":{""N"":""38.449257""},""tL"":{""N"":""83.3""},""hR"":{""N"":""53""},""wR"":{""N"":""36.370422""},""hE"":{""N"":""44.1""},""tR"":{""N"":""95""}}",f4486408-f001-7017-6ea9-8539918b7be9
868032061432054,1783004400,data.qo,"{""tE"":{""N"":""132.8""},""hL"":{""N"":""65.8""},""wL"":{""N"":""38.572063""},""tL"":{""N"":""83.3""},""hR"":{""N"":""52""},""wR"":{""N"":""36.313633""},""hE"":{""N"":""31.6""},""tR"":{""N"":""95.54""}}",f4486408-f001-7017-6ea9-8539918b7be9
868032061432054,1783008000,data.qo,"{""tE"":{""N"":""135.68""},""hL"":{""N"":""56.2""},""wL"":{""N"":""38.622593""},""tL"":{""N"":""93.56""},""hR"":{""N"":""50.7""},""wR"":{""N"":""36.26818""},""hE"":{""N"":""29""},""tR"":{""N"":""95.72""}}",f4486408-f001-7017-6ea9-8539918b7be9
868032061432054,1783011600,data.qo,"{""tE"":{""N"":""117.14""},""hL"":{""N"":""99.4""},""wL"":{""N"":""38.183052""},""tL"":{""N"":""149""},""hR"":{""N"":""51.2""},""wR"":{""N"":""36.22646""},""hE"":{""N"":""40.3""},""tR"":{""N"":""95.36""}}",f4486408-f001-7017-6ea9-8539918b7be9
868032061432054,1783015200,data.qo,"{""tE"":{""N"":""128.66""},""hL"":{""N"":""44.6""},""wL"":{""N"":""38.197968""},""tL"":{""N"":""96.62""},""hR"":{""N"":""49.5""},""wR"":{""N"":""35.895184""},""hE"":{""N"":""31.7""},""tR"":{""N"":""95.36""}}",f4486408-f001-7017-6ea9-8539918b7be9
868032061432054,1783018800,data.qo,"{""tE"":{""N"":""107.06""},""hL"":{""N"":""38.7""},""wL"":{""N"":""38.79039""},""tL"":{""N"":""100.04""},""hR"":{""N"":""39.9""},""wR"":{""N"":""35.790234""},""hE"":{""N"":""39.8""},""tR"":{""N"":""95.18""}}",f4486408-f001-7017-6ea9-8539918b7be9
868032061432054,1783022400,data.qo,"{""tE"":{""N"":""90.86""},""hL"":{""N"":""38.7""},""wL"":{""N"":""38.95352""},""tL"":{""N"":""100.04""},""hR"":{""N"":""41.2""},""wR"":{""N"":""35.657608""},""hE"":{""N"":""48.8""},""tR"":{""N"":""95""}}",f4486408-f001-7017-6ea9-8539918b7be9
868032061432054,1783026000,data.qo,"{""tE"":{""N"":""87.62""},""hL"":{""N"":""41.4""},""wL"":{""N"":""39.08148""},""tL"":{""N"":""88.52""},""hR"":{""N"":""41.7""},""wR"":{""N"":""35.536045""},""hE"":{""N"":""49.4""},""tR"":{""N"":""95""}}",f4486408-f001-7017-6ea9-8539918b7be9
868032061432054,1783029600,data.qo,"{""tE"":{""N"":""85.64""},""hL"":{""N"":""46.5""},""wL"":{""N"":""39.443832""},""tL"":{""N"":""87.62""},""hR"":{""N"":""43.7""},""wR"":{""N"":""35.4548""},""hE"":{""N"":""50.2""},""tR"":{""N"":""95""}}",f4486408-f001-7017-6ea9-8539918b7be9
868032061432054,1783033200,data.qo,"{""tE"":{""N"":""84.02""},""hL"":{""N"":""45.1""},""wL"":{""N"":""39.40206""},""tL"":{""N"":""86.54""},""hR"":{""N"":""43.1""},""wR"":{""N"":""35.384384""},""hE"":{""N"":""51""},""tR"":{""N"":""95""}}",f4486408-f001-7017-6ea9-8539918b7be9
868032061432054,1783036800,data.qo,"{""tE"":{""N"":""82.4""},""hL"":{""N"":""45.1""},""wL"":{""N"":""39.71451""},""tL"":{""N"":""86.54""},""hR"":{""N"":""42.2""},""wR"":{""N"":""35.34719""},""hE"":{""N"":""51.4""},""tR"":{""N"":""95""}}",f4486408-f001-7017-6ea9-8539918b7be9
868032061432054,1783040400,data.qo,"{""tE"":{""N"":""79.7""},""hL"":{""N"":""55""},""wL"":{""N"":""39.849396""},""tL"":{""N"":""86""},""hR"":{""N"":""48.4""},""wR"":{""N"":""35.29581""},""hE"":{""N"":""52.7""},""tR"":{""N"":""95""}}",f4486408-f001-7017-6ea9-8539918b7be9
868032061432054,1783044000,data.qo,"{""tE"":{""N"":""76.28""},""hL"":{""N"":""55.3""},""wL"":{""N"":""39.77933""},""tL"":{""N"":""85.46""},""hR"":{""N"":""47.1""},""wR"":{""N"":""35.25596""},""hE"":{""N"":""55""},""tR"":{""N"":""94.82""}}",f4486408-f001-7017-6ea9-8539918b7be9
868032061432054,1783047600,data.qo,"{""tE"":{""N"":""76.28""},""hL"":{""N"":""59.4""},""wL"":{""N"":""39.628952""},""tL"":{""N"":""86.54""},""hR"":{""N"":""49.3""},""wR"":{""N"":""35.203182""},""hE"":{""N"":""55""},""tR"":{""N"":""94.82""}}",f4486408-f001-7017-6ea9-8539918b7be9
868032061432054,1783051200,data.qo,"{""tE"":{""N"":""71.24""},""hL"":{""N"":""59.4""},""wL"":{""N"":""39.821053""},""tL"":{""N"":""86.54""},""hR"":{""N"":""51""},""wR"":{""N"":""35.205654""},""hE"":{""N"":""59.1""},""tR"":{""N"":""95""}}",f4486408-f001-7017-6ea9-8539918b7be9
868032061432054,1783054800,data.qo,"{""tE"":{""N"":""68.72""},""hL"":{""N"":""59.4""},""wL"":{""N"":""39.78246""},""tL"":{""N"":""86.54""},""hR"":{""N"":""53.6""},""wR"":{""N"":""35.212467""},""hE"":{""N"":""61.1""},""tR"":{""N"":""95""}}",f4486408-f001-7017-6ea9-8539918b7be9
868032061432054,1783058400,data.qo,"{""tE"":{""N"":""66.92""},""hL"":{""N"":""56.2""},""wL"":{""N"":""39.853535""},""tL"":{""N"":""85.1""},""hR"":{""N"":""53.3""},""wR"":{""N"":""35.23034""},""hE"":{""N"":""62.6""},""tR"":{""N"":""95""}}",f4486408-f001-7017-6ea9-8539918b7be9
868032061432054,1783062000,data.qo,"{""tE"":{""N"":""65.3""},""hL"":{""N"":""56.2""},""wL"":{""N"":""39.85349""},""tL"":{""N"":""85.1""},""hR"":{""N"":""54""},""wR"":{""N"":""35.250034""},""hE"":{""N"":""64.1""},""tR"":{""N"":""95""}}",f4486408-f001-7017-6ea9-8539918b7be9
868032061432054,1783065600,data.qo,"{""tE"":{""N"":""64.04""},""hL"":{""N"":""55.4""},""wL"":{""N"":""39.705803""},""tL"":{""N"":""84.02""},""hR"":{""N"":""53.5""},""wR"":{""N"":""35.111576""},""hE"":{""N"":""65.5""},""tR"":{""N"":""95.18""}}",f4486408-f001-7017-6ea9-8539918b7be9
868032061432054,1783069200,data.qo,"{""tE"":{""N"":""63.68""},""hL"":{""N"":""55.4""},""wL"":{""N"":""39.60095""},""tL"":{""N"":""84.02""},""hR"":{""N"":""52.3""},""wR"":{""N"":""35.27654""},""hE"":{""N"":""66.4""},""tR"":{""N"":""95.18""}}",f4486408-f001-7017-6ea9-8539918b7be9
868032061432054,1783072800,data.qo,"{""tE"":{""N"":""62.96""},""hL"":{""N"":""55.4""},""wL"":{""N"":""39.750076""},""tL"":{""N"":""84.02""},""hR"":{""N"":""53.3""},""wR"":{""N"":""35.289513""},""hE"":{""N"":""67.5""},""tR"":{""N"":""95.18""}}",f4486408-f001-7017-6ea9-8539918b7be9
868032061432054,1783076400,data.qo,"{""tE"":{""N"":""62.24""},""hL"":{""N"":""58.8""},""wL"":{""N"":""39.936497""},""tL"":{""N"":""82.4""},""hR"":{""N"":""50""},""wR"":{""N"":""35.319286""},""hE"":{""N"":""68.6""},""tR"":{""N"":""95.18""}}",f4486408-f001-7017-6ea9-8539918b7be9
868032061432054,1783080000,data.qo,"{""tE"":{""N"":""62.6""},""hL"":{""N"":""56""},""wL"":{""N"":""39.638336""},""tL"":{""N"":""82.04""},""hR"":{""N"":""50""},""wR"":{""N"":""35.38732""},""hE"":{""N"":""68.6""},""tR"":{""N"":""95.18""}}",f4486408-f001-7017-6ea9-8539918b7be9
868032061432054,1783083600,data.qo,"{""tE"":{""N"":""67.46""},""hL"":{""N"":""59.4""},""wL"":{""N"":""38.74174""},""tL"":{""N"":""82.22""},""hR"":{""N"":""51.2""},""wR"":{""N"":""35.52998""},""hE"":{""N"":""66.7""},""tR"":{""N"":""95""}}",f4486408-f001-7017-6ea9-8539918b7be9
868032061432054,1783087200,data.qo,"{""tE"":{""N"":""115.34""},""hL"":{""N"":""61.8""},""wL"":{""N"":""38.20153""},""tL"":{""N"":""83.3""},""hR"":{""N"":""50.4""},""wR"":{""N"":""35.62485""},""hE"":{""N"":""37""},""tR"":{""N"":""95.18""}}",f4486408-f001-7017-6ea9-8539918b7be9
868032061432054,1783090800,data.qo,"{""tE"":{""N"":""130.46""},""hL"":{""N"":""60.6""},""wL"":{""N"":""38.317455""},""tL"":{""N"":""87.08""},""hR"":{""N"":""51.7""},""wR"":{""N"":""35.724712""},""hE"":{""N"":""29.1""},""tR"":{""N"":""95.72""}}",f4486408-f001-7017-6ea9-8539918b7be9
868032061432054,1783094400,data.qo,"{""tE"":{""N"":""128.12""},""hL"":{""N"":""54.9""},""wL"":{""N"":""38.17997""},""tL"":{""N"":""92.48""},""hR"":{""N"":""51.7""},""wR"":{""N"":""35.593864""},""hE"":{""N"":""29.5""},""tR"":{""N"":""95.72""}}",f4486408-f001-7017-6ea9-8539918b7be9
868032061432054,1783098000,data.qo,"{""tE"":{""N"":""113.9""},""hL"":{""N"":""52.1""},""wL"":{""N"":""38.23146""},""tL"":{""N"":""90.5""},""hR"":{""N"":""46.9""},""wR"":{""N"":""35.57543""},""hE"":{""N"":""35.8""},""tR"":{""N"":""96.08""}}",f4486408-f001-7017-6ea9-8539918b7be9
868032061432054,1783101600,data.qo,"{""tE"":{""N"":""120.02""},""hL"":{""N"":""48.4""},""wL"":{""N"":""38.600502""},""tL"":{""N"":""95.36""},""hR"":{""N"":""45.9""},""wR"":{""N"":""35.42638""},""hE"":{""N"":""32.1""},""tR"":{""N"":""96.26""}}",f4486408-f001-7017-6ea9-8539918b7be9
868032061432054,1783105200,data.qo,"{""tE"":{""N"":""104""},""hL"":{""N"":""89.2""},""wL"":{""N"":""39.044952""},""tL"":{""N"":""162.68""},""hR"":{""N"":""44.5""},""wR"":{""N"":""35.364082""},""hE"":{""N"":""38.7""},""tR"":{""N"":""96.08""}}",f4486408-f001-7017-6ea9-8539918b7be9
868032061432054,1783108800,data.qo,"{""tE"":{""N"":""91.4""},""hL"":{""N"":""44.8""},""wL"":{""N"":""39.27021""},""tL"":{""N"":""91.76""},""hR"":{""N"":""45.5""},""wR"":{""N"":""35.283306""},""hE"":{""N"":""46.5""},""tR"":{""N"":""95.9""}}",f4486408-f001-7017-6ea9-8539918b7be9
868032061432054,1783112400,data.qo,"{""tE"":{""N"":""87.26""},""hL"":{""N"":""44.8""},""wL"":{""N"":""39.32093""},""tL"":{""N"":""91.76""},""hR"":{""N"":""45.5""},""wR"":{""N"":""35.23179""},""hE"":{""N"":""48.5""},""tR"":{""N"":""95.9""}}",f4486408-f001-7017-6ea9-8539918b7be9
868032061432054,1783116000,data.qo,"{""tE"":{""N"":""85.46""},""hL"":{""N"":""46.6""},""wL"":{""N"":""39.545704""},""tL"":{""N"":""87.44""},""hR"":{""N"":""45.4""},""wR"":{""N"":""35.18979""},""hE"":{""N"":""49.1""},""tR"":{""N"":""95.54""}}",f4486408-f001-7017-6ea9-8539918b7be9
868032061432054,1783119600,data.qo,"{""tE"":{""N"":""85.46""},""hL"":{""N"":""48.4""},""wL"":{""N"":""39.50268""},""tL"":{""N"":""87.08""},""hR"":{""N"":""45.2""},""wR"":{""N"":""35.15703""},""hE"":{""N"":""49.2""},""tR"":{""N"":""95.54""}}",f4486408-f001-7017-6ea9-8539918b7be9
868032061432054,1783123200,data.qo,"{""tE"":{""N"":""84.92""},""hL"":{""N"":""52.2""},""wL"":{""N"":""39.8352""},""tL"":{""N"":""87.08""},""hR"":{""N"":""47.6""},""wR"":{""N"":""35.122356""},""hE"":{""N"":""50.2""},""tR"":{""N"":""95.54""}}",f4486408-f001-7017-6ea9-8539918b7be9
868032061432054,1783126800,data.qo,"{""tE"":{""N"":""80.42""},""hL"":{""N"":""50.4""},""wL"":{""N"":""40.03298""},""tL"":{""N"":""86.36""},""hR"":{""N"":""45.7""},""wR"":{""N"":""35.10327""},""hE"":{""N"":""53""},""tR"":{""N"":""95.36""}}",f4486408-f001-7017-6ea9-8539918b7be9
868032061432054,1783130400,data.qo,"{""tE"":{""N"":""77.18""},""hL"":{""N"":""50.4""},""wL"":{""N"":""39.67231""},""tL"":{""N"":""86.36""},""hR"":{""N"":""48.6""},""wR"":{""N"":""35.096226""},""hE"":{""N"":""55.1""},""tR"":{""N"":""95.18""}}",f4486408-f001-7017-6ea9-8539918b7be9
868032061432054,1783134000,data.qo,"{""tE"":{""N"":""75.2""},""hL"":{""N"":""60""},""wL"":{""N"":""39.704166""},""tL"":{""N"":""86.72""},""hR"":{""N"":""48.6""},""wR"":{""N"":""35.076298""},""hE"":{""N"":""56.7""},""tR"":{""N"":""95.18""}}",f4486408-f001-7017-6ea9-8539918b7be9
868032061432054,1783137600,data.qo,"{""tE"":{""N"":""73.94""},""hL"":{""N"":""60""},""wL"":{""N"":""39.81908""},""tL"":{""N"":""86.9""},""hR"":{""N"":""48.6""},""wR"":{""N"":""35.083298""},""hE"":{""N"":""58.2""},""tR"":{""N"":""95.18""}}",f4486408-f001-7017-6ea9-8539918b7be9
868032061432054,1783141200,data.qo,"{""tE"":{""N"":""72.14""},""hL"":{""N"":""60.4""},""wL"":{""N"":""39.726494""},""tL"":{""N"":""86.54""},""hR"":{""N"":""48.6""},""wR"":{""N"":""35.07224""},""hE"":{""N"":""59.8""},""tR"":{""N"":""95.18""}}",f4486408-f001-7017-6ea9-8539918b7be9
868032061432054,1783144800,data.qo,"{""tE"":{""N"":""70.7""},""hL"":{""N"":""61.3""},""wL"":{""N"":""39.856422""},""tL"":{""N"":""86""},""hR"":{""N"":""48.6""},""wR"":{""N"":""35.07513""},""hE"":{""N"":""61.5""},""tR"":{""N"":""95.18""}}",f4486408-f001-7017-6ea9-8539918b7be9
868032061432054,1783148400,data.qo,"{""tE"":{""N"":""69.8""},""hL"":{""N"":""59.6""},""wL"":{""N"":""39.754116""},""tL"":{""N"":""85.82""},""hR"":{""N"":""53.3""},""wR"":{""N"":""35.08064""},""hE"":{""N"":""63""},""tR"":{""N"":""95.36""}}",f4486408-f001-7017-6ea9-8539918b7be9
868032061432054,1783152000,data.qo,"{""tE"":{""N"":""68.54""},""hL"":{""N"":""59.3""},""wL"":{""N"":""39.63194""},""tL"":{""N"":""85.46""},""hR"":{""N"":""52.9""},""wR"":{""N"":""35.088757""},""hE"":{""N"":""64.6""},""tR"":{""N"":""95.54""}}",f4486408-f001-7017-6ea9-8539918b7be9
868032061432054,1783155600,data.qo,"{""tE"":{""N"":""67.46""},""hL"":{""N"":""59.3""},""wL"":{""N"":""39.57347""},""tL"":{""N"":""85.46""},""hR"":{""N"":""53.5""},""wR"":{""N"":""35.11517""},""hE"":{""N"":""66.1""},""tR"":{""N"":""95.54""}}",f4486408-f001-7017-6ea9-8539918b7be9
868032061432054,1783159200,data.qo,"{""tE"":{""N"":""67.1""},""hL"":{""N"":""58.7""},""wL"":{""N"":""39.72741""},""tL"":{""N"":""84.38""},""hR"":{""N"":""53.5""},""wR"":{""N"":""35.135376""},""hE"":{""N"":""67.3""},""tR"":{""N"":""95.54""}}",f4486408-f001-7017-6ea9-8539918b7be9
868032061432054,1783162800,data.qo,"{""tE"":{""N"":""66.56""},""hL"":{""N"":""59.4""},""wL"":{""N"":""39.75479""},""tL"":{""N"":""84.02""},""hR"":{""N"":""53.5""},""wR"":{""N"":""35.152596""},""hE"":{""N"":""68.5""},""tR"":{""N"":""95.54""}}",f4486408-f001-7017-6ea9-8539918b7be9
868032061432054,1783166400,data.qo,"{""tE"":{""N"":""67.28""},""hL"":{""N"":""59.1""},""wL"":{""N"":""39.56245""},""tL"":{""N"":""83.3""},""hR"":{""N"":""53.5""},""wR"":{""N"":""35.210693""},""hE"":{""N"":""68.7""},""tR"":{""N"":""95.54""}}",f4486408-f001-7017-6ea9-8539918b7be9
868032061432054,1783170000,data.qo,"{""tE"":{""N"":""67.28""},""hL"":{""N"":""62.7""},""wL"":{""N"":""38.92229""},""tL"":{""N"":""83.48""},""hR"":{""N"":""52.5""},""wR"":{""N"":""35.300293""},""hE"":{""N"":""68.7""},""tR"":{""N"":""95.54""}}",f4486408-f001-7017-6ea9-8539918b7be9
868032061432054,1783173600,data.qo,"{""tE"":{""N"":""114.26""},""hL"":{""N"":""62.7""},""wL"":{""N"":""38.415142""},""tL"":{""N"":""83.48""},""hR"":{""N"":""52.5""},""wR"":{""N"":""35.40272""},""hE"":{""N"":""38.2""},""tR"":{""N"":""95.54""}}",f4486408-f001-7017-6ea9-8539918b7be9
868032061432054,1783177200,data.qo,"{""tE"":{""N"":""131.54""},""hL"":{""N"":""63.8""},""wL"":{""N"":""38.65445""},""tL"":{""N"":""87.62""},""hR"":{""N"":""52.7""},""wR"":{""N"":""35.460262""},""hE"":{""N"":""28.8""},""tR"":{""N"":""95.9""}}",f4486408-f001-7017-6ea9-8539918b7be9
868032061432054,1783180800,data.qo,"{""tE"":{""N"":""122""},""hL"":{""N"":""55.8""},""wL"":{""N"":""39.010258""},""tL"":{""N"":""90.68""},""hR"":{""N"":""47.6""},""wR"":{""N"":""35.49946""},""hE"":{""N"":""31.7""},""tR"":{""N"":""95.9""}}",f4486408-f001-7017-6ea9-8539918b7be9
868032061432054,1783184400,data.qo,"{""tE"":{""N"":""107.96""},""hL"":{""N"":""50.9""},""wL"":{""N"":""38.455994""},""tL"":{""N"":""89.42""},""hR"":{""N"":""49.7""},""wR"":{""N"":""35.445793""},""hE"":{""N"":""37.9""},""tR"":{""N"":""95.72""}}",f4486408-f001-7017-6ea9-8539918b7be9
868032061432054,1783188000,data.qo,"{""tE"":{""N"":""122.36""},""hL"":{""N"":""49.5""},""wL"":{""N"":""38.75122""},""tL"":{""N"":""93.56""},""hR"":{""N"":""49.7""},""wR"":{""N"":""35.334126""},""hE"":{""N"":""29.8""},""tR"":{""N"":""95.72""}}",f4486408-f001-7017-6ea9-8539918b7be9
868032061432054,1783191600,data.qo,"{""tE"":{""N"":""102.2""},""hL"":{""N"":""43""},""wL"":{""N"":""39.13383""},""tL"":{""N"":""95.54""},""hR"":{""N"":""49.7""},""wR"":{""N"":""35.25442""},""hE"":{""N"":""37.6""},""tR"":{""N"":""95.72""}}",f4486408-f001-7017-6ea9-8539918b7be9
868032061432054,1783195200,data.qo,"{""tE"":{""N"":""90.32""},""hL"":{""N"":""44.6""},""wL"":{""N"":""39.484783""},""tL"":{""N"":""91.04""},""hR"":{""N"":""46.3""},""wR"":{""N"":""35.010498""},""hE"":{""N"":""44.3""},""tR"":{""N"":""95.54""}}",f4486408-f001-7017-6ea9-8539918b7be9
868032061432054,1783198800,data.qo,"{""tE"":{""N"":""86.9""},""hL"":{""N"":""48.5""},""wL"":{""N"":""39.115498""},""tL"":{""N"":""88.52""},""hR"":{""N"":""46.3""},""wR"":{""N"":""35.12147""},""hE"":{""N"":""46.7""},""tR"":{""N"":""95.54""}}",f4486408-f001-7017-6ea9-8539918b7be9
868032061432054,1783202400,data.qo,"{""tE"":{""N"":""86.9""},""hL"":{""N"":""52.3""},""wL"":{""N"":""39.462406""},""tL"":{""N"":""87.8""},""hR"":{""N"":""46.3""},""wR"":{""N"":""35.084137""},""hE"":{""N"":""47.7""},""tR"":{""N"":""95.54""}}",f4486408-f001-7017-6ea9-8539918b7be9
868032061432054,1783206000,data.qo,"{""tE"":{""N"":""82.4""},""hL"":{""N"":""52.6""},""wL"":{""N"":""39.579483""},""tL"":{""N"":""86.9""},""hR"":{""N"":""46.9""},""wR"":{""N"":""35.067432""},""hE"":{""N"":""50.9""},""tR"":{""N"":""95.72""}}",f4486408-f001-7017-6ea9-8539918b7be9
868032061432054,1783209600,data.qo,"{""tE"":{""N"":""80.42""},""hL"":{""N"":""53.7""},""wL"":{""N"":""39.762104""},""tL"":{""N"":""86.72""},""hR"":{""N"":""51.1""},""wR"":{""N"":""35.053574""},""hE"":{""N"":""53.1""},""tR"":{""N"":""95.72""}}",f4486408-f001-7017-6ea9-8539918b7be9
868032061432054,1783213200,data.qo,"{""tE"":{""N"":""77.72""},""hL"":{""N"":""53.7""},""wL"":{""N"":""39.92976""},""tL"":{""N"":""86.72""},""hR"":{""N"":""50.8""},""wR"":{""N"":""35.046806""},""hE"":{""N"":""55.7""},""tR"":{""N"":""95.54""}}",f4486408-f001-7017-6ea9-8539918b7be9
868032061432054,1783216800,data.qo,"{""tE"":{""N"":""75.02""},""hL"":{""N"":""53.7""},""wL"":{""N"":""39.734917""},""tL"":{""N"":""86.72""},""hR"":{""N"":""49.4""},""wR"":{""N"":""35.041718""},""hE"":{""N"":""58.2""},""tR"":{""N"":""95.36""}}",f4486408-f001-7017-6ea9-8539918b7be9
868032061432054,1783220400,data.qo,"{""tE"":{""N"":""73.22""},""hL"":{""N"":""60.4""},""wL"":{""N"":""39.617935""},""tL"":{""N"":""86.36""},""hR"":{""N"":""49.4""},""wR"":{""N"":""35.019318""},""hE"":{""N"":""60.1""},""tR"":{""N"":""95.36""}}",f4486408-f001-7017-6ea9-8539918b7be9
868032061432054,1783224000,data.qo,"{""tE"":{""N"":""72.14""},""hL"":{""N"":""61.1""},""wL"":{""N"":""39.725243""},""tL"":{""N"":""86.18""},""hR"":{""N"":""50.9""},""wR"":{""N"":""34.95324""},""hE"":{""N"":""61.8""},""tR"":{""N"":""95.36""}}",f4486408-f001-7017-6ea9-8539918b7be9
868032061432054,1783227600,data.qo,"{""tE"":{""N"":""70.88""},""hL"":{""N"":""59.7""},""wL"":{""N"":""39.86393""},""tL"":{""N"":""85.82""},""hR"":{""N"":""50.1""},""wR"":{""N"":""35.037846""},""hE"":{""N"":""63""},""tR"":{""N"":""95.36""}}",f4486408-f001-7017-6ea9-8539918b7be9
868032061432054,1783231200,data.qo,"{""tE"":{""N"":""69.98""},""hL"":{""N"":""60.8""},""wL"":{""N"":""40.219597""},""tL"":{""N"":""85.64""},""hR"":{""N"":""52.4""},""wR"":{""N"":""35.061504""},""hE"":{""N"":""64.1""},""tR"":{""N"":""95.36""}}",f4486408-f001-7017-6ea9-8539918b7be9
868032061432054,1783234800,data.qo,"{""tE"":{""N"":""69.8""},""hL"":{""N"":""61.4""},""wL"":{""N"":""40.384796""},""tL"":{""N"":""85.1""},""hR"":{""N"":""52.4""},""wR"":{""N"":""35.080685""},""hE"":{""N"":""67.2""},""tR"":{""N"":""95.36""}}",f4486408-f001-7017-6ea9-8539918b7be9
868032061432054,1783238400,data.qo,"{""tE"":{""N"":""68""},""hL"":{""N"":""60.3""},""wL"":{""N"":""40.25352""},""tL"":{""N"":""84.38""},""hR"":{""N"":""51.3""},""wR"":{""N"":""35.102802""},""hE"":{""N"":""69.2""},""tR"":{""N"":""95.18""}}",f4486408-f001-7017-6ea9-8539918b7be9
868032061432054,1783242000,data.qo,"{""tE"":{""N"":""66.38""},""hL"":{""N"":""60.3""},""wL"":{""N"":""39.79199""},""tL"":{""N"":""84.38""},""hR"":{""N"":""52.2""},""wR"":{""N"":""35.114002""},""hE"":{""N"":""70.3""},""tR"":{""N"":""95.18""}}",f4486408-f001-7017-6ea9-8539918b7be9
868032061432054,1783245600,data.qo,"{""tE"":{""N"":""64.58""},""hL"":{""N"":""58.2""},""wL"":{""N"":""39.934475""},""tL"":{""N"":""83.3""},""hR"":{""N"":""52.2""},""wR"":{""N"":""35.115776""},""hE"":{""N"":""71.2""},""tR"":{""N"":""95.18""}}",f4486408-f001-7017-6ea9-8539918b7be9
868032061432054,1783249200,data.qo,"{""tE"":{""N"":""63.5""},""hL"":{""N"":""57.9""},""wL"":{""N"":""39.84728""},""tL"":{""N"":""82.94""},""hR"":{""N"":""52.2""},""wR"":{""N"":""35.130104""},""hE"":{""N"":""72.1""},""tR"":{""N"":""95.36""}}",f4486408-f001-7017-6ea9-8539918b7be9
868032061432054,1783252800,data.qo,"{""tE"":{""N"":""63.32""},""hL"":{""N"":""57.9""},""wL"":{""N"":""39.574482""},""tL"":{""N"":""82.94""},""hR"":{""N"":""51.9""},""wR"":{""N"":""35.158382""},""hE"":{""N"":""72.3""},""tR"":{""N"":""95.18""}}",f4486408-f001-7017-6ea9-8539918b7be9
868032061432054,1783256400,data.qo,"{""tE"":{""N"":""69.62""},""hL"":{""N"":""59.7""},""wL"":{""N"":""39.04149""},""tL"":{""N"":""82.04""},""hR"":{""N"":""52.9""},""wR"":{""N"":""35.2267""},""hE"":{""N"":""68""},""tR"":{""N"":""95.18""}}",f4486408-f001-7017-6ea9-8539918b7be9
868032061432054,1783260000,data.qo,"{""tE"":{""N"":""102.56""},""hL"":{""N"":""60.7""},""wL"":{""N"":""38.64949""},""tL"":{""N"":""83.3""},""hR"":{""N"":""52.5""},""wR"":{""N"":""35.231087""},""hE"":{""N"":""44.4""},""tR"":{""N"":""95.18""}}",f4486408-f001-7017-6ea9-8539918b7be9
868032061432054,1783263600,data.qo,"{""tE"":{""N"":""122.54""},""hL"":{""N"":""60.7""},""wL"":{""N"":""38.71537""},""tL"":{""N"":""85.82""},""hR"":{""N"":""52.5""},""wR"":{""N"":""35.344906""},""hE"":{""N"":""31""},""tR"":{""N"":""95.18""}}",f4486408-f001-7017-6ea9-8539918b7be9
868032061432054,1783267200,data.qo,"{""tE"":{""N"":""129.38""},""hL"":{""N"":""55.8""},""wL"":{""N"":""38.912476""},""tL"":{""N"":""91.04""},""hR"":{""N"":""48""},""wR"":{""N"":""35.44491""},""hE"":{""N"":""26.5""},""tR"":{""N"":""95.9""}}",f4486408-f001-7017-6ea9-8539918b7be9
868032061432054,1783270800,data.qo,"{""tE"":{""N"":""110.66""},""hL"":{""N"":""55.8""},""wL"":{""N"":""39.403408""},""tL"":{""N"":""91.04""},""hR"":{""N"":""50.5""},""wR"":{""N"":""35.404636""},""hE"":{""N"":""33.6""},""tR"":{""N"":""95.9""}}",f4486408-f001-7017-6ea9-8539918b7be9
868032061432054,1783274400,data.qo,"{""tE"":{""N"":""92.12""},""hL"":{""N"":""100""},""wL"":{""N"":""39.740547""},""tL"":{""N"":""146.84""},""hR"":{""N"":""52.5""},""wR"":{""N"":""35.343132""},""hE"":{""N"":""42.3""},""tR"":{""N"":""95.9""}}",f4486408-f001-7017-6ea9-8539918b7be9
868032061432054,1783278000,data.qo,"{""tE"":{""N"":""80.06""},""hL"":{""N"":""59.2""},""wL"":{""N"":""39.47636""},""tL"":{""N"":""85.82""},""hR"":{""N"":""47.4""},""wR"":{""N"":""35.28195""},""hE"":{""N"":""51""},""tR"":{""N"":""95.54""}}",f4486408-f001-7017-6ea9-8539918b7be9
868032061432054,1783281600,data.qo,"{""tE"":{""N"":""81.14""},""hL"":{""N"":""61.1""},""wL"":{""N"":""39.31164""},""tL"":{""N"":""85.46""},""hR"":{""N"":""50.4""},""wR"":{""N"":""35.17504""},""hE"":{""N"":""51.4""},""tR"":{""N"":""95.9""}}",f4486408-f001-7017-6ea9-8539918b7be9
868032061432054,1783285200,data.qo,"{""tE"":{""N"":""81.5""},""hL"":{""N"":""60.2""},""wL"":{""N"":""39.46669""},""tL"":{""N"":""85.46""},""hR"":{""N"":""53.5""},""wR"":{""N"":""35.14709""},""hE"":{""N"":""53""},""tR"":{""N"":""95.54""}}",f4486408-f001-7017-6ea9-8539918b7be9
868032061432054,1783288800,data.qo,"{""tE"":{""N"":""82.94""},""hL"":{""N"":""58""},""wL"":{""N"":""39.676258""},""tL"":{""N"":""84.92""},""hR"":{""N"":""53.5""},""wR"":{""N"":""35.234726""},""hE"":{""N"":""52.5""},""tR"":{""N"":""95.54""}}",f4486408-f001-7017-6ea9-8539918b7be9
868032061432054,1783292400,data.qo,"{""tE"":{""N"":""82.4""},""hL"":{""N"":""55.9""},""wL"":{""N"":""40.04636""},""tL"":{""N"":""84.38""},""hR"":{""N"":""53.5""},""wR"":{""N"":""35.21942""},""hE"":{""N"":""52.9""},""tR"":{""N"":""95.54""}}",f4486408-f001-7017-6ea9-8539918b7be9
868032061432054,1783296000,data.qo,"{""tE"":{""N"":""81.32""},""hL"":{""N"":""57.7""},""wL"":{""N"":""40.310303""},""tL"":{""N"":""84.38""},""hR"":{""N"":""48.9""},""wR"":{""N"":""35.166454""},""hE"":{""N"":""53.7""},""tR"":{""N"":""95.54""}}",f4486408-f001-7017-6ea9-8539918b7be9
868032061432054,1783299600,data.qo,"{""tE"":{""N"":""76.82""},""hL"":{""N"":""57.7""},""wL"":{""N"":""40.44947""},""tL"":{""N"":""84.38""},""hR"":{""N"":""51.5""},""wR"":{""N"":""35.127163""},""hE"":{""N"":""57.4""},""tR"":{""N"":""95.18""}}",f4486408-f001-7017-6ea9-8539918b7be9
868032061432054,1783303200,data.qo,"{""tE"":{""N"":""73.58""},""hL"":{""N"":""61.4""},""wL"":{""N"":""40.07268""},""tL"":{""N"":""84.02""},""hR"":{""N"":""51""},""wR"":{""N"":""34.987495""},""hE"":{""N"":""60.5""},""tR"":{""N"":""95.18""}}",f4486408-f001-7017-6ea9-8539918b7be9
868032061432054,1783306800,data.qo,"{""tE"":{""N"":""71.6""},""hL"":{""N"":""63.2""},""wL"":{""N"":""40.072826""},""tL"":{""N"":""84.56""},""hR"":{""N"":""50.7""},""wR"":{""N"":""35.104065""},""hE"":{""N"":""62.6""},""tR"":{""N"":""95.36""}}",f4486408-f001-7017-6ea9-8539918b7be9
868032061432054,1783310400,data.qo,"{""tE"":{""N"":""70.52""},""hL"":{""N"":""62.9""},""wL"":{""N"":""39.991837""},""tL"":{""N"":""84.56""},""hR"":{""N"":""50.7""},""wR"":{""N"":""35.087917""},""hE"":{""N"":""64.2""},""tR"":{""N"":""95.36""}}",f4486408-f001-7017-6ea9-8539918b7be9
868032061432054,1783314000,data.qo,"{""tE"":{""N"":""69.08""},""hL"":{""N"":""62.9""},""wL"":{""N"":""40.11238""},""tL"":{""N"":""84.56""},""hR"":{""N"":""50.7""},""wR"":{""N"":""35.080917""},""hE"":{""N"":""65.9""},""tR"":{""N"":""95.36""}}",f4486408-f001-7017-6ea9-8539918b7be9
868032061432054,1783317600,data.qo,"{""tE"":{""N"":""68""},""hL"":{""N"":""62.9""},""wL"":{""N"":""40.283165""},""tL"":{""N"":""84.56""},""hR"":{""N"":""52.9""},""wR"":{""N"":""35.08148""},""hE"":{""N"":""67.3""},""tR"":{""N"":""95.54""}}",f4486408-f001-7017-6ea9-8539918b7be9
868032061432054,1783321200,data.qo,"{""tE"":{""N"":""66.38""},""hL"":{""N"":""62.1""},""wL"":{""N"":""40.231144""},""tL"":{""N"":""83.3""},""hR"":{""N"":""52.9""},""wR"":{""N"":""35.08157""},""hE"":{""N"":""68.9""},""tR"":{""N"":""95.54""}}",f4486408-f001-7017-6ea9-8539918b7be9
868032061432054,1783324800,data.qo,"{""tE"":{""N"":""65.48""},""hL"":{""N"":""61.6""},""wL"":{""N"":""40.21204""},""tL"":{""N"":""82.94""},""hR"":{""N"":""52.9""},""wR"":{""N"":""35.074013""},""hE"":{""N"":""70""},""tR"":{""N"":""95.54""}}",f4486408-f001-7017-6ea9-8539918b7be9
868032061432054,1783328400,data.qo,"{""tE"":{""N"":""64.4""},""hL"":{""N"":""61.6""},""wL"":{""N"":""40.27941""},""tL"":{""N"":""82.94""},""hR"":{""N"":""52.9""},""wR"":{""N"":""35.09324""},""hE"":{""N"":""71""},""tR"":{""N"":""95.54""}}",f4486408-f001-7017-6ea9-8539918b7be9
868032061432054,1783332000,data.qo,"{""tE"":{""N"":""63.5""},""hL"":{""N"":""60.3""},""wL"":{""N"":""40.265984""},""tL"":{""N"":""82.4""},""hR"":{""N"":""53.2""},""wR"":{""N"":""35.06286""},""hE"":{""N"":""72""},""tR"":{""N"":""95.36""}}",f4486408-f001-7017-6ea9-8539918b7be9
868032061432054,1783335600,data.qo,"{""tE"":{""N"":""63.14""},""hL"":{""N"":""59.4""},""wL"":{""N"":""40.309677""},""tL"":{""N"":""82.04""},""hR"":{""N"":""52.6""},""wR"":{""N"":""35.11442""},""hE"":{""N"":""72.6""},""tR"":{""N"":""95.36""}}",f4486408-f001-7017-6ea9-8539918b7be9
868032061432054,1783339200,data.qo,"{""tE"":{""N"":""64.58""},""hL"":{""N"":""59.4""},""wL"":{""N"":""39.977497""},""tL"":{""N"":""82.04""},""hR"":{""N"":""52.4""},""wR"":{""N"":""35.13687""},""hE"":{""N"":""71.5""},""tR"":{""N"":""95.36""}}",f4486408-f001-7017-6ea9-8539918b7be9
868032061432054,1783342800,data.qo,"{""tE"":{""N"":""65.84""},""hL"":{""N"":""60.5""},""wL"":{""N"":""39.841457""},""tL"":{""N"":""81.5""},""hR"":{""N"":""53.3""},""wR"":{""N"":""35.162674""},""hE"":{""N"":""71.3""},""tR"":{""N"":""95.18""}}",f4486408-f001-7017-6ea9-8539918b7be9
868032061432054,1783346400,data.qo,"{""tE"":{""N"":""67.46""},""hL"":{""N"":""60.3""},""wL"":{""N"":""39.777023""},""tL"":{""N"":""81.5""},""hR"":{""N"":""52.1""},""wR"":{""N"":""35.16524""},""hE"":{""N"":""70.6""},""tR"":{""N"":""95.36""}}",f4486408-f001-7017-6ea9-8539918b7be9
868032061432054,1783350000,data.qo,"{""tE"":{""N"":""68.54""},""hL"":{""N"":""61.9""},""wL"":{""N"":""39.71355""},""tL"":{""N"":""81.5""},""hR"":{""N"":""52""},""wR"":{""N"":""35.173782""},""hE"":{""N"":""70.7""},""tR"":{""N"":""95.18""}}",f4486408-f001-7017-6ea9-8539918b7be9
868032061432054,1783353600,data.qo,"{""tE"":{""N"":""71.42""},""hL"":{""N"":""61.9""},""wL"":{""N"":""39.36597""},""tL"":{""N"":""81.5""},""hR"":{""N"":""53.4""},""wR"":{""N"":""35.22292""},""hE"":{""N"":""68.9""},""tR"":{""N"":""95.18""}}",f4486408-f001-7017-6ea9-8539918b7be9
868032061432054,1783357200,data.qo,"{""tE"":{""N"":""76.64""},""hL"":{""N"":""64.6""},""wL"":{""N"":""39.481174""},""tL"":{""N"":""82.22""},""hR"":{""N"":""54.3""},""wR"":{""N"":""35.261932""},""hE"":{""N"":""65.3""},""tR"":{""N"":""95.18""}}",f4486408-f001-7017-6ea9-8539918b7be9
868032061432054,1783360800,data.qo,"{""tE"":{""N"":""84.02""},""hL"":{""N"":""65.2""},""wL"":{""N"":""39.224155""},""tL"":{""N"":""82.22""},""hR"":{""N"":""53.9""},""wR"":{""N"":""35.2197""},""hE"":{""N"":""60.1""},""tR"":{""N"":""95.18""}}",f4486408-f001-7017-6ea9-8539918b7be9
868032061432054,1783364400,data.qo,"{""tE"":{""N"":""88.52""},""hL"":{""N"":""64.7""},""wL"":{""N"":""39.558647""},""tL"":{""N"":""84.02""},""hR"":{""N"":""51""},""wR"":{""N"":""35.28508""},""hE"":{""N"":""56.1""},""tR"":{""N"":""95.54""}}",f4486408-f001-7017-6ea9-8539918b7be9
868032061432054,1783368000,data.qo,"{""tE"":{""N"":""85.1""},""hL"":{""N"":""63.6""},""wL"":{""N"":""40.1631""},""tL"":{""N"":""84.02""},""hR"":{""N"":""51""},""wR"":{""N"":""35.278454""},""hE"":{""N"":""60.5""},""tR"":{""N"":""95.54""}}",f4486408-f001-7017-6ea9-8539918b7be9
868032061432054,1783371600,data.qo,"{""tE"":{""N"":""85.1""},""hL"":{""N"":""65.2""},""wL"":{""N"":""40.16137""},""tL"":{""N"":""83.48""},""hR"":{""N"":""51.7""},""wR"":{""N"":""35.284332""},""hE"":{""N"":""60.5""},""tR"":{""N"":""95.54""}}",f4486408-f001-7017-6ea9-8539918b7be9
868032061432054,1783375200,data.qo,"{""tE"":{""N"":""80.42""},""hL"":{""N"":""60.8""},""wL"":{""N"":""40.816494""},""tL"":{""N"":""82.94""},""hR"":{""N"":""51.2""},""wR"":{""N"":""35.268604""},""hE"":{""N"":""63.4""},""tR"":{""N"":""95.54""}}",f4486408-f001-7017-6ea9-8539918b7be9
868032061432054,1783378800,data.qo,"{""tE"":{""N"":""80.42""},""hL"":{""N"":""62.6""},""wL"":{""N"":""41.116962""},""tL"":{""N"":""82.58""},""hR"":{""N"":""51.2""},""wR"":{""N"":""35.24952""},""hE"":{""N"":""63.4""},""tR"":{""N"":""95.54""}}",f4486408-f001-7017-6ea9-8539918b7be9
868032061432054,1783382400,data.qo,"{""tE"":{""N"":""75.92""},""hL"":{""N"":""62.2""},""wL"":{""N"":""41.352806""},""tL"":{""N"":""81.68""},""hR"":{""N"":""51.2""},""wR"":{""N"":""35.24621""},""hE"":{""N"":""65.9""},""tR"":{""N"":""95.54""}}",f4486408-f001-7017-6ea9-8539918b7be9
868032061432054,1783386000,data.qo,"{""tE"":{""N"":""72.5""},""hL"":{""N"":""62.3""},""wL"":{""N"":""41.355114""},""tL"":{""N"":""81.68""},""hR"":{""N"":""51.2""},""wR"":{""N"":""35.22997""},""hE"":{""N"":""67.7""},""tR"":{""N"":""95.54""}}",f4486408-f001-7017-6ea9-8539918b7be9
868032061432054,1783389600,data.qo,"{""tE"":{""N"":""69.98""},""hL"":{""N"":""64.6""},""wL"":{""N"":""40.704754""},""tL"":{""N"":""81.5""},""hR"":{""N"":""51.2""},""wR"":{""N"":""35.23202""},""hE"":{""N"":""69.9""},""tR"":{""N"":""95.54""}}",f4486408-f001-7017-6ea9-8539918b7be9
868032061432054,1783393200,data.qo,"{""tE"":{""N"":""69.08""},""hL"":{""N"":""63.7""},""wL"":{""N"":""40.827415""},""tL"":{""N"":""82.58""},""hR"":{""N"":""51.2""},""wR"":{""N"":""35.2134""},""hE"":{""N"":""70.7""},""tR"":{""N"":""95.54""}}",f4486408-f001-7017-6ea9-8539918b7be9
868032061432054,1783396800,data.qo,"{""tE"":{""N"":""68.18""},""hL"":{""N"":""63.4""},""wL"":{""N"":""40.990883""},""tL"":{""N"":""82.58""},""hR"":{""N"":""51.1""},""wR"":{""N"":""35.19637""},""hE"":{""N"":""71.6""},""tR"":{""N"":""95.18""}}",f4486408-f001-7017-6ea9-8539918b7be9
868032061432054,1783400340,data.qo,"{""tE"":{""N"":""68.18""},""hL"":{""N"":""62.2""},""wL"":{""N"":""40.927555""},""tL"":{""N"":""82.22""},""hR"":{""N"":""51.1""},""wR"":{""N"":""35.177795""},""hE"":{""N"":""71.6""},""tR"":{""N"":""95.18""}}",f4486408-f001-7017-6ea9-8539918b7be9
868032061432054,1783404000,data.qo,"{""tE"":{""N"":""65.84""},""hL"":{""N"":""63.5""},""wL"":{""N"":""40.93747""},""tL"":{""N"":""81.86""},""hR"":{""N"":""51.6""},""wR"":{""N"":""35.16263""},""hE"":{""N"":""74.5""},""tR"":{""N"":""95.18""}}",f4486408-f001-7017-6ea9-8539918b7be9
868032061432054,1783407600,data.qo,"{""tE"":{""N"":""64.58""},""hL"":{""N"":""61.5""},""wL"":{""N"":""40.86365""},""tL"":{""N"":""81.5""},""hR"":{""N"":""52""},""wR"":{""N"":""35.12357""},""hE"":{""N"":""75.7""},""tR"":{""N"":""95.36""}}",f4486408-f001-7017-6ea9-8539918b7be9
868032061432054,1783411200,data.qo,"{""tE"":{""N"":""64.04""},""hL"":{""N"":""61.6""},""wL"":{""N"":""41.024376""},""tL"":{""N"":""81.14""},""hR"":{""N"":""52.1""},""wR"":{""N"":""35.148582""},""hE"":{""N"":""76.4""},""tR"":{""N"":""95.18""}}",f4486408-f001-7017-6ea9-8539918b7be9
868032061432054,1783414800,data.qo,"{""tE"":{""N"":""63.5""},""hL"":{""N"":""61.8""},""wL"":{""N"":""40.82164""},""tL"":{""N"":""80.96""},""hR"":{""N"":""52.8""},""wR"":{""N"":""35.11769""},""hE"":{""N"":""77.2""},""tR"":{""N"":""95.36""}}",f4486408-f001-7017-6ea9-8539918b7be9
868032061432054,1783418400,data.qo,"{""tE"":{""N"":""62.6""},""hL"":{""N"":""61.8""},""wL"":{""N"":""40.979866""},""tL"":{""N"":""80.96""},""hR"":{""N"":""53.7""},""wR"":{""N"":""35.143684""},""hE"":{""N"":""78.1""},""tR"":{""N"":""95.36""}}",f4486408-f001-7017-6ea9-8539918b7be9
868032061432054,1783422000,data.qo,"{""tE"":{""N"":""62.06""},""hL"":{""N"":""59.7""},""wL"":{""N"":""41.009987""},""tL"":{""N"":""80.42""},""hR"":{""N"":""53.7""},""wR"":{""N"":""35.163517""},""hE"":{""N"":""78.7""},""tR"":{""N"":""95.18""}}",f4486408-f001-7017-6ea9-8539918b7be9
868032061432054,1783425600,data.qo,"{""tE"":{""N"":""63.14""},""hL"":{""N"":""60.4""},""wL"":{""N"":""40.90191""},""tL"":{""N"":""80.06""},""hR"":{""N"":""53.7""},""wR"":{""N"":""35.225487""},""hE"":{""N"":""78.2""},""tR"":{""N"":""95.18""}}",f4486408-f001-7017-6ea9-8539918b7be9
868032061432054,1783429200,data.qo,"{""tE"":{""N"":""68""},""hL"":{""N"":""60.4""},""wL"":{""N"":""40.01681""},""tL"":{""N"":""80.06""},""hR"":{""N"":""53.7""},""wR"":{""N"":""35.311867""},""hE"":{""N"":""76.1""},""tR"":{""N"":""95.18""}}",f4486408-f001-7017-6ea9-8539918b7be9
868032061432054,1783432800,data.qo,"{""tE"":{""N"":""108.68""},""hL"":{""N"":""67.3""},""wL"":{""N"":""39.884335""},""tL"":{""N"":""80.78""},""hR"":{""N"":""53.7""},""wR"":{""N"":""35.301132""},""hE"":{""N"":""43.7""},""tR"":{""N"":""95.18""}}",f4486408-f001-7017-6ea9-8539918b7be9
868032061432054,1783436400,data.qo,"{""tE"":{""N"":""118.76""},""hL"":{""N"":""66""},""wL"":{""N"":""40.17162""},""tL"":{""N"":""82.94""},""hR"":{""N"":""51.6""},""wR"":{""N"":""35.30272""},""hE"":{""N"":""33.4""},""tR"":{""N"":""95.36""}}",f4486408-f001-7017-6ea9-8539918b7be9
868032061432054,1783440000,data.qo,"{""tE"":{""N"":""107.96""},""hL"":{""N"":""62""},""wL"":{""N"":""40.18615""},""tL"":{""N"":""84.74""},""hR"":{""N"":""52.5""},""wR"":{""N"":""35.35494""},""hE"":{""N"":""36.6""},""tR"":{""N"":""95.54""}}",f4486408-f001-7017-6ea9-8539918b7be9
868032061432054,1783443600,data.qo,"{""tE"":{""N"":""94.28""},""hL"":{""N"":""61.4""},""wL"":{""N"":""39.752094""},""tL"":{""N"":""83.66""},""hR"":{""N"":""52.5""},""wR"":{""N"":""35.464367""},""hE"":{""N"":""44.5""},""tR"":{""N"":""95.54""}}",f4486408-f001-7017-6ea9-8539918b7be9
868032061432054,1783447200,data.qo,"{""tE"":{""N"":""123.44""},""hL"":{""N"":""60.2""},""wL"":{""N"":""39.935825""},""tL"":{""N"":""89.6""},""hR"":{""N"":""53""},""wR"":{""N"":""35.34635""},""hE"":{""N"":""29.7""},""tR"":{""N"":""95.9""}}",f4486408-f001-7017-6ea9-8539918b7be9
868032061432054,1783450800,data.qo,"{""tE"":{""N"":""103.46""},""hL"":{""N"":""52.9""},""wL"":{""N"":""40.403564""},""tL"":{""N"":""92.48""},""hR"":{""N"":""45.4""},""wR"":{""N"":""35.39152""},""hE"":{""N"":""38.1""},""tR"":{""N"":""95.72""}}",f4486408-f001-7017-6ea9-8539918b7be9
868032061432054,1783454400,data.qo,"{""tE"":{""N"":""91.04""},""hL"":{""N"":""52.2""},""wL"":{""N"":""40.14034""},""tL"":{""N"":""88.16""},""hR"":{""N"":""49.3""},""wR"":{""N"":""35.28956""},""hE"":{""N"":""46.5""},""tR"":{""N"":""95.54""}}",f4486408-f001-7017-6ea9-8539918b7be9
868032061432054,1783458000,data.qo,"{""tE"":{""N"":""87.98""},""hL"":{""N"":""54.5""},""wL"":{""N"":""40.551777""},""tL"":{""N"":""86.18""},""hR"":{""N"":""47.8""},""wR"":{""N"":""35.21886""},""hE"":{""N"":""48.9""},""tR"":{""N"":""95.72""}}",f4486408-f001-7017-6ea9-8539918b7be9
868032061432054,1783461600,data.qo,"{""tE"":{""N"":""82.04""},""hL"":{""N"":""54.5""},""wL"":{""N"":""36.9061""},""tL"":{""N"":""86.18""},""hR"":{""N"":""49.5""},""wR"":{""N"":""35.165756""},""hE"":{""N"":""53.4""},""tR"":{""N"":""95.9""}}",f4486408-f001-7017-6ea9-8539918b7be9
868032061432054,1783465200,data.qo,"{""tE"":{""N"":""79.52""},""hL"":{""N"":""62""},""wL"":{""N"":""36.865105""},""tL"":{""N"":""85.28""},""hR"":{""N"":""55.3""},""wR"":{""N"":""35.11209""},""hE"":{""N"":""56.5""},""tR"":{""N"":""95.72""}}",f4486408-f001-7017-6ea9-8539918b7be9
868032061432054,1783468800,data.qo,"{""tE"":{""N"":""77.36""},""hL"":{""N"":""61.9""},""wL"":{""N"":""36.977802""},""tL"":{""N"":""85.1""},""hR"":{""N"":""51.9""},""wR"":{""N"":""35.06533""},""hE"":{""N"":""59.4""},""tR"":{""N"":""94.82""}}",f4486408-f001-7017-6ea9-8539918b7be9
868032061432054,1783472400,data.qo,"{""tE"":{""N"":""74.84""},""hL"":{""N"":""61.9""},""wL"":{""N"":""37.096375""},""tL"":{""N"":""85.1""},""hR"":{""N"":""45.4""},""wR"":{""N"":""35.218113""},""hE"":{""N"":""62.2""},""tR"":{""N"":""93.92""}}",f4486408-f001-7017-6ea9-8539918b7be9
868032061432054,1783476000,data.qo,"{""tE"":{""N"":""67.82""},""hL"":{""N"":""65.1""},""wL"":{""N"":""36.892582""},""tL"":{""N"":""83.48""},""hR"":{""N"":""47.7""},""wR"":{""N"":""35.202995""},""hE"":{""N"":""69.5""},""tR"":{""N"":""92.84""}}",f4486408-f001-7017-6ea9-8539918b7be9
868032061432054,1783479600,data.qo,"{""tE"":{""N"":""67.28""},""hL"":{""N"":""65.1""},""wL"":{""N"":""36.604572""},""tL"":{""N"":""83.48""},""hR"":{""N"":""42.8""},""wR"":{""N"":""35.219""},""hE"":{""N"":""77.6""},""tR"":{""N"":""93.02""}}",f4486408-f001-7017-6ea9-8539918b7be9
868032061432054,1783483200,data.qo,"{""tE"":{""N"":""67.1""},""hL"":{""N"":""63.6""},""wL"":{""N"":""36.8434""},""tL"":{""N"":""83.3""},""hR"":{""N"":""44""},""wR"":{""N"":""35.253345""},""hE"":{""N"":""83.3""},""tR"":{""N"":""92.48""}}",f4486408-f001-7017-6ea9-8539918b7be9
868032061432054,1783486800,data.qo,"{""tE"":{""N"":""67.1""},""hL"":{""N"":""66.4""},""wL"":{""N"":""36.772614""},""tL"":{""N"":""82.94""},""hR"":{""N"":""45.7""},""wR"":{""N"":""35.26786""},""hE"":{""N"":""83.3""},""tR"":{""N"":""92.3""}}",f4486408-f001-7017-6ea9-8539918b7be9
868032061432054,1783490400,data.qo,"{""tE"":{""N"":""66.56""},""hL"":{""N"":""65.6""},""wL"":{""N"":""36.93045""},""tL"":{""N"":""82.94""},""hR"":{""N"":""45.4""},""wR"":{""N"":""35.29259""},""hE"":{""N"":""89.1""},""tR"":{""N"":""92.12""}}",f4486408-f001-7017-6ea9-8539918b7be9
868032061432054,1783494000,data.qo,"{""tE"":{""N"":""66.2""},""hL"":{""N"":""63.9""},""wL"":{""N"":""37.162254""},""tL"":{""N"":""82.4""},""hR"":{""N"":""45.3""},""wR"":{""N"":""35.311817""},""hE"":{""N"":""90.7""},""tR"":{""N"":""92.3""}}",f4486408-f001-7017-6ea9-8539918b7be9
868032061432054,1783497600,data.qo,"{""tE"":{""N"":""65.84""},""hL"":{""N"":""64.2""},""wL"":{""N"":""37.164417""},""tL"":{""N"":""82.04""},""hR"":{""N"":""45.3""},""wR"":{""N"":""35.330017""},""hE"":{""N"":""92.2""},""tR"":{""N"":""92.12""}}",f4486408-f001-7017-6ea9-8539918b7be9
868032061432054,1783501200,data.qo,"{""tE"":{""N"":""64.94""},""hL"":{""N"":""63.9""},""wL"":{""N"":""37.209507""},""tL"":{""N"":""82.04""},""hR"":{""N"":""44.8""},""wR"":{""N"":""35.353863""},""hE"":{""N"":""93.5""},""tR"":{""N"":""92.3""}}",f4486408-f001-7017-6ea9-8539918b7be9
868032061432054,1783504800,data.qo,"{""tE"":{""N"":""64.4""},""hL"":{""N"":""65.7""},""wL"":{""N"":""37.385727""},""tL"":{""N"":""81.5""},""hR"":{""N"":""44.3""},""wR"":{""N"":""35.35872""},""hE"":{""N"":""94.7""},""tR"":{""N"":""92.12""}}",f4486408-f001-7017-6ea9-8539918b7be9
868032061432054,1783508400,data.qo,"{""tE"":{""N"":""64.04""},""hL"":{""N"":""64""},""wL"":{""N"":""37.426872""},""tL"":{""N"":""81.32""},""hR"":{""N"":""44.3""},""wR"":{""N"":""35.381115""},""hE"":{""N"":""95.5""},""tR"":{""N"":""91.94""}}",f4486408-f001-7017-6ea9-8539918b7be9
868032061432054,1783512000,data.qo,"{""tE"":{""N"":""64.4""},""hL"":{""N"":""64.7""},""wL"":{""N"":""37.714973""},""tL"":{""N"":""80.78""},""hR"":{""N"":""44.5""},""wR"":{""N"":""35.421017""},""hE"":{""N"":""96""},""tR"":{""N"":""91.76""}}",f4486408-f001-7017-6ea9-8539918b7be9
868032061432054,1783515600,data.qo,"{""tE"":{""N"":""68.54""},""hL"":{""N"":""65""},""wL"":{""N"":""37.643562""},""tL"":{""N"":""80.78""},""hR"":{""N"":""46.3""},""wR"":{""N"":""35.488354""},""hE"":{""N"":""93.8""},""tR"":{""N"":""92.12""}}",f4486408-f001-7017-6ea9-8539918b7be9
868032061432054,1783519200,data.qo,"{""tE"":{""N"":""89.6""},""hL"":{""N"":""65""},""wL"":{""N"":""37.230442""},""tL"":{""N"":""80.78""},""hR"":{""N"":""50.5""},""wR"":{""N"":""35.548367""},""hE"":{""N"":""71.3""},""tR"":{""N"":""93.2""}}",f4486408-f001-7017-6ea9-8539918b7be9
868032061432054,1783522800,data.qo,"{""tE"":{""N"":""115.34""},""hL"":{""N"":""68.8""},""wL"":{""N"":""37.139202""},""tL"":{""N"":""83.48""},""hR"":{""N"":""52.6""},""wR"":{""N"":""35.526714""},""hE"":{""N"":""38.8""},""tR"":{""N"":""95.72""}}",f4486408-f001-7017-6ea9-8539918b7be9
868032061432054,1783526400,data.qo,"{""tE"":{""N"":""104.36""},""hL"":{""N"":""68.8""},""wL"":{""N"":""37.0624""},""tL"":{""N"":""83.48""},""hR"":{""N"":""47.3""},""wR"":{""N"":""35.552193""},""hE"":{""N"":""47""},""tR"":{""N"":""95.9""}}",f4486408-f001-7017-6ea9-8539918b7be9
868032061432054,1783530000,data.qo,"{""tE"":{""N"":""104.36""},""hL"":{""N"":""61.1""},""wL"":{""N"":""36.333027""},""tL"":{""N"":""85.46""},""hR"":{""N"":""49.3""},""wR"":{""N"":""35.637497""},""hE"":{""N"":""47""},""tR"":{""N"":""96.44""}}",f4486408-f001-7017-6ea9-8539918b7be9
868032061432054,1783533600,data.qo,"{""tE"":{""N"":""116.96""},""hL"":{""N"":""59.7""},""wL"":{""N"":""36.10392""},""tL"":{""N"":""91.76""},""hR"":{""N"":""46.4""},""wR"":{""N"":""35.51047""},""hE"":{""N"":""40.8""},""tR"":{""N"":""99.5""}}",f4486408-f001-7017-6ea9-8539918b7be9
868032061432054,1783537200,data.qo,"{""tE"":{""N"":""94.64""},""hL"":{""N"":""59.7""},""wL"":{""N"":""35.719864""},""tL"":{""N"":""91.76""},""hR"":{""N"":""42.2""},""wR"":{""N"":""35.432076""},""hE"":{""N"":""58.4""},""tR"":{""N"":""95.72""}}",f4486408-f001-7017-6ea9-8539918b7be9
868032061432054,1783540800,data.qo,"{""tE"":{""N"":""82.58""},""hL"":{""N"":""59.7""},""wL"":{""N"":""36.609146""},""tL"":{""N"":""91.76""},""hR"":{""N"":""42.2""},""wR"":{""N"":""35.6416""},""hE"":{""N"":""73.2""},""tR"":{""N"":""95.72""}}",f4486408-f001-7017-6ea9-8539918b7be9
868032061432054,1783544400,data.qo,"{""tE"":{""N"":""74.48""},""hL"":{""N"":""59.7""},""wL"":{""N"":""36.498657""},""tL"":{""N"":""91.76""},""hR"":{""N"":""44.7""},""wR"":{""N"":""35.50884""},""hE"":{""N"":""81.4""},""tR"":{""N"":""93.2""}}",f4486408-f001-7017-6ea9-8539918b7be9
868032061432054,1783548000,data.qo,"{""tE"":{""N"":""75.92""},""hL"":{""N"":""64.1""},""wL"":{""N"":""37.723442""},""tL"":{""N"":""83.48""},""hR"":{""N"":""44.7""},""wR"":{""N"":""35.695408""},""hE"":{""N"":""88.5""},""tR"":{""N"":""93.2""}}",f4486408-f001-7017-6ea9-8539918b7be9
868032061432054,1783551600,data.qo,"{""tE"":{""N"":""68.54""},""hL"":{""N"":""66.3""},""wL"":{""N"":""38.7453""},""tL"":{""N"":""84.02""},""hR"":{""N"":""44.7""},""wR"":{""N"":""35.663116""},""hE"":{""N"":""91""},""tR"":{""N"":""93.2""}}",f4486408-f001-7017-6ea9-8539918b7be9
868032061432054,1783555200,data.qo,"{""tE"":{""N"":""66.2""},""hL"":{""N"":""66.3""},""wL"":{""N"":""39.02094""},""tL"":{""N"":""84.02""},""hR"":{""N"":""44.7""},""wR"":{""N"":""35.672356""},""hE"":{""N"":""96.5""},""tR"":{""N"":""93.2""}}",f4486408-f001-7017-6ea9-8539918b7be9
868032061432054,1783558800,data.qo,"{""tE"":{""N"":""66.92""},""hL"":{""N"":""66.3""},""wL"":{""N"":""39.33137""},""tL"":{""N"":""84.02""},""hR"":{""N"":""46.9""},""wR"":{""N"":""35.67744""},""hE"":{""N"":""97.7""},""tR"":{""N"":""91.22""}}",f4486408-f001-7017-6ea9-8539918b7be9
868032061432054,1783562400,data.qo,"{""tE"":{""N"":""66.74""},""hL"":{""N"":""66.2""},""wL"":{""N"":""39.050343""},""tL"":{""N"":""81.86""},""hR"":{""N"":""46.9""},""wR"":{""N"":""35.69424""},""hE"":{""N"":""99.1""},""tR"":{""N"":""91.22""}}",f4486408-f001-7017-6ea9-8539918b7be9
868032061432054,1783566000,data.qo,"{""tE"":{""N"":""66.02""},""hL"":{""N"":""64.7""},""wL"":{""N"":""39.178875""},""tL"":{""N"":""81.86""},""hR"":{""N"":""46.9""},""wR"":{""N"":""35.703667""},""hE"":{""N"":""99.7""},""tR"":{""N"":""91.22""}}",f4486408-f001-7017-6ea9-8539918b7be9
868032061432054,1783569600,data.qo,"{""tE"":{""N"":""66.2""},""hL"":{""N"":""64.7""},""wL"":{""N"":""39.53656""},""tL"":{""N"":""81.86""},""hR"":{""N"":""46.7""},""wR"":{""N"":""35.727654""},""hE"":{""N"":""99.9""},""tR"":{""N"":""91.4""}}",f4486408-f001-7017-6ea9-8539918b7be9
868032061432054,1783573200,data.qo,"{""tE"":{""N"":""66.38""},""hL"":{""N"":""64.8""},""wL"":{""N"":""39.676594""},""tL"":{""N"":""81.68""},""hR"":{""N"":""46.7""},""wR"":{""N"":""35.695175""},""hE"":{""N"":""99.9""},""tR"":{""N"":""91.4""}}",f4486408-f001-7017-6ea9-8539918b7be9
868032061432054,1783576800,data.qo,"{""tE"":{""N"":""66.38""},""hL"":{""N"":""65.7""},""wL"":{""N"":""39.896317""},""tL"":{""N"":""81.32""},""hR"":{""N"":""46.7""},""wR"":{""N"":""35.752525""},""hE"":{""N"":""99.9""},""tR"":{""N"":""91.4""}}",f4486408-f001-7017-6ea9-8539918b7be9
868032061432054,1783580400,data.qo,"{""tE"":{""N"":""65.84""},""hL"":{""N"":""65.7""},""wL"":{""N"":""40.088898""},""tL"":{""N"":""81.32""},""hR"":{""N"":""46.6""},""wR"":{""N"":""35.7634""},""hE"":{""N"":""99.9""},""tR"":{""N"":""91.76""}}",f4486408-f001-7017-6ea9-8539918b7be9
868032061432054,1783584000,data.qo,"{""tE"":{""N"":""65.12""},""hL"":{""N"":""67.2""},""wL"":{""N"":""40.50486""},""tL"":{""N"":""80.96""},""hR"":{""N"":""46.4""},""wR"":{""N"":""35.76774""},""hE"":{""N"":""99.9""},""tR"":{""N"":""91.58""}}",f4486408-f001-7017-6ea9-8539918b7be9
868032061432054,1783587600,data.qo,"{""tE"":{""N"":""64.22""},""hL"":{""N"":""67.1""},""wL"":{""N"":""41.115086""},""tL"":{""N"":""80.78""},""hR"":{""N"":""44.9""},""wR"":{""N"":""35.78099""},""hE"":{""N"":""99.9""},""tR"":{""N"":""91.4""}}",f4486408-f001-7017-6ea9-8539918b7be9
868032061432054,1783591200,data.qo,"{""tE"":{""N"":""63.86""},""hL"":{""N"":""65.7""},""wL"":{""N"":""41.166912""},""tL"":{""N"":""80.24""},""hR"":{""N"":""44.9""},""wR"":{""N"":""35.81977""},""hE"":{""N"":""99.9""},""tR"":{""N"":""91.4""}}",f4486408-f001-7017-6ea9-8539918b7be9
868032061432054,1783594800,data.qo,"{""tE"":{""N"":""64.4""},""hL"":{""N"":""67.2""},""wL"":{""N"":""41.3299""},""tL"":{""N"":""80.06""},""hR"":{""N"":""44.9""},""wR"":{""N"":""35.83517""},""hE"":{""N"":""99.9""},""tR"":{""N"":""91.4""}}",f4486408-f001-7017-6ea9-8539918b7be9
868032061432054,1783598400,data.qo,"{""tE"":{""N"":""64.58""},""hL"":{""N"":""66.8""},""wL"":{""N"":""41.275764""},""tL"":{""N"":""79.52""},""hR"":{""N"":""44.9""},""wR"":{""N"":""35.878757""},""hE"":{""N"":""99.9""},""tR"":{""N"":""91.4""}}",f4486408-f001-7017-6ea9-8539918b7be9
868032061432054,1783602000,data.qo,"{""tE"":{""N"":""67.1""},""hL"":{""N"":""69.4""},""wL"":{""N"":""40.883766""},""tL"":{""N"":""79.52""},""hR"":{""N"":""47.2""},""wR"":{""N"":""35.95678""},""hE"":{""N"":""99.9""},""tR"":{""N"":""91.94""}}",f4486408-f001-7017-6ea9-8539918b7be9
868032061432054,1783605600,data.qo,"{""tE"":{""N"":""86""},""hL"":{""N"":""69.4""},""wL"":{""N"":""40.181725""},""tL"":{""N"":""79.52""},""hR"":{""N"":""50.8""},""wR"":{""N"":""35.882397""},""hE"":{""N"":""74.4""},""tR"":{""N"":""93.2""}}",f4486408-f001-7017-6ea9-8539918b7be9
868032061432054,1783609200,data.qo,"{""tE"":{""N"":""91.04""},""hL"":{""N"":""69.6""},""wL"":{""N"":""40.205013""},""tL"":{""N"":""81.5""},""hR"":{""N"":""53.3""},""wR"":{""N"":""35.990242""},""hE"":{""N"":""60.3""},""tR"":{""N"":""94.28""}}",f4486408-f001-7017-6ea9-8539918b7be9
868032061432054,1783612800,data.qo,"{""tE"":{""N"":""107.96""},""hL"":{""N"":""64.8""},""wL"":{""N"":""40.15208""},""tL"":{""N"":""84.02""},""hR"":{""N"":""53.8""},""wR"":{""N"":""35.89649""},""hE"":{""N"":""42.5""},""tR"":{""N"":""95.36""}}",f4486408-f001-7017-6ea9-8539918b7be9
868032061432054,1783616400,data.qo,"{""tE"":{""N"":""95.54""},""hL"":{""N"":""63.1""},""wL"":{""N"":""39.686123""},""tL"":{""N"":""82.76""},""hR"":{""N"":""50.2""},""wR"":{""N"":""35.828266""},""hE"":{""N"":""54.8""},""tR"":{""N"":""95.18""}}",f4486408-f001-7017-6ea9-8539918b7be9
868032061432054,1783620000,data.qo,"{""tE"":{""N"":""89.42""},""hL"":{""N"":""62.1""},""wL"":{""N"":""39.268284""},""tL"":{""N"":""86""},""hR"":{""N"":""51.1""},""wR"":{""N"":""35.794197""},""hE"":{""N"":""59.3""},""tR"":{""N"":""96.26""}}",f4486408-f001-7017-6ea9-8539918b7be9
868032061432054,1783623600,data.qo,"{""tE"":{""N"":""87.26""},""hL"":{""N"":""62.1""},""wL"":{""N"":""39.14187""},""tL"":{""N"":""86""},""hR"":{""N"":""52.6""},""wR"":{""N"":""35.710995""},""hE"":{""N"":""63.2""},""tR"":{""N"":""95.72""}}",f4486408-f001-7017-6ea9-8539918b7be9
868032061432054,1783627200,data.qo,"{""tE"":{""N"":""78.08""},""hL"":{""N"":""59.8""},""wL"":{""N"":""39.09341""},""tL"":{""N"":""83.48""},""hR"":{""N"":""42.9""},""wR"":{""N"":""35.692375""},""hE"":{""N"":""78.1""},""tR"":{""N"":""95""}}",f4486408-f001-7017-6ea9-8539918b7be9
868032061432054,1783630800,data.qo,"{""tE"":{""N"":""78.08""},""hL"":{""N"":""59""},""wL"":{""N"":""29.075073""},""tL"":{""N"":""82.04""},""hR"":{""N"":""43.4""},""wR"":{""N"":""36.894943""},""hE"":{""N"":""83.7""},""tR"":{""N"":""94.28""}}",f4486408-f001-7017-6ea9-8539918b7be9
868032061432054,1783634400,data.qo,"{""tE"":{""N"":""77""},""hL"":{""N"":""59.7""},""wL"":{""N"":""33.958668""},""tL"":{""N"":""81.86""},""hR"":{""N"":""43.4""},""wR"":{""N"":""35.418262""},""hE"":{""N"":""87.6""},""tR"":{""N"":""94.28""}}",f4486408-f001-7017-6ea9-8539918b7be9
868032061432054,1783638000,data.qo,"{""tE"":{""N"":""76.46""},""hL"":{""N"":""63.9""},""wL"":{""N"":""34.087345""},""tL"":{""N"":""81.5""},""hR"":{""N"":""52.5""},""wR"":{""N"":""35.34775""},""hE"":{""N"":""91.9""},""tR"":{""N"":""94.64""}}",f4486408-f001-7017-6ea9-8539918b7be9
868032061432054,1783641600,data.qo,"{""tE"":{""N"":""75.2""},""hL"":{""N"":""66.8""},""wL"":{""N"":""34.34513""},""tL"":{""N"":""83.3""},""hR"":{""N"":""45.7""},""wR"":{""N"":""35.273785""},""hE"":{""N"":""95.2""},""tR"":{""N"":""94.82""}}",f4486408-f001-7017-6ea9-8539918b7be9
868032061432054,1783645200,data.qo,"{""tE"":{""N"":""72.86""},""hL"":{""N"":""64""},""wL"":{""N"":""34.61033""},""tL"":{""N"":""83.48""},""hR"":{""N"":""45.2""},""wR"":{""N"":""35.23146""},""hE"":{""N"":""97.7""},""tR"":{""N"":""94.46""}}",f4486408-f001-7017-6ea9-8539918b7be9
868032061432054,1783648800,data.qo,"{""tE"":{""N"":""70.7""},""hL"":{""N"":""64""},""wL"":{""N"":""34.33565""},""tL"":{""N"":""83.48""},""hR"":{""N"":""44""},""wR"":{""N"":""35.222828""},""hE"":{""N"":""99.9""},""tR"":{""N"":""93.92""}}",f4486408-f001-7017-6ea9-8539918b7be9
868032061432054,1783652400,data.qo,"{""tE"":{""N"":""69.8""},""hL"":{""N"":""68.4""},""wL"":{""N"":""34.36953""},""tL"":{""N"":""84.2""},""hR"":{""N"":""45.4""},""wR"":{""N"":""35.170376""},""hE"":{""N"":""99.9""},""tR"":{""N"":""94.46""}}",f4486408-f001-7017-6ea9-8539918b7be9
868032061432054,1783656000,data.qo,"{""tE"":{""N"":""68""},""hL"":{""N"":""68.4""},""wL"":{""N"":""34.58492""},""tL"":{""N"":""84.2""},""hR"":{""N"":""44.7""},""wR"":{""N"":""35.16921""},""hE"":{""N"":""99.9""},""tR"":{""N"":""93.92""}}",f4486408-f001-7017-6ea9-8539918b7be9
868032061432054,1783659600,data.qo,"{""tE"":{""N"":""67.64""},""hL"":{""N"":""66.4""},""wL"":{""N"":""35.105015""},""tL"":{""N"":""84.02""},""hR"":{""N"":""45.3""},""wR"":{""N"":""35.16202""},""hE"":{""N"":""99.9""},""tR"":{""N"":""94.28""}}",f4486408-f001-7017-6ea9-8539918b7be9
868032061432054,1783663200,data.qo,"{""tE"":{""N"":""67.1""},""hL"":{""N"":""64""},""wL"":{""N"":""34.615524""},""tL"":{""N"":""84.2""},""hR"":{""N"":""45.5""},""wR"":{""N"":""35.151848""},""hE"":{""N"":""99.6""},""tR"":{""N"":""94.46""}}",f4486408-f001-7017-6ea9-8539918b7be9
868032061432054,1783666800,data.qo,"{""tE"":{""N"":""67.1""},""hL"":{""N"":""64""},""wL"":{""N"":""34.608982""},""tL"":{""N"":""84.2""},""hR"":{""N"":""45.5""},""wR"":{""N"":""35.14522""},""hE"":{""N"":""99.6""},""tR"":{""N"":""94.46""}}",f4486408-f001-7017-6ea9-8539918b7be9
868032061432054,1783670400,data.qo,"{""tE"":{""N"":""66.02""},""hL"":{""N"":""65.7""},""wL"":{""N"":""34.558983""},""tL"":{""N"":""83.84""},""hR"":{""N"":""43""},""wR"":{""N"":""35.14443""},""hE"":{""N"":""99.9""},""tR"":{""N"":""94.1""}}",f4486408-f001-7017-6ea9-8539918b7be9
868032061432054,1783674000,data.qo,"{""tE"":{""N"":""65.84""},""hL"":{""N"":""63.8""},""wL"":{""N"":""34.355045""},""tL"":{""N"":""84.02""},""hR"":{""N"":""43""},""wR"":{""N"":""35.145363""},""hE"":{""N"":""99.6""},""tR"":{""N"":""94.1""}}",f4486408-f001-7017-6ea9-8539918b7be9
868032061432054,1783677600,data.qo,"{""tE"":{""N"":""65.48""},""hL"":{""N"":""63.9""},""wL"":{""N"":""34.551476""},""tL"":{""N"":""84.02""},""hR"":{""N"":""44.1""},""wR"":{""N"":""35.14709""},""hE"":{""N"":""99.7""},""tR"":{""N"":""93.74""}}",f4486408-f001-7017-6ea9-8539918b7be9
868032061432054,1783681200,data.qo,"{""tE"":{""N"":""65.12""},""hL"":{""N"":""63.9""},""wL"":{""N"":""34.749207""},""tL"":{""N"":""83.48""},""hR"":{""N"":""44.9""},""wR"":{""N"":""35.18442""},""hE"":{""N"":""99.9""},""tR"":{""N"":""93.92""}}",f4486408-f001-7017-6ea9-8539918b7be9
868032061432054,1783684800,data.qo,"{""tE"":{""N"":""65.3""},""hL"":{""N"":""63.3""},""wL"":{""N"":""34.683857""},""tL"":{""N"":""83.3""},""hR"":{""N"":""44.9""},""wR"":{""N"":""35.221333""},""hE"":{""N"":""99.8""},""tR"":{""N"":""93.92""}}",f4486408-f001-7017-6ea9-8539918b7be9
868032061432054,1783688400,data.qo,"{""tE"":{""N"":""69.26""},""hL"":{""N"":""63.4""},""wL"":{""N"":""34.70195""},""tL"":{""N"":""83.3""},""hR"":{""N"":""48.4""},""wR"":{""N"":""35.19492""},""hE"":{""N"":""96.7""},""tR"":{""N"":""94.64""}}",f4486408-f001-7017-6ea9-8539918b7be9
868032061432054,1783692000,data.qo,"{""tE"":{""N"":""79.7""},""hL"":{""N"":""65.5""},""wL"":{""N"":""34.193886""},""tL"":{""N"":""83.12""},""hR"":{""N"":""49.2""},""wR"":{""N"":""35.294598""},""hE"":{""N"":""82.2""},""tR"":{""N"":""95""}}",f4486408-f001-7017-6ea9-8539918b7be9
868032061432054,1783695600,data.qo,"{""tE"":{""N"":""96.8""},""hL"":{""N"":""66.5""},""wL"":{""N"":""34.295326""},""tL"":{""N"":""84.02""},""hR"":{""N"":""50.1""},""wR"":{""N"":""35.251854""},""hE"":{""N"":""61.3""},""tR"":{""N"":""95.18""}}",f4486408-f001-7017-6ea9-8539918b7be9
868032061432054,1783699200,data.qo,"{""tE"":{""N"":""94.1""},""hL"":{""N"":""66.3""},""wL"":{""N"":""33.9924""},""tL"":{""N"":""85.46""},""hR"":{""N"":""51.6""},""wR"":{""N"":""35.361332""},""hE"":{""N"":""57.5""},""tR"":{""N"":""95""}}",f4486408-f001-7017-6ea9-8539918b7be9
868032061432054,1783702800,data.qo,"{""tE"":{""N"":""105.08""},""hL"":{""N"":""66.3""},""wL"":{""N"":""34.744057""},""tL"":{""N"":""85.46""},""hR"":{""N"":""51.2""},""wR"":{""N"":""35.30659""},""hE"":{""N"":""48.4""},""tR"":{""N"":""95.36""}}",f4486408-f001-7017-6ea9-8539918b7be9
868032061432054,1783706400,data.qo,"{""tE"":{""N"":""79.52""},""hL"":{""N"":""66.3""},""wL"":{""N"":""35.14005""},""tL"":{""N"":""85.46""},""hR"":{""N"":""45.6""},""wR"":{""N"":""35.336643""},""hE"":{""N"":""67.5""},""tR"":{""N"":""95""}}",f4486408-f001-7017-6ea9-8539918b7be9
868032061432054,1783710000,data.qo,"{""tE"":{""N"":""79.7""},""hL"":{""N"":""65.9""},""wL"":{""N"":""34.994915""},""tL"":{""N"":""83.12""},""hR"":{""N"":""45.6""},""wR"":{""N"":""35.29894""},""hE"":{""N"":""67.1""},""tR"":{""N"":""95""}}",f4486408-f001-7017-6ea9-8539918b7be9
868032061432054,1783713600,data.qo,"{""tE"":{""N"":""80.42""},""hL"":{""N"":""66.9""},""wL"":{""N"":""35.311264""},""tL"":{""N"":""84.02""},""hR"":{""N"":""50.5""},""wR"":{""N"":""35.31868""},""hE"":{""N"":""66.5""},""tR"":{""N"":""95.18""}}",f4486408-f001-7017-6ea9-8539918b7be9
868032061432054,1783717200,data.qo,"{""tE"":{""N"":""77""},""hL"":{""N"":""65.8""},""wL"":{""N"":""35.35794""},""tL"":{""N"":""84.02""},""hR"":{""N"":""49.2""},""wR"":{""N"":""35.297398""},""hE"":{""N"":""70.4""},""tR"":{""N"":""95.18""}}",f4486408-f001-7017-6ea9-8539918b7be9
868032061432054,1783720800,data.qo,"{""tE"":{""N"":""74.84""},""hL"":{""N"":""66.3""},""wL"":{""N"":""35.03991""},""tL"":{""N"":""83.3""},""hR"":{""N"":""44.8""},""wR"":{""N"":""35.265293""},""hE"":{""N"":""73.2""},""tR"":{""N"":""95""}}",f4486408-f001-7017-6ea9-8539918b7be9
868032061432054,1783724400,data.qo,"{""tE"":{""N"":""72.68""},""hL"":{""N"":""65.2""},""wL"":{""N"":""35.678864""},""tL"":{""N"":""83.3""},""hR"":{""N"":""46.1""},""wR"":{""N"":""35.24392""},""hE"":{""N"":""76.5""},""tR"":{""N"":""94.46""}}",f4486408-f001-7017-6ea9-8539918b7be9
868032061432054,1783728000,data.qo,"{""tE"":{""N"":""70.52""},""hL"":{""N"":""64.6""},""wL"":{""N"":""35.755424""},""tL"":{""N"":""83.66""},""hR"":{""N"":""46.8""},""wR"":{""N"":""35.252087""},""hE"":{""N"":""78.7""},""tR"":{""N"":""93.92""}}",f4486408-f001-7017-6ea9-8539918b7be9
868032061432054,1783731600,data.qo,"{""tE"":{""N"":""69.44""},""hL"":{""N"":""65.3""},""wL"":{""N"":""35.748398""},""tL"":{""N"":""83.3""},""hR"":{""N"":""46.9""},""wR"":{""N"":""35.253345""},""hE"":{""N"":""81""},""tR"":{""N"":""93.92""}}",f4486408-f001-7017-6ea9-8539918b7be9
868032061432054,1783735200,data.qo,"{""tE"":{""N"":""68""},""hL"":{""N"":""65.2""},""wL"":{""N"":""35.835304""},""tL"":{""N"":""83.3""},""hR"":{""N"":""46.8""},""wR"":{""N"":""35.265015""},""hE"":{""N"":""83.8""},""tR"":{""N"":""93.92""}}",f4486408-f001-7017-6ea9-8539918b7be9
868032061432054,1783738800,data.qo,"{""tE"":{""N"":""67.1""},""hL"":{""N"":""65.2""},""wL"":{""N"":""35.587914""},""tL"":{""N"":""83.3""},""hR"":{""N"":""46.2""},""wR"":{""N"":""35.26212""},""hE"":{""N"":""86.1""},""tR"":{""N"":""94.46""}}",f4486408-f001-7017-6ea9-8539918b7be9
868032061432054,1783742400,data.qo,"{""tE"":{""N"":""67.1""},""hL"":{""N"":""65""},""wL"":{""N"":""35.919807""},""tL"":{""N"":""82.94""},""hR"":{""N"":""46.2""},""wR"":{""N"":""35.2519""},""hE"":{""N"":""86.1""},""tR"":{""N"":""94.46""}}",f4486408-f001-7017-6ea9-8539918b7be9
868032061432054,1783746000,data.qo,"{""tE"":{""N"":""67.1""},""hL"":{""N"":""66.2""},""wL"":{""N"":""36.140682""},""tL"":{""N"":""82.58""},""hR"":{""N"":""45.6""},""wR"":{""N"":""35.261745""},""hE"":{""N"":""86.1""},""tR"":{""N"":""94.64""}}",f4486408-f001-7017-6ea9-8539918b7be9
868032061432054,1783749600,data.qo,"{""tE"":{""N"":""66.38""},""hL"":{""N"":""66.2""},""wL"":{""N"":""36.17533""},""tL"":{""N"":""82.58""},""hR"":{""N"":""43.9""},""wR"":{""N"":""35.267113""},""hE"":{""N"":""90.3""},""tR"":{""N"":""94.64""}}",f4486408-f001-7017-6ea9-8539918b7be9
868032061432054,1783753200,data.qo,"{""tE"":{""N"":""65.84""},""hL"":{""N"":""70.5""},""wL"":{""N"":""35.84161""},""tL"":{""N"":""82.4""},""hR"":{""N"":""43.9""},""wR"":{""N"":""35.27122""},""hE"":{""N"":""91.5""},""tR"":{""N"":""94.64""}}",f4486408-f001-7017-6ea9-8539918b7be9
868032061432054,1783756800,data.qo,"{""tE"":{""N"":""65.48""},""hL"":{""N"":""67.5""},""wL"":{""N"":""35.717506""},""tL"":{""N"":""82.04""},""hR"":{""N"":""42.4""},""wR"":{""N"":""35.29432""},""hE"":{""N"":""92.5""},""tR"":{""N"":""94.46""}}",f4486408-f001-7017-6ea9-8539918b7be9
868032061432054,1783760400,data.qo,"{""tE"":{""N"":""65.66""},""hL"":{""N"":""67.5""},""wL"":{""N"":""35.591377""},""tL"":{""N"":""82.04""},""hR"":{""N"":""44.3""},""wR"":{""N"":""35.308926""},""hE"":{""N"":""92.9""},""tR"":{""N"":""94.28""}}",f4486408-f001-7017-6ea9-8539918b7be9
868032061432054,1783764000,data.qo,"{""tE"":{""N"":""66.02""},""hL"":{""N"":""68""},""wL"":{""N"":""35.659855""},""tL"":{""N"":""81.86""},""hR"":{""N"":""44.8""},""wR"":{""N"":""35.324043""},""hE"":{""N"":""93""},""tR"":{""N"":""94.1""}}",f4486408-f001-7017-6ea9-8539918b7be9
868032061432054,1783767600,data.qo,"{""tE"":{""N"":""66.38""},""hL"":{""N"":""68""},""wL"":{""N"":""35.961193""},""tL"":{""N"":""81.32""},""hR"":{""N"":""44.6""},""wR"":{""N"":""35.33179""},""hE"":{""N"":""93.2""},""tR"":{""N"":""93.92""}}",f4486408-f001-7017-6ea9-8539918b7be9
868032061432054,1783771200,data.qo,"{""tE"":{""N"":""66.74""},""hL"":{""N"":""68""},""wL"":{""N"":""35.85162""},""tL"":{""N"":""81.32""},""hR"":{""N"":""44.8""},""wR"":{""N"":""35.364502""},""hE"":{""N"":""93.4""},""tR"":{""N"":""94.1""}}",f4486408-f001-7017-6ea9-8539918b7be9
868032061432054,1783774800,data.qo,"{""tE"":{""N"":""69.44""},""hL"":{""N"":""67.8""},""wL"":{""N"":""35.6753""},""tL"":{""N"":""80.6""},""hR"":{""N"":""50.1""},""wR"":{""N"":""35.35172""},""hE"":{""N"":""91.5""},""tR"":{""N"":""94.46""}}",f4486408-f001-7017-6ea9-8539918b7be9
868032061432054,1783778400,data.qo,"{""tE"":{""N"":""73.76""},""hL"":{""N"":""67.8""},""wL"":{""N"":""36.375034""},""tL"":{""N"":""80.6""},""hR"":{""N"":""49.9""},""wR"":{""N"":""35.34341""},""hE"":{""N"":""85.8""},""tR"":{""N"":""94.64""}}",f4486408-f001-7017-6ea9-8539918b7be9
868032061432054,1783782000,data.qo,"{""tE"":{""N"":""66.02""},""hL"":{""N"":""67.8""},""wL"":{""N"":""36.2299""},""tL"":{""N"":""80.6""},""hR"":{""N"":""49.8""},""wR"":{""N"":""35.406036""},""hE"":{""N"":""90.8""},""tR"":{""N"":""95""}}",f4486408-f001-7017-6ea9-8539918b7be9
868032061432054,1783785600,data.qo,"{""tE"":{""N"":""64.94""},""hL"":{""N"":""69.1""},""wL"":{""N"":""35.706245""},""tL"":{""N"":""80.96""},""hR"":{""N"":""49.8""},""wR"":{""N"":""35.4716""},""hE"":{""N"":""92.7""},""tR"":{""N"":""95""}}",f4486408-f001-7017-6ea9-8539918b7be9
868032061432054,1783789200,data.qo,"{""tE"":{""N"":""65.12""},""hL"":{""N"":""69.1""},""wL"":{""N"":""35.277966""},""tL"":{""N"":""80.96""},""hR"":{""N"":""49.1""},""wR"":{""N"":""35.49069""},""hE"":{""N"":""94.6""},""tR"":{""N"":""94.28""}}",f4486408-f001-7017-6ea9-8539918b7be9
868032061432054,1783792800,data.qo,"{""tE"":{""N"":""67.82""},""hL"":{""N"":""69.1""},""wL"":{""N"":""35.0645""},""tL"":{""N"":""80.96""},""hR"":{""N"":""48""},""wR"":{""N"":""35.466187""},""hE"":{""N"":""93.6""},""tR"":{""N"":""93.92""}}",f4486408-f001-7017-6ea9-8539918b7be9
868032061432054,1783796400,data.qo,"{""tE"":{""N"":""74.48""},""hL"":{""N"":""69.9""},""wL"":{""N"":""34.991833""},""tL"":{""N"":""81.5""},""hR"":{""N"":""48""},""wR"":{""N"":""35.46409""},""hE"":{""N"":""85""},""tR"":{""N"":""93.92""}}",f4486408-f001-7017-6ea9-8539918b7be9
868032061432054,1783800000,data.qo,"{""tE"":{""N"":""74.66""},""hL"":{""N"":""71.1""},""wL"":{""N"":""34.80469""},""tL"":{""N"":""81.5""},""hR"":{""N"":""48""},""wR"":{""N"":""35.482708""},""hE"":{""N"":""88.5""},""tR"":{""N"":""93.92""}}",f4486408-f001-7017-6ea9-8539918b7be9
868032061432054,1783803600,data.qo,"{""tE"":{""N"":""75.56""},""hL"":{""N"":""71.1""},""wL"":{""N"":""34.840492""},""tL"":{""N"":""81.5""},""hR"":{""N"":""50.5""},""wR"":{""N"":""35.479347""},""hE"":{""N"":""88.9""},""tR"":{""N"":""93.92""}}",f4486408-f001-7017-6ea9-8539918b7be9
868032061432054,1783807200,data.qo,"{""tE"":{""N"":""70.7""},""hL"":{""N"":""69.5""},""wL"":{""N"":""34.879326""},""tL"":{""N"":""81.14""},""hR"":{""N"":""50.5""},""wR"":{""N"":""35.498806""},""hE"":{""N"":""93.2""},""tR"":{""N"":""93.92""}}",f4486408-f001-7017-6ea9-8539918b7be9
868032061432054,1783810800,data.qo,"{""tE"":{""N"":""72.86""},""hL"":{""N"":""70.4""},""wL"":{""N"":""35.13437""},""tL"":{""N"":""80.96""},""hR"":{""N"":""55.1""},""wR"":{""N"":""35.473747""},""hE"":{""N"":""92.7""},""tR"":{""N"":""94.28""}}",f4486408-f001-7017-6ea9-8539918b7be9
868032061432054,1783814400,data.qo,"{""tE"":{""N"":""71.42""},""hL"":{""N"":""69.9""},""wL"":{""N"":""35.117622""},""tL"":{""N"":""80.6""},""hR"":{""N"":""55.7""},""wR"":{""N"":""35.50128""},""hE"":{""N"":""94.6""},""tR"":{""N"":""94.28""}}",f4486408-f001-7017-6ea9-8539918b7be9
868032061432054,1783818000,data.qo,"{""tE"":{""N"":""69.08""},""hL"":{""N"":""70""},""wL"":{""N"":""35.279984""},""tL"":{""N"":""80.6""},""hR"":{""N"":""49.5""},""wR"":{""N"":""35.482662""},""hE"":{""N"":""97.9""},""tR"":{""N"":""94.1""}}",f4486408-f001-7017-6ea9-8539918b7be9
868032061432054,1783821600,data.qo,"{""tE"":{""N"":""66.74""},""hL"":{""N"":""69.5""},""wL"":{""N"":""35.021046""},""tL"":{""N"":""80.42""},""hR"":{""N"":""50.9""},""wR"":{""N"":""35.458393""},""hE"":{""N"":""99.9""},""tR"":{""N"":""93.92""}}",f4486408-f001-7017-6ea9-8539918b7be9
868032061432054,1783825200,data.qo,"{""tE"":{""N"":""66.38""},""hL"":{""N"":""69.5""},""wL"":{""N"":""35.249043""},""tL"":{""N"":""81.14""},""hR"":{""N"":""48.6""},""wR"":{""N"":""35.501514""},""hE"":{""N"":""99.9""},""tR"":{""N"":""94.28""}}",f4486408-f001-7017-6ea9-8539918b7be9
868032061432054,1783828800,data.qo,"{""tE"":{""N"":""66.56""},""hL"":{""N"":""70.2""},""wL"":{""N"":""35.090725""},""tL"":{""N"":""81.14""},""hR"":{""N"":""48.8""},""wR"":{""N"":""35.41523""},""hE"":{""N"":""99.9""},""tR"":{""N"":""94.28""}}",f4486408-f001-7017-6ea9-8539918b7be9
868032061432054,1783832400,data.qo,"{""tE"":{""N"":""66.02""},""hL"":{""N"":""69.5""},""wL"":{""N"":""35.223637""},""tL"":{""N"":""81.5""},""hR"":{""N"":""48.8""},""wR"":{""N"":""35.432076""},""hE"":{""N"":""99.9""},""tR"":{""N"":""94.28""}}",f4486408-f001-7017-6ea9-8539918b7be9
868032061432054,1783836000,data.qo,"{""tE"":{""N"":""65.12""},""hL"":{""N"":""72.7""},""wL"":{""N"":""35.220314""},""tL"":{""N"":""81.32""},""hR"":{""N"":""44.2""},""wR"":{""N"":""35.436417""},""hE"":{""N"":""99.9""},""tR"":{""N"":""93.92""}}",f4486408-f001-7017-6ea9-8539918b7be9
868032061432054,1783839600,data.qo,"{""tE"":{""N"":""64.76""},""hL"":{""N"":""68.7""},""wL"":{""N"":""35.446583""},""tL"":{""N"":""81.14""},""hR"":{""N"":""46.4""},""wR"":{""N"":""35.480793""},""hE"":{""N"":""99.9""},""tR"":{""N"":""93.92""}}",f4486408-f001-7017-6ea9-8539918b7be9
868032061432054,1783843200,data.qo,"{""tE"":{""N"":""65.48""},""hL"":{""N"":""68.5""},""wL"":{""N"":""35.15222""},""tL"":{""N"":""80.96""},""hR"":{""N"":""46.4""},""wR"":{""N"":""35.48485""},""hE"":{""N"":""99.9""},""tR"":{""N"":""93.92""}}",f4486408-f001-7017-6ea9-8539918b7be9
868032061432054,1783846800,data.qo,"{""tE"":{""N"":""66.02""},""hL"":{""N"":""71.2""},""wL"":{""N"":""35.54759""},""tL"":{""N"":""81.14""},""hR"":{""N"":""50.9""},""wR"":{""N"":""35.477573""},""hE"":{""N"":""99.9""},""tR"":{""N"":""93.74""}}",f4486408-f001-7017-6ea9-8539918b7be9
868032061432054,1783850400,data.qo,"{""tE"":{""N"":""64.94""},""hL"":{""N"":""69.7""},""wL"":{""N"":""35.702297""},""tL"":{""N"":""80.96""},""hR"":{""N"":""47.1""},""wR"":{""N"":""35.437862""},""hE"":{""N"":""99.9""},""tR"":{""N"":""93.74""}}",f4486408-f001-7017-6ea9-8539918b7be9
868032061432054,1783854000,data.qo,"{""tE"":{""N"":""64.04""},""hL"":{""N"":""70.2""},""wL"":{""N"":""35.642963""},""tL"":{""N"":""80.6""},""hR"":{""N"":""47.1""},""wR"":{""N"":""35.469315""},""hE"":{""N"":""99.9""},""tR"":{""N"":""93.74""}}",f4486408-f001-7017-6ea9-8539918b7be9
868032061432054,1783857600,data.qo,"{""tE"":{""N"":""64.22""},""hL"":{""N"":""68.8""},""wL"":{""N"":""35.29341""},""tL"":{""N"":""80.06""},""hR"":{""N"":""47.5""},""wR"":{""N"":""35.478786""},""hE"":{""N"":""99.9""},""tR"":{""N"":""93.56""}}",f4486408-f001-7017-6ea9-8539918b7be9
868032061432054,1783861200,data.qo,"{""tE"":{""N"":""64.58""},""hL"":{""N"":""67.1""},""wL"":{""N"":""35.272575""},""tL"":{""N"":""80.06""},""hR"":{""N"":""44.2""},""wR"":{""N"":""35.5129""},""hE"":{""N"":""99.9""},""tR"":{""N"":""93.2""}}",f4486408-f001-7017-6ea9-8539918b7be9
868032061432054,1783864800,data.qo,"{""tE"":{""N"":""66.92""},""hL"":{""N"":""70.2""},""wL"":{""N"":""34.98086""},""tL"":{""N"":""79.88""},""hR"":{""N"":""46.4""},""wR"":{""N"":""35.45312""},""hE"":{""N"":""99.9""},""tR"":{""N"":""93.2""}}",f4486408-f001-7017-6ea9-8539918b7be9
868032061432054,1783868400,data.qo,"{""tE"":{""N"":""70.7""},""hL"":{""N"":""69.6""},""wL"":{""N"":""35.03866""},""tL"":{""N"":""79.88""},""hR"":{""N"":""49""},""wR"":{""N"":""35.519527""},""hE"":{""N"":""99.9""},""tR"":{""N"":""93.38""}}",f4486408-f001-7017-6ea9-8539918b7be9
868032061432054,1783872000,data.qo,"{""tE"":{""N"":""69.26""},""hL"":{""N"":""70""},""wL"":{""N"":""34.920326""},""tL"":{""N"":""80.06""},""hR"":{""N"":""50.1""},""wR"":{""N"":""35.59802""},""hE"":{""N"":""99.9""},""tR"":{""N"":""93.56""}}",f4486408-f001-7017-6ea9-8539918b7be9
868032061432054,1783875600,data.qo,"{""tE"":{""N"":""70.34""},""hL"":{""N"":""71.7""},""wL"":{""N"":""34.75604""},""tL"":{""N"":""79.88""},""hR"":{""N"":""50.1""},""wR"":{""N"":""35.564465""},""hE"":{""N"":""99.1""},""tR"":{""N"":""93.56""}}",f4486408-f001-7017-6ea9-8539918b7be9
868032061432054,1783879200,data.qo,"{""tE"":{""N"":""70.7""},""hL"":{""N"":""71.7""},""wL"":{""N"":""34.845207""},""tL"":{""N"":""79.88""},""hR"":{""N"":""52.8""},""wR"":{""N"":""35.599045""},""hE"":{""N"":""97""},""tR"":{""N"":""93.2""}}",f4486408-f001-7017-6ea9-8539918b7be9
868032061432054,1783882800,data.qo,"{""tE"":{""N"":""69.8""},""hL"":{""N"":""71.3""},""wL"":{""N"":""35.369106""},""tL"":{""N"":""79.52""},""hR"":{""N"":""52.8""},""wR"":{""N"":""35.70115""},""hE"":{""N"":""97.1""},""tR"":{""N"":""93.2""}}",f4486408-f001-7017-6ea9-8539918b7be9
868032061432054,1783886400,data.qo,"{""tE"":{""N"":""68""},""hL"":{""N"":""71.7""},""wL"":{""N"":""35.46766""},""tL"":{""N"":""79.88""},""hR"":{""N"":""52.1""},""wR"":{""N"":""35.737312""},""hE"":{""N"":""99.9""},""tR"":{""N"":""93.2""}}",f4486408-f001-7017-6ea9-8539918b7be9
868032061432054,1783890000,data.qo,"{""tE"":{""N"":""70.7""},""hL"":{""N"":""71.7""},""wL"":{""N"":""35.425217""},""tL"":{""N"":""79.88""},""hR"":{""N"":""52.6""},""wR"":{""N"":""35.715195""},""hE"":{""N"":""96.5""},""tR"":{""N"":""93.38""}}",f4486408-f001-7017-6ea9-8539918b7be9
868032061432054,1783893600,data.qo,"{""tE"":{""N"":""71.42""},""hL"":{""N"":""70.3""},""wL"":{""N"":""35.349567""},""tL"":{""N"":""80.42""},""hR"":{""N"":""52.6""},""wR"":{""N"":""35.667084""},""hE"":{""N"":""97.2""},""tR"":{""N"":""93.38""}}",f4486408-f001-7017-6ea9-8539918b7be9
868032061432054,1783897200,data.qo,"{""tE"":{""N"":""72.14""},""hL"":{""N"":""71.3""},""wL"":{""N"":""35.45962""},""tL"":{""N"":""80.78""},""hR"":{""N"":""54""},""wR"":{""N"":""35.624336""},""hE"":{""N"":""97""},""tR"":{""N"":""93.2""}}",f4486408-f001-7017-6ea9-8539918b7be9
868032061432054,1783900800,data.qo,"{""tE"":{""N"":""69.62""},""hL"":{""N"":""72""},""wL"":{""N"":""35.689114""},""tL"":{""N"":""80.42""},""hR"":{""N"":""50.6""},""wR"":{""N"":""35.642303""},""hE"":{""N"":""99.9""},""tR"":{""N"":""92.66""}}",f4486408-f001-7017-6ea9-8539918b7be9
868032061432054,1783904400,data.qo,"{""tE"":{""N"":""67.1""},""hL"":{""N"":""69.5""},""wL"":{""N"":""36.574978""},""tL"":{""N"":""80.42""},""hR"":{""N"":""50.6""},""wR"":{""N"":""35.83746""},""hE"":{""N"":""99.9""},""tR"":{""N"":""92.66""}}",f4486408-f001-7017-6ea9-8539918b7be9
868032061432054,1783908000,data.qo,"{""tE"":{""N"":""67.1""},""hL"":{""N"":""68.1""},""wL"":{""N"":""36.81905""},""tL"":{""N"":""81.32""},""hR"":{""N"":""54.8""},""wR"":{""N"":""35.845158""},""hE"":{""N"":""99.9""},""tR"":{""N"":""93.02""}}",f4486408-f001-7017-6ea9-8539918b7be9
868032061432054,1783911600,data.qo,"{""tE"":{""N"":""64.4""},""hL"":{""N"":""71.1""},""wL"":{""N"":""36.502125""},""tL"":{""N"":""80.06""},""hR"":{""N"":""55.9""},""wR"":{""N"":""35.81613""},""hE"":{""N"":""99.9""},""tR"":{""N"":""93.2""}}",f4486408-f001-7017-6ea9-8539918b7be9
868032061432054,1783915200,data.qo,"{""tE"":{""N"":""64.04""},""hL"":{""N"":""71.1""},""wL"":{""N"":""36.211517""},""tL"":{""N"":""80.06""},""hR"":{""N"":""57.8""},""wR"":{""N"":""35.82388""},""hE"":{""N"":""99.9""},""tR"":{""N"":""93.56""}}",f4486408-f001-7017-6ea9-8539918b7be9
868032061432054,1783918740,data.qo,"{""tE"":{""N"":""64.4""},""hL"":{""N"":""71.1""},""wL"":{""N"":""36.573586""},""tL"":{""N"":""79.7""},""hR"":{""N"":""59.9""},""wR"":{""N"":""35.840256""},""hE"":{""N"":""99.9""},""tR"":{""N"":""93.38""}}",f4486408-f001-7017-6ea9-8539918b7be9
868032061432054,1783922400,data.qo,"{""tE"":{""N"":""64.4""},""hL"":{""N"":""74.4""},""wL"":{""N"":""36.751247""},""tL"":{""N"":""79.52""},""hR"":{""N"":""59.9""},""wR"":{""N"":""35.847305""},""hE"":{""N"":""99.9""},""tR"":{""N"":""93.38""}}",f4486408-f001-7017-6ea9-8539918b7be9
868032061432054,1783926000,data.qo,"{""tE"":{""N"":""64.04""},""hL"":{""N"":""69.9""},""wL"":{""N"":""37.09291""},""tL"":{""N"":""79.52""},""hR"":{""N"":""59.9""},""wR"":{""N"":""35.9103""},""hE"":{""N"":""99.9""},""tR"":{""N"":""93.38""}}",f4486408-f001-7017-6ea9-8539918b7be9
868032061432054,1783929600,data.qo,"{""tE"":{""N"":""64.04""},""hL"":{""N"":""70.4""},""wL"":{""N"":""36.75885""},""tL"":{""N"":""79.16""},""hR"":{""N"":""54.7""},""wR"":{""N"":""35.949596""},""hE"":{""N"":""99.9""},""tR"":{""N"":""92.84""}}",f4486408-f001-7017-6ea9-8539918b7be9
868032061432054,1783933200,data.qo,"{""tE"":{""N"":""64.04""},""hL"":{""N"":""70.1""},""wL"":{""N"":""36.675842""},""tL"":{""N"":""79.16""},""hR"":{""N"":""55.1""},""wR"":{""N"":""35.986412""},""hE"":{""N"":""99.9""},""tR"":{""N"":""93.2""}}",f4486408-f001-7017-6ea9-8539918b7be9
868032061432054,1783936800,data.qo,"{""tE"":{""N"":""64.22""},""hL"":{""N"":""73.7""},""wL"":{""N"":""36.817173""},""tL"":{""N"":""78.98""},""hR"":{""N"":""54.9""},""wR"":{""N"":""36.0034""},""hE"":{""N"":""99.9""},""tR"":{""N"":""93.2""}}",f4486408-f001-7017-6ea9-8539918b7be9
868032061432054,1783940400,data.qo,"{""tE"":{""N"":""64.22""},""hL"":{""N"":""74.3""},""wL"":{""N"":""37.33958""},""tL"":{""N"":""78.98""},""hR"":{""N"":""54.9""},""wR"":{""N"":""36.007927""},""hE"":{""N"":""99.9""},""tR"":{""N"":""93.2""}}",f4486408-f001-7017-6ea9-8539918b7be9
868032061432054,1783944000,data.qo,"{""tE"":{""N"":""64.4""},""hL"":{""N"":""70.8""},""wL"":{""N"":""38.00327""},""tL"":{""N"":""78.8""},""hR"":{""N"":""53.2""},""wR"":{""N"":""36.026966""},""hE"":{""N"":""99.9""},""tR"":{""N"":""93.02""}}",f4486408-f001-7017-6ea9-8539918b7be9
868032061432054,1783947600,data.qo,"{""tE"":{""N"":""64.76""},""hL"":{""N"":""70.8""},""wL"":{""N"":""38.398827""},""tL"":{""N"":""78.8""},""hR"":{""N"":""56.3""},""wR"":{""N"":""36.089966""},""hE"":{""N"":""99.9""},""tR"":{""N"":""92.84""}}",f4486408-f001-7017-6ea9-8539918b7be9
868032061432054,1783951200,data.qo,"{""tE"":{""N"":""65.3""},""hL"":{""N"":""73.2""},""wL"":{""N"":""38.919163""},""tL"":{""N"":""78.8""},""hR"":{""N"":""55.6""},""wR"":{""N"":""36.065746""},""hE"":{""N"":""99.9""},""tR"":{""N"":""92.3""}}",f4486408-f001-7017-6ea9-8539918b7be9
868032061432054,1783954800,data.qo,"{""tE"":{""N"":""64.94""},""hL"":{""N"":""69.9""},""wL"":{""N"":""39.05838""},""tL"":{""N"":""78.62""},""hR"":{""N"":""52.8""},""wR"":{""N"":""36.10098""},""hE"":{""N"":""99.9""},""tR"":{""N"":""91.94""}}",f4486408-f001-7017-6ea9-8539918b7be9
868032061432054,1783958400,data.qo,"{""tE"":{""N"":""66.92""},""hL"":{""N"":""69.9""},""wL"":{""N"":""39.16795""},""tL"":{""N"":""78.62""},""hR"":{""N"":""50.8""},""wR"":{""N"":""36.121838""},""hE"":{""N"":""99.9""},""tR"":{""N"":""91.94""}}",f4486408-f001-7017-6ea9-8539918b7be9
868032061432054,1783962000,data.qo,"{""tE"":{""N"":""67.46""},""hL"":{""N"":""69.9""},""wL"":{""N"":""39.092785""},""tL"":{""N"":""78.62""},""hR"":{""N"":""51.7""},""wR"":{""N"":""36.19291""},""hE"":{""N"":""99.9""},""tR"":{""N"":""91.4""}}",f4486408-f001-7017-6ea9-8539918b7be9
868032061432054,1783965600,data.qo,"{""tE"":{""N"":""69.44""},""hL"":{""N"":""68.7""},""wL"":{""N"":""38.940964""},""tL"":{""N"":""78.62""},""hR"":{""N"":""51.8""},""wR"":{""N"":""36.13378""},""hE"":{""N"":""99.9""},""tR"":{""N"":""91.4""}}",f4486408-f001-7017-6ea9-8539918b7be9
868032061432054,1783969200,data.qo,"{""tE"":{""N"":""69.62""},""hL"":{""N"":""68.7""},""wL"":{""N"":""39.391376""},""tL"":{""N"":""78.62""},""hR"":{""N"":""52.5""},""wR"":{""N"":""36.131775""},""hE"":{""N"":""99.1""},""tR"":{""N"":""91.22""}}",f4486408-f001-7017-6ea9-8539918b7be9
868032061432054,1783972800,data.qo,"{""tE"":{""N"":""64.76""},""hL"":{""N"":""71.9""},""wL"":{""N"":""39.321312""},""tL"":{""N"":""78.44""},""hR"":{""N"":""53.7""},""wR"":{""N"":""36.095005""},""hE"":{""N"":""99.9""},""tR"":{""N"":""91.4""}}",f4486408-f001-7017-6ea9-8539918b7be9
868032061432054,1783976400,data.qo,"{""tE"":{""N"":""68.18""},""hL"":{""N"":""71.9""},""wL"":{""N"":""39.408123""},""tL"":{""N"":""78.44""},""hR"":{""N"":""56.7""},""wR"":{""N"":""36.181057""},""hE"":{""N"":""99.9""},""tR"":{""N"":""91.4""}}",f4486408-f001-7017-6ea9-8539918b7be9
868032061432054,1783980000,data.qo,"{""tE"":{""N"":""66.56""},""hL"":{""N"":""71.9""},""wL"":{""N"":""39.636074""},""tL"":{""N"":""78.44""},""hR"":{""N"":""57.1""},""wR"":{""N"":""36.199116""},""hE"":{""N"":""99.9""},""tR"":{""N"":""91.04""}}",f4486408-f001-7017-6ea9-8539918b7be9
868032061432054,1783983600,data.qo,"{""tE"":{""N"":""64.4""},""hL"":{""N"":""71.2""},""wL"":{""N"":""39.51755""},""tL"":{""N"":""78.08""},""hR"":{""N"":""57.1""},""wR"":{""N"":""36.2182""},""hE"":{""N"":""99.9""},""tR"":{""N"":""91.04""}}",f4486408-f001-7017-6ea9-8539918b7be9
868032061432054,1783987200,data.qo,"{""tE"":{""N"":""63.14""},""hL"":{""N"":""71.2""},""wL"":{""N"":""39.5329""},""tL"":{""N"":""78.08""},""hR"":{""N"":""58.9""},""wR"":{""N"":""36.247787""},""hE"":{""N"":""99.9""},""tR"":{""N"":""91.04""}}",f4486408-f001-7017-6ea9-8539918b7be9
868032061432054,1783990800,data.qo,"{""tE"":{""N"":""62.96""},""hL"":{""N"":""70.6""},""wL"":{""N"":""39.608982""},""tL"":{""N"":""77.72""},""hR"":{""N"":""58.4""},""wR"":{""N"":""36.247135""},""hE"":{""N"":""99.9""},""tR"":{""N"":""90.86""}}",f4486408-f001-7017-6ea9-8539918b7be9
868032061432054,1783994400,data.qo,"{""tE"":{""N"":""62.6""},""hL"":{""N"":""72.8""},""wL"":{""N"":""39.703495""},""tL"":{""N"":""77.54""},""hR"":{""N"":""60.1""},""wR"":{""N"":""36.263187""},""hE"":{""N"":""99.9""},""tR"":{""N"":""90.86""}}",f4486408-f001-7017-6ea9-8539918b7be9
868032061432054,1783998000,data.qo,"{""tE"":{""N"":""62.6""},""hL"":{""N"":""72.8""},""wL"":{""N"":""39.568466""},""tL"":{""N"":""77.54""},""hR"":{""N"":""57.7""},""wR"":{""N"":""36.248905""},""hE"":{""N"":""99.9""},""tR"":{""N"":""90.68""}}",f4486408-f001-7017-6ea9-8539918b7be9
868032061432054,1784001600,data.qo,"{""tE"":{""N"":""62.6""},""hL"":{""N"":""72.8""},""wL"":{""N"":""39.727364""},""tL"":{""N"":""77.54""},""hR"":{""N"":""60.5""},""wR"":{""N"":""36.256886""},""hE"":{""N"":""99.9""},""tR"":{""N"":""90.68""}}",f4486408-f001-7017-6ea9-8539918b7be9
868032061432054,1784005200,data.qo,"{""tE"":{""N"":""62.6""},""hL"":{""N"":""69.8""},""wL"":{""N"":""39.808254""},""tL"":{""N"":""77.18""},""hR"":{""N"":""60.5""},""wR"":{""N"":""36.214886""},""hE"":{""N"":""99.9""},""tR"":{""N"":""90.68""}}",f4486408-f001-7017-6ea9-8539918b7be9
868032061432054,1784008800,data.qo,"{""tE"":{""N"":""61.7""},""hL"":{""N"":""69.5""},""wL"":{""N"":""40.072777""},""tL"":{""N"":""77.36""},""hR"":{""N"":""59.5""},""wR"":{""N"":""36.274574""},""hE"":{""N"":""99.9""},""tR"":{""N"":""90.68""}}",f4486408-f001-7017-6ea9-8539918b7be9
868032061432054,1784012400,data.qo,"{""tE"":{""N"":""61.34""},""hL"":{""N"":""70.1""},""wL"":{""N"":""40.093662""},""tL"":{""N"":""77""},""hR"":{""N"":""56.2""},""wR"":{""N"":""36.2819""},""hE"":{""N"":""99.9""},""tR"":{""N"":""90.32""}}",f4486408-f001-7017-6ea9-8539918b7be9
868032061432054,1784016000,data.qo,"{""tE"":{""N"":""61.34""},""hL"":{""N"":""70.5""},""wL"":{""N"":""40.21719""},""tL"":{""N"":""77""},""hR"":{""N"":""54.6""},""wR"":{""N"":""36.27518""},""hE"":{""N"":""99.9""},""tR"":{""N"":""90.32""}}",f4486408-f001-7017-6ea9-8539918b7be9
868032061432054,1784019600,data.qo,"{""tE"":{""N"":""61.34""},""hL"":{""N"":""71.1""},""wL"":{""N"":""40.088707""},""tL"":{""N"":""76.64""},""hR"":{""N"":""59.3""},""wR"":{""N"":""36.29366""},""hE"":{""N"":""99.9""},""tR"":{""N"":""89.78""}}",f4486408-f001-7017-6ea9-8539918b7be9
868032061432054,1784023200,data.qo,"{""tE"":{""N"":""61.16""},""hL"":{""N"":""69.6""},""wL"":{""N"":""39.94997""},""tL"":{""N"":""76.82""},""hR"":{""N"":""59.3""},""wR"":{""N"":""36.29277""},""hE"":{""N"":""99.9""},""tR"":{""N"":""89.78""}}",f4486408-f001-7017-6ea9-8539918b7be9
868032061432054,1784026800,data.qo,"{""tE"":{""N"":""60.98""},""hL"":{""N"":""69.6""},""wL"":{""N"":""39.912342""},""tL"":{""N"":""76.82""},""hR"":{""N"":""57.9""},""wR"":{""N"":""36.220303""},""hE"":{""N"":""99.9""},""tR"":{""N"":""90.14""}}",f4486408-f001-7017-6ea9-8539918b7be9
868032061432054,1784030400,data.qo,"{""tE"":{""N"":""61.34""},""hL"":{""N"":""69.7""},""wL"":{""N"":""39.922688""},""tL"":{""N"":""76.64""},""hR"":{""N"":""54""},""wR"":{""N"":""36.327164""},""hE"":{""N"":""99.9""},""tR"":{""N"":""89.96""}}",f4486408-f001-7017-6ea9-8539918b7be9
868032061432054,1784034000,data.qo,"{""tE"":{""N"":""61.7""},""hL"":{""N"":""70.7""},""wL"":{""N"":""40.032837""},""tL"":{""N"":""76.64""},""hR"":{""N"":""58.8""},""wR"":{""N"":""36.36375""},""hE"":{""N"":""99.9""},""tR"":{""N"":""90.32""}}",f4486408-f001-7017-6ea9-8539918b7be9
868032061432054,1784037600,data.qo,"{""tE"":{""N"":""62.6""},""hL"":{""N"":""72.1""},""wL"":{""N"":""39.960175""},""tL"":{""N"":""76.46""},""hR"":{""N"":""58.8""},""wR"":{""N"":""36.469868""},""hE"":{""N"":""99.9""},""tR"":{""N"":""90.32""}}",f4486408-f001-7017-6ea9-8539918b7be9
868032061432054,1784041200,data.qo,"{""tE"":{""N"":""66.38""},""hL"":{""N"":""72.1""},""wL"":{""N"":""39.698296""},""tL"":{""N"":""76.46""},""hR"":{""N"":""59.5""},""wR"":{""N"":""36.45097""},""hE"":{""N"":""99.9""},""tR"":{""N"":""89.96""}}",f4486408-f001-7017-6ea9-8539918b7be9
868032061432054,1784044800,data.qo,"{""tE"":{""N"":""72.86""},""hL"":{""N"":""72.8""},""wL"":{""N"":""38.96175""},""tL"":{""N"":""77""},""hR"":{""N"":""59.5""},""wR"":{""N"":""36.465294""},""hE"":{""N"":""98.6""},""tR"":{""N"":""89.96""}}",f4486408-f001-7017-6ea9-8539918b7be9
868032061432054,1784048400,data.qo,"{""tE"":{""N"":""94.1""},""hL"":{""N"":""72.2""},""wL"":{""N"":""39.116364""},""tL"":{""N"":""78.08""},""hR"":{""N"":""60.7""},""wR"":{""N"":""36.431927""},""hE"":{""N"":""71.8""},""tR"":{""N"":""90.32""}}",f4486408-f001-7017-6ea9-8539918b7be9
868032061432054,1784052000,data.qo,"{""tE"":{""N"":""94.1""},""hL"":{""N"":""70.6""},""wL"":{""N"":""38.589725""},""tL"":{""N"":""79.52""},""hR"":{""N"":""59.9""},""wR"":{""N"":""35.854816""},""hE"":{""N"":""71.8""},""tR"":{""N"":""90.5""}}",f4486408-f001-7017-6ea9-8539918b7be9
868032061432054,1784055600,data.qo,"{""tE"":{""N"":""84.92""},""hL"":{""N"":""70.5""},""wL"":{""N"":""38.46398""},""tL"":{""N"":""81.5""},""hR"":{""N"":""59.9""},""wR"":{""N"":""35.70768""},""hE"":{""N"":""73.4""},""tR"":{""N"":""90.5""}}",f4486408-f001-7017-6ea9-8539918b7be9
868032061432054,1784059200,data.qo,"{""tE"":{""N"":""72.14""},""hL"":{""N"":""70.5""},""wL"":{""N"":""38.83755""},""tL"":{""N"":""81.5""},""hR"":{""N"":""58.2""},""wR"":{""N"":""35.59125""},""hE"":{""N"":""94.1""},""tR"":{""N"":""90.86""}}",f4486408-f001-7017-6ea9-8539918b7be9
868032061432054,1784062800,data.qo,"{""tE"":{""N"":""72.14""},""hL"":{""N"":""71.2""},""wL"":{""N"":""38.814644""},""tL"":{""N"":""79.7""},""hR"":{""N"":""58.2""},""wR"":{""N"":""35.57898""},""hE"":{""N"":""94.1""},""tR"":{""N"":""90.86""}}",f4486408-f001-7017-6ea9-8539918b7be9
868032061432054,1784066400,data.qo,"{""tE"":{""N"":""70.16""},""hL"":{""N"":""72.9""},""wL"":{""N"":""38.969307""},""tL"":{""N"":""79.16""},""hR"":{""N"":""57.2""},""wR"":{""N"":""35.62947""},""hE"":{""N"":""99.4""},""tR"":{""N"":""91.4""}}",f4486408-f001-7017-6ea9-8539918b7be9
868032061432054,1784070000,data.qo,"{""tE"":{""N"":""69.62""},""hL"":{""N"":""71.3""},""wL"":{""N"":""38.95785""},""tL"":{""N"":""79.34""},""hR"":{""N"":""51.4""},""wR"":{""N"":""35.612625""},""hE"":{""N"":""99.9""},""tR"":{""N"":""90.86""}}",f4486408-f001-7017-6ea9-8539918b7be9
868032061432054,1784073600,data.qo,"{""tE"":{""N"":""68.54""},""hL"":{""N"":""70.6""},""wL"":{""N"":""38.735245""},""tL"":{""N"":""79.52""},""hR"":{""N"":""48.8""},""wR"":{""N"":""35.544353""},""hE"":{""N"":""99.9""},""tR"":{""N"":""91.04""}}",f4486408-f001-7017-6ea9-8539918b7be9
868032061432054,1784077200,data.qo,"{""tE"":{""N"":""67.1""},""hL"":{""N"":""71.1""},""wL"":{""N"":""38.727543""},""tL"":{""N"":""79.34""},""hR"":{""N"":""55.5""},""wR"":{""N"":""35.562737""},""hE"":{""N"":""99.9""},""tR"":{""N"":""91.04""}}",f4486408-f001-7017-6ea9-8539918b7be9
868032061432054,1784080800,data.qo,"{""tE"":{""N"":""64.4""},""hL"":{""N"":""71""},""wL"":{""N"":""38.68106""},""tL"":{""N"":""78.62""},""hR"":{""N"":""58.5""},""wR"":{""N"":""35.525684""},""hE"":{""N"":""99.9""},""tR"":{""N"":""91.22""}}",f4486408-f001-7017-6ea9-8539918b7be9
868032061432054,1784084400,data.qo,"{""tE"":{""N"":""62.96""},""hL"":{""N"":""69.6""},""wL"":{""N"":""38.356865""},""tL"":{""N"":""79.16""},""hR"":{""N"":""58.5""},""wR"":{""N"":""35.508465""},""hE"":{""N"":""99.9""},""tR"":{""N"":""91.22""}}",f4486408-f001-7017-6ea9-8539918b7be9
868032061432054,1784088000,data.qo,"{""tE"":{""N"":""61.88""},""hL"":{""N"":""70.3""},""wL"":{""N"":""38.413647""},""tL"":{""N"":""79.16""},""hR"":{""N"":""58.5""},""wR"":{""N"":""35.48229""},""hE"":{""N"":""99.9""},""tR"":{""N"":""91.22""}}",f4486408-f001-7017-6ea9-8539918b7be9
868032061432054,1784091600,data.qo,"{""tE"":{""N"":""60.8""},""hL"":{""N"":""69.8""},""wL"":{""N"":""38.443626""},""tL"":{""N"":""78.98""},""hR"":{""N"":""60.1""},""wR"":{""N"":""35.475426""},""hE"":{""N"":""99.9""},""tR"":{""N"":""91.94""}}",f4486408-f001-7017-6ea9-8539918b7be9
868032061432054,1784095200,data.qo,"{""tE"":{""N"":""60.08""},""hL"":{""N"":""69.8""},""wL"":{""N"":""38.637173""},""tL"":{""N"":""78.98""},""hR"":{""N"":""61.1""},""wR"":{""N"":""35.452793""},""hE"":{""N"":""99.9""},""tR"":{""N"":""92.3""}}",f4486408-f001-7017-6ea9-8539918b7be9
868032061432054,1784098800,data.qo,"{""tE"":{""N"":""59.18""},""hL"":{""N"":""66""},""wL"":{""N"":""38.59367""},""tL"":{""N"":""78.08""},""hR"":{""N"":""55.6""},""wR"":{""N"":""35.448315""},""hE"":{""N"":""99.9""},""tR"":{""N"":""92.12""}}",f4486408-f001-7017-6ea9-8539918b7be9
868032061432054,1784102400,data.qo,"{""tE"":{""N"":""58.82""},""hL"":{""N"":""67.1""},""wL"":{""N"":""38.449787""},""tL"":{""N"":""77.9""},""hR"":{""N"":""59.2""},""wR"":{""N"":""35.40557""},""hE"":{""N"":""99.9""},""tR"":{""N"":""92.48""}}",f4486408-f001-7017-6ea9-8539918b7be9
868032061432054,1784106000,data.qo,"{""tE"":{""N"":""57.74""},""hL"":{""N"":""67.1""},""wL"":{""N"":""38.31832""},""tL"":{""N"":""77.9""},""hR"":{""N"":""57.1""},""wR"":{""N"":""35.458767""},""hE"":{""N"":""99.9""},""tR"":{""N"":""92.3""}}",f4486408-f001-7017-6ea9-8539918b7be9
868032061432054,1784109600,data.qo,"{""tE"":{""N"":""57.2""},""hL"":{""N"":""68.6""},""wL"":{""N"":""38.44974""},""tL"":{""N"":""77.18""},""hR"":{""N"":""60.3""},""wR"":{""N"":""35.473515""},""hE"":{""N"":""99.9""},""tR"":{""N"":""92.12""}}",f4486408-f001-7017-6ea9-8539918b7be9
868032061432054,1784113200,data.qo,"{""tE"":{""N"":""57.2""},""hL"":{""N"":""64.8""},""wL"":{""N"":""38.680676""},""tL"":{""N"":""77""},""hR"":{""N"":""60.3""},""wR"":{""N"":""35.511173""},""hE"":{""N"":""99.9""},""tR"":{""N"":""92.12""}}",f4486408-f001-7017-6ea9-8539918b7be9
868032061432054,1784116800,data.qo,"{""tE"":{""N"":""57.38""},""hL"":{""N"":""64.8""},""wL"":{""N"":""38.681442""},""tL"":{""N"":""77""},""hR"":{""N"":""58.3""},""wR"":{""N"":""35.632877""},""hE"":{""N"":""99.9""},""tR"":{""N"":""92.3""}}",f4486408-f001-7017-6ea9-8539918b7be9
868032061432054,1784120400,data.qo,"{""tE"":{""N"":""60.62""},""hL"":{""N"":""64.8""},""wL"":{""N"":""38.00962""},""tL"":{""N"":""77""},""hR"":{""N"":""58.3""},""wR"":{""N"":""36.164627""},""hE"":{""N"":""99.9""},""tR"":{""N"":""92.3""}}",f4486408-f001-7017-6ea9-8539918b7be9
868032061432054,1784124000,data.qo,"{""tE"":{""N"":""105.08""},""hL"":{""N"":""68.7""},""wL"":{""N"":""37.074333""},""tL"":{""N"":""78.26""},""hR"":{""N"":""55.1""},""wR"":{""N"":""36.290764""},""hE"":{""N"":""66.1""},""tR"":{""N"":""91.76""}}",f4486408-f001-7017-6ea9-8539918b7be9
868032061432054,1784127600,data.qo,"{""tE"":{""N"":""122""},""hL"":{""N"":""67.5""},""wL"":{""N"":""36.50564""},""tL"":{""N"":""81.68""},""hR"":{""N"":""56.6""},""wR"":{""N"":""36.09827""},""hE"":{""N"":""36.9""},""tR"":{""N"":""91.76""}}",f4486408-f001-7017-6ea9-8539918b7be9
868032061432054,1784131200,data.qo,"{""tE"":{""N"":""126.68""},""hL"":{""N"":""67.5""},""wL"":{""N"":""36.004597""},""tL"":{""N"":""81.68""},""hR"":{""N"":""56.6""},""wR"":{""N"":""35.899055""},""hE"":{""N"":""33.3""},""tR"":{""N"":""92.12""}}",f4486408-f001-7017-6ea9-8539918b7be9
868032061432054,1784134800,data.qo,"{""tE"":{""N"":""126.68""},""hL"":{""N"":""65.5""},""wL"":{""N"":""35.328445""},""tL"":{""N"":""86.36""},""hR"":{""N"":""60""},""wR"":{""N"":""35.770725""},""hE"":{""N"":""33.3""},""tR"":{""N"":""92.3""}}",f4486408-f001-7017-6ea9-8539918b7be9
868032061432054,1784138400,data.qo,"{""tE"":{""N"":""123.8""},""hL"":{""N"":""66.9""},""wL"":{""N"":""34.754356""},""tL"":{""N"":""91.4""},""hR"":{""N"":""60""},""wR"":{""N"":""35.115215""},""hE"":{""N"":""39""},""tR"":{""N"":""92.3""}}",f4486408-f001-7017-6ea9-8539918b7be9
868032061432054,1784142000,data.qo,"{""tE"":{""N"":""102.92""},""hL"":{""N"":""66.9""},""wL"":{""N"":""35.033844""},""tL"":{""N"":""91.4""},""hR"":{""N"":""45.5""},""wR"":{""N"":""35.094826""},""hE"":{""N"":""51.8""},""tR"":{""N"":""93.2""}}",f4486408-f001-7017-6ea9-8539918b7be9
868032061432054,1784145600,data.qo,"{""tE"":{""N"":""85.46""},""hL"":{""N"":""54.7""},""wL"":{""N"":""35.078163""},""tL"":{""N"":""87.62""},""hR"":{""N"":""45.7""},""wR"":{""N"":""35.010406""},""hE"":{""N"":""77.7""},""tR"":{""N"":""92.66""}}",f4486408-f001-7017-6ea9-8539918b7be9
868032061432054,1784149200,data.qo,"{""tE"":{""N"":""82.04""},""hL"":{""N"":""63.4""},""wL"":{""N"":""34.51967""},""tL"":{""N"":""84.56""},""hR"":{""N"":""47.2""},""wR"":{""N"":""34.88623""},""hE"":{""N"":""85.3""},""tR"":{""N"":""93.02""}}",f4486408-f001-7017-6ea9-8539918b7be9
868032061432054,1784152800,data.qo,"{""tE"":{""N"":""80.96""},""hL"":{""N"":""58.5""},""wL"":{""N"":""34.744778""},""tL"":{""N"":""83.48""},""hR"":{""N"":""44.6""},""wR"":{""N"":""34.80083""},""hE"":{""N"":""90""},""tR"":{""N"":""93.02""}}",f4486408-f001-7017-6ea9-8539918b7be9
868032061432054,1784156400,data.qo,"{""tE"":{""N"":""77.36""},""hL"":{""N"":""58.5""},""wL"":{""N"":""22.960146""},""tL"":{""N"":""83.48""},""hR"":{""N"":""47""},""wR"":{""N"":""34.854965""},""hE"":{""N"":""94""},""tR"":{""N"":""93.02""}}",f4486408-f001-7017-6ea9-8539918b7be9
868032061432054,1784160000,data.qo,"{""tE"":{""N"":""75.56""},""hL"":{""N"":""61.9""},""wL"":{""N"":""22.847687""},""tL"":{""N"":""82.94""},""hR"":{""N"":""47""},""wR"":{""N"":""34.834385""},""hE"":{""N"":""96.4""},""tR"":{""N"":""93.02""}}",f4486408-f001-7017-6ea9-8539918b7be9
868032061432054,1784163600,data.qo,"{""tE"":{""N"":""74.66""},""hL"":{""N"":""61.9""},""wL"":{""N"":""22.866838""},""tL"":{""N"":""82.94""},""hR"":{""N"":""57.2""},""wR"":{""N"":""34.73961""},""hE"":{""N"":""98""},""tR"":{""N"":""92.3""}}",f4486408-f001-7017-6ea9-8539918b7be9
868032061432054,1784167200,data.qo,"{""tE"":{""N"":""71.96""},""hL"":{""N"":""65.9""},""wL"":{""N"":""22.80481""},""tL"":{""N"":""80.96""},""hR"":{""N"":""56.1""},""wR"":{""N"":""34.710815""},""hE"":{""N"":""98.9""},""tR"":{""N"":""92.12""}}",f4486408-f001-7017-6ea9-8539918b7be9
868032061432054,1784170800,data.qo,"{""tE"":{""N"":""69.98""},""hL"":{""N"":""68.6""},""wL"":{""N"":""22.675749""},""tL"":{""N"":""82.94""},""hR"":{""N"":""56.1""},""wR"":{""N"":""34.689255""},""hE"":{""N"":""99.9""},""tR"":{""N"":""92.12""}}",f4486408-f001-7017-6ea9-8539918b7be9
868032061432054,1784174400,data.qo,"{""tE"":{""N"":""68""},""hL"":{""N"":""67.5""},""wL"":{""N"":""22.82353""},""tL"":{""N"":""82.58""},""hR"":{""N"":""56.7""},""wR"":{""N"":""34.721874""},""hE"":{""N"":""99.9""},""tR"":{""N"":""92.3""}}",f4486408-f001-7017-6ea9-8539918b7be9
868032061432054,1784178000,data.qo,"{""tE"":{""N"":""66.74""},""hL"":{""N"":""67.5""},""wL"":{""N"":""22.88907""},""tL"":{""N"":""82.58""},""hR"":{""N"":""55.7""},""wR"":{""N"":""34.75454""},""hE"":{""N"":""99.9""},""tR"":{""N"":""91.76""}}",f4486408-f001-7017-6ea9-8539918b7be9
868032061432054,1784181600,data.qo,"{""tE"":{""N"":""65.12""},""hL"":{""N"":""67.1""},""wL"":{""N"":""22.997585""},""tL"":{""N"":""82.22""},""hR"":{""N"":""57.3""},""wR"":{""N"":""34.779037""},""hE"":{""N"":""99.9""},""tR"":{""N"":""91.22""}}",f4486408-f001-7017-6ea9-8539918b7be9
868032061432054,1784185200,data.qo,"{""tE"":{""N"":""65.12""},""hL"":{""N"":""65.9""},""wL"":{""N"":""22.980598""},""tL"":{""N"":""81.86""},""hR"":{""N"":""56.9""},""wR"":{""N"":""34.78156""},""hE"":{""N"":""99.9""},""tR"":{""N"":""90.5""}}",f4486408-f001-7017-6ea9-8539918b7be9
868032061432054,1784188800,data.qo,"{""tE"":{""N"":""64.4""},""hL"":{""N"":""69.1""},""wL"":{""N"":""22.902882""},""tL"":{""N"":""81.5""},""hR"":{""N"":""57.9""},""wR"":{""N"":""34.82421""},""hE"":{""N"":""99.9""},""tR"":{""N"":""89.96""}}",f4486408-f001-7017-6ea9-8539918b7be9
868032061432054,1784192400,data.qo,"{""tE"":{""N"":""64.4""},""hL"":{""N"":""65.7""},""wL"":{""N"":""22.864336""},""tL"":{""N"":""81.14""},""hR"":{""N"":""58.2""},""wR"":{""N"":""34.846333""},""hE"":{""N"":""99.9""},""tR"":{""N"":""89.6""}}",f4486408-f001-7017-6ea9-8539918b7be9
868032061432054,1784196000,data.qo,"{""tE"":{""N"":""64.04""},""hL"":{""N"":""65.8""},""wL"":{""N"":""22.900476""},""tL"":{""N"":""80.78""},""hR"":{""N"":""58.6""},""wR"":{""N"":""34.861076""},""hE"":{""N"":""99.9""},""tR"":{""N"":""89.42""}}",f4486408-f001-7017-6ea9-8539918b7be9
868032061432054,1784199600,data.qo,"{""tE"":{""N"":""63.5""},""hL"":{""N"":""65.8""},""wL"":{""N"":""23.04585""},""tL"":{""N"":""80.78""},""hR"":{""N"":""59.7""},""wR"":{""N"":""34.90205""},""hE"":{""N"":""99.9""},""tR"":{""N"":""89.06""}}",f4486408-f001-7017-6ea9-8539918b7be9
868032061432054,1784203200,data.qo,"{""tE"":{""N"":""64.22""},""hL"":{""N"":""65.8""},""wL"":{""N"":""23.083048""},""tL"":{""N"":""80.78""},""hR"":{""N"":""57.6""},""wR"":{""N"":""34.977272""},""hE"":{""N"":""99.9""},""tR"":{""N"":""87.8""}}",f4486408-f001-7017-6ea9-8539918b7be9
868032061432054,1784206800,data.qo,"{""tE"":{""N"":""67.1""},""hL"":{""N"":""68.2""},""wL"":{""N"":""22.44727""},""tL"":{""N"":""80.06""},""hR"":{""N"":""55.9""},""wR"":{""N"":""35.224926""},""hE"":{""N"":""99.9""},""tR"":{""N"":""87.08""}}",f4486408-f001-7017-6ea9-8539918b7be9
868032061432054,1784210400,data.qo,"{""tE"":{""N"":""67.1""},""hL"":{""N"":""69.4""},""wL"":{""N"":""22.204208""},""tL"":{""N"":""80.78""},""hR"":{""N"":""57.9""},""wR"":{""N"":""35.31616""},""hE"":{""N"":""99.9""},""tR"":{""N"":""86.9""}}",f4486408-f001-7017-6ea9-8539918b7be9
868032061432054,1784214000,data.qo,"{""tE"":{""N"":""124.34""},""hL"":{""N"":""70.1""},""wL"":{""N"":""22.426817""},""tL"":{""N"":""83.66""},""hR"":{""N"":""54.7""},""wR"":{""N"":""35.26212""},""hE"":{""N"":""34""},""tR"":{""N"":""89.96""}}",f4486408-f001-7017-6ea9-8539918b7be9
868032061432054,1784217600,data.qo,"{""tE"":{""N"":""126.14""},""hL"":{""N"":""68.5""},""wL"":{""N"":""25.805803""},""tL"":{""N"":""88.16""},""hR"":{""N"":""55.7""},""wR"":{""N"":""35.224976""},""hE"":{""N"":""30.5""},""tR"":{""N"":""93.02""}}",f4486408-f001-7017-6ea9-8539918b7be9
868032061432054,1784221200,data.qo,"{""tE"":{""N"":""121.64""},""hL"":{""N"":""60.5""},""wL"":{""N"":""25.502783""},""tL"":{""N"":""87.44""},""hR"":{""N"":""57.8""},""wR"":{""N"":""35.16431""},""hE"":{""N"":""31.9""},""tR"":{""N"":""91.4""}}",f4486408-f001-7017-6ea9-8539918b7be9
868032061432054,1784224800,data.qo,"{""tE"":{""N"":""126.5""},""hL"":{""N"":""59.3""},""wL"":{""N"":""25.667501""},""tL"":{""N"":""93.56""},""hR"":{""N"":""54.2""},""wR"":{""N"":""34.66788""},""hE"":{""N"":""29.9""},""tR"":{""N"":""93.74""}}",f4486408-f001-7017-6ea9-8539918b7be9
868032061432054,1784228400,data.qo,"{""tE"":{""N"":""105.44""},""hL"":{""N"":""46.9""},""wL"":{""N"":""26.24568""},""tL"":{""N"":""97.88""},""hR"":{""N"":""53.7""},""wR"":{""N"":""34.613235""},""hE"":{""N"":""39""},""tR"":{""N"":""95.18""}}",f4486408-f001-7017-6ea9-8539918b7be9
868032061432054,1784232000,data.qo,"{""tE"":{""N"":""86.72""},""hL"":{""N"":""50.7""},""wL"":{""N"":""26.494852""},""tL"":{""N"":""89.96""},""hR"":{""N"":""54.7""},""wR"":{""N"":""34.649216""},""hE"":{""N"":""50.6""},""tR"":{""N"":""94.1""}}",f4486408-f001-7017-6ea9-8539918b7be9
868032061432054,1784235600,data.qo,"{""tE"":{""N"":""83.12""},""hL"":{""N"":""52.7""},""wL"":{""N"":""26.48494""},""tL"":{""N"":""86.18""},""hR"":{""N"":""53.9""},""wR"":{""N"":""34.555744""},""hE"":{""N"":""53.9""},""tR"":{""N"":""93.56""}}",f4486408-f001-7017-6ea9-8539918b7be9
868032061432054,1784239200,data.qo,"{""tE"":{""N"":""82.58""},""hL"":{""N"":""56.6""},""wL"":{""N"":""26.590855""},""tL"":{""N"":""85.46""},""hR"":{""N"":""55""},""wR"":{""N"":""34.49242""},""hE"":{""N"":""55.7""},""tR"":{""N"":""93.38""}}",f4486408-f001-7017-6ea9-8539918b7be9
868032061432054,1784242800,data.qo,"{""tE"":{""N"":""80.78""},""hL"":{""N"":""56.2""},""wL"":{""N"":""26.636377""},""tL"":{""N"":""84.2""},""hR"":{""N"":""55""},""wR"":{""N"":""34.44711""},""hE"":{""N"":""58.1""},""tR"":{""N"":""93.38""}}",f4486408-f001-7017-6ea9-8539918b7be9
868032061432054,1784246400,data.qo,"{""tE"":{""N"":""79.16""},""hL"":{""N"":""56.7""},""wL"":{""N"":""26.585947""},""tL"":{""N"":""83.3""},""hR"":{""N"":""54.7""},""wR"":{""N"":""34.338146""},""hE"":{""N"":""59.7""},""tR"":{""N"":""92.84""}}",f4486408-f001-7017-6ea9-8539918b7be9
868032061432054,1784250000,data.qo,"{""tE"":{""N"":""76.28""},""hL"":{""N"":""59.6""},""wL"":{""N"":""26.577188""},""tL"":{""N"":""82.58""},""hR"":{""N"":""54.7""},""wR"":{""N"":""34.32382""},""hE"":{""N"":""62.8""},""tR"":{""N"":""92.84""}}",f4486408-f001-7017-6ea9-8539918b7be9
868032061432054,1784253600,data.qo,"{""tE"":{""N"":""72.86""},""hL"":{""N"":""65.1""},""wL"":{""N"":""26.562849""},""tL"":{""N"":""82.94""},""hR"":{""N"":""54.7""},""wR"":{""N"":""34.33133""},""hE"":{""N"":""66.1""},""tR"":{""N"":""91.94""}}",f4486408-f001-7017-6ea9-8539918b7be9
868032061432054,1784257200,data.qo,"{""tE"":{""N"":""70.7""},""hL"":{""N"":""64.6""},""wL"":{""N"":""26.367668""},""tL"":{""N"":""84.2""},""hR"":{""N"":""56.6""},""wR"":{""N"":""34.34323""},""hE"":{""N"":""68.4""},""tR"":{""N"":""91.4""}}",f4486408-f001-7017-6ea9-8539918b7be9
868032061432054,1784260800,data.qo,"{""tE"":{""N"":""68.54""},""hL"":{""N"":""64.7""},""wL"":{""N"":""26.566265""},""tL"":{""N"":""84.02""},""hR"":{""N"":""57.8""},""wR"":{""N"":""34.365585""},""hE"":{""N"":""70.7""},""tR"":{""N"":""91.58""}}",f4486408-f001-7017-6ea9-8539918b7be9
868032061432054,1784264400,data.qo,"{""tE"":{""N"":""67.1""},""hL"":{""N"":""65.5""},""wL"":{""N"":""26.502937""},""tL"":{""N"":""83.3""},""hR"":{""N"":""57.8""},""wR"":{""N"":""34.372955""},""hE"":{""N"":""72.7""},""tR"":{""N"":""91.58""}}",f4486408-f001-7017-6ea9-8539918b7be9
868032061432054,1784268000,data.qo,"{""tE"":{""N"":""66.02""},""hL"":{""N"":""65.5""},""wL"":{""N"":""26.642633""},""tL"":{""N"":""83.3""},""hR"":{""N"":""55.9""},""wR"":{""N"":""34.41976""},""hE"":{""N"":""74.4""},""tR"":{""N"":""89.96""}}",f4486408-f001-7017-6ea9-8539918b7be9
868032061432054,1784271600,data.qo,"{""tE"":{""N"":""66.02""},""hL"":{""N"":""65.5""},""wL"":{""N"":""26.588642""},""tL"":{""N"":""83.3""},""hR"":{""N"":""57.9""},""wR"":{""N"":""34.412575""},""hE"":{""N"":""74.4""},""tR"":{""N"":""89.42""}}",f4486408-f001-7017-6ea9-8539918b7be9
868032061432054,1784275200,data.qo,"{""tE"":{""N"":""64.22""},""hL"":{""N"":""65.5""},""wL"":{""N"":""26.42575""},""tL"":{""N"":""83.3""},""hR"":{""N"":""56.4""},""wR"":{""N"":""34.47413""},""hE"":{""N"":""77.2""},""tR"":{""N"":""88.7""}}",f4486408-f001-7017-6ea9-8539918b7be9
868032061432054,1784278800,data.qo,"{""tE"":{""N"":""64.04""},""hL"":{""N"":""63.8""},""wL"":{""N"":""26.412325""},""tL"":{""N"":""81.68""},""hR"":{""N"":""55.9""},""wR"":{""N"":""34.472492""},""hE"":{""N"":""78.8""},""tR"":{""N"":""88.16""}}",f4486408-f001-7017-6ea9-8539918b7be9
868032061432054,1784282400,data.qo,"{""tE"":{""N"":""64.04""},""hL"":{""N"":""63.7""},""wL"":{""N"":""26.402412""},""tL"":{""N"":""81.32""},""hR"":{""N"":""57.7""},""wR"":{""N"":""34.517105""},""hE"":{""N"":""79.9""},""tR"":{""N"":""87.62""}}",f4486408-f001-7017-6ea9-8539918b7be9
868032061432054,1784286000,data.qo,"{""tE"":{""N"":""63.86""},""hL"":{""N"":""64.6""},""wL"":{""N"":""26.563425""},""tL"":{""N"":""80.96""},""hR"":{""N"":""57.4""},""wR"":{""N"":""34.553226""},""hE"":{""N"":""81.1""},""tR"":{""N"":""87.26""}}",f4486408-f001-7017-6ea9-8539918b7be9
868032061432054,1784289600,data.qo,"{""tE"":{""N"":""64.4""},""hL"":{""N"":""65.3""},""wL"":{""N"":""26.520357""},""tL"":{""N"":""80.78""},""hR"":{""N"":""55.9""},""wR"":{""N"":""34.60246""},""hE"":{""N"":""81.5""},""tR"":{""N"":""86.54""}}",f4486408-f001-7017-6ea9-8539918b7be9
868032061432054,1784293200,data.qo,"{""tE"":{""N"":""67.1""},""hL"":{""N"":""65.3""},""wL"":{""N"":""25.715336""},""tL"":{""N"":""80.78""},""hR"":{""N"":""56.1""},""wR"":{""N"":""34.821083""},""hE"":{""N"":""79.9""},""tR"":{""N"":""86""}}",f4486408-f001-7017-6ea9-8539918b7be9
868032061432054,1784296800,data.qo,"{""tE"":{""N"":""111.38""},""hL"":{""N"":""66.9""},""wL"":{""N"":""25.359911""},""tL"":{""N"":""81.32""},""hR"":{""N"":""57.6""},""wR"":{""N"":""34.87116""},""hE"":{""N"":""45.2""},""tR"":{""N"":""86""}}",f4486408-f001-7017-6ea9-8539918b7be9
868032061432054,1784300400,data.qo,"{""tE"":{""N"":""128.3""},""hL"":{""N"":""65.3""},""wL"":{""N"":""25.71721""},""tL"":{""N"":""84.56""},""hR"":{""N"":""60.5""},""wR"":{""N"":""34.552807""},""hE"":{""N"":""32.1""},""tR"":{""N"":""87.8""}}",f4486408-f001-7017-6ea9-8539918b7be9
868032061432054,1784304000,data.qo,"{""tE"":{""N"":""118.22""},""hL"":{""N"":""65.3""},""wL"":{""N"":""26.082453""},""tL"":{""N"":""84.56""},""hR"":{""N"":""64.4""},""wR"":{""N"":""34.688602""},""hE"":{""N"":""35.6""},""tR"":{""N"":""92.12""}}",f4486408-f001-7017-6ea9-8539918b7be9
868032061432054,1784307600,data.qo,"{""tE"":{""N"":""115.16""},""hL"":{""N"":""61""},""wL"":{""N"":""26.07201""},""tL"":{""N"":""88.34""},""hR"":{""N"":""59.7""},""wR"":{""N"":""34.5907""},""hE"":{""N"":""36.4""},""tR"":{""N"":""93.2""}}",f4486408-f001-7017-6ea9-8539918b7be9
868032061432054,1784311200,data.qo,"{""tE"":{""N"":""119.48""},""hL"":{""N"":""56.2""},""wL"":{""N"":""26.124367""},""tL"":{""N"":""91.76""},""hR"":{""N"":""59.7""},""wR"":{""N"":""34.230953""},""hE"":{""N"":""33.7""},""tR"":{""N"":""93.2""}}",f4486408-f001-7017-6ea9-8539918b7be9
868032061432054,1784314800,data.qo,"{""tE"":{""N"":""99.5""},""hL"":{""N"":""51.8""},""wL"":{""N"":""26.522955""},""tL"":{""N"":""94.28""},""hR"":{""N"":""57.6""},""wR"":{""N"":""34.2723""},""hE"":{""N"":""44.5""},""tR"":{""N"":""93.74""}}",f4486408-f001-7017-6ea9-8539918b7be9
868032061432054,1784318400,data.qo,"{""tE"":{""N"":""86.9""},""hL"":{""N"":""52.1""},""wL"":{""N"":""26.745035""},""tL"":{""N"":""89.42""},""hR"":{""N"":""57.9""},""wR"":{""N"":""34.292458""},""hE"":{""N"":""53.4""},""tR"":{""N"":""92.48""}}",f4486408-f001-7017-6ea9-8539918b7be9
868032061432054,1784322000,data.qo,"{""tE"":{""N"":""82.94""},""hL"":{""N"":""61.1""},""wL"":{""N"":""26.594608""},""tL"":{""N"":""86.9""},""hR"":{""N"":""57.9""},""wR"":{""N"":""34.271038""},""hE"":{""N"":""56.8""},""tR"":{""N"":""91.76""}}",f4486408-f001-7017-6ea9-8539918b7be9
868032061432054,1784325600,data.qo,"{""tE"":{""N"":""80.96""},""hL"":{""N"":""60.8""},""wL"":{""N"":""26.770252""},""tL"":{""N"":""85.82""},""hR"":{""N"":""59""},""wR"":{""N"":""34.21005""},""hE"":{""N"":""58.4""},""tR"":{""N"":""92.3""}}",f4486408-f001-7017-6ea9-8539918b7be9
868032061432054,1784329200,data.qo,"{""tE"":{""N"":""79.52""},""hL"":{""N"":""63.9""},""wL"":{""N"":""26.788538""},""tL"":{""N"":""85.46""},""hR"":{""N"":""56.4""},""wR"":{""N"":""34.174397""},""hE"":{""N"":""59.8""},""tR"":{""N"":""92.3""}}",f4486408-f001-7017-6ea9-8539918b7be9
868032061432054,1784332800,data.qo,"{""hL"":{""N"":""61""},""wR"":{""N"":""34.138836""},""hE"":{""N"":""61.3""},""hR"":{""N"":""56.4""},""tL"":{""N"":""85.1""},""tR"":{""N"":""91.76""},""wL"":{""N"":""26.72651""},""tE"":{""N"":""78.44""}}",f4486408-f001-7017-6ea9-8539918b7be9
868032061432054,1784336400,data.qo,"{""tE"":{""N"":""75.92""},""hL"":{""N"":""61.8""},""wL"":{""N"":""26.774775""},""tL"":{""N"":""83.66""},""hR"":{""N"":""56.7""},""wR"":{""N"":""34.15652""},""hE"":{""N"":""63.9""},""tR"":{""N"":""91.04""}}",f4486408-f001-7017-6ea9-8539918b7be9
868032061432054,1784340000,data.qo,"{""tE"":{""N"":""72.86""},""hL"":{""N"":""61.8""},""wL"":{""N"":""26.681372""},""tL"":{""N"":""83.66""},""hR"":{""N"":""56.9""},""wR"":{""N"":""34.15652""},""hE"":{""N"":""66.8""},""tR"":{""N"":""90.5""}}",f4486408-f001-7017-6ea9-8539918b7be9
868032061432054,1784343600,data.qo,"{""tE"":{""N"":""71.06""},""hL"":{""N"":""65.4""},""wL"":{""N"":""26.380661""},""tL"":{""N"":""84.2""},""hR"":{""N"":""56.9""},""wR"":{""N"":""34.17612""},""hE"":{""N"":""68.7""},""tR"":{""N"":""90.5""}}",f4486408-f001-7017-6ea9-8539918b7be9
868032061432054,1784347200,data.qo,"{""tE"":{""N"":""71.06""},""hL"":{""N"":""65""},""wL"":{""N"":""26.506979""},""tL"":{""N"":""84.2""},""hR"":{""N"":""56.9""},""wR"":{""N"":""34.211636""},""hE"":{""N"":""68.7""},""tR"":{""N"":""90.5""}}",f4486408-f001-7017-6ea9-8539918b7be9
868032061432054,1784350740,data.qo,"{""tE"":{""N"":""71.06""},""hL"":{""N"":""66.5""},""wL"":{""N"":""26.610151""},""tL"":{""N"":""83.84""},""hR"":{""N"":""57.8""},""wR"":{""N"":""34.209442""},""hE"":{""N"":""68.7""},""tR"":{""N"":""90.14""}}",f4486408-f001-7017-6ea9-8539918b7be9
868032061432054,1784354400,data.qo,"{""tE"":{""N"":""67.1""},""hL"":{""N"":""64.4""},""wL"":{""N"":""26.581568""},""tL"":{""N"":""83.12""},""hR"":{""N"":""57.1""},""wR"":{""N"":""34.151203""},""hE"":{""N"":""74.2""},""tR"":{""N"":""89.42""}}",f4486408-f001-7017-6ea9-8539918b7be9
868032061432054,1784358000,data.qo,"{""tE"":{""N"":""66.74""},""hL"":{""N"":""65""},""wL"":{""N"":""26.455633""},""tL"":{""N"":""82.94""},""hR"":{""N"":""57.4""},""wR"":{""N"":""34.25382""},""hE"":{""N"":""75.3""},""tR"":{""N"":""88.88""}}",f4486408-f001-7017-6ea9-8539918b7be9
868032061432054,1784361600,data.qo,"{""tE"":{""N"":""67.46""},""hL"":{""N"":""65""},""wL"":{""N"":""26.615349""},""tL"":{""N"":""82.94""},""hR"":{""N"":""57.4""},""wR"":{""N"":""34.35191""},""hE"":{""N"":""76.5""},""tR"":{""N"":""88.88""}}",f4486408-f001-7017-6ea9-8539918b7be9
868032061432054,1784365200,data.qo,"{""tE"":{""N"":""68""},""hL"":{""N"":""70.2""},""wL"":{""N"":""26.346687""},""tL"":{""N"":""82.58""},""hR"":{""N"":""57.4""},""wR"":{""N"":""34.36059""},""hE"":{""N"":""79.1""},""tR"":{""N"":""88.88""}}",f4486408-f001-7017-6ea9-8539918b7be9
868032061432054,1784368800,data.qo,"{""tE"":{""N"":""67.46""},""hL"":{""N"":""68""},""wL"":{""N"":""26.408043""},""tL"":{""N"":""82.4""},""hR"":{""N"":""59.4""},""wR"":{""N"":""34.356857""},""hE"":{""N"":""80.2""},""tR"":{""N"":""87.98""}}",f4486408-f001-7017-6ea9-8539918b7be9
868032061432054,1784372400,data.qo,"{""tE"":{""N"":""66.74""},""hL"":{""N"":""66.2""},""wL"":{""N"":""26.57945""},""tL"":{""N"":""82.22""},""hR"":{""N"":""59.1""},""wR"":{""N"":""34.411407""},""hE"":{""N"":""81.3""},""tR"":{""N"":""87.98""}}",f4486408-f001-7017-6ea9-8539918b7be9
868032061432054,1784376000,data.qo,"{""tE"":{""N"":""67.1""},""hL"":{""N"":""67.9""},""wL"":{""N"":""26.44803""},""tL"":{""N"":""81.86""},""hR"":{""N"":""59.1""},""wR"":{""N"":""34.450516""},""hE"":{""N"":""81.6""},""tR"":{""N"":""87.98""}}",f4486408-f001-7017-6ea9-8539918b7be9
868032061432054,1784379600,data.qo,"{""tE"":{""N"":""69.98""},""hL"":{""N"":""66.3""},""wL"":{""N"":""25.865858""},""tL"":{""N"":""81.5""},""hR"":{""N"":""58.4""},""wR"":{""N"":""34.6075""},""hE"":{""N"":""79""},""tR"":{""N"":""87.62""}}",f4486408-f001-7017-6ea9-8539918b7be9
868032061432054,1784383200,data.qo,"{""tE"":{""N"":""109.04""},""hL"":{""N"":""67.7""},""wL"":{""N"":""25.68959""},""tL"":{""N"":""82.4""},""hR"":{""N"":""59.8""},""wR"":{""N"":""34.560318""},""hE"":{""N"":""47.5""},""tR"":{""N"":""87.44""}}",f4486408-f001-7017-6ea9-8539918b7be9
868032061432054,1784386800,data.qo,"{""tE"":{""N"":""120.92""},""hL"":{""N"":""67.7""},""wL"":{""N"":""26.052185""},""tL"":{""N"":""85.1""},""hR"":{""N"":""62.3""},""wR"":{""N"":""34.56368""},""hE"":{""N"":""35.9""},""tR"":{""N"":""89.42""}}",f4486408-f001-7017-6ea9-8539918b7be9
868032061432054,1784390400,data.qo,"{""tE"":{""N"":""113.72""},""hL"":{""N"":""63.5""},""wL"":{""N"":""26.363626""},""tL"":{""N"":""88.7""},""hR"":{""N"":""62.3""},""wR"":{""N"":""34.725746""},""hE"":{""N"":""37.7""},""tR"":{""N"":""89.42""}}",f4486408-f001-7017-6ea9-8539918b7be9
868032061432054,1784394000,data.qo,"{""tE"":{""N"":""87.62""},""hL"":{""N"":""66""},""wL"":{""N"":""26.143278""},""tL"":{""N"":""83.66""},""hR"":{""N"":""62.3""},""wR"":{""N"":""34.673344""},""hE"":{""N"":""54.5""},""tR"":{""N"":""89.42""}}",f4486408-f001-7017-6ea9-8539918b7be9
868032061432054,1784397600,data.qo,"{""tE"":{""N"":""74.66""},""hL"":{""N"":""68.1""},""wL"":{""N"":""25.62583""},""tL"":{""N"":""82.22""},""hR"":{""N"":""59.4""},""wR"":{""N"":""34.599377""},""hE"":{""N"":""66.4""},""tR"":{""N"":""91.4""}}",f4486408-f001-7017-6ea9-8539918b7be9
868032061432054,1784401200,data.qo,"{""tE"":{""N"":""80.24""},""hL"":{""N"":""66.4""},""wL"":{""N"":""25.70239""},""tL"":{""N"":""84.02""},""hR"":{""N"":""60.1""},""wR"":{""N"":""34.78254""},""hE"":{""N"":""63.3""},""tR"":{""N"":""90.32""}}",f4486408-f001-7017-6ea9-8539918b7be9
868032061432054,1784404800,data.qo,"{""tE"":{""N"":""74.12""},""hL"":{""N"":""66.4""},""wL"":{""N"":""25.992804""},""tL"":{""N"":""84.02""},""hR"":{""N"":""60""},""wR"":{""N"":""34.795933""},""hE"":{""N"":""70.8""},""tR"":{""N"":""90.32""}}",f4486408-f001-7017-6ea9-8539918b7be9
868032061432054,1784408400,data.qo,"{""tE"":{""N"":""70.52""},""hL"":{""N"":""67""},""wL"":{""N"":""25.664375""},""tL"":{""N"":""80.78""},""hR"":{""N"":""60""},""wR"":{""N"":""34.796772""},""hE"":{""N"":""78.8""},""tR"":{""N"":""90.32""}}",f4486408-f001-7017-6ea9-8539918b7be9
868032061432054,1784412000,data.qo,"{""tE"":{""N"":""74.12""},""hL"":{""N"":""70""},""wL"":{""N"":""25.695557""},""tL"":{""N"":""81.32""},""hR"":{""N"":""60.3""},""wR"":{""N"":""34.801113""},""hE"":{""N"":""83.7""},""tR"":{""N"":""88.7""}}",f4486408-f001-7017-6ea9-8539918b7be9
868032061432054,1784415600,data.qo,"{""tE"":{""N"":""75.56""},""hL"":{""N"":""71.4""},""wL"":{""N"":""25.757153""},""tL"":{""N"":""82.22""},""hR"":{""N"":""60.9""},""wR"":{""N"":""34.73256""},""hE"":{""N"":""86.2""},""tR"":{""N"":""88.16""}}",f4486408-f001-7017-6ea9-8539918b7be9
868032061432054,1784419200,data.qo,"{""tE"":{""N"":""73.04""},""hL"":{""N"":""69.2""},""wL"":{""N"":""25.844637""},""tL"":{""N"":""81.5""},""hR"":{""N"":""62.3""},""wR"":{""N"":""34.763546""},""hE"":{""N"":""90.3""},""tR"":{""N"":""88.16""}}",f4486408-f001-7017-6ea9-8539918b7be9
868032061432054,1784422800,data.qo,"{""tE"":{""N"":""71.42""},""hL"":{""N"":""68.5""},""wL"":{""N"":""26.076054""},""tL"":{""N"":""81.32""},""hR"":{""N"":""61.8""},""wR"":{""N"":""34.767094""},""hE"":{""N"":""93.6""},""tR"":{""N"":""88.16""}}",f4486408-f001-7017-6ea9-8539918b7be9
868032061432054,1784426400,data.qo,"{""tE"":{""N"":""69.44""},""hL"":{""N"":""71.2""},""wL"":{""N"":""26.085243""},""tL"":{""N"":""81.14""},""hR"":{""N"":""62.5""},""wR"":{""N"":""34.76658""},""hE"":{""N"":""97.9""},""tR"":{""N"":""87.98""}}",f4486408-f001-7017-6ea9-8539918b7be9
868032061432054,1784430000,data.qo,"{""tE"":{""N"":""69.26""},""hL"":{""N"":""71.6""},""wL"":{""N"":""26.046507""},""tL"":{""N"":""81.5""},""hR"":{""N"":""62.1""},""wR"":{""N"":""34.808205""},""hE"":{""N"":""99.9""},""tR"":{""N"":""87.98""}}",f4486408-f001-7017-6ea9-8539918b7be9
868032061432054,1784433600,data.qo,"{""tE"":{""N"":""68.9""},""hL"":{""N"":""71.6""},""wL"":{""N"":""26.279558""},""tL"":{""N"":""81.5""},""hR"":{""N"":""62.1""},""wR"":{""N"":""34.755005""},""hE"":{""N"":""99.9""},""tR"":{""N"":""87.98""}}",f4486408-f001-7017-6ea9-8539918b7be9
868032061432054,1784437200,data.qo,"{""tE"":{""N"":""66.74""},""hL"":{""N"":""72.2""},""wL"":{""N"":""26.44625""},""tL"":{""N"":""81.32""},""hR"":{""N"":""60.9""},""wR"":{""N"":""34.773067""},""hE"":{""N"":""99.9""},""tR"":{""N"":""88.16""}}",f4486408-f001-7017-6ea9-8539918b7be9
868032061432054,1784440800,data.qo,"{""tE"":{""N"":""66.38""},""hL"":{""N"":""70.3""},""wL"":{""N"":""26.519491""},""tL"":{""N"":""81.14""},""hR"":{""N"":""60.9""},""wR"":{""N"":""34.69999""},""hE"":{""N"":""99.9""},""tR"":{""N"":""87.44""}}",f4486408-f001-7017-6ea9-8539918b7be9
868032061432054,1784444400,data.qo,"{""tE"":{""N"":""66.56""},""hL"":{""N"":""70.3""},""wL"":{""N"":""26.390814""},""tL"":{""N"":""81.14""},""hR"":{""N"":""60.3""},""wR"":{""N"":""34.79598""},""hE"":{""N"":""99.9""},""tR"":{""N"":""86.9""}}",f4486408-f001-7017-6ea9-8539918b7be9
868032061432054,1784448000,data.qo,"{""tE"":{""N"":""66.56""},""hL"":{""N"":""70.5""},""wL"":{""N"":""26.250975""},""tL"":{""N"":""80.6""},""hR"":{""N"":""60.3""},""wR"":{""N"":""34.812733""},""hE"":{""N"":""99.9""},""tR"":{""N"":""86.9""}}",f4486408-f001-7017-6ea9-8539918b7be9
868032061432054,1784451600,data.qo,"{""tE"":{""N"":""66.38""},""hL"":{""N"":""70.9""},""wL"":{""N"":""26.453133""},""tL"":{""N"":""80.42""},""hR"":{""N"":""61""},""wR"":{""N"":""34.83569""},""hE"":{""N"":""99.9""},""tR"":{""N"":""86.36""}}",f4486408-f001-7017-6ea9-8539918b7be9
868032061432054,1784455200,data.qo,"{""tE"":{""N"":""66.74""},""hL"":{""N"":""73""},""wL"":{""N"":""26.022926""},""tL"":{""N"":""80.42""},""hR"":{""N"":""61.7""},""wR"":{""N"":""34.842316""},""hE"":{""N"":""99.9""},""tR"":{""N"":""86.18""}}",f4486408-f001-7017-6ea9-8539918b7be9
868032061432054,1784458800,data.qo,"{""tE"":{""N"":""67.1""},""hL"":{""N"":""72.2""},""wL"":{""N"":""26.291973""},""tL"":{""N"":""79.7""},""hR"":{""N"":""61.3""},""wR"":{""N"":""34.84381""},""hE"":{""N"":""99.9""},""tR"":{""N"":""86""}}",f4486408-f001-7017-6ea9-8539918b7be9
868032061432054,1784462400,data.qo,"{""tE"":{""N"":""67.82""},""hL"":{""N"":""73""},""wL"":{""N"":""26.310019""},""tL"":{""N"":""78.8""},""hR"":{""N"":""60.4""},""wR"":{""N"":""34.85319""},""hE"":{""N"":""99.9""},""tR"":{""N"":""86.54""}}",f4486408-f001-7017-6ea9-8539918b7be9
868032061432054,1784466000,data.qo,"{""tE"":{""N"":""69.98""},""hL"":{""N"":""71.3""},""wL"":{""N"":""25.992706""},""tL"":{""N"":""78.98""},""hR"":{""N"":""59.5""},""wR"":{""N"":""34.80279""},""hE"":{""N"":""99.9""},""tR"":{""N"":""86.18""}}",f4486408-f001-7017-6ea9-8539918b7be9
868032061432054,1784469600,data.qo,"{""tE"":{""N"":""92.84""},""hL"":{""N"":""71.5""},""wL"":{""N"":""25.772743""},""tL"":{""N"":""79.52""},""hR"":{""N"":""59.3""},""wR"":{""N"":""34.643898""},""hE"":{""N"":""68.5""},""tR"":{""N"":""86""}}",f4486408-f001-7017-6ea9-8539918b7be9
868032061432054,1784473200,data.qo,"{""tE"":{""N"":""85.82""},""hL"":{""N"":""70.4""},""wL"":{""N"":""25.57583""},""tL"":{""N"":""80.06""},""hR"":{""N"":""59.3""},""wR"":{""N"":""34.972794""},""hE"":{""N"":""76.7""},""tR"":{""N"":""86""}}",f4486408-f001-7017-6ea9-8539918b7be9
868032061432054,1784476800,data.qo,"{""tE"":{""N"":""98.24""},""hL"":{""N"":""70.4""},""wL"":{""N"":""25.669235""},""tL"":{""N"":""80.06""},""hR"":{""N"":""60.8""},""wR"":{""N"":""34.726727""},""hE"":{""N"":""59.7""},""tR"":{""N"":""87.62""}}",f4486408-f001-7017-6ea9-8539918b7be9
868032061432054,1784480400,data.qo,"{""tE"":{""N"":""82.22""},""hL"":{""N"":""68.4""},""wL"":{""N"":""25.203997""},""tL"":{""N"":""82.94""},""hR"":{""N"":""60.1""},""wR"":{""N"":""34.953194""},""hE"":{""N"":""76.7""},""tR"":{""N"":""89.06""}}",f4486408-f001-7017-6ea9-8539918b7be9
868032061432054,1784484000,data.qo,"{""tE"":{""N"":""111.56""},""hL"":{""N"":""68.4""},""wL"":{""N"":""25.274158""},""tL"":{""N"":""82.94""},""hR"":{""N"":""62.9""},""wR"":{""N"":""34.61711""},""hE"":{""N"":""47.8""},""tR"":{""N"":""89.78""}}",f4486408-f001-7017-6ea9-8539918b7be9
868032061432054,1784487600,data.qo,"{""tE"":{""N"":""89.06""},""hL"":{""N"":""62""},""wL"":{""N"":""25.305725""},""tL"":{""N"":""87.62""},""hR"":{""N"":""63.7""},""wR"":{""N"":""34.570446""},""hE"":{""N"":""65.7""},""tR"":{""N"":""90.86""}}",f4486408-f001-7017-6ea9-8539918b7be9
868032061432054,1784491200,data.qo,"{""tE"":{""N"":""82.04""},""hL"":{""N"":""66.1""},""wL"":{""N"":""25.410294""},""tL"":{""N"":""84.2""},""hR"":{""N"":""63.7""},""wR"":{""N"":""34.496246""},""hE"":{""N"":""73.6""},""tR"":{""N"":""90.86""}}",f4486408-f001-7017-6ea9-8539918b7be9
868032061432054,1784494800,data.qo,"{""tE"":{""N"":""79.7""},""hL"":{""N"":""66.4""},""wL"":{""N"":""25.553118""},""tL"":{""N"":""83.3""},""hR"":{""N"":""60.1""},""wR"":{""N"":""34.508053""},""hE"":{""N"":""74.7""},""tR"":{""N"":""91.94""}}",f4486408-f001-7017-6ea9-8539918b7be9
868032061432054,1784498400,data.qo,"{""tE"":{""N"":""76.46""},""hL"":{""N"":""68.2""},""wL"":{""N"":""25.456442""},""tL"":{""N"":""82.04""},""hR"":{""N"":""55.8""},""wR"":{""N"":""34.415844""},""hE"":{""N"":""77.6""},""tR"":{""N"":""91.76""}}",f4486408-f001-7017-6ea9-8539918b7be9
868032061432054,1784502000,data.qo,"{""tE"":{""N"":""77""},""hL"":{""N"":""66.3""},""wL"":{""N"":""25.717356""},""tL"":{""N"":""82.22""},""hR"":{""N"":""55.8""},""wR"":{""N"":""34.437916""},""hE"":{""N"":""78.3""},""tR"":{""N"":""91.76""}}",f4486408-f001-7017-6ea9-8539918b7be9
868032061432054,1784505600,data.qo,"{""tE"":{""N"":""73.76""},""hL"":{""N"":""67.8""},""wL"":{""N"":""25.697098""},""tL"":{""N"":""81.86""},""hR"":{""N"":""57.1""},""wR"":{""N"":""34.38369""},""hE"":{""N"":""81.8""},""tR"":{""N"":""90.32""}}",f4486408-f001-7017-6ea9-8539918b7be9
868032061432054,1784509200,data.qo,"{""tE"":{""N"":""73.04""},""hL"":{""N"":""67.5""},""wL"":{""N"":""25.768847""},""tL"":{""N"":""81.86""},""hR"":{""N"":""58.4""},""wR"":{""N"":""34.38747""},""hE"":{""N"":""83.2""},""tR"":{""N"":""89.78""}}",f4486408-f001-7017-6ea9-8539918b7be9
868032061432054,1784512800,data.qo,"{""tE"":{""N"":""70.88""},""hL"":{""N"":""67.5""},""wL"":{""N"":""25.472658""},""tL"":{""N"":""81.86""},""hR"":{""N"":""58.8""},""wR"":{""N"":""34.35975""},""hE"":{""N"":""86.2""},""tR"":{""N"":""89.06""}}",f4486408-f001-7017-6ea9-8539918b7be9
868032061432054,1784516400,data.qo,"{""tE"":{""N"":""70.34""},""hL"":{""N"":""70.8""},""wL"":{""N"":""25.26338""},""tL"":{""N"":""82.4""},""hR"":{""N"":""60.9""},""wR"":{""N"":""34.353825""},""hE"":{""N"":""87.5""},""tR"":{""N"":""89.06""}}",f4486408-f001-7017-6ea9-8539918b7be9
868032061432054,1784520000,data.qo,"{""tE"":{""N"":""69.98""},""hL"":{""N"":""73""},""wL"":{""N"":""25.410246""},""tL"":{""N"":""82.58""},""hR"":{""N"":""60.9""},""wR"":{""N"":""34.405388""},""hE"":{""N"":""88.6""},""tR"":{""N"":""89.06""}}",f4486408-f001-7017-6ea9-8539918b7be9
868032061432054,1784523600,data.qo,"{""tE"":{""N"":""69.8""},""hL"":{""N"":""70.8""},""wL"":{""N"":""25.323195""},""tL"":{""N"":""82.4""},""hR"":{""N"":""62.3""},""wR"":{""N"":""34.37809""},""hE"":{""N"":""89.3""},""tR"":{""N"":""89.42""}}",f4486408-f001-7017-6ea9-8539918b7be9
868032061432054,1784527200,data.qo,"{""tE"":{""N"":""69.26""},""hL"":{""N"":""69.3""},""wL"":{""N"":""25.44446""},""tL"":{""N"":""82.22""},""hR"":{""N"":""62.3""},""wR"":{""N"":""34.398857""},""hE"":{""N"":""90.3""},""tR"":{""N"":""89.42""}}",f4486408-f001-7017-6ea9-8539918b7be9
868032061432054,1784530800,data.qo,"{""tE"":{""N"":""68""},""hL"":{""N"":""69.3""},""wL"":{""N"":""25.458511""},""tL"":{""N"":""82.22""},""hR"":{""N"":""62.5""},""wR"":{""N"":""34.4164""},""hE"":{""N"":""91.7""},""tR"":{""N"":""89.24""}}",f4486408-f001-7017-6ea9-8539918b7be9
868032061432054,1784534400,data.qo,"{""tE"":{""N"":""68""},""hL"":{""N"":""71.2""},""wL"":{""N"":""25.486326""},""tL"":{""N"":""81.86""},""hR"":{""N"":""61.3""},""wR"":{""N"":""34.423634""},""hE"":{""N"":""92""},""tR"":{""N"":""89.06""}}",f4486408-f001-7017-6ea9-8539918b7be9
868032061432054,1784538000,data.qo,"{""tE"":{""N"":""68.18""},""hL"":{""N"":""71.7""},""wL"":{""N"":""25.493689""},""tL"":{""N"":""81.68""},""hR"":{""N"":""61.3""},""wR"":{""N"":""34.434696""},""hE"":{""N"":""92.2""},""tR"":{""N"":""89.06""}}",f4486408-f001-7017-6ea9-8539918b7be9
868032061432054,1784541600,data.qo,"{""tE"":{""N"":""67.1""},""hL"":{""N"":""69.8""},""wL"":{""N"":""25.639688""},""tL"":{""N"":""81.5""},""hR"":{""N"":""61.3""},""wR"":{""N"":""34.45196""},""hE"":{""N"":""93.4""},""tR"":{""N"":""89.06""}}",f4486408-f001-7017-6ea9-8539918b7be9
868032061432054,1784545200,data.qo,"{""tE"":{""N"":""66.2""},""hL"":{""N"":""69.8""},""wL"":{""N"":""25.782658""},""tL"":{""N"":""81.5""},""hR"":{""N"":""61.3""},""wR"":{""N"":""34.47133""},""hE"":{""N"":""94.3""},""tR"":{""N"":""89.06""}}",f4486408-f001-7017-6ea9-8539918b7be9
868032061432054,1784548800,data.qo,"{""tE"":{""N"":""66.2""},""hL"":{""N"":""67.7""},""wL"":{""N"":""25.876205""},""tL"":{""N"":""80.78""},""hR"":{""N"":""61.2""},""wR"":{""N"":""34.52093""},""hE"":{""N"":""94.1""},""tR"":{""N"":""88.16""}}",f4486408-f001-7017-6ea9-8539918b7be9
868032061432054,1784552400,data.qo,"{""tE"":{""N"":""69.8""},""hL"":{""N"":""68.3""},""wL"":{""N"":""25.294176""},""tL"":{""N"":""80.24""},""hR"":{""N"":""60.4""},""wR"":{""N"":""34.810677""},""hE"":{""N"":""91.2""},""tR"":{""N"":""87.8""}}",f4486408-f001-7017-6ea9-8539918b7be9
868032061432054,1784556000,data.qo,"{""tE"":{""N"":""110.84""},""hL"":{""N"":""70.8""},""wL"":{""N"":""25.060019""},""tL"":{""N"":""81.68""},""hR"":{""N"":""62.3""},""wR"":{""N"":""34.74348""},""hE"":{""N"":""51.8""},""tR"":{""N"":""87.62""}}",f4486408-f001-7017-6ea9-8539918b7be9
868032061432054,1784559600,data.qo,"{""tE"":{""N"":""105.44""},""hL"":{""N"":""68.9""},""wL"":{""N"":""25.181524""},""tL"":{""N"":""84.02""},""hR"":{""N"":""64.3""},""wR"":{""N"":""34.812824""},""hE"":{""N"":""53.1""},""tR"":{""N"":""89.96""}}",f4486408-f001-7017-6ea9-8539918b7be9
868032061432054,1784563200,data.qo,"{""tE"":{""N"":""120.56""},""hL"":{""N"":""68.9""},""wL"":{""N"":""25.463276""},""tL"":{""N"":""84.02""},""hR"":{""N"":""63.5""},""wR"":{""N"":""34.47394""},""hE"":{""N"":""39.6""},""tR"":{""N"":""91.76""}}",f4486408-f001-7017-6ea9-8539918b7be9
868032061432054,1784566800,data.qo,"{""tE"":{""N"":""105.08""},""hL"":{""N"":""63.6""},""wL"":{""N"":""25.88833""},""tL"":{""N"":""87.98""},""hR"":{""N"":""63.5""},""wR"":{""N"":""34.27468""},""hE"":{""N"":""50""},""tR"":{""N"":""91.76""}}",f4486408-f001-7017-6ea9-8539918b7be9
868032061432054,1784570400,data.qo,"{""tE"":{""N"":""86.18""},""hL"":{""N"":""62.8""},""wL"":{""N"":""25.802435""},""tL"":{""N"":""86.54""},""hR"":{""N"":""61.5""},""wR"":{""N"":""34.175888""},""hE"":{""N"":""66""},""tR"":{""N"":""93.2""}}",f4486408-f001-7017-6ea9-8539918b7be9
868032061432054,1784574000,data.qo,"{""tE"":{""N"":""78.98""},""hL"":{""N"":""65""},""wL"":{""N"":""26.366417""},""tL"":{""N"":""84.38""},""hR"":{""N"":""60.8""},""wR"":{""N"":""34.63475""},""hE"":{""N"":""71.5""},""tR"":{""N"":""92.3""}}",f4486408-f001-7017-6ea9-8539918b7be9
868032061432054,1784577600,data.qo,"{""tE"":{""N"":""76.46""},""hL"":{""N"":""69.8""},""wL"":{""N"":""26.729877""},""tL"":{""N"":""82.4""},""hR"":{""N"":""60.8""},""wR"":{""N"":""34.61389""},""hE"":{""N"":""74.4""},""tR"":{""N"":""91.76""}}",f4486408-f001-7017-6ea9-8539918b7be9
868032061432054,1784581200,data.qo,"{""tE"":{""N"":""72.5""},""hL"":{""N"":""70.9""},""wL"":{""N"":""26.537104""},""tL"":{""N"":""81.5""},""hR"":{""N"":""61.6""},""wR"":{""N"":""34.55206""},""hE"":{""N"":""79.9""},""tR"":{""N"":""91.04""}}",f4486408-f001-7017-6ea9-8539918b7be9
868032061432054,1784584800,data.qo,"{""tE"":{""N"":""72.5""},""hL"":{""N"":""70.9""},""wL"":{""N"":""26.514584""},""tL"":{""N"":""81.5""},""hR"":{""N"":""61.9""},""wR"":{""N"":""34.610485""},""hE"":{""N"":""79.9""},""tR"":{""N"":""89.96""}}",f4486408-f001-7017-6ea9-8539918b7be9
868032061432054,1784588400,data.qo,"{""tE"":{""N"":""72.14""},""hL"":{""N"":""70.9""},""wL"":{""N"":""26.565832""},""tL"":{""N"":""81.5""},""hR"":{""N"":""62.2""},""wR"":{""N"":""34.59541""},""hE"":{""N"":""83.3""},""tR"":{""N"":""88.88""}}",f4486408-f001-7017-6ea9-8539918b7be9
868032061432054,1784592000,data.qo,"{""tE"":{""N"":""71.42""},""hL"":{""N"":""70.9""},""wL"":{""N"":""26.500435""},""tL"":{""N"":""81.5""},""hR"":{""N"":""61.5""},""wR"":{""N"":""34.601852""},""hE"":{""N"":""85.9""},""tR"":{""N"":""88.16""}}",f4486408-f001-7017-6ea9-8539918b7be9
868032061432054,1784595600,data.qo,"{""tE"":{""N"":""71.06""},""hL"":{""N"":""70.9""},""wL"":{""N"":""26.439995""},""tL"":{""N"":""81.5""},""hR"":{""N"":""61.6""},""wR"":{""N"":""34.585846""},""hE"":{""N"":""87.2""},""tR"":{""N"":""87.62""}}",f4486408-f001-7017-6ea9-8539918b7be9
868032061432054,1784599200,data.qo,"{""tE"":{""N"":""68.54""},""hL"":{""N"":""70.9""},""wL"":{""N"":""26.55154""},""tL"":{""N"":""81.5""},""hR"":{""N"":""62.2""},""wR"":{""N"":""34.614635""},""hE"":{""N"":""90.3""},""tR"":{""N"":""87.26""}}",f4486408-f001-7017-6ea9-8539918b7be9
868032061432054,1784602800,data.qo,"{""tE"":{""N"":""67.46""},""hL"":{""N"":""69.2""},""wL"":{""N"":""26.289183""},""tL"":{""N"":""81.32""},""hR"":{""N"":""62.2""},""wR"":{""N"":""34.638435""},""hE"":{""N"":""92.2""},""tR"":{""N"":""87.26""}}",f4486408-f001-7017-6ea9-8539918b7be9
868032061432054,1784606400,data.qo,"{""tE"":{""N"":""67.1""},""hL"":{""N"":""68.9""},""wL"":{""N"":""26.296545""},""tL"":{""N"":""81.32""},""hR"":{""N"":""63.1""},""wR"":{""N"":""34.676983""},""hE"":{""N"":""93.3""},""tR"":{""N"":""87.62""}}",f4486408-f001-7017-6ea9-8539918b7be9
868032061432054,1784610000,data.qo,"{""tE"":{""N"":""67.28""},""hL"":{""N"":""72.1""},""wL"":{""N"":""26.411987""},""tL"":{""N"":""81.14""},""hR"":{""N"":""63.2""},""wR"":{""N"":""34.71716""},""hE"":{""N"":""94.1""},""tR"":{""N"":""87.62""}}",f4486408-f001-7017-6ea9-8539918b7be9
868032061432054,1784613600,data.qo,"{""tE"":{""N"":""67.64""},""hL"":{""N"":""71.3""},""wL"":{""N"":""26.248327""},""tL"":{""N"":""80.78""},""hR"":{""N"":""63.2""},""wR"":{""N"":""34.73074""},""hE"":{""N"":""94.7""},""tR"":{""N"":""87.62""}}",f4486408-f001-7017-6ea9-8539918b7be9
868032061432054,1784617200,data.qo,"{""tE"":{""N"":""67.46""},""hL"":{""N"":""71.2""},""wL"":{""N"":""26.110268""},""tL"":{""N"":""80.24""},""hR"":{""N"":""63.4""},""wR"":{""N"":""34.741333""},""hE"":{""N"":""95.9""},""tR"":{""N"":""87.44""}}",f4486408-f001-7017-6ea9-8539918b7be9
868032061432054,1784620800,data.qo,"{""tE"":{""N"":""67.28""},""hL"":{""N"":""73.5""},""wL"":{""N"":""26.071241""},""tL"":{""N"":""80.6""},""hR"":{""N"":""64""},""wR"":{""N"":""34.688927""},""hE"":{""N"":""96.7""},""tR"":{""N"":""87.62""}}",f4486408-f001-7017-6ea9-8539918b7be9
868032061432054,1784624400,data.qo,"{""tE"":{""N"":""66.56""},""hL"":{""N"":""71.1""},""wL"":{""N"":""26.305447""},""tL"":{""N"":""80.42""},""hR"":{""N"":""64""},""wR"":{""N"":""34.766907""},""hE"":{""N"":""97.5""},""tR"":{""N"":""87.62""}}",f4486408-f001-7017-6ea9-8539918b7be9
868032061432054,1784628000,data.qo,"{""tE"":{""N"":""66.74""},""hL"":{""N"":""71.1""},""wL"":{""N"":""26.19034""},""tL"":{""N"":""80.42""},""hR"":{""N"":""63.7""},""wR"":{""N"":""34.767654""},""hE"":{""N"":""98.1""},""tR"":{""N"":""87.62""}}",f4486408-f001-7017-6ea9-8539918b7be9
868032061432054,1784631600,data.qo,"{""tE"":{""N"":""66.74""},""hL"":{""N"":""72.8""},""wL"":{""N"":""26.357273""},""tL"":{""N"":""79.7""},""hR"":{""N"":""64.4""},""wR"":{""N"":""34.777405""},""hE"":{""N"":""98.1""},""tR"":{""N"":""87.44""}}",f4486408-f001-7017-6ea9-8539918b7be9
868032061432054,1784635200,data.qo,"{""tE"":{""N"":""66.92""},""hL"":{""N"":""72.8""},""wL"":{""N"":""26.418003""},""tL"":{""N"":""79.7""},""hR"":{""N"":""62.7""},""wR"":{""N"":""34.800274""},""hE"":{""N"":""98.6""},""tR"":{""N"":""87.44""}}",f4486408-f001-7017-6ea9-8539918b7be9
868032061432054,1784638800,data.qo,"{""tE"":{""N"":""69.62""},""hL"":{""N"":""70""},""wL"":{""N"":""26.219936""},""tL"":{""N"":""78.62""},""hR"":{""N"":""61.3""},""wR"":{""N"":""34.785107""},""hE"":{""N"":""96.2""},""tR"":{""N"":""87.08""}}",f4486408-f001-7017-6ea9-8539918b7be9
868032061432054,1784642400,data.qo,"{""tE"":{""N"":""87.44""},""hL"":{""N"":""72.8""},""wL"":{""N"":""25.856138""},""tL"":{""N"":""79.34""},""hR"":{""N"":""62.6""},""wR"":{""N"":""34.91572""},""hE"":{""N"":""78.2""},""tR"":{""N"":""86.9""}}",f4486408-f001-7017-6ea9-8539918b7be9
868032061432054,1784646000,data.qo,"{""tE"":{""N"":""94.64""},""hL"":{""N"":""72.8""},""wL"":{""N"":""25.521887""},""tL"":{""N"":""79.34""},""hR"":{""N"":""64""},""wR"":{""N"":""34.595318""},""hE"":{""N"":""67.2""},""tR"":{""N"":""87.62""}}",f4486408-f001-7017-6ea9-8539918b7be9
868032061432054,1784649600,data.qo,"{""tE"":{""N"":""95""},""hL"":{""N"":""70""},""wL"":{""N"":""25.334118""},""tL"":{""N"":""84.02""},""hR"":{""N"":""63.2""},""wR"":{""N"":""34.475292""},""hE"":{""N"":""60.6""},""tR"":{""N"":""89.6""}}",f4486408-f001-7017-6ea9-8539918b7be9
868032061432054,1784653200,data.qo,"{""tE"":{""N"":""94.28""},""hL"":{""N"":""66.8""},""wL"":{""N"":""25.314196""},""tL"":{""N"":""84.38""},""hR"":{""N"":""64.3""},""wR"":{""N"":""34.38327""},""hE"":{""N"":""59.5""},""tR"":{""N"":""90.5""}}",f4486408-f001-7017-6ea9-8539918b7be9
868032061432054,1784656800,data.qo,"{""tE"":{""N"":""91.58""},""hL"":{""N"":""66.8""},""wL"":{""N"":""24.953526""},""tL"":{""N"":""84.38""},""hR"":{""N"":""63.9""},""wR"":{""N"":""34.2674""},""hE"":{""N"":""64.5""},""tR"":{""N"":""91.94""}}",f4486408-f001-7017-6ea9-8539918b7be9
868032061432054,1784660400,data.qo,"{""tE"":{""N"":""93.02""},""hL"":{""N"":""66.8""},""wL"":{""N"":""25.23797""},""tL"":{""N"":""84.38""},""hR"":{""N"":""63.7""},""wR"":{""N"":""34.333103""},""hE"":{""N"":""62""},""tR"":{""N"":""92.3""}}",f4486408-f001-7017-6ea9-8539918b7be9
868032061432054,1784664000,data.qo,"{""tE"":{""N"":""83.12""},""hL"":{""N"":""66.8""},""wL"":{""N"":""25.268383""},""tL"":{""N"":""84.38""},""hR"":{""N"":""60.5""},""wR"":{""N"":""34.402355""},""hE"":{""N"":""71.5""},""tR"":{""N"":""93.02""}}",f4486408-f001-7017-6ea9-8539918b7be9
868032061432054,1784667600,data.qo,"{""tE"":{""N"":""78.08""},""hL"":{""N"":""68.8""},""wL"":{""N"":""25.308805""},""tL"":{""N"":""83.48""},""hR"":{""N"":""60.7""},""wR"":{""N"":""34.475155""},""hE"":{""N"":""79""},""tR"":{""N"":""92.48""}}",f4486408-f001-7017-6ea9-8539918b7be9
868032061432054,1784671200,data.qo,"{""tE"":{""N"":""76.64""},""hL"":{""N"":""69.9""},""wL"":{""N"":""25.351585""},""tL"":{""N"":""82.58""},""hR"":{""N"":""60.7""},""wR"":{""N"":""34.428864""},""hE"":{""N"":""86""},""tR"":{""N"":""92.48""}}",f4486408-f001-7017-6ea9-8539918b7be9
868032061432054,1784674800,data.qo,"{""tE"":{""N"":""75.38""},""hL"":{""N"":""71.3""},""wL"":{""N"":""25.321991""},""tL"":{""N"":""82.22""},""hR"":{""N"":""61.3""},""wR"":{""N"":""34.38649""},""hE"":{""N"":""89.5""},""tR"":{""N"":""91.22""}}",f4486408-f001-7017-6ea9-8539918b7be9
868032061432054,1784678400,data.qo,"{""tE"":{""N"":""73.58""},""hL"":{""N"":""69.9""},""wL"":{""N"":""25.394896""},""tL"":{""N"":""81.86""},""hR"":{""N"":""60.4""},""wR"":{""N"":""34.41267""},""hE"":{""N"":""93""},""tR"":{""N"":""90.5""}}",f4486408-f001-7017-6ea9-8539918b7be9
868032061432054,1784682000,data.qo,"{""tE"":{""N"":""71.6""},""hL"":{""N"":""70.2""},""wL"":{""N"":""25.18961""},""tL"":{""N"":""81.5""},""hR"":{""N"":""61.1""},""wR"":{""N"":""34.424477""},""hE"":{""N"":""97.1""},""tR"":{""N"":""89.96""}}",f4486408-f001-7017-6ea9-8539918b7be9
868032061432054,1784685600,data.qo,"{""tE"":{""N"":""70.7""},""hL"":{""N"":""70.5""},""wL"":{""N"":""25.138744""},""tL"":{""N"":""81.68""},""hR"":{""N"":""61.1""},""wR"":{""N"":""34.429234""},""hE"":{""N"":""99.6""},""tR"":{""N"":""89.96""}}",f4486408-f001-7017-6ea9-8539918b7be9
868032061432054,1784689200,data.qo,"{""tE"":{""N"":""70.16""},""hL"":{""N"":""73""},""wL"":{""N"":""25.045727""},""tL"":{""N"":""81.86""},""hR"":{""N"":""62.7""},""wR"":{""N"":""34.437447""},""hE"":{""N"":""99.9""},""tR"":{""N"":""89.42""}}",f4486408-f001-7017-6ea9-8539918b7be9
868032061432054,1784692800,data.qo,"{""tE"":{""N"":""69.44""},""hL"":{""N"":""70.8""},""wL"":{""N"":""24.945297""},""tL"":{""N"":""81.5""},""hR"":{""N"":""62.7""},""wR"":{""N"":""34.453503""},""hE"":{""N"":""99.9""},""tR"":{""N"":""89.42""}}",f4486408-f001-7017-6ea9-8539918b7be9
868032061432054,1784696400,data.qo,"{""tE"":{""N"":""69.08""},""hL"":{""N"":""72.1""},""wL"":{""N"":""25.166222""},""tL"":{""N"":""81.5""},""hR"":{""N"":""62.7""},""wR"":{""N"":""34.50824""},""hE"":{""N"":""99.9""},""tR"":{""N"":""89.42""}}",f4486408-f001-7017-6ea9-8539918b7be9
868032061432054,1784700000,data.qo,"{""tE"":{""N"":""68.54""},""hL"":{""N"":""72.7""},""wL"":{""N"":""25.259674""},""tL"":{""N"":""81.14""},""hR"":{""N"":""63.4""},""wR"":{""N"":""34.516594""},""hE"":{""N"":""99.9""},""tR"":{""N"":""88.7""}}",f4486408-f001-7017-6ea9-8539918b7be9
868032061432054,1784703600,data.qo,"{""tE"":{""N"":""68.54""},""hL"":{""N"":""71.6""},""wL"":{""N"":""25.251541""},""tL"":{""N"":""80.96""},""hR"":{""N"":""63.2""},""wR"":{""N"":""34.520374""},""hE"":{""N"":""99.9""},""tR"":{""N"":""88.34""}}",f4486408-f001-7017-6ea9-8539918b7be9
868032061432054,1784707200,data.qo,"{""tE"":{""N"":""68.18""},""hL"":{""N"":""71.6""},""wL"":{""N"":""25.42473""},""tL"":{""N"":""80.96""},""hR"":{""N"":""62.6""},""wR"":{""N"":""34.564007""},""hE"":{""N"":""99.9""},""tR"":{""N"":""88.34""}}",f4486408-f001-7017-6ea9-8539918b7be9
868032061432054,1784710800,data.qo,"{""tE"":{""N"":""68""},""hL"":{""N"":""73.2""},""wL"":{""N"":""25.385656""},""tL"":{""N"":""80.78""},""hR"":{""N"":""63""},""wR"":{""N"":""34.5277""},""hE"":{""N"":""99.9""},""tR"":{""N"":""87.8""}}",f4486408-f001-7017-6ea9-8539918b7be9
868032061432054,1784714400,data.qo,"{""tE"":{""N"":""67.28""},""hL"":{""N"":""73.2""},""wL"":{""N"":""25.56231""},""tL"":{""N"":""80.78""},""hR"":{""N"":""62.7""},""wR"":{""N"":""34.571846""},""hE"":{""N"":""99.9""},""tR"":{""N"":""87.62""}}",f4486408-f001-7017-6ea9-8539918b7be9
868032061432054,1784718000,data.qo,"{""tE"":{""N"":""66.92""},""hL"":{""N"":""71""},""wL"":{""N"":""25.765814""},""tL"":{""N"":""79.88""},""hR"":{""N"":""62.9""},""wR"":{""N"":""34.57553""},""hE"":{""N"":""99.9""},""tR"":{""N"":""87.26""}}",f4486408-f001-7017-6ea9-8539918b7be9
868032061432054,1784721600,data.qo,"{""tE"":{""N"":""67.1""},""hL"":{""N"":""72.3""},""wL"":{""N"":""25.807295""},""tL"":{""N"":""78.8""},""hR"":{""N"":""61.2""},""wR"":{""N"":""34.621357""},""hE"":{""N"":""99.9""},""tR"":{""N"":""87.08""}}",f4486408-f001-7017-6ea9-8539918b7be9
868032061432054,1784725200,data.qo,"{""tE"":{""N"":""71.96""},""hL"":{""N"":""71.2""},""wL"":{""N"":""25.420639""},""tL"":{""N"":""78.44""},""hR"":{""N"":""63.2""},""wR"":{""N"":""34.46111""},""hE"":{""N"":""99.9""},""tR"":{""N"":""86.9""}}",f4486408-f001-7017-6ea9-8539918b7be9
868032061432054,1784728800,data.qo,"{""tE"":{""N"":""78.98""},""hL"":{""N"":""71.2""},""wL"":{""N"":""25.335657""},""tL"":{""N"":""78.44""},""hR"":{""N"":""63.2""},""wR"":{""N"":""34.47254""},""hE"":{""N"":""92.9""},""tR"":{""N"":""86.9""}}",f4486408-f001-7017-6ea9-8539918b7be9
868032061432054,1784732400,data.qo,"{""tE"":{""N"":""73.04""},""hL"":{""N"":""70.8""},""wL"":{""N"":""25.40192""},""tL"":{""N"":""78.8""},""hR"":{""N"":""63""},""wR"":{""N"":""34.425316""},""hE"":{""N"":""99.9""},""tR"":{""N"":""87.98""}}",f4486408-f001-7017-6ea9-8539918b7be9
868032061432054,1784736000,data.qo,"{""tE"":{""N"":""74.84""},""hL"":{""N"":""70.8""},""wL"":{""N"":""25.307074""},""tL"":{""N"":""78.8""},""hR"":{""N"":""63""},""wR"":{""N"":""34.420322""},""hE"":{""N"":""99.4""},""tR"":{""N"":""87.98""}}",f4486408-f001-7017-6ea9-8539918b7be9
868032061432054,1784739600,data.qo,"{""tE"":{""N"":""77.36""},""hL"":{""N"":""72.2""},""wL"":{""N"":""25.471937""},""tL"":{""N"":""79.7""},""hR"":{""N"":""63""},""wR"":{""N"":""34.37837""},""hE"":{""N"":""98.9""},""tR"":{""N"":""87.98""}}",f4486408-f001-7017-6ea9-8539918b7be9
868032061432054,1784743200,data.qo,"{""tE"":{""N"":""75.74""},""hL"":{""N"":""71.7""},""wL"":{""N"":""25.884386""},""tL"":{""N"":""80.06""},""hR"":{""N"":""63""},""wR"":{""N"":""34.773487""},""hE"":{""N"":""99.3""},""tR"":{""N"":""87.98""}}",f4486408-f001-7017-6ea9-8539918b7be9
868032061432054,1784746800,data.qo,"{""tE"":{""N"":""71.6""},""hL"":{""N"":""70.7""},""wL"":{""N"":""26.17783""},""tL"":{""N"":""78.08""},""hR"":{""N"":""59.2""},""wR"":{""N"":""34.75543""},""hE"":{""N"":""99.9""},""tR"":{""N"":""89.24""}}",f4486408-f001-7017-6ea9-8539918b7be9
868032061432054,1784750400,data.qo,"{""tE"":{""N"":""72.86""},""hL"":{""N"":""71.9""},""wL"":{""N"":""26.080048""},""tL"":{""N"":""77.72""},""hR"":{""N"":""57.4""},""wR"":{""N"":""34.71861""},""hE"":{""N"":""95""},""tR"":{""N"":""87.62""}}",f4486408-f001-7017-6ea9-8539918b7be9
868032061432054,1784754000,data.qo,"{""tE"":{""N"":""72.5""},""hL"":{""N"":""71.9""},""wL"":{""N"":""25.790886""},""tL"":{""N"":""78.44""},""hR"":{""N"":""57.4""},""wR"":{""N"":""34.674694""},""hE"":{""N"":""96.6""},""tR"":{""N"":""87.62""}}",f4486408-f001-7017-6ea9-8539918b7be9
868032061432054,1784757600,data.qo,"{""tE"":{""N"":""72.14""},""hL"":{""N"":""73.5""},""wL"":{""N"":""25.865377""},""tL"":{""N"":""79.7""},""hR"":{""N"":""57.4""},""wR"":{""N"":""34.671616""},""hE"":{""N"":""98.6""},""tR"":{""N"":""87.62""}}",f4486408-f001-7017-6ea9-8539918b7be9
868032061432054,1784761200,data.qo,"{""hR"":{""N"":""62.6""},""wL"":{""N"":""25.658312""},""hE"":{""N"":""99.8""},""hL"":{""N"":""72.2""},""tR"":{""N"":""85.82""},""wR"":{""N"":""34.695835""},""tE"":{""N"":""71.6""},""tL"":{""N"":""78.8""}}",f4486408-f001-7017-6ea9-8539918b7be9
868032061432054,1784764800,data.qo,"{""tE"":{""N"":""69.44""},""hL"":{""N"":""71""},""wL"":{""N"":""25.681072""},""tL"":{""N"":""78.26""},""hR"":{""N"":""62.6""},""wR"":{""N"":""34.697563""},""hE"":{""N"":""99.9""},""tR"":{""N"":""85.64""}}",f4486408-f001-7017-6ea9-8539918b7be9
868032061432054,1784768400,data.qo,"{""wL"":{""N"":""25.718992""},""hR"":{""N"":""62.6""},""tR"":{""N"":""85.82""},""tE"":{""N"":""68.54""},""wR"":{""N"":""34.68426""},""hL"":{""N"":""71""},""tL"":{""N"":""78.26""},""hE"":{""N"":""99.9""}}",f4486408-f001-7017-6ea9-8539918b7be9
868032061432054,1784772000,data.qo,"{""tE"":{""N"":""67.1""},""hL"":{""N"":""72.5""},""wL"":{""N"":""25.757345""},""tL"":{""N"":""78.08""},""hR"":{""N"":""63.6""},""wR"":{""N"":""34.712776""},""hE"":{""N"":""99.9""},""tR"":{""N"":""85.82""}}",f4486408-f001-7017-6ea9-8539918b7be9
868032061432054,1784775600,data.qo,"{""tE"":{""N"":""67.1""},""hL"":{""N"":""74.3""},""wL"":{""N"":""25.74137""},""tL"":{""N"":""78.8""},""hR"":{""N"":""63.6""},""wR"":{""N"":""34.693546""},""hE"":{""N"":""99.9""},""tR"":{""N"":""85.82""}}",f4486408-f001-7017-6ea9-8539918b7be9
868032061432054,1784779200,data.qo,"{""tE"":{""N"":""66.38""},""hL"":{""N"":""76.6""},""wL"":{""N"":""25.574629""},""tL"":{""N"":""78.8""},""hR"":{""N"":""63.3""},""wR"":{""N"":""34.62388""},""hE"":{""N"":""99.9""},""tR"":{""N"":""86""}}",f4486408-f001-7017-6ea9-8539918b7be9
868032061432054,1784782800,data.qo,"{""tL"":{""N"":""78.44""},""wL"":{""N"":""25.532955""},""hR"":{""N"":""63.3""},""hE"":{""N"":""99.9""},""tR"":{""N"":""86""},""wR"":{""N"":""34.68188""},""tE"":{""N"":""66.2""},""hL"":{""N"":""74.4""}}",f4486408-f001-7017-6ea9-8539918b7be9
868032061432054,1784786400,data.qo,"{""hR"":{""N"":""64.9""},""tL"":{""N"":""78.62""},""wR"":{""N"":""34.69294""},""wL"":{""N"":""25.729002""},""tR"":{""N"":""86""},""hL"":{""N"":""74.6""},""tE"":{""N"":""66.02""},""hE"":{""N"":""99.9""}}",f4486408-f001-7017-6ea9-8539918b7be9
868032061432054,1784790000,data.qo,"{""tE"":{""N"":""66.2""},""hL"":{""N"":""76.8""},""wL"":{""N"":""25.665817""},""tL"":{""N"":""78.44""},""hR"":{""N"":""64.9""},""wR"":{""N"":""34.719215""},""hE"":{""N"":""99.9""},""tR"":{""N"":""86""}}",f4486408-f001-7017-6ea9-8539918b7be9
868032061432054,1784793600,data.qo,"{""tE"":{""N"":""66.2""},""hL"":{""N"":""76""},""wL"":{""N"":""25.775969""},""tL"":{""N"":""78.44""},""hR"":{""N"":""63.9""},""wR"":{""N"":""34.669144""},""hE"":{""N"":""99.9""},""tR"":{""N"":""86""}}",f4486408-f001-7017-6ea9-8539918b7be9
868032061432054,1784797200,data.qo,"{""tE"":{""N"":""66.2""},""hL"":{""N"":""76""},""wL"":{""N"":""25.797092""},""tL"":{""N"":""78.44""},""hR"":{""N"":""64.6""},""wR"":{""N"":""34.77199""},""hE"":{""N"":""99.9""},""tR"":{""N"":""86""}}",f4486408-f001-7017-6ea9-8539918b7be9
868032061432054,1784800800,data.qo,"{""hR"":{""N"":""64.5""},""hL"":{""N"":""75.7""},""wL"":{""N"":""25.816582""},""tR"":{""N"":""86.18""},""tE"":{""N"":""65.84""},""hE"":{""N"":""99.9""},""wR"":{""N"":""34.833824""},""tL"":{""N"":""78.62""}}",f4486408-f001-7017-6ea9-8539918b7be9
868032061432054,1784804400,data.qo,"{""hR"":{""N"":""64.7""},""wL"":{""N"":""26.237885""},""hE"":{""N"":""99.9""},""tL"":{""N"":""78.08""},""hL"":{""N"":""76.7""},""tE"":{""N"":""65.84""},""tR"":{""N"":""86.18""},""wR"":{""N"":""34.86663""}}",f4486408-f001-7017-6ea9-8539918b7be9
868032061432054,1784808000,data.qo,"{""tE"":{""N"":""65.66""},""hL"":{""N"":""75.1""},""wL"":{""N"":""26.335283""},""tL"":{""N"":""77.36""},""hR"":{""N"":""65.6""},""wR"":{""N"":""34.905502""},""hE"":{""N"":""99.9""},""tR"":{""N"":""86.18""}}",f4486408-f001-7017-6ea9-8539918b7be9
868032061432054,1784811600,data.qo,"{""tE"":{""N"":""66.2""},""hL"":{""N"":""74.6""},""wL"":{""N"":""26.574398""},""tL"":{""N"":""76.64""},""hR"":{""N"":""64.7""},""wR"":{""N"":""34.940083""},""hE"":{""N"":""99.9""},""tR"":{""N"":""86.36""}}",f4486408-f001-7017-6ea9-8539918b7be9
868032061432054,1784815200,data.qo,"{""hL"":{""N"":""77.1""},""tR"":{""N"":""86.54""},""tL"":{""N"":""77""},""hE"":{""N"":""99.9""},""hR"":{""N"":""64.5""},""wL"":{""N"":""26.490137""},""wR"":{""N"":""34.906715""},""tE"":{""N"":""66.38""}}",f4486408-f001-7017-6ea9-8539918b7be9
868032061432054,1784818800,data.qo,"{""hR"":{""N"":""66.8""},""tR"":{""N"":""86.36""},""wL"":{""N"":""26.805525""},""hE"":{""N"":""99.9""},""hL"":{""N"":""77.6""},""wR"":{""N"":""34.941807""},""tE"":{""N"":""66.38""},""tL"":{""N"":""77.36""}}",f4486408-f001-7017-6ea9-8539918b7be9
868032061432054,1784822400,data.qo,"{""tE"":{""N"":""66.92""},""hL"":{""N"":""75.7""},""wL"":{""N"":""26.865099""},""tL"":{""N"":""77.72""},""hR"":{""N"":""65.4""},""wR"":{""N"":""35.01507""},""hE"":{""N"":""99.9""},""tR"":{""N"":""86.9""}}",f4486408-f001-7017-6ea9-8539918b7be9
868032061432054,1784826000,data.qo,"{""wL"":{""N"":""26.938244""},""tL"":{""N"":""77.9""},""tR"":{""N"":""86.9""},""tE"":{""N"":""67.64""},""hL"":{""N"":""75.5""},""hR"":{""N"":""66.4""},""wR"":{""N"":""34.944607""},""hE"":{""N"":""99.9""}}",f4486408-f001-7017-6ea9-8539918b7be9
868032061432054,1784829600,data.qo,"{""wL"":{""N"":""26.907879""},""hL"":{""N"":""75.5""},""tR"":{""N"":""86.72""},""tE"":{""N"":""67.46""},""hE"":{""N"":""99.9""},""wR"":{""N"":""34.796772""},""tL"":{""N"":""77.9""},""hR"":{""N"":""65.8""}}",f4486408-f001-7017-6ea9-8539918b7be9
868032061432054,1784833200,data.qo,"{""tL"":{""N"":""77.9""},""hL"":{""N"":""75.5""},""hE"":{""N"":""99.9""},""hR"":{""N"":""65.8""},""wL"":{""N"":""26.86587""},""tR"":{""N"":""86.72""},""wR"":{""N"":""34.86318""},""tE"":{""N"":""62.42""}}",f4486408-f001-7017-6ea9-8539918b7be9
868032061432054,1784836800,data.qo,"{""tE"":{""N"":""61.88""},""tL"":{""N"":""77""},""tR"":{""N"":""84.56""},""wR"":{""N"":""34.88539""},""hL"":{""N"":""73.2""},""hE"":{""N"":""99.9""},""hR"":{""N"":""63.3""},""wL"":{""N"":""26.846764""}}",f4486408-f001-7017-6ea9-8539918b7be9
868032061432054,1784840400,data.qo,"{""tR"":{""N"":""84.56""},""hE"":{""N"":""99.9""},""tL"":{""N"":""77""},""wL"":{""N"":""26.91808""},""hL"":{""N"":""70.7""},""wR"":{""N"":""34.98913""},""tE"":{""N"":""60.98""},""hR"":{""N"":""63.3""}}",f4486408-f001-7017-6ea9-8539918b7be9
868032061432054,1784844000,data.qo,"{""hL"":{""N"":""69""},""hR"":{""N"":""64.5""},""wL"":{""N"":""26.971785""},""hE"":{""N"":""99.9""},""tL"":{""N"":""76.46""},""tR"":{""N"":""82.4""},""wR"":{""N"":""34.767513""},""tE"":{""N"":""61.7""}}",f4486408-f001-7017-6ea9-8539918b7be9
868032061432054,1784847600,data.qo,"{""tE"":{""N"":""59.36""},""hL"":{""N"":""69""},""wL"":{""N"":""27.010859""},""tL"":{""N"":""76.46""},""hR"":{""N"":""64.5""},""wR"":{""N"":""35.042324""},""hE"":{""N"":""99.9""},""tR"":{""N"":""82.4""}}",f4486408-f001-7017-6ea9-8539918b7be9
868032061432054,1784851200,data.qo,"{""tL"":{""N"":""75.92""},""hR"":{""N"":""65""},""wL"":{""N"":""27.283659""},""hE"":{""N"":""99.9""},""hL"":{""N"":""71.3""},""tR"":{""N"":""80.6""},""tE"":{""N"":""59.36""},""wR"":{""N"":""35.09417""}}",f4486408-f001-7017-6ea9-8539918b7be9
868032061432054,1784854800,data.qo,"{""hE"":{""N"":""99.9""},""tE"":{""N"":""59.36""},""hL"":{""N"":""71.3""},""tL"":{""N"":""75.56""},""tR"":{""N"":""79.88""},""hR"":{""N"":""65""},""wR"":{""N"":""35.093376""},""wL"":{""N"":""27.649525""}}",f4486408-f001-7017-6ea9-8539918b7be9
868032061432054,1784858400,data.qo,"{""hR"":{""N"":""64.5""},""wL"":{""N"":""27.921074""},""hE"":{""N"":""99.9""},""tE"":{""N"":""59""},""tR"":{""N"":""79.52""},""wR"":{""N"":""35.09207""},""hL"":{""N"":""69.6""},""tL"":{""N"":""75.38""}}",f4486408-f001-7017-6ea9-8539918b7be9
868032061432054,1784862000,data.qo,"{""hE"":{""N"":""99.9""},""tE"":{""N"":""58.46""},""tL"":{""N"":""75.38""},""tR"":{""N"":""78.98""},""hR"":{""N"":""65.6""},""wL"":{""N"":""28.102346""},""wR"":{""N"":""35.11559""},""hL"":{""N"":""72""}}",f4486408-f001-7017-6ea9-8539918b7be9
868032061432054,1784865600,data.qo,"{""tR"":{""N"":""78.8""},""hL"":{""N"":""72.9""},""wR"":{""N"":""35.11825""},""wL"":{""N"":""28.31586""},""tL"":{""N"":""75.2""},""hE"":{""N"":""99.9""},""hR"":{""N"":""65.1""},""tE"":{""N"":""58.64""}}",f4486408-f001-7017-6ea9-8539918b7be9
868032061432054,1784869200,data.qo,"{""wR"":{""N"":""35.14569""},""hR"":{""N"":""65.1""},""wL"":{""N"":""28.492226""},""hE"":{""N"":""99.9""},""tR"":{""N"":""78.8""},""hL"":{""N"":""70.4""},""tE"":{""N"":""57.92""},""tL"":{""N"":""75.02""}}",f4486408-f001-7017-6ea9-8539918b7be9
868032061432054,1784872800,data.qo,"{""hR"":{""N"":""66.1""},""tR"":{""N"":""78.08""},""hL"":{""N"":""73.9""},""wL"":{""N"":""28.789232""},""wR"":{""N"":""35.173687""},""tE"":{""N"":""57.74""},""tL"":{""N"":""74.48""},""hE"":{""N"":""99.9""}}",f4486408-f001-7017-6ea9-8539918b7be9
868032061432054,1784876400,data.qo,"{""wL"":{""N"":""28.867813""},""hE"":{""N"":""99.9""},""tE"":{""N"":""57.56""},""hR"":{""N"":""64.8""},""hL"":{""N"":""73.9""},""tL"":{""N"":""74.48""},""wR"":{""N"":""35.205654""},""tR"":{""N"":""77.9""}}",f4486408-f001-7017-6ea9-8539918b7be9
868032061432054,1784880000,data.qo,"{""tL"":{""N"":""74.48""},""wR"":{""N"":""35.224228""},""tR"":{""N"":""77.9""},""wL"":{""N"":""28.921373""},""hR"":{""N"":""65.5""},""hL"":{""N"":""73.9""},""hE"":{""N"":""99.9""},""tE"":{""N"":""57.56""}}",f4486408-f001-7017-6ea9-8539918b7be9
868032061432054,1784883600,data.qo,"{""hR"":{""N"":""64.5""},""wR"":{""N"":""35.254185""},""tR"":{""N"":""77.72""},""wL"":{""N"":""28.78976""},""tL"":{""N"":""74.48""},""hE"":{""N"":""99.9""},""tE"":{""N"":""57.56""},""hL"":{""N"":""73.9""}}",f4486408-f001-7017-6ea9-8539918b7be9
868032061432054,1784887200,data.qo,"{""tR"":{""N"":""77.9""},""tL"":{""N"":""73.94""},""tE"":{""N"":""57.74""},""wL"":{""N"":""28.920988""},""hE"":{""N"":""99.9""},""hL"":{""N"":""71.7""},""wR"":{""N"":""35.265434""},""hR"":{""N"":""64.5""}}",f4486408-f001-7017-6ea9-8539918b7be9
868032061432054,1784890800,data.qo,"{""tR"":{""N"":""77.9""},""wL"":{""N"":""28.931238""},""hE"":{""N"":""99.9""},""hR"":{""N"":""65.6""},""hL"":{""N"":""71.7""},""tE"":{""N"":""57.92""},""tL"":{""N"":""73.94""},""wR"":{""N"":""35.311306""}}",f4486408-f001-7017-6ea9-8539918b7be9
868032061432054,1784894400,data.qo,"{""hR"":{""N"":""64.4""},""hL"":{""N"":""78""},""tE"":{""N"":""58.28""},""tL"":{""N"":""73.76""},""wL"":{""N"":""28.877918""},""tR"":{""N"":""78.08""},""hE"":{""N"":""99.9""},""wR"":{""N"":""35.34719""}}",f4486408-f001-7017-6ea9-8539918b7be9
868032061432054,1784898000,data.qo,"{""tR"":{""N"":""78.08""},""wL"":{""N"":""28.836823""},""tL"":{""N"":""73.76""},""hL"":{""N"":""72.9""},""hR"":{""N"":""64.4""},""tE"":{""N"":""59.36""},""hE"":{""N"":""99.9""},""wR"":{""N"":""35.372017""}}",f4486408-f001-7017-6ea9-8539918b7be9
868032061432054,1784901600,data.qo,"{""hE"":{""N"":""99.9""},""hL"":{""N"":""73.1""},""wR"":{""N"":""35.40739""},""tL"":{""N"":""73.58""},""wL"":{""N"":""29.05183""},""tE"":{""N"":""60.98""},""tR"":{""N"":""78.08""},""hR"":{""N"":""64.4""}}",f4486408-f001-7017-6ea9-8539918b7be9
868032061432054,1784905200,data.qo,"{""hR"":{""N"":""65.3""},""wL"":{""N"":""28.819645""},""tE"":{""N"":""61.52""},""tR"":{""N"":""78.8""},""hL"":{""N"":""73.1""},""tL"":{""N"":""73.58""},""hE"":{""N"":""99.9""},""wR"":{""N"":""35.4415""}}",f4486408-f001-7017-6ea9-8539918b7be9
868032061432054,1784908800,data.qo,"{""hR"":{""N"":""67.2""},""tR"":{""N"":""79.52""},""hE"":{""N"":""99.9""},""tE"":{""N"":""62.6""},""hL"":{""N"":""73.1""},""tL"":{""N"":""73.58""},""wL"":{""N"":""29.03133""},""wR"":{""N"":""35.442856""}}",f4486408-f001-7017-6ea9-8539918b7be9
868032061432054,1784912400,data.qo,"{""hL"":{""N"":""75""},""wR"":{""N"":""35.42951""},""wL"":{""N"":""29.145763""},""tR"":{""N"":""79.88""},""hR"":{""N"":""65.5""},""tE"":{""N"":""62.78""},""hE"":{""N"":""99.9""},""tL"":{""N"":""73.94""}}",f4486408-f001-7017-6ea9-8539918b7be9
868032061432054,1784916000,data.qo,"{""tR"":{""N"":""79.88""},""wR"":{""N"":""35.45583""},""hR"":{""N"":""65.5""},""hE"":{""N"":""99.9""},""tL"":{""N"":""74.12""},""wL"":{""N"":""29.117323""},""hL"":{""N"":""73.5""},""tE"":{""N"":""63.32""}}",f4486408-f001-7017-6ea9-8539918b7be9
868032061432054,1784919600,data.qo,"{""wR"":{""N"":""35.52662""},""hE"":{""N"":""99.9""},""tR"":{""N"":""80.96""},""hR"":{""N"":""66.1""},""hL"":{""N"":""77.4""},""wL"":{""N"":""29.327374""},""tE"":{""N"":""64.4""},""tL"":{""N"":""74.3""}}",f4486408-f001-7017-6ea9-8539918b7be9
868032061432054,1784923200,data.qo,"{""hR"":{""N"":""66.2""},""hE"":{""N"":""99.9""},""wL"":{""N"":""29.26212""},""tR"":{""N"":""81.32""},""wR"":{""N"":""35.59853""},""tE"":{""N"":""64.04""},""tL"":{""N"":""74.48""},""hL"":{""N"":""74.9""}}",f4486408-f001-7017-6ea9-8539918b7be9
868032061432054,1784926800,data.qo,"{""hR"":{""N"":""66.2""},""tL"":{""N"":""74.48""},""tR"":{""N"":""81.32""},""wL"":{""N"":""29.204037""},""wR"":{""N"":""35.487934""},""hE"":{""N"":""99.9""},""hL"":{""N"":""76.8""},""tE"":{""N"":""64.94""}}",f4486408-f001-7017-6ea9-8539918b7be9
868032061432054,1784930400,data.qo,"{""tL"":{""N"":""74.48""},""hE"":{""N"":""99.9""},""hR"":{""N"":""69.8""},""wR"":{""N"":""35.52242""},""tE"":{""N"":""65.66""},""hL"":{""N"":""76.8""},""wL"":{""N"":""29.08128""},""tR"":{""N"":""82.04""}}",f4486408-f001-7017-6ea9-8539918b7be9
868032061432054,1784934000,data.qo,"{""hE"":{""N"":""99.9""},""hR"":{""N"":""69.7""},""wR"":{""N"":""35.451115""},""wL"":{""N"":""29.15274""},""hL"":{""N"":""76.8""},""tE"":{""N"":""68""},""tL"":{""N"":""74.48""},""tR"":{""N"":""82.04""}}",f4486408-f001-7017-6ea9-8539918b7be9
868032061432054,1784937600,data.qo,"{""tR"":{""N"":""82.04""},""wR"":{""N"":""35.447334""},""tE"":{""N"":""64.22""},""hR"":{""N"":""68.2""},""tL"":{""N"":""74.48""},""wL"":{""N"":""29.509607""},""hE"":{""N"":""99.9""},""hL"":{""N"":""74.2""}}",f4486408-f001-7017-6ea9-8539918b7be9
868032061432054,1784941200,data.qo,"{""wL"":{""N"":""29.499935""},""hR"":{""N"":""67.7""},""hE"":{""N"":""99.9""},""tL"":{""N"":""74.48""},""tR"":{""N"":""82.22""},""wR"":{""N"":""35.558537""},""tE"":{""N"":""62.42""},""hL"":{""N"":""74.2""}}",f4486408-f001-7017-6ea9-8539918b7be9
868032061432054,1784944800,data.qo,"{""hE"":{""N"":""99.9""},""tL"":{""N"":""74.48""},""hL"":{""N"":""74.2""},""tE"":{""N"":""61.7""},""hR"":{""N"":""67.8""},""wR"":{""N"":""35.585278""},""tR"":{""N"":""82.94""},""wL"":{""N"":""29.713402""}}",f4486408-f001-7017-6ea9-8539918b7be9
868032061432054,1784948400,data.qo,"{""hE"":{""N"":""99.9""},""tR"":{""N"":""82.58""},""hR"":{""N"":""67.7""},""wL"":{""N"":""29.532274""},""tL"":{""N"":""74.3""},""wR"":{""N"":""35.60544""},""hL"":{""N"":""76.3""},""tE"":{""N"":""61.52""}}",f4486408-f001-7017-6ea9-8539918b7be9
868032061432054,1784952000,data.qo,"{""hR"":{""N"":""67.7""},""tL"":{""N"":""74.3""},""wR"":{""N"":""35.646595""},""hE"":{""N"":""99.9""},""wL"":{""N"":""29.492332""},""tR"":{""N"":""82.58""},""tE"":{""N"":""61.52""},""hL"":{""N"":""76.3""}}",f4486408-f001-7017-6ea9-8539918b7be9
868032061432054,1784955540,data.qo,"{""hE"":{""N"":""99.9""},""tL"":{""N"":""74.3""},""tR"":{""N"":""82.04""},""wL"":{""N"":""29.713932""},""hL"":{""N"":""76.3""},""tE"":{""N"":""61.7""},""hR"":{""N"":""67.7""},""wR"":{""N"":""35.665634""}}",f4486408-f001-7017-6ea9-8539918b7be9
868032061432054,1784959200,data.qo,"{""hE"":{""N"":""99.9""},""wR"":{""N"":""35.66862""},""wL"":{""N"":""29.563168""},""tL"":{""N"":""74.48""},""hL"":{""N"":""78.7""},""hR"":{""N"":""68.6""},""tR"":{""N"":""82.04""},""tE"":{""N"":""61.7""}}",f4486408-f001-7017-6ea9-8539918b7be9
868032061432054,1784962800,data.qo,"{""tL"":{""N"":""74.66""},""tE"":{""N"":""62.06""},""wL"":{""N"":""29.537855""},""hL"":{""N"":""77.2""},""tR"":{""N"":""82.4""},""hE"":{""N"":""99.9""},""wR"":{""N"":""35.421856""},""hR"":{""N"":""66.3""}}",f4486408-f001-7017-6ea9-8539918b7be9
868032061432054,1784966400,data.qo,"{""hR"":{""N"":""65.5""},""wR"":{""N"":""35.67749""},""hE"":{""N"":""99.9""},""wL"":{""N"":""29.72091""},""hL"":{""N"":""79.7""},""tR"":{""N"":""82.4""},""tE"":{""N"":""62.06""},""tL"":{""N"":""74.48""}}",f4486408-f001-7017-6ea9-8539918b7be9
868032061432054,1784970000,data.qo,"{""hR"":{""N"":""66.1""},""tL"":{""N"":""74.48""},""tR"":{""N"":""82.58""},""wL"":{""N"":""29.714268""},""hL"":{""N"":""79.7""},""hE"":{""N"":""99.9""},""tE"":{""N"":""62.06""},""wR"":{""N"":""35.69088""}}",f4486408-f001-7017-6ea9-8539918b7be9
868032061432054,1784973600,data.qo,"{""wL"":{""N"":""29.811089""},""tL"":{""N"":""74.48""},""wR"":{""N"":""35.685654""},""tR"":{""N"":""82.58""},""hE"":{""N"":""99.9""},""hR"":{""N"":""66.3""},""hL"":{""N"":""79.7""},""tE"":{""N"":""61.88""}}",f4486408-f001-7017-6ea9-8539918b7be9
868032061432054,1784977200,data.qo,"{""tL"":{""N"":""74.48""},""hL"":{""N"":""79.7""},""hE"":{""N"":""99.9""},""tR"":{""N"":""83.3""},""tE"":{""N"":""61.7""},""wR"":{""N"":""35.76172""},""hR"":{""N"":""66.7""},""wL"":{""N"":""30.028694""}}",f4486408-f001-7017-6ea9-8539918b7be9
868032061432054,1784980800,data.qo,"{""tL"":{""N"":""74.48""},""hR"":{""N"":""65.4""},""wR"":{""N"":""35.825325""},""wL"":{""N"":""29.84025""},""tR"":{""N"":""83.3""},""hE"":{""N"":""99.9""},""hL"":{""N"":""75.9""},""tE"":{""N"":""61.7""}}",f4486408-f001-7017-6ea9-8539918b7be9
868032061432054,1784984400,data.qo,"{""hL"":{""N"":""75.9""},""hR"":{""N"":""65.5""},""wR"":{""N"":""35.81935""},""hE"":{""N"":""99.9""},""tR"":{""N"":""82.76""},""wL"":{""N"":""29.879517""},""tL"":{""N"":""74.48""},""tE"":{""N"":""63.5""}}",f4486408-f001-7017-6ea9-8539918b7be9
868032061432054,1784988000,data.qo,"{""wR"":{""N"":""35.787247""},""hR"":{""N"":""64.4""},""hE"":{""N"":""99.9""},""tE"":{""N"":""64.58""},""tL"":{""N"":""74.3""},""wL"":{""N"":""29.831781""},""hL"":{""N"":""79""},""tR"":{""N"":""82.94""}}",f4486408-f001-7017-6ea9-8539918b7be9
868032061432054,1784991600,data.qo,"{""tR"":{""N"":""82.94""},""wL"":{""N"":""30.024315""},""hL"":{""N"":""79.7""},""tE"":{""N"":""64.94""},""hE"":{""N"":""99.9""},""hR"":{""N"":""64.6""},""tL"":{""N"":""74.3""},""wR"":{""N"":""35.778378""}}",f4486408-f001-7017-6ea9-8539918b7be9
868032061432054,1784995200,data.qo,"{""tL"":{""N"":""74.12""},""hR"":{""N"":""61.8""},""wR"":{""N"":""35.7186""},""wL"":{""N"":""30.131432""},""hL"":{""N"":""76.4""},""tR"":{""N"":""83.3""},""hE"":{""N"":""99.9""},""tE"":{""N"":""64.04""}}",f4486408-f001-7017-6ea9-8539918b7be9
868032061432054,1784998800,data.qo,"{""wR"":{""N"":""35.827003""},""hR"":{""N"":""61.8""},""hE"":{""N"":""90.3""},""tR"":{""N"":""83.3""},""tE"":{""N"":""77.18""},""wL"":{""N"":""30.183836""},""hL"":{""N"":""81.2""},""tL"":{""N"":""75.02""}}",f4486408-f001-7017-6ea9-8539918b7be9
868032061432054,1785002400,data.qo,"{""tL"":{""N"":""75.56""},""tE"":{""N"":""73.4""},""tR"":{""N"":""81.5""},""wL"":{""N"":""29.596035""},""hR"":{""N"":""63.5""},""wR"":{""N"":""35.229687""},""hL"":{""N"":""79.3""},""hE"":{""N"":""99""}}",f4486408-f001-7017-6ea9-8539918b7be9
868032061432054,1785006000,data.qo,"{""hR"":{""N"":""63.5""},""hL"":{""N"":""79.3""},""wR"":{""N"":""35.28181""},""hE"":{""N"":""95.3""},""tL"":{""N"":""75.56""},""tE"":{""N"":""74.3""},""tR"":{""N"":""81.5""},""wL"":{""N"":""29.229254""}}",f4486408-f001-7017-6ea9-8539918b7be9
868032061432054,1785009600,data.qo,"{""wR"":{""N"":""35.210133""},""tL"":{""N"":""75.56""},""hE"":{""N"":""96.5""},""wL"":{""N"":""28.918821""},""tE"":{""N"":""75.56""},""hL"":{""N"":""79.3""},""tR"":{""N"":""82.94""},""hR"":{""N"":""65.2""}}",f4486408-f001-7017-6ea9-8539918b7be9
868032061432054,1785013200,data.qo,"{""hL"":{""N"":""78.3""},""tR"":{""N"":""85.64""},""wR"":{""N"":""35.077045""},""tL"":{""N"":""77.9""},""hE"":{""N"":""96.5""},""tE"":{""N"":""75.56""},""hR"":{""N"":""65.3""},""wL"":{""N"":""28.99904""}}",f4486408-f001-7017-6ea9-8539918b7be9
868032061432054,1785016800,data.qo,"{""hR"":{""N"":""64.7""},""tL"":{""N"":""77.36""},""hL"":{""N"":""79.1""},""hE"":{""N"":""99.9""},""tR"":{""N"":""87.44""},""tE"":{""N"":""72.14""},""wL"":{""N"":""29.288105""},""wR"":{""N"":""34.90816""}}",f4486408-f001-7017-6ea9-8539918b7be9
868032061432054,1785020400,data.qo,"{""tR"":{""N"":""87.44""},""wL"":{""N"":""29.192825""},""hR"":{""N"":""61.5""},""tE"":{""N"":""68.18""},""hL"":{""N"":""79""},""wR"":{""N"":""34.973076""},""hE"":{""N"":""99.9""},""tL"":{""N"":""76.64""}}",f4486408-f001-7017-6ea9-8539918b7be9
868032061432054,1785024000,data.qo,"{""tL"":{""N"":""75.92""},""hL"":{""N"":""75.7""},""tE"":{""N"":""68.18""},""hE"":{""N"":""99.9""},""hR"":{""N"":""61.8""},""tR"":{""N"":""87.44""},""wL"":{""N"":""29.25216""},""wR"":{""N"":""34.967052""}}",f4486408-f001-7017-6ea9-8539918b7be9
868032061432054,1785027600,data.qo,"{""tL"":{""N"":""75.92""},""wR"":{""N"":""34.98544""},""hL"":{""N"":""75.7""},""hE"":{""N"":""99.9""},""wL"":{""N"":""29.226799""},""tR"":{""N"":""86.54""},""hR"":{""N"":""61.6""},""tE"":{""N"":""65.84""}}",f4486408-f001-7017-6ea9-8539918b7be9
868032061432054,1785031200,data.qo,"{""hR"":{""N"":""64.5""},""tR"":{""N"":""86.18""},""hE"":{""N"":""99.9""},""wR"":{""N"":""35.025574""},""wL"":{""N"":""28.979406""},""tE"":{""N"":""64.4""},""hL"":{""N"":""77.6""},""tL"":{""N"":""75.56""}}",f4486408-f001-7017-6ea9-8539918b7be9
868032061432054,1785034800,data.qo,"{""hE"":{""N"":""99.9""},""tE"":{""N"":""64.22""},""hL"":{""N"":""76.5""},""tL"":{""N"":""76.64""},""hR"":{""N"":""64.5""},""wL"":{""N"":""29.160248""},""wR"":{""N"":""35.03584""},""tR"":{""N"":""86.18""}}",f4486408-f001-7017-6ea9-8539918b7be9
868032061432054,1785038400,data.qo,"{""tE"":{""N"":""63.68""},""wL"":{""N"":""29.128246""},""hL"":{""N"":""77.9""},""hE"":{""N"":""99.9""},""tR"":{""N"":""86""},""hR"":{""N"":""63.2""},""tL"":{""N"":""76.64""},""wR"":{""N"":""35.05329""}}",f4486408-f001-7017-6ea9-8539918b7be9
868032061432054,1785042000,data.qo,"{""wR"":{""N"":""34.975315""},""tL"":{""N"":""76.64""},""wL"":{""N"":""29.115253""},""hE"":{""N"":""99.9""},""hL"":{""N"":""76.2""},""hR"":{""N"":""63.2""},""tE"":{""N"":""63.68""},""tR"":{""N"":""85.82""}}",f4486408-f001-7017-6ea9-8539918b7be9
868032061432054,1785045600,data.qo,"{""hE"":{""N"":""99.9""},""tR"":{""N"":""85.46""},""tL"":{""N"":""76.46""},""hL"":{""N"":""79.6""},""wL"":{""N"":""29.330164""},""tE"":{""N"":""63.14""},""hR"":{""N"":""67.1""},""wR"":{""N"":""35.08997""}}",f4486408-f001-7017-6ea9-8539918b7be9
868032061432054,1785049200,data.qo,"{""wL"":{""N"":""29.342724""},""tR"":{""N"":""85.28""},""tE"":{""N"":""63.32""},""tL"":{""N"":""76.46""},""hE"":{""N"":""99.9""},""hL"":{""N"":""79.6""},""wR"":{""N"":""35.12063""},""hR"":{""N"":""64.4""}}",f4486408-f001-7017-6ea9-8539918b7be9
868032061432054,1785052800,data.qo,"{""tR"":{""N"":""85.1""},""wL"":{""N"":""29.314764""},""hR"":{""N"":""64.8""},""wR"":{""N"":""35.132202""},""tL"":{""N"":""76.46""},""tE"":{""N"":""63.5""},""hE"":{""N"":""99.9""},""hL"":{""N"":""76.5""}}",f4486408-f001-7017-6ea9-8539918b7be9
868032061432054,1785056400,data.qo,"{""wR"":{""N"":""35.128563""},""hR"":{""N"":""64.8""},""wL"":{""N"":""29.270107""},""hL"":{""N"":""77.1""},""tE"":{""N"":""63.32""},""hE"":{""N"":""99.9""},""tL"":{""N"":""76.46""},""tR"":{""N"":""85.1""}}",f4486408-f001-7017-6ea9-8539918b7be9
868032061432054,1785060000,data.qo,"{""tL"":{""N"":""76.28""},""wR"":{""N"":""35.20099""},""hR"":{""N"":""64.8""},""hE"":{""N"":""99.9""},""tE"":{""N"":""62.96""},""tR"":{""N"":""85.1""},""wL"":{""N"":""29.320877""},""hL"":{""N"":""77""}}",f4486408-f001-7017-6ea9-8539918b7be9
868032061432054,1785063600,data.qo,"{""tR"":{""N"":""85.1""},""wL"":{""N"":""29.308365""},""hR"":{""N"":""64.8""},""wR"":{""N"":""35.2883""},""tE"":{""N"":""63.5""},""hL"":{""N"":""77.5""},""tL"":{""N"":""76.28""},""hE"":{""N"":""99.9""}}",f4486408-f001-7017-6ea9-8539918b7be9
868032061432054,1785067200,data.qo,"{""tE"":{""N"":""64.22""},""tR"":{""N"":""84.92""},""hE"":{""N"":""99.9""},""wL"":{""N"":""29.307209""},""wR"":{""N"":""35.428574""},""hR"":{""N"":""64.7""},""tL"":{""N"":""75.02""},""hL"":{""N"":""76.6""}}",f4486408-f001-7017-6ea9-8539918b7be9
868032061432054,1785070800,data.qo,"{""wR"":{""N"":""35.495167""},""wL"":{""N"":""29.49546""},""hR"":{""N"":""64.7""},""tR"":{""N"":""84.92""},""hE"":{""N"":""99.9""},""tL"":{""N"":""75.02""},""hL"":{""N"":""75.3""},""tE"":{""N"":""64.4""}}",f4486408-f001-7017-6ea9-8539918b7be9
868032061432054,1785074400,data.qo,"{""tL"":{""N"":""75.2""},""wL"":{""N"":""29.230215""},""tR"":{""N"":""84.92""},""wR"":{""N"":""35.555923""},""hR"":{""N"":""63""},""hL"":{""N"":""75.1""},""tE"":{""N"":""66.38""},""hE"":{""N"":""99.9""}}",f4486408-f001-7017-6ea9-8539918b7be9
868032061432054,1785078000,data.qo,"{""hR"":{""N"":""63.5""},""tE"":{""N"":""71.42""},""hL"":{""N"":""77.5""},""hE"":{""N"":""99.9""},""tL"":{""N"":""75.2""},""wL"":{""N"":""29.110779""},""tR"":{""N"":""84.74""},""wR"":{""N"":""35.47767""}}",f4486408-f001-7017-6ea9-8539918b7be9
868032061432054,1785081600,data.qo,"{""hE"":{""N"":""99.9""},""wL"":{""N"":""29.00573""},""tE"":{""N"":""69.26""},""hL"":{""N"":""77.5""},""tL"":{""N"":""75.2""},""wR"":{""N"":""35.412384""},""hR"":{""N"":""65.6""},""tR"":{""N"":""84.92""}}",f4486408-f001-7017-6ea9-8539918b7be9
868032061432054,1785085200,data.qo,"{""hR"":{""N"":""64.8""},""tL"":{""N"":""76.46""},""wR"":{""N"":""35.432774""},""hE"":{""N"":""99.9""},""wL"":{""N"":""28.813341""},""tE"":{""N"":""75.2""},""hL"":{""N"":""78.5""},""tR"":{""N"":""85.28""}}",f4486408-f001-7017-6ea9-8539918b7be9
868032061432054,1785088800,data.qo,"{""hL"":{""N"":""78.4""},""hE"":{""N"":""93.5""},""wR"":{""N"":""35.227306""},""wL"":{""N"":""28.375051""},""tL"":{""N"":""78.08""},""hR"":{""N"":""63.7""},""tE"":{""N"":""82.04""},""tR"":{""N"":""86.18""}}",f4486408-f001-7017-6ea9-8539918b7be9
868032061432054,1785092400,data.qo,"{""wL"":{""N"":""28.35917""},""tR"":{""N"":""86.9""},""hE"":{""N"":""93.2""},""hL"":{""N"":""78.4""},""wR"":{""N"":""35.19184""},""tE"":{""N"":""80.42""},""hR"":{""N"":""66.6""},""tL"":{""N"":""78.08""}}",f4486408-f001-7017-6ea9-8539918b7be9
868032061432054,1785096000,data.qo,"{""hR"":{""N"":""65""},""wL"":{""N"":""28.433662""},""tL"":{""N"":""79.88""},""hE"":{""N"":""98.1""},""hL"":{""N"":""75.1""},""tE"":{""N"":""79.7""},""wR"":{""N"":""35.066124""},""tR"":{""N"":""87.8""}}",f4486408-f001-7017-6ea9-8539918b7be9
868032061432054,1785099600,data.qo,"{""wR"":{""N"":""35.025013""},""hE"":{""N"":""99.9""},""hL"":{""N"":""75.2""},""wL"":{""N"":""28.392422""},""tR"":{""N"":""88.34""},""tE"":{""N"":""77""},""hR"":{""N"":""64""},""tL"":{""N"":""79.34""}}",f4486408-f001-7017-6ea9-8539918b7be9
868032061432054,1785103200,data.qo,"{""hR"":{""N"":""63.5""},""tR"":{""N"":""89.06""},""tE"":{""N"":""77""},""hE"":{""N"":""99.9""},""tL"":{""N"":""78.08""},""wL"":{""N"":""28.321444""},""hL"":{""N"":""74.6""},""wR"":{""N"":""35.01731""}}",f4486408-f001-7017-6ea9-8539918b7be9
868032061432054,1785106800,data.qo,"{""tL"":{""N"":""77.9""},""hL"":{""N"":""74.5""},""wL"":{""N"":""28.447329""},""hE"":{""N"":""99.9""},""hR"":{""N"":""63.5""},""tR"":{""N"":""89.06""},""wR"":{""N"":""34.931587""},""tE"":{""N"":""73.76""}}",f4486408-f001-7017-6ea9-8539918b7be9
868032061432054,1785110400,data.qo,"{""tR"":{""N"":""89.06""},""hR"":{""N"":""63.5""},""tE"":{""N"":""71.06""},""tL"":{""N"":""77""},""wR"":{""N"":""34.77806""},""wL"":{""N"":""28.25393""},""hL"":{""N"":""75.6""},""hE"":{""N"":""99.9""}}",f4486408-f001-7017-6ea9-8539918b7be9
868032061432054,1785114000,data.qo,"{""tL"":{""N"":""77""},""wL"":{""N"":""28.259655""},""hL"":{""N"":""75.6""},""wR"":{""N"":""34.81203""},""tR"":{""N"":""88.34""},""tE"":{""N"":""68.18""},""hE"":{""N"":""99.9""},""hR"":{""N"":""63""}}",f4486408-f001-7017-6ea9-8539918b7be9
868032061432054,1785117600,data.qo,"{""hR"":{""N"":""61.6""},""tR"":{""N"":""87.8""},""wL"":{""N"":""28.067122""},""tL"":{""N"":""76.64""},""wR"":{""N"":""34.93854""},""hL"":{""N"":""75.1""},""hE"":{""N"":""99.9""},""tE"":{""N"":""66.92""}}",f4486408-f001-7017-6ea9-8539918b7be9
868032061432054,1785121200,data.qo,"{""hR"":{""N"":""62.6""},""hE"":{""N"":""99.9""},""tE"":{""N"":""66.92""},""wR"":{""N"":""34.894115""},""tR"":{""N"":""87.62""},""hL"":{""N"":""76.2""},""wL"":{""N"":""28.055477""},""tL"":{""N"":""77.72""}}",f4486408-f001-7017-6ea9-8539918b7be9
868032061432054,1785124800,data.qo,"{""wL"":{""N"":""28.241707""},""tE"":{""N"":""66.74""},""hR"":{""N"":""64.8""},""wR"":{""N"":""35.00411""},""tL"":{""N"":""77.72""},""hL"":{""N"":""78""},""hE"":{""N"":""99.9""},""tR"":{""N"":""87.26""}}",f4486408-f001-7017-6ea9-8539918b7be9
868032061432054,1785128400,data.qo,"{""hR"":{""N"":""63.5""},""tE"":{""N"":""66.56""},""hL"":{""N"":""78""},""wL"":{""N"":""28.106485""},""tR"":{""N"":""87.26""},""hE"":{""N"":""99.9""},""wR"":{""N"":""34.92076""},""tL"":{""N"":""77.72""}}",f4486408-f001-7017-6ea9-8539918b7be9
868032061432054,1785132000,data.qo,"{""tL"":{""N"":""77.72""},""wL"":{""N"":""28.056295""},""tR"":{""N"":""86.9""},""hL"":{""N"":""78""},""wR"":{""N"":""35.022213""},""hE"":{""N"":""99.9""},""hR"":{""N"":""64.5""},""tE"":{""N"":""66.02""}}",f4486408-f001-7017-6ea9-8539918b7be9
868032061432054,1785135600,data.qo,"{""wR"":{""N"":""35.061504""},""hE"":{""N"":""99.9""},""tL"":{""N"":""77.72""},""hL"":{""N"":""78""},""wL"":{""N"":""28.238531""},""hR"":{""N"":""66.6""},""tE"":{""N"":""66.92""},""tR"":{""N"":""87.08""}}",f4486408-f001-7017-6ea9-8539918b7be9
868032061432054,1785139200,data.qo,"{""hE"":{""N"":""99.9""},""hR"":{""N"":""64.9""},""hL"":{""N"":""78""},""wL"":{""N"":""28.202343""},""tR"":{""N"":""87.26""},""wR"":{""N"":""35.07009""},""tE"":{""N"":""66.56""},""tL"":{""N"":""77.72""}}",f4486408-f001-7017-6ea9-8539918b7be9
868032061432054,1785142800,data.qo,"{""wR"":{""N"":""35.081245""},""hR"":{""N"":""64.9""},""tL"":{""N"":""77.72""},""tR"":{""N"":""87.26""},""hE"":{""N"":""99.9""},""hL"":{""N"":""76.2""},""tE"":{""N"":""66.2""},""wL"":{""N"":""28.609547""}}",f4486408-f001-7017-6ea9-8539918b7be9
868032061432054,1785146400,data.qo,"{""hR"":{""N"":""64.3""},""hL"":{""N"":""76.4""},""tE"":{""N"":""65.48""},""tL"":{""N"":""77.36""},""hE"":{""N"":""99.9""},""tR"":{""N"":""86.9""},""wR"":{""N"":""35.04928""},""wL"":{""N"":""28.557142""}}",f4486408-f001-7017-6ea9-8539918b7be9
868032061432054,1785150000,data.qo,"{""hL"":{""N"":""74.7""},""wR"":{""N"":""34.999672""},""tL"":{""N"":""77""},""tE"":{""N"":""64.76""},""wL"":{""N"":""28.687551""},""tR"":{""N"":""86.9""},""hR"":{""N"":""64.3""},""hE"":{""N"":""99.9""}}",f4486408-f001-7017-6ea9-8539918b7be9
868032061432054,1785153600,data.qo,"{""hR"":{""N"":""63""},""tR"":{""N"":""86.18""},""wL"":{""N"":""28.64761""},""tL"":{""N"":""75.92""},""hE"":{""N"":""99.9""},""wR"":{""N"":""35.05362""},""tE"":{""N"":""64.4""},""hL"":{""N"":""72.5""}}",f4486408-f001-7017-6ea9-8539918b7be9
868032061432054,1785157200,data.qo,"{""tR"":{""N"":""86.18""},""tE"":{""N"":""67.28""},""hR"":{""N"":""63""},""tL"":{""N"":""76.1""},""wL"":{""N"":""28.31307""},""hE"":{""N"":""99.9""},""hL"":{""N"":""73.5""},""wR"":{""N"":""35.561947""}}",f4486408-f001-7017-6ea9-8539918b7be9
868032061432054,1785160800,data.qo,"{""hE"":{""N"":""92.8""},""wL"":{""N"":""27.71622""},""tR"":{""N"":""86.18""},""hR"":{""N"":""63""},""hL"":{""N"":""75.4""},""tE"":{""N"":""94.46""},""wR"":{""N"":""35.474075""},""tL"":{""N"":""78.08""}}",f4486408-f001-7017-6ea9-8539918b7be9
868032061432054,1785164400,data.qo,"{""hE"":{""N"":""59.8""},""wR"":{""N"":""35.233887""},""hL"":{""N"":""75""},""wL"":{""N"":""27.487597""},""tE"":{""N"":""108.32""},""tL"":{""N"":""80.96""},""hR"":{""N"":""64.5""},""tR"":{""N"":""86.18""}}",f4486408-f001-7017-6ea9-8539918b7be9
868032061432054,1785168000,data.qo,"{""hE"":{""N"":""47.4""},""wL"":{""N"":""27.199783""},""hL"":{""N"":""74.1""},""tL"":{""N"":""84.38""},""tR"":{""N"":""87.98""},""hR"":{""N"":""63""},""tE"":{""N"":""111.92""},""wR"":{""N"":""35.04746""}}",f4486408-f001-7017-6ea9-8539918b7be9
868032061432054,1785171600,data.qo,"{""hE"":{""N"":""51""},""hR"":{""N"":""63.5""},""tR"":{""N"":""89.6""},""hL"":{""N"":""66.8""},""wR"":{""N"":""34.346966""},""wL"":{""N"":""26.408186""},""tE"":{""N"":""109.04""},""tL"":{""N"":""85.82""}}",f4486408-f001-7017-6ea9-8539918b7be9
868032061432054,1785175200,data.qo,"{""tR"":{""N"":""91.04""},""wL"":{""N"":""25.842375""},""hE"":{""N"":""58.4""},""hL"":{""N"":""68.4""},""tL"":{""N"":""87.08""},""wR"":{""N"":""33.708534""},""tE"":{""N"":""102.38""},""hR"":{""N"":""65.3""}}",f4486408-f001-7017-6ea9-8539918b7be9
868032061432054,1785178800,data.qo,"{""tL"":{""N"":""87.08""},""tR"":{""N"":""91.94""},""hE"":{""N"":""77.9""},""hL"":{""N"":""68.4""},""tE"":{""N"":""86.18""},""wL"":{""N"":""25.587622""},""wR"":{""N"":""33.77727""},""hR"":{""N"":""63.8""}}",f4486408-f001-7017-6ea9-8539918b7be9
868032061432054,1785182400,data.qo,"{""hE"":{""N"":""84.1""},""hL"":{""N"":""71.2""},""hR"":{""N"":""61.6""},""wR"":{""N"":""33.69878""},""wL"":{""N"":""25.467365""},""tR"":{""N"":""92.48""},""tE"":{""N"":""84.2""},""tL"":{""N"":""87.08""}}",f4486408-f001-7017-6ea9-8539918b7be9
868032061432054,1785186000,data.qo,"{""wL"":{""N"":""25.475065""},""hL"":{""N"":""70.2""},""tL"":{""N"":""86.18""},""hR"":{""N"":""61.3""},""tR"":{""N"":""92.12""},""hE"":{""N"":""88.6""},""tE"":{""N"":""82.94""},""wR"":{""N"":""33.635365""}}",f4486408-f001-7017-6ea9-8539918b7be9
868032061432054,1785189600,data.qo,"{""tR"":{""N"":""92.12""},""hE"":{""N"":""96.1""},""hL"":{""N"":""72.7""},""wL"":{""N"":""25.500713""},""tL"":{""N"":""85.64""},""hR"":{""N"":""61.2""},""tE"":{""N"":""80.42""},""wR"":{""N"":""33.47222""}}",f4486408-f001-7017-6ea9-8539918b7be9
868032061432054,1785193200,data.qo,"{""tL"":{""N"":""85.64""},""hE"":{""N"":""99.2""},""wL"":{""N"":""25.535603""},""tR"":{""N"":""91.58""},""hR"":{""N"":""59.4""},""wR"":{""N"":""33.525978""},""hL"":{""N"":""72.7""},""tE"":{""N"":""78.26""}}",f4486408-f001-7017-6ea9-8539918b7be9
868032061432054,1785196800,data.qo,"{""hL"":{""N"":""72.5""},""tE"":{""N"":""75.2""},""hR"":{""N"":""59.2""},""wL"":{""N"":""25.541616""},""tR"":{""N"":""91.04""},""hE"":{""N"":""99.9""},""wR"":{""N"":""33.42448""},""tL"":{""N"":""83.12""}}",f4486408-f001-7017-6ea9-8539918b7be9
868032061432054,1785200400,data.qo,"{""wL"":{""N"":""25.724478""},""hE"":{""N"":""99.9""},""tL"":{""N"":""83.12""},""hR"":{""N"":""59.8""},""tR"":{""N"":""90.5""},""hL"":{""N"":""72.5""},""wR"":{""N"":""33.46214""},""tE"":{""N"":""71.78""}}",f4486408-f001-7017-6ea9-8539918b7be9
868032061432054,1785204000,data.qo,"{""hR"":{""N"":""59.5""},""tR"":{""N"":""89.96""},""hE"":{""N"":""99.9""},""tE"":{""N"":""69.26""},""tL"":{""N"":""83.12""},""hL"":{""N"":""72.5""},""wL"":{""N"":""25.5549""},""wR"":{""N"":""33.476048""}}",f4486408-f001-7017-6ea9-8539918b7be9
868032061432054,1785207600,data.qo,"{""hL"":{""N"":""72.6""},""wL"":{""N"":""25.672747""},""wR"":{""N"":""33.47194""},""hE"":{""N"":""99.9""},""tR"":{""N"":""89.96""},""tL"":{""N"":""82.4""},""tE"":{""N"":""68.54""},""hR"":{""N"":""59.5""}}",f4486408-f001-7017-6ea9-8539918b7be9
868032061432054,1785211200,data.qo,"{""hE"":{""N"":""99.9""},""tE"":{""N"":""66.2""},""hR"":{""N"":""61""},""tL"":{""N"":""82.4""},""wR"":{""N"":""33.506332""},""hL"":{""N"":""72.6""},""tR"":{""N"":""89.06""},""wL"":{""N"":""25.5523""}}",f4486408-f001-7017-6ea9-8539918b7be9
868032061432054,1785214800,data.qo,"{""wR"":{""N"":""33.601997""},""tR"":{""N"":""89.06""},""hR"":{""N"":""61""},""hL"":{""N"":""73.6""},""tL"":{""N"":""81.5""},""wL"":{""N"":""25.814898""},""tE"":{""N"":""66.2""},""hE"":{""N"":""99.9""}}",f4486408-f001-7017-6ea9-8539918b7be9
868032061432054,1785218400,data.qo,"{""hR"":{""N"":""61.5""},""tL"":{""N"":""80.96""},""hE"":{""N"":""99.9""},""hL"":{""N"":""73.6""},""tR"":{""N"":""88.34""},""wR"":{""N"":""33.647495""},""tE"":{""N"":""65.84""},""wL"":{""N"":""25.871922""}}",f4486408-f001-7017-6ea9-8539918b7be9
868032061432054,1785222000,data.qo,"{""hL"":{""N"":""74.3""},""tE"":{""N"":""65.84""},""tL"":{""N"":""80.6""},""wL"":{""N"":""25.8379""},""hR"":{""N"":""60""},""tR"":{""N"":""87.08""},""wR"":{""N"":""33.637184""},""hE"":{""N"":""99.9""}}",f4486408-f001-7017-6ea9-8539918b7be9
868032061432054,1785225600,data.qo,"{""tR"":{""N"":""86""},""hR"":{""N"":""61.3""},""wL"":{""N"":""25.511684""},""wR"":{""N"":""33.58725""},""tE"":{""N"":""67.1""},""hE"":{""N"":""99.9""},""hL"":{""N"":""73.8""},""tL"":{""N"":""80.42""}}",f4486408-f001-7017-6ea9-8539918b7be9
868032061432054,1785229200,data.qo,"{""wL"":{""N"":""25.419725""},""tR"":{""N"":""86""},""wR"":{""N"":""33.608204""},""tE"":{""N"":""67.46""},""hL"":{""N"":""73.4""},""hR"":{""N"":""62.4""},""hE"":{""N"":""99.9""},""tL"":{""N"":""80.42""}}",f4486408-f001-7017-6ea9-8539918b7be9
868032061432054,1785232800,data.qo,"{""tL"":{""N"":""80.24""},""hL"":{""N"":""73.2""},""tR"":{""N"":""86.18""},""hR"":{""N"":""63.9""},""wR"":{""N"":""33.60195""},""hE"":{""N"":""99.9""},""tE"":{""N"":""67.46""},""wL"":{""N"":""25.373915""}}",f4486408-f001-7017-6ea9-8539918b7be9
868032061432054,1785236400,data.qo,"{""tL"":{""N"":""79.88""},""hE"":{""N"":""99.9""},""tR"":{""N"":""86.54""},""tE"":{""N"":""67.1""},""wR"":{""N"":""33.59047""},""hR"":{""N"":""62.7""},""hL"":{""N"":""77""},""wL"":{""N"":""25.520733""}}",f4486408-f001-7017-6ea9-8539918b7be9
868032061432054,1785240000,data.qo,"{""tL"":{""N"":""79.7""},""wL"":{""N"":""25.61072""},""hR"":{""N"":""63.1""},""wR"":{""N"":""33.60055""},""tE"":{""N"":""67.64""},""tR"":{""N"":""86.9""},""hE"":{""N"":""99.9""},""hL"":{""N"":""72""}}",f4486408-f001-7017-6ea9-8539918b7be9
868032061432054,1785243600,data.qo,"{""tL"":{""N"":""79.52""},""hR"":{""N"":""61.8""},""hE"":{""N"":""99.9""},""hL"":{""N"":""72""},""tR"":{""N"":""87.08""},""wR"":{""N"":""33.570873""},""tE"":{""N"":""69.98""},""wL"":{""N"":""25.678234""}}",f4486408-f001-7017-6ea9-8539918b7be9
868032061432054,1785247200,data.qo,"{""wR"":{""N"":""33.60545""},""tE"":{""N"":""72.68""},""hR"":{""N"":""61.6""},""tL"":{""N"":""79.52""},""hL"":{""N"":""72.2""},""hE"":{""N"":""99.9""},""tR"":{""N"":""86.9""},""wL"":{""N"":""25.7982""}}",f4486408-f001-7017-6ea9-8539918b7be9
868032061432054,1785250800,data.qo,"{""tL"":{""N"":""79.34""},""wL"":{""N"":""25.414""},""hR"":{""N"":""61.1""},""hL"":{""N"":""73.9""},""hE"":{""N"":""99.9""},""tR"":{""N"":""86.54""},""tE"":{""N"":""71.06""},""wR"":{""N"":""33.619545""}}",f4486408-f001-7017-6ea9-8539918b7be9
868032061432054,1785254400,data.qo,"{""hL"":{""N"":""75""},""hR"":{""N"":""61""},""hE"":{""N"":""77""},""wL"":{""N"":""24.970127""},""tE"":{""N"":""96.08""},""tL"":{""N"":""80.06""},""wR"":{""N"":""33.850163""},""tR"":{""N"":""86.72""}}",f4486408-f001-7017-6ea9-8539918b7be9
868032061432054,1785258000,data.qo,"{""tL"":{""N"":""84.02""},""tR"":{""N"":""87.44""},""wR"":{""N"":""33.803497""},""wL"":{""N"":""24.900255""},""hR"":{""N"":""60.8""},""tE"":{""N"":""114.62""},""hL"":{""N"":""75.9""},""hE"":{""N"":""49.5""}}",f4486408-f001-7017-6ea9-8539918b7be9
868032061432054,1785261600,data.qo,"{""wR"":{""N"":""33.428917""},""hR"":{""N"":""60.8""},""tR"":{""N"":""87.44""},""hL"":{""N"":""70.1""},""wL"":{""N"":""25.029799""},""hE"":{""N"":""42.8""},""tL"":{""N"":""88.7""},""tE"":{""N"":""111.74""}}",f4486408-f001-7017-6ea9-8539918b7be9
868032061432054,1785265200,data.qo,"{""wR"":{""N"":""33.389484""},""tR"":{""N"":""91.04""},""hE"":{""N"":""60.5""},""wL"":{""N"":""24.76999""},""hL"":{""N"":""70.1""},""tE"":{""N"":""87.08""},""hR"":{""N"":""62.6""},""tL"":{""N"":""88.7""}}",f4486408-f001-7017-6ea9-8539918b7be9
868032061432054,1785268800,data.qo,"{""hR"":{""N"":""61.2""},""hL"":{""N"":""67.5""},""hE"":{""N"":""64.9""},""tL"":{""N"":""85.1""},""wL"":{""N"":""24.65527""},""tR"":{""N"":""91.76""},""wR"":{""N"":""33.296898""},""tE"":{""N"":""86.18""}}",f4486408-f001-7017-6ea9-8539918b7be9
868032061432054,1785272400,data.qo,"{""hL"":{""N"":""69""},""tE"":{""N"":""86.18""},""hR"":{""N"":""61.2""},""tL"":{""N"":""83.84""},""wL"":{""N"":""24.944141""},""wR"":{""N"":""33.258587""},""hE"":{""N"":""64.9""},""tR"":{""N"":""91.94""}}",f4486408-f001-7017-6ea9-8539918b7be9
868032061432054,1785276000,data.qo,"{""wR"":{""N"":""33.446507""},""hL"":{""N"":""73.1""},""hR"":{""N"":""62.2""},""wL"":{""N"":""25.337582""},""hE"":{""N"":""80.9""},""tR"":{""N"":""91.76""},""tE"":{""N"":""75.2""},""tL"":{""N"":""82.94""}}",f4486408-f001-7017-6ea9-8539918b7be9
868032061432054,1785279600,data.qo,"{""hR"":{""N"":""62.2""},""tR"":{""N"":""91.76""},""hL"":{""N"":""71.7""},""wR"":{""N"":""33.562706""},""tE"":{""N"":""69.44""},""hE"":{""N"":""85.5""},""wL"":{""N"":""25.397831""},""tL"":{""N"":""80.96""}}",f4486408-f001-7017-6ea9-8539918b7be9
868032061432054,1785283200,data.qo,"{""hR"":{""N"":""59.2""},""tE"":{""N"":""69.44""},""hE"":{""N"":""89.1""},""tL"":{""N"":""80.24""},""wL"":{""N"":""25.578382""},""tR"":{""N"":""89.6""},""wR"":{""N"":""33.5593""},""hL"":{""N"":""70.4""}}",f4486408-f001-7017-6ea9-8539918b7be9
868032061432054,1785286800,data.qo,"{""hE"":{""N"":""95.8""},""tR"":{""N"":""89.6""},""hL"":{""N"":""73.1""},""hR"":{""N"":""59.2""},""wL"":{""N"":""25.487577""},""tL"":{""N"":""80.42""},""tE"":{""N"":""67.64""},""wR"":{""N"":""33.548473""}}",f4486408-f001-7017-6ea9-8539918b7be9
868032061432054,1785290400,data.qo,"{""hE"":{""N"":""99.9""},""wL"":{""N"":""25.430841""},""tE"":{""N"":""66.02""},""tR"":{""N"":""87.26""},""tL"":{""N"":""80.42""},""hL"":{""N"":""72""},""hR"":{""N"":""60.7""},""wR"":{""N"":""33.609745""}}",f4486408-f001-7017-6ea9-8539918b7be9
868032061432054,1785294000,data.qo,"{""hL"":{""N"":""75.7""},""hR"":{""N"":""60.8""},""wL"":{""N"":""25.513851""},""hE"":{""N"":""99.9""},""tE"":{""N"":""66.02""},""tL"":{""N"":""80.6""},""tR"":{""N"":""86.72""},""wR"":{""N"":""33.626823""}}",f4486408-f001-7017-6ea9-8539918b7be9
868032061432054,1785297600,data.qo,"{""hL"":{""N"":""76.8""},""wR"":{""N"":""33.596397""},""tL"":{""N"":""80.24""},""wL"":{""N"":""25.553165""},""tE"":{""N"":""66.02""},""hR"":{""N"":""62.2""},""hE"":{""N"":""99.9""},""tR"":{""N"":""86""}}",f4486408-f001-7017-6ea9-8539918b7be9
868032061432054,1785301200,data.qo,"{""hR"":{""N"":""62.5""},""wR"":{""N"":""33.574745""},""hL"":{""N"":""75.5""},""hE"":{""N"":""99.9""},""tE"":{""N"":""66.56""},""tR"":{""N"":""85.46""},""wL"":{""N"":""25.381565""},""tL"":{""N"":""80.24""}}",f4486408-f001-7017-6ea9-8539918b7be9
868032061432054,1785304800,data.qo,"{""tR"":{""N"":""85.64""},""tE"":{""N"":""66.56""},""hL"":{""N"":""73.9""},""hE"":{""N"":""99.9""},""wL"":{""N"":""25.604609""},""hR"":{""N"":""63""},""tL"":{""N"":""80.06""},""wR"":{""N"":""33.615204""}}",f4486408-f001-7017-6ea9-8539918b7be9
868032061432054,1785308400,data.qo,"{""wR"":{""N"":""33.57316""},""hE"":{""N"":""99.9""},""tE"":{""N"":""65.84""},""tL"":{""N"":""79.88""},""hR"":{""N"":""61.9""},""tR"":{""N"":""85.28""},""wL"":{""N"":""25.70008""},""hL"":{""N"":""75""}}",f4486408-f001-7017-6ea9-8539918b7be9
868032061432054,1785312000,data.qo,"{""tL"":{""N"":""79.34""},""hE"":{""N"":""99.9""},""tR"":{""N"":""85.1""},""wL"":{""N"":""25.595417""},""wR"":{""N"":""33.53424""},""hR"":{""N"":""62.9""},""hL"":{""N"":""74.7""},""tE"":{""N"":""65.84""}}",f4486408-f001-7017-6ea9-8539918b7be9
868032061432054,1785315600,data.qo,"{""wL"":{""N"":""25.763697""},""wR"":{""N"":""33.51441""},""tL"":{""N"":""79.16""},""tR"":{""N"":""85.1""},""hL"":{""N"":""74.5""},""hE"":{""N"":""99.9""},""hR"":{""N"":""63.2""},""tE"":{""N"":""64.58""}}",f4486408-f001-7017-6ea9-8539918b7be9
868032061432054,1785319200,data.qo,"{""hR"":{""N"":""62.6""},""hL"":{""N"":""74.5""},""tE"":{""N"":""64.04""},""wR"":{""N"":""33.51417""},""tL"":{""N"":""79.16""},""wL"":{""N"":""25.847813""},""hE"":{""N"":""99.9""},""tR"":{""N"":""85.1""}}",f4486408-f001-7017-6ea9-8539918b7be9
868032061432054,1785322800,data.qo,"{""hE"":{""N"":""99.9""},""tR"":{""N"":""84.56""},""tL"":{""N"":""78.8""},""hL"":{""N"":""77.7""},""tE"":{""N"":""64.04""},""wR"":{""N"":""33.502506""},""hR"":{""N"":""62.7""},""wL"":{""N"":""25.941265""}}",f4486408-f001-7017-6ea9-8539918b7be9
868032061432054,1785326400,data.qo,"{""tR"":{""N"":""84.56""},""hR"":{""N"":""62.3""},""hE"":{""N"":""99.9""},""tL"":{""N"":""77.9""},""hL"":{""N"":""72.9""},""wR"":{""N"":""33.54315""},""wL"":{""N"":""26.13298""},""tE"":{""N"":""63.5""}}",f4486408-f001-7017-6ea9-8539918b7be9
868032061432054,1785330000,data.qo,"{""hE"":{""N"":""99.9""},""tL"":{""N"":""77.36""},""wL"":{""N"":""25.942612""},""tR"":{""N"":""84.56""},""wR"":{""N"":""33.549686""},""hR"":{""N"":""62.3""},""hL"":{""N"":""70.8""},""tE"":{""N"":""64.94""}}",f4486408-f001-7017-6ea9-8539918b7be9
868032061432054,1785333600,data.qo,"{""wR"":{""N"":""33.37917""},""tE"":{""N"":""67.1""},""tR"":{""N"":""83.12""},""hL"":{""N"":""69.5""},""hR"":{""N"":""61.1""},""tL"":{""N"":""77.54""},""wL"":{""N"":""25.420446""},""hE"":{""N"":""99.9""}}",f4486408-f001-7017-6ea9-8539918b7be9
868032061432054,1785337200,data.qo,"{""hL"":{""N"":""69.5""},""wL"":{""N"":""25.36222""},""hR"":{""N"":""60""},""tR"":{""N"":""82.58""},""wR"":{""N"":""33.773212""},""tL"":{""N"":""77.54""},""tE"":{""N"":""98.42""},""hE"":{""N"":""56.7""}}",f4486408-f001-7017-6ea9-8539918b7be9
868032061432054,1785340800,data.qo,"{""hL"":{""N"":""66.7""},""tL"":{""N"":""82.4""},""hE"":{""N"":""35.5""},""hR"":{""N"":""58.5""},""tR"":{""N"":""82.4""},""wL"":{""N"":""25.360872""},""wR"":{""N"":""33.74447""},""tE"":{""N"":""113""}}",f4486408-f001-7017-6ea9-8539918b7be9
868032061432054,1785344400,data.qo,"{""wL"":{""N"":""25.367754""},""hE"":{""N"":""33""},""hR"":{""N"":""58.5""},""tL"":{""N"":""84.2""},""wR"":{""N"":""33.745167""},""hL"":{""N"":""66.1""},""tR"":{""N"":""82.4""},""tE"":{""N"":""113""}}",f4486408-f001-7017-6ea9-8539918b7be9
868032061432054,1785348000,data.qo,"{""tL"":{""N"":""87.98""},""hE"":{""N"":""36.8""},""hL"":{""N"":""62""},""hR"":{""N"":""58.5""},""tE"":{""N"":""104.54""},""wL"":{""N"":""25.417078""},""tR"":{""N"":""82.4""},""wR"":{""N"":""33.368763""}}",f4486408-f001-7017-6ea9-8539918b7be9
868032061432054,1785351600,data.qo,"{""tE"":{""N"":""104.54""},""tL"":{""N"":""88.88""},""hL"":{""N"":""61.9""},""hE"":{""N"":""36.8""},""hR"":{""N"":""60.9""},""wR"":{""N"":""33.206646""},""wL"":{""N"":""25.585262""},""tR"":{""N"":""86.36""}}",f4486408-f001-7017-6ea9-8539918b7be9
868032061432054,1785355200,data.qo,"{""hE"":{""N"":""36.8""},""wR"":{""N"":""33.149574""},""tR"":{""N"":""87.44""},""tL"":{""N"":""83.66""},""wL"":{""N"":""25.589834""},""tE"":{""N"":""104.54""},""hR"":{""N"":""59.8""},""hL"":{""N"":""64""}}",f4486408-f001-7017-6ea9-8539918b7be9
868032061432054,1785358800,data.qo,"{""tR"":{""N"":""87.44""},""wL"":{""N"":""25.599363""},""tE"":{""N"":""77""},""wR"":{""N"":""33.075657""},""hE"":{""N"":""56.4""},""hL"":{""N"":""69.1""},""hR"":{""N"":""59.2""},""tL"":{""N"":""81.5""}}",f4486408-f001-7017-6ea9-8539918b7be9
868032061432054,1785362400,data.qo,"{""tR"":{""N"":""87.44""},""hL"":{""N"":""66.8""},""hR"":{""N"":""59.2""},""wL"":{""N"":""25.448069""},""tL"":{""N"":""80.6""},""hE"":{""N"":""58.5""},""tE"":{""N"":""75.02""},""wR"":{""N"":""32.984615""}}",f4486408-f001-7017-6ea9-8539918b7be9
868032061432054,1785366000,data.qo,"{""hR"":{""N"":""60.4""},""hE"":{""N"":""59""},""tR"":{""N"":""87.26""},""wR"":{""N"":""32.86529""},""tE"":{""N"":""75.38""},""wL"":{""N"":""25.637331""},""hL"":{""N"":""71""},""tL"":{""N"":""80.78""}}",f4486408-f001-7017-6ea9-8539918b7be9
868032061432054,1785369600,data.qo,"{""hL"":{""N"":""69.5""},""wR"":{""N"":""32.941868""},""tE"":{""N"":""71.06""},""hE"":{""N"":""63.5""},""tR"":{""N"":""87.08""},""wL"":{""N"":""25.679436""},""tL"":{""N"":""80.42""},""hR"":{""N"":""58""}}",f4486408-f001-7017-6ea9-8539918b7be9
868032061432054,1785373200,data.qo,"{""wR"":{""N"":""32.988815""},""wL"":{""N"":""25.751137""},""tR"":{""N"":""86.54""},""hR"":{""N"":""59.5""},""tE"":{""N"":""67.82""},""hL"":{""N"":""69.5""},""tL"":{""N"":""80.42""},""hE"":{""N"":""66.8""}}",f4486408-f001-7017-6ea9-8539918b7be9
868032061432054,1785376800,data.qo,"{""tE"":{""N"":""64.76""},""hR"":{""N"":""59.5""},""tL"":{""N"":""79.52""},""tR"":{""N"":""86.54""},""hE"":{""N"":""70.3""},""wR"":{""N"":""32.997585""},""hL"":{""N"":""74.4""},""wL"":{""N"":""25.602972""}}",f4486408-f001-7017-6ea9-8539918b7be9
868032061432054,1785380400,data.qo,"{""tE"":{""N"":""62.6""},""tR"":{""N"":""85.46""},""hE"":{""N"":""72.6""},""wL"":{""N"":""25.542772""},""tL"":{""N"":""79.7""},""hL"":{""N"":""71""},""hR"":{""N"":""61.2""},""wR"":{""N"":""32.927074""}}",f4486408-f001-7017-6ea9-8539918b7be9
868032061432054,1785384000,data.qo,"{""tE"":{""N"":""60.98""},""tR"":{""N"":""84.74""},""hR"":{""N"":""60.8""},""wL"":{""N"":""25.541569""},""hE"":{""N"":""74.7""},""wR"":{""N"":""33.011494""},""hL"":{""N"":""71""},""tL"":{""N"":""79.7""}}",f4486408-f001-7017-6ea9-8539918b7be9
868032061432054,1785387600,data.qo,"{""tL"":{""N"":""78.62""},""tR"":{""N"":""83.66""},""wL"":{""N"":""25.46751""},""hL"":{""N"":""74.3""},""wR"":{""N"":""32.993015""},""hE"":{""N"":""76.4""},""tE"":{""N"":""60.08""},""hR"":{""N"":""60.7""}}",f4486408-f001-7017-6ea9-8539918b7be9
868032061432054,1785391200,data.qo,"{""hL"":{""N"":""71.1""},""hE"":{""N"":""78.2""},""tE"":{""N"":""58.64""},""tL"":{""N"":""78.08""},""wL"":{""N"":""25.466837""},""wR"":{""N"":""33.00748""},""hR"":{""N"":""60.8""},""tR"":{""N"":""82.94""}}",f4486408-f001-7017-6ea9-8539918b7be9
868032061432054,1785394800,data.qo,"{""wR"":{""N"":""33.069405""},""hE"":{""N"":""79.5""},""tL"":{""N"":""77.9""},""tE"":{""N"":""58.46""},""hL"":{""N"":""73.3""},""wL"":{""N"":""25.466932""},""tR"":{""N"":""82.94""},""hR"":{""N"":""60.8""}}",f4486408-f001-7017-6ea9-8539918b7be9
868032061432054,1785398400,data.qo,"{""wL"":{""N"":""25.333733""},""hE"":{""N"":""79.5""},""hR"":{""N"":""61""},""tE"":{""N"":""58.46""},""tR"":{""N"":""80.6""},""wR"":{""N"":""33.11369""},""hL"":{""N"":""69.5""},""tL"":{""N"":""77.36""}}",f4486408-f001-7017-6ea9-8539918b7be9
868032061432054,1785402000,data.qo,"{""tE"":{""N"":""57.38""},""hE"":{""N"":""82.4""},""hL"":{""N"":""69.5""},""hR"":{""N"":""62.6""},""tL"":{""N"":""77.36""},""tR"":{""N"":""80.06""},""wL"":{""N"":""25.453794""},""wR"":{""N"":""33.100018""}}",f4486408-f001-7017-6ea9-8539918b7be9
868032061432054,1785405600,data.qo,"{""hL"":{""N"":""79""},""wR"":{""N"":""33.10865""},""hE"":{""N"":""84.2""},""wL"":{""N"":""25.374828""},""tR"":{""N"":""80.06""},""hR"":{""N"":""62.6""},""tE"":{""N"":""57.02""},""tL"":{""N"":""76.46""}}",f4486408-f001-7017-6ea9-8539918b7be9
868032061432054,1785409200,data.qo,"{""hL"":{""N"":""70""},""tE"":{""N"":""56.3""},""hR"":{""N"":""61.1""},""wL"":{""N"":""25.322424""},""wR"":{""N"":""33.09638""},""tR"":{""N"":""78.44""},""hE"":{""N"":""85.8""},""tL"":{""N"":""75.92""}}",f4486408-f001-7017-6ea9-8539918b7be9
868032061432054,1785412800,data.qo,"{""hE"":{""N"":""86.8""},""tR"":{""N"":""78.44""},""tL"":{""N"":""75.02""},""hL"":{""N"":""68.9""},""wL"":{""N"":""25.151592""},""tE"":{""N"":""56.3""},""wR"":{""N"":""33.131096""},""hR"":{""N"":""61.1""}}",f4486408-f001-7017-6ea9-8539918b7be9
868032061432054,1785416400,data.qo,"{""tL"":{""N"":""74.84""},""tR"":{""N"":""77.36""},""wL"":{""N"":""24.460136""},""wR"":{""N"":""33.32555""},""hR"":{""N"":""62.8""},""hL"":{""N"":""73.7""},""tE"":{""N"":""58.82""},""hE"":{""N"":""85.5""}}",f4486408-f001-7017-6ea9-8539918b7be9
868032061432054,1785420000,data.qo,"{""hR"":{""N"":""66.9""},""wR"":{""N"":""33.364002""},""wL"":{""N"":""24.381556""},""hE"":{""N"":""49.7""},""tR"":{""N"":""77.36""},""tL"":{""N"":""75.92""},""hL"":{""N"":""70""},""tE"":{""N"":""101.3""}}",f4486408-f001-7017-6ea9-8539918b7be9
868032061432054,1785423600,data.qo,"{""wR"":{""N"":""33.40124""},""hL"":{""N"":""67""},""tE"":{""N"":""119.3""},""wL"":{""N"":""24.687174""},""hE"":{""N"":""30.7""},""hR"":{""N"":""63.1""},""tL"":{""N"":""79.52""},""tR"":{""N"":""77.54""}}",f4486408-f001-7017-6ea9-8539918b7be9
868032061432054,1785427200,data.qo,"{""hR"":{""N"":""63.3""},""wR"":{""N"":""33.459435""},""hE"":{""N"":""25.5""},""tE"":{""N"":""123.08""},""tL"":{""N"":""79.52""},""hL"":{""N"":""67""},""tR"":{""N"":""79.52""},""wL"":{""N"":""24.713305""}}",f4486408-f001-7017-6ea9-8539918b7be9
868032061432054,1785430800,data.qo,"{""tE"":{""N"":""120.74""},""wL"":{""N"":""24.655798""},""hR"":{""N"":""63.3""},""wR"":{""N"":""33.246967""},""tL"":{""N"":""86.9""},""tR"":{""N"":""79.52""},""hL"":{""N"":""62.4""},""hE"":{""N"":""25.5""}}",f4486408-f001-7017-6ea9-8539918b7be9
868032061432054,1785434400,data.qo,"{""tL"":{""N"":""90.86""},""hL"":{""N"":""60.4""},""hR"":{""N"":""65""},""tE"":{""N"":""120.02""},""hE"":{""N"":""26.5""},""tR"":{""N"":""84.38""},""wR"":{""N"":""32.99003""},""wL"":{""N"":""24.914404""}}",f4486408-f001-7017-6ea9-8539918b7be9
868032061432054,1785438000,data.qo,"{""hL"":{""N"":""60.4""},""hE"":{""N"":""38.6""},""tL"":{""N"":""90.86""},""tR"":{""N"":""86.9""},""hR"":{""N"":""61.6""},""tE"":{""N"":""89.06""},""wL"":{""N"":""25.207365""},""wR"":{""N"":""32.836544""}}",f4486408-f001-7017-6ea9-8539918b7be9
868032061432054,1785441600,data.qo,"{""hE"":{""N"":""43.7""},""tE"":{""N"":""78.26""},""tL"":{""N"":""86""},""wL"":{""N"":""25.037882""},""wR"":{""N"":""32.833603""},""tR"":{""N"":""88.16""},""hR"":{""N"":""61.6""},""hL"":{""N"":""60.2""}}",f4486408-f001-7017-6ea9-8539918b7be9
868032061432054,1785445200,data.qo,"{""wR"":{""N"":""32.789364""},""hL"":{""N"":""60.2""},""wL"":{""N"":""24.754688""},""tL"":{""N"":""86""},""tR"":{""N"":""88.34""},""hR"":{""N"":""58""},""hE"":{""N"":""43.7""},""tE"":{""N"":""78.26""}}",f4486408-f001-7017-6ea9-8539918b7be9
868032061432054,1785448800,data.qo,"{""hL"":{""N"":""69.7""},""wR"":{""N"":""32.769955""},""hE"":{""N"":""49.6""},""tE"":{""N"":""73.94""},""tL"":{""N"":""80.78""},""tR"":{""N"":""87.98""},""wL"":{""N"":""25.126377""},""hR"":{""N"":""60""}}",f4486408-f001-7017-6ea9-8539918b7be9
868032061432054,1785452400,data.qo,"{""tL"":{""N"":""80.78""},""hR"":{""N"":""60""},""wL"":{""N"":""25.490223""},""tR"":{""N"":""87.98""},""tE"":{""N"":""72.32""},""wR"":{""N"":""32.754272""},""hE"":{""N"":""52.1""},""hL"":{""N"":""69.7""}}",f4486408-f001-7017-6ea9-8539918b7be9
868032061432054,1785456000,data.qo,"{""wL"":{""N"":""25.593828""},""tR"":{""N"":""87.8""},""hR"":{""N"":""53.9""},""hE"":{""N"":""53.8""},""tE"":{""N"":""70.34""},""wR"":{""N"":""32.681194""},""hL"":{""N"":""66.4""},""tL"":{""N"":""79.7""}}",f4486408-f001-7017-6ea9-8539918b7be9
868032061432054,1785459600,data.qo,"{""hL"":{""N"":""69.1""},""hR"":{""N"":""53.9""},""tE"":{""N"":""67.46""},""tR"":{""N"":""87.8""},""hE"":{""N"":""56.5""},""wR"":{""N"":""32.61171""},""tL"":{""N"":""79.34""},""wL"":{""N"":""25.415634""}}",f4486408-f001-7017-6ea9-8539918b7be9
868032061432054,1785463200,data.qo,"{""hL"":{""N"":""70.7""},""hE"":{""N"":""59.3""},""wL"":{""N"":""25.495323""},""tR"":{""N"":""87.8""},""tL"":{""N"":""78.98""},""wR"":{""N"":""32.694168""},""hR"":{""N"":""53.9""},""tE"":{""N"":""63.86""}}",f4486408-f001-7017-6ea9-8539918b7be9
868032061432054,1785466800,data.qo,"{""wL"":{""N"":""25.395712""},""hR"":{""N"":""59.7""},""hE"":{""N"":""61.4""},""tR"":{""N"":""85.82""},""hL"":{""N"":""71.2""},""tL"":{""N"":""78.98""},""wR"":{""N"":""32.611897""},""tE"":{""N"":""61.52""}}",f4486408-f001-7017-6ea9-8539918b7be9
868032061432054,1785470400,data.qo,"{""hR"":{""N"":""59.7""},""tE"":{""N"":""59.9""},""tL"":{""N"":""78.8""},""hL"":{""N"":""72.5""},""tR"":{""N"":""85.82""},""wL"":{""N"":""25.415346""},""wR"":{""N"":""32.70224""},""hE"":{""N"":""63.2""}}",f4486408-f001-7017-6ea9-8539918b7be9
868032061432054,1785474000,data.qo,"{""hL"":{""N"":""71.5""},""tE"":{""N"":""58.64""},""tR"":{""N"":""83.48""},""hR"":{""N"":""59""},""tL"":{""N"":""78.62""},""hE"":{""N"":""64.8""},""wR"":{""N"":""32.732388""},""wL"":{""N"":""25.43214""}}",f4486408-f001-7017-6ea9-8539918b7be9
868032061432054,1785477600,data.qo,"{""wR"":{""N"":""32.74158""},""tE"":{""N"":""56.84""},""tL"":{""N"":""78.26""},""wL"":{""N"":""25.3807""},""hL"":{""N"":""69""},""hR"":{""N"":""59""},""hE"":{""N"":""66.5""},""tR"":{""N"":""83.48""}}",f4486408-f001-7017-6ea9-8539918b7be9
868032061432054,1785481200,data.qo,"{""tL"":{""N"":""77.72""},""hR"":{""N"":""59""},""hL"":{""N"":""73.3""},""tE"":{""N"":""56.3""},""wL"":{""N"":""25.460773""},""hE"":{""N"":""68.2""},""wR"":{""N"":""32.768505""},""tR"":{""N"":""83.48""}}",f4486408-f001-7017-6ea9-8539918b7be9
868032061432054,1785484800,data.qo,"{""tL"":{""N"":""77""},""hR"":{""N"":""59""},""tE"":{""N"":""54.86""},""hE"":{""N"":""69.8""},""wL"":{""N"":""25.474247""},""tR"":{""N"":""83.48""},""hL"":{""N"":""66.4""},""wR"":{""N"":""32.829124""}}",f4486408-f001-7017-6ea9-8539918b7be9
868032061432054,1785488400,data.qo,"{""tR"":{""N"":""78.98""},""hE"":{""N"":""71""},""wL"":{""N"":""25.448214""},""tE"":{""N"":""53.78""},""hL"":{""N"":""67.7""},""tL"":{""N"":""76.46""},""hR"":{""N"":""60.4""},""wR"":{""N"":""32.82931""}}",f4486408-f001-7017-6ea9-8539918b7be9
868032061432054,1785492000,data.qo,"{""wL"":{""N"":""25.39167""},""tE"":{""N"":""53.24""},""hE"":{""N"":""72.1""},""hL"":{""N"":""73.9""},""tR"":{""N"":""77.9""},""wR"":{""N"":""32.851242""},""tL"":{""N"":""75.92""},""hR"":{""N"":""60.4""}}",f4486408-f001-7017-6ea9-8539918b7be9
868032061432054,1785495600,data.qo,"{""hR"":{""N"":""60.6""},""tL"":{""N"":""75.56""},""wR"":{""N"":""32.85829""},""tE"":{""N"":""53.24""},""wL"":{""N"":""25.37223""},""hL"":{""N"":""74.8""},""hE"":{""N"":""72.1""},""tR"":{""N"":""77""}}",f4486408-f001-7017-6ea9-8539918b7be9
868032061432054,1785499200,data.qo,"{""hR"":{""N"":""62.3""},""wR"":{""N"":""32.870842""},""tE"":{""N"":""51.8""},""hE"":{""N"":""73.7""},""tR"":{""N"":""76.1""},""hL"":{""N"":""66.2""},""tL"":{""N"":""74.66""},""wL"":{""N"":""25.346678""}}",f4486408-f001-7017-6ea9-8539918b7be9
868032061432054,1785502800,data.qo,"{""tR"":{""N"":""75.38""},""wR"":{""N"":""33.072533""},""tE"":{""N"":""54.5""},""hE"":{""N"":""73""},""hL"":{""N"":""66.6""},""tL"":{""N"":""74.3""},""wL"":{""N"":""24.409369""},""hR"":{""N"":""60.7""}}",f4486408-f001-7017-6ea9-8539918b7be9
868032061432054,1785506400,data.qo,"{""hE"":{""N"":""41.6""},""wR"":{""N"":""33.11369""},""hL"":{""N"":""68.2""},""wL"":{""N"":""23.923344""},""hR"":{""N"":""60.7""},""tL"":{""N"":""75.02""},""tR"":{""N"":""75.38""},""tE"":{""N"":""104.18""}}",f4486408-f001-7017-6ea9-8539918b7be9
868032061432054,1785510000,data.qo,"{""hE"":{""N"":""30.5""},""tL"":{""N"":""80.42""},""tE"":{""N"":""123.08""},""tR"":{""N"":""75.38""},""wL"":{""N"":""24.371738""},""wR"":{""N"":""32.979946""},""hL"":{""N"":""66.5""},""hR"":{""N"":""60.7""}}",f4486408-f001-7017-6ea9-8539918b7be9
868032061432054,1785513600,data.qo,"{""tE"":{""N"":""124.52""},""hE"":{""N"":""27.7""},""hL"":{""N"":""63""},""wR"":{""N"":""33.009766""},""hR"":{""N"":""69.9""},""wL"":{""N"":""24.484678""},""tR"":{""N"":""80.06""},""tL"":{""N"":""85.1""}}",f4486408-f001-7017-6ea9-8539918b7be9
868032061432054,1785517200,data.qo,"{""tL"":{""N"":""86.9""},""tR"":{""N"":""84.92""},""wR"":{""N"":""32.728466""},""tE"":{""N"":""116.06""},""hE"":{""N"":""30.6""},""hR"":{""N"":""68.2""},""hL"":{""N"":""65.9""},""wL"":{""N"":""24.549257""}}",f4486408-f001-7017-6ea9-8539918b7be9
868032061432054,1785520800,data.qo,"{""tL"":{""N"":""90.32""},""wL"":{""N"":""24.662872""},""tE"":{""N"":""115.16""},""hR"":{""N"":""66.5""},""wR"":{""N"":""32.424534""},""hL"":{""N"":""66.2""},""hE"":{""N"":""30.2""},""tR"":{""N"":""88.7""}}",f4486408-f001-7017-6ea9-8539918b7be9
868032061432054,1785524400,data.qo,"{""wR"":{""N"":""32.332184""},""tL"":{""N"":""92.48""},""tE"":{""N"":""89.78""},""hL"":{""N"":""59.2""},""tR"":{""N"":""90.5""},""hR"":{""N"":""62.2""},""wL"":{""N"":""25.091778""},""hE"":{""N"":""42.9""}}",f4486408-f001-7017-6ea9-8539918b7be9
868032061432054,1785528000,data.qo,"{""tE"":{""N"":""81.14""},""wL"":{""N"":""24.779856""},""hE"":{""N"":""47.3""},""tR"":{""N"":""91.04""},""wR"":{""N"":""32.480255""},""hR"":{""N"":""61.6""},""tL"":{""N"":""86.54""},""hL"":{""N"":""59""}}",f4486408-f001-7017-6ea9-8539918b7be9
868032061432054,1785531600,data.qo,"{""tL"":{""N"":""86.54""},""wL"":{""N"":""24.949291""},""hR"":{""N"":""62.9""},""wR"":{""N"":""32.439327""},""hE"":{""N"":""51.4""},""tE"":{""N"":""77""},""hL"":{""N"":""59""},""tR"":{""N"":""91.04""}}",f4486408-f001-7017-6ea9-8539918b7be9
868032061432054,1785535200,data.qo,"{""wL"":{""N"":""25.143797""},""wR"":{""N"":""32.3481""},""hL"":{""N"":""69.3""},""hR"":{""N"":""62.9""},""tR"":{""N"":""91.04""},""tL"":{""N"":""82.22""},""tE"":{""N"":""77.9""},""hE"":{""N"":""52.5""}}",f4486408-f001-7017-6ea9-8539918b7be9
868032061432054,1785538800,data.qo,"{""hL"":{""N"":""69.3""},""tE"":{""N"":""73.4""},""hR"":{""N"":""61.8""},""wR"":{""N"":""32.39588""},""hE"":{""N"":""56.4""},""wL"":{""N"":""25.185278""},""tR"":{""N"":""90.5""},""tL"":{""N"":""82.22""}}",f4486408-f001-7017-6ea9-8539918b7be9
868032061432054,1785542400,data.qo,"{""tR"":{""N"":""89.78""},""hR"":{""N"":""62.9""},""wL"":{""N"":""25.130178""},""hL"":{""N"":""68.8""},""tE"":{""N"":""71.96""},""tL"":{""N"":""80.6""},""hE"":{""N"":""58.3""},""wR"":{""N"":""32.33097""}}",f4486408-f001-7017-6ea9-8539918b7be9
868032061432054,1785546000,data.qo,"{""tR"":{""N"":""89.78""},""hL"":{""N"":""68.9""},""wL"":{""N"":""25.216604""},""wR"":{""N"":""32.3795""},""tL"":{""N"":""80.06""},""tE"":{""N"":""69.98""},""hR"":{""N"":""62.9""},""hE"":{""N"":""60.4""}}",f4486408-f001-7017-6ea9-8539918b7be9
868032061432054,1785549600,data.qo,"{""hR"":{""N"":""60.4""},""hE"":{""N"":""63.8""},""tL"":{""N"":""80.06""},""wR"":{""N"":""32.39005""},""hL"":{""N"":""71.1""},""wL"":{""N"":""25.280655""},""tR"":{""N"":""88.34""},""tE"":{""N"":""66.56""}}",f4486408-f001-7017-6ea9-8539918b7be9
868032061432054,1785553200,data.qo,"{""hE"":{""N"":""65.2""},""tE"":{""N"":""65.48""},""tR"":{""N"":""87.62""},""hR"":{""N"":""63.2""},""wL"":{""N"":""25.240906""},""wR"":{""N"":""32.429203""},""tL"":{""N"":""80.24""},""hL"":{""N"":""72.3""}}",f4486408-f001-7017-6ea9-8539918b7be9
868032061432054,1785556800,data.qo,"{""tL"":{""N"":""80.24""},""tE"":{""N"":""64.22""},""wR"":{""N"":""32.444134""},""wL"":{""N"":""25.230656""},""tR"":{""N"":""86.9""},""hR"":{""N"":""61.5""},""hE"":{""N"":""66.9""},""hL"":{""N"":""71.1""}}",f4486408-f001-7017-6ea9-8539918b7be9
868032061432054,1785560400,data.qo,"{""wR"":{""N"":""32.49668""},""hR"":{""N"":""61.2""},""tR"":{""N"":""86""},""tE"":{""N"":""63.32""},""hL"":{""N"":""73.3""},""hE"":{""N"":""68.3""},""tL"":{""N"":""80.06""},""wL"":{""N"":""25.258568""}}",f4486408-f001-7017-6ea9-8539918b7be9
868032061432054,1785564000,data.qo,"{""hL"":{""N"":""72.4""},""wL"":{""N"":""25.3384""},""tR"":{""N"":""85.1""},""hE"":{""N"":""69.9""},""tE"":{""N"":""62.06""},""tL"":{""N"":""79.7""},""hR"":{""N"":""61.8""},""wR"":{""N"":""32.530792""}}",f4486408-f001-7017-6ea9-8539918b7be9
868032061432054,1785567600,data.qo,"{""tL"":{""N"":""79.16""},""hL"":{""N"":""70.2""},""wL"":{""N"":""25.423334""},""tE"":{""N"":""60.98""},""hE"":{""N"":""71.3""},""wR"":{""N"":""32.56929""},""tR"":{""N"":""84.2""},""hR"":{""N"":""62.1""}}",f4486408-f001-7017-6ea9-8539918b7be9
868032061432054,1785571200,data.qo,"{""tR"":{""N"":""83.3""},""tL"":{""N"":""78.8""},""hR"":{""N"":""62""},""wR"":{""N"":""32.577366""},""hE"":{""N"":""72.9""},""hL"":{""N"":""71.9""},""wL"":{""N"":""25.450476""},""tE"":{""N"":""59.54""}}",f4486408-f001-7017-6ea9-8539918b7be9
868032061432054,1785574800,data.qo,"{""hE"":{""N"":""73.6""},""hL"":{""N"":""71.9""},""tR"":{""N"":""82.22""},""tL"":{""N"":""78.8""},""wL"":{""N"":""25.335562""},""hR"":{""N"":""62.1""},""tE"":{""N"":""59.54""},""wR"":{""N"":""32.60639""}}",f4486408-f001-7017-6ea9-8539918b7be9
868032061432054,1785578400,data.qo,"{""tL"":{""N"":""78.08""},""tR"":{""N"":""82.22""},""hR"":{""N"":""62.1""},""wR"":{""N"":""32.624355""},""hE"":{""N"":""75""},""wL"":{""N"":""25.4063""},""hL"":{""N"":""70.3""},""tE"":{""N"":""58.82""}}",f4486408-f001-7017-6ea9-8539918b7be9
868032061432054,1785582000,data.qo,"{""hE"":{""N"":""76""},""hL"":{""N"":""70.3""},""wL"":{""N"":""25.414865""},""tR"":{""N"":""80.42""},""tL"":{""N"":""78.08""},""hR"":{""N"":""62.5""},""tE"":{""N"":""57.92""},""wR"":{""N"":""32.624542""}}",f4486408-f001-7017-6ea9-8539918b7be9
868032061432054,1785585600,data.qo,"{""tR"":{""N"":""79.88""},""hL"":{""N"":""70.3""},""wR"":{""N"":""32.666683""},""hE"":{""N"":""76.5""},""tE"":{""N"":""57.92""},""wL"":{""N"":""25.270838""},""hR"":{""N"":""62.5""},""tL"":{""N"":""78.08""}}",f4486408-f001-7017-6ea9-8539918b7be9
868032061432054,1785589200,data.qo,"{""hL"":{""N"":""71.5""},""tE"":{""N"":""62.6""},""tR"":{""N"":""79.34""},""tL"":{""N"":""76.28""},""hR"":{""N"":""62.8""},""wL"":{""N"":""24.874174""},""hE"":{""N"":""73.3""},""wR"":{""N"":""32.730568""}}",f4486408-f001-7017-6ea9-8539918b7be9
868032061432054,1785592800,data.qo,"{""wR"":{""N"":""32.663322""},""hR"":{""N"":""63.1""},""wL"":{""N"":""24.771963""},""tE"":{""N"":""82.94""},""tR"":{""N"":""79.34""},""tL"":{""N"":""76.28""},""hL"":{""N"":""71.5""},""hE"":{""N"":""58.2""}}",f4486408-f001-7017-6ea9-8539918b7be9
868032061432054,1785596400,data.qo,"{""hL"":{""N"":""69.2""},""tL"":{""N"":""77.54""},""hR"":{""N"":""64.7""},""tR"":{""N"":""79.7""},""tE"":{""N"":""82.94""},""wR"":{""N"":""32.835983""},""hE"":{""N"":""58.2""},""wL"":{""N"":""24.57457""}}",f4486408-f001-7017-6ea9-8539918b7be9
868032061432054,1785600000,data.qo,"{""tE"":{""N"":""86.36""},""tL"":{""N"":""78.08""},""tR"":{""N"":""81.14""},""hR"":{""N"":""67.5""},""wL"":{""N"":""24.453064""},""hE"":{""N"":""56.6""},""hL"":{""N"":""70.2""},""wR"":{""N"":""32.656464""}}",f4486408-f001-7017-6ea9-8539918b7be9
868032061432054,1785603600,data.qo,"{""hE"":{""N"":""58.2""},""tL"":{""N"":""78.8""},""wL"":{""N"":""24.871912""},""wR"":{""N"":""32.63196""},""hL"":{""N"":""69.3""},""tR"":{""N"":""82.76""},""tE"":{""N"":""84.56""},""hR"":{""N"":""66.5""}}",f4486408-f001-7017-6ea9-8539918b7be9
868032061432054,1785607200,data.qo,"{""hR"":{""N"":""68""},""tL"":{""N"":""78.8""},""hL"":{""N"":""69.3""},""tE"":{""N"":""72.32""},""tR"":{""N"":""84.02""},""wL"":{""N"":""24.854828""},""wR"":{""N"":""32.69375""},""hE"":{""N"":""69.2""}}",f4486408-f001-7017-6ea9-8539918b7be9
868032061432054,1785610800,data.qo,"{""tE"":{""N"":""69.98""},""hE"":{""N"":""72.7""},""hR"":{""N"":""66.1""},""tR"":{""N"":""84.74""},""wL"":{""N"":""24.809883""},""hL"":{""N"":""69.3""},""tL"":{""N"":""78.8""},""wR"":{""N"":""32.67457""}}",f4486408-f001-7017-6ea9-8539918b7be9
868032061432054,1785614400,data.qo,"{""hL"":{""N"":""71.9""},""wR"":{""N"":""32.62515""},""tL"":{""N"":""77.18""},""hR"":{""N"":""66.1""},""wL"":{""N"":""24.467163""},""tE"":{""N"":""71.96""},""tR"":{""N"":""84.74""},""hE"":{""N"":""71.9""}}",f4486408-f001-7017-6ea9-8539918b7be9
868032061432054,1785618000,data.qo,"{""hR"":{""N"":""66""},""wL"":{""N"":""24.382662""},""tE"":{""N"":""74.48""},""tL"":{""N"":""78.26""},""wR"":{""N"":""32.566864""},""hL"":{""N"":""74""},""hE"":{""N"":""71.2""},""tR"":{""N"":""85.64""}}",f4486408-f001-7017-6ea9-8539918b7be9
868032061432054,1785621600,data.qo,"{""hR"":{""N"":""67.9""},""tE"":{""N"":""77.18""},""wL"":{""N"":""24.657532""},""hE"":{""N"":""69.8""},""hL"":{""N"":""74""},""wR"":{""N"":""32.590336""},""tL"":{""N"":""78.8""},""tR"":{""N"":""86.18""}}",f4486408-f001-7017-6ea9-8539918b7be9
868032061432054,1785625200,data.qo,"{""hR"":{""N"":""66.6""},""hE"":{""N"":""69.8""},""tE"":{""N"":""77.18""},""hL"":{""N"":""73.8""},""tL"":{""N"":""79.16""},""tR"":{""N"":""86.72""},""wL"":{""N"":""24.749588""},""wR"":{""N"":""32.568405""}}",f4486408-f001-7017-6ea9-8539918b7be9
868032061432054,1785628800,data.qo,"{""wR"":{""N"":""32.641296""},""tE"":{""N"":""77.18""},""hR"":{""N"":""66.5""},""tL"":{""N"":""78.8""},""wL"":{""N"":""24.69651""},""hL"":{""N"":""73.2""},""hE"":{""N"":""69.8""},""tR"":{""N"":""86.9""}}",f4486408-f001-7017-6ea9-8539918b7be9
868032061432054,1785632400,data.qo,"{""hR"":{""N"":""66.1""},""tL"":{""N"":""78.8""},""hE"":{""N"":""77.9""},""tR"":{""N"":""86.9""},""wR"":{""N"":""32.669716""},""wL"":{""N"":""25.17907""},""hL"":{""N"":""74.1""},""tE"":{""N"":""70.52""}}",f4486408-f001-7017-6ea9-8539918b7be9
868032061432054,1785636000,data.qo,"{""wR"":{""N"":""32.861744""},""tR"":{""N"":""86.9""},""hL"":{""N"":""77.2""},""hR"":{""N"":""66.5""},""hE"":{""N"":""80.7""},""tL"":{""N"":""78.8""},""wL"":{""N"":""24.658157""},""tE"":{""N"":""68.54""}}",f4486408-f001-7017-6ea9-8539918b7be9
868032061432054,1785639600,data.qo,"{""tL"":{""N"":""78.62""},""tR"":{""N"":""86.9""},""hL"":{""N"":""76.1""},""wL"":{""N"":""24.546467""},""hE"":{""N"":""83.1""},""hR"":{""N"":""66.5""},""tE"":{""N"":""66.74""},""wR"":{""N"":""32.972855""}}",f4486408-f001-7017-6ea9-8539918b7be9
868032061432054,1785643200,data.qo,"{""wR"":{""N"":""33.033287""},""hR"":{""N"":""66.5""},""tE"":{""N"":""66.38""},""tR"":{""N"":""86.9""},""wL"":{""N"":""25.01618""},""hL"":{""N"":""76.6""},""hE"":{""N"":""85.5""},""tL"":{""N"":""78.62""}}",f4486408-f001-7017-6ea9-8539918b7be9
868032061432054,1785646800,data.qo,"{""tE"":{""N"":""66.38""},""tL"":{""N"":""78.62""},""wR"":{""N"":""33.05592""},""hL"":{""N"":""76.6""},""hR"":{""N"":""65.7""},""hE"":{""N"":""91.2""},""wL"":{""N"":""25.201494""},""tR"":{""N"":""85.46""}}",f4486408-f001-7017-6ea9-8539918b7be9
868032061432054,1785650400,data.qo,"{""tR"":{""N"":""84.38""},""tE"":{""N"":""66.2""},""hE"":{""N"":""95.3""},""hL"":{""N"":""76.6""},""tL"":{""N"":""78.62""},""wL"":{""N"":""24.714699""},""hR"":{""N"":""65.7""},""wR"":{""N"":""33.060493""}}",f4486408-f001-7017-6ea9-8539918b7be9
868032061432054,1785654000,data.qo,"{""tL"":{""N"":""78.26""},""wL"":{""N"":""24.660177""},""hR"":{""N"":""66.6""},""tE"":{""N"":""66.2""},""wR"":{""N"":""33.04878""},""tR"":{""N"":""83.66""},""hE"":{""N"":""98.2""},""hL"":{""N"":""75.4""}}",f4486408-f001-7017-6ea9-8539918b7be9
868032061432054,1785657600,data.qo,"{""hR"":{""N"":""66.6""},""wR"":{""N"":""33.11005""},""tR"":{""N"":""83.3""},""tE"":{""N"":""66.2""},""hL"":{""N"":""75.9""},""wL"":{""N"":""24.70902""},""tL"":{""N"":""78.08""},""hE"":{""N"":""99.9""}}",f4486408-f001-7017-6ea9-8539918b7be9
868032061432054,1785661200,data.qo,"{""wL"":{""N"":""24.684479""},""tE"":{""N"":""66.2""},""hR"":{""N"":""67.9""},""hL"":{""N"":""75.9""},""wR"":{""N"":""33.11257""},""hE"":{""N"":""99.9""},""tR"":{""N"":""83.48""},""tL"":{""N"":""78.08""}}",f4486408-f001-7017-6ea9-8539918b7be9
868032061432054,1785664800,data.qo,"{""wR"":{""N"":""33.200813""},""wL"":{""N"":""24.929031""},""hR"":{""N"":""67.9""},""hL"":{""N"":""74.7""},""tL"":{""N"":""78.08""},""tE"":{""N"":""66.2""},""tR"":{""N"":""83.48""},""hE"":{""N"":""99.9""}}",f4486408-f001-7017-6ea9-8539918b7be9
868032061432054,1785668400,data.qo,"{""tR"":{""N"":""83.48""},""wL"":{""N"":""25.051165""},""hL"":{""N"":""75.3""},""tE"":{""N"":""66.2""},""tL"":{""N"":""77.9""},""hE"":{""N"":""99.9""},""hR"":{""N"":""67.9""},""wR"":{""N"":""33.18434""}}",f4486408-f001-7017-6ea9-8539918b7be9
868032061432054,1785672000,data.qo,"{""tR"":{""N"":""84.2""},""hL"":{""N"":""75.3""},""hR"":{""N"":""68.7""},""wL"":{""N"":""25.314869""},""tE"":{""N"":""65.84""},""tL"":{""N"":""77.9""},""wR"":{""N"":""33.221767""},""hE"":{""N"":""99.9""}}",f4486408-f001-7017-6ea9-8539918b7be9
868032061432054,1785675600,data.qo,"{""tE"":{""N"":""65.48""},""wR"":{""N"":""33.272305""},""hR"":{""N"":""68.7""},""tL"":{""N"":""77.18""},""hE"":{""N"":""99.9""},""wL"":{""N"":""25.383537""},""tR"":{""N"":""84.2""},""hL"":{""N"":""71.8""}}",f4486408-f001-7017-6ea9-8539918b7be9
868032061432054,1785679200,data.qo,"{""wR"":{""N"":""33.269135""},""hR"":{""N"":""68.3""},""tR"":{""N"":""84.02""},""hE"":{""N"":""99.9""},""tE"":{""N"":""65.66""},""tL"":{""N"":""77.18""},""wL"":{""N"":""25.475786""},""hL"":{""N"":""71.8""}}",f4486408-f001-7017-6ea9-8539918b7be9
868032061432054,1785682800,data.qo,"{""tE"":{""N"":""68.9""},""wL"":{""N"":""25.10761""},""hR"":{""N"":""68.5""},""wR"":{""N"":""33.2542""},""tR"":{""N"":""84.2""},""hL"":{""N"":""72.1""},""hE"":{""N"":""99.9""},""tL"":{""N"":""77""}}",f4486408-f001-7017-6ea9-8539918b7be9
868032061432054,1785686400,data.qo,"{""hR"":{""N"":""68.5""},""wR"":{""N"":""33.18896""},""wL"":{""N"":""24.98899""},""tL"":{""N"":""77""},""hE"":{""N"":""99.9""},""hL"":{""N"":""73""},""tE"":{""N"":""71.78""},""tR"":{""N"":""84.2""}}",f4486408-f001-7017-6ea9-8539918b7be9
868032061432054,1785690000,data.qo,"{""wL"":{""N"":""24.768692""},""hE"":{""N"":""94.9""},""tE"":{""N"":""75.02""},""hR"":{""N"":""68.2""},""wR"":{""N"":""32.94425""},""tR"":{""N"":""84.2""},""hL"":{""N"":""73.2""},""tL"":{""N"":""77.72""}}",f4486408-f001-7017-6ea9-8539918b7be9
868032061432054,1785693600,data.qo,"{""hL"":{""N"":""72.8""},""tL"":{""N"":""79.16""},""wR"":{""N"":""33.13371""},""tR"":{""N"":""85.1""},""wL"":{""N"":""25.072964""},""hR"":{""N"":""68.7""},""tE"":{""N"":""78.44""},""hE"":{""N"":""89.1""}}",f4486408-f001-7017-6ea9-8539918b7be9
868032061432054,1785697200,data.qo,"{""hR"":{""N"":""68.6""},""tR"":{""N"":""86""},""hL"":{""N"":""72.8""},""tE"":{""N"":""77.72""},""wR"":{""N"":""32.84597""},""wL"":{""N"":""24.843328""},""hE"":{""N"":""90.2""},""tL"":{""N"":""79.16""}}",f4486408-f001-7017-6ea9-8539918b7be9
868032061432054,1785700800,data.qo,"{""wR"":{""N"":""32.849472""},""tR"":{""N"":""86.36""},""tE"":{""N"":""81.14""},""wL"":{""N"":""25.154528""},""hL"":{""N"":""71.6""},""hE"":{""N"":""88.6""},""hR"":{""N"":""66.7""},""tL"":{""N"":""80.42""}}",f4486408-f001-7017-6ea9-8539918b7be9
868032061432054,1785704400,data.qo,"{""tE"":{""N"":""77.36""},""tL"":{""N"":""80.06""},""hL"":{""N"":""73.5""},""hR"":{""N"":""66.3""},""wR"":{""N"":""32.790207""},""wL"":{""N"":""25.207943""},""hE"":{""N"":""93.8""},""tR"":{""N"":""86.9""}}",f4486408-f001-7017-6ea9-8539918b7be9
868032061432054,1785708000,data.qo,"{""wR"":{""N"":""32.795246""},""tE"":{""N"":""74.84""},""hR"":{""N"":""64.4""},""tL"":{""N"":""80.06""},""wL"":{""N"":""25.209435""},""tR"":{""N"":""87.08""},""hE"":{""N"":""98.3""},""hL"":{""N"":""75.7""}}",f4486408-f001-7017-6ea9-8539918b7be9
868032061432054,1785711600,data.qo,"{""hE"":{""N"":""99""},""wR"":{""N"":""32.83351""},""wL"":{""N"":""25.15116""},""tR"":{""N"":""86.9""},""hL"":{""N"":""75.7""},""hR"":{""N"":""64.6""},""tE"":{""N"":""73.94""},""tL"":{""N"":""80.06""}}",f4486408-f001-7017-6ea9-8539918b7be9
868032061432054,1785715200,data.qo,"{""hR"":{""N"":""64.6""},""tL"":{""N"":""78.8""},""wR"":{""N"":""32.841583""},""hE"":{""N"":""99.9""},""hL"":{""N"":""72.5""},""tR"":{""N"":""86.9""},""wL"":{""N"":""25.256739""},""tE"":{""N"":""71.24""}}",f4486408-f001-7017-6ea9-8539918b7be9
868032061432054,1785718800,data.qo,"{""tR"":{""N"":""86.9""},""wL"":{""N"":""26.05151""},""tL"":{""N"":""78.8""},""hR"":{""N"":""64.6""},""wR"":{""N"":""33.092644""},""tE"":{""N"":""68.54""},""hE"":{""N"":""99.9""},""hL"":{""N"":""73.2""}}",f4486408-f001-7017-6ea9-8539918b7be9
868032061432054,1785722400,data.qo,"{""tE"":{""N"":""64.58""},""hE"":{""N"":""99.9""},""tR"":{""N"":""86.54""},""hR"":{""N"":""65.4""},""wR"":{""N"":""33.09414""},""tL"":{""N"":""78.08""},""hL"":{""N"":""75.3""},""wL"":{""N"":""26.087986""}}",f4486408-f001-7017-6ea9-8539918b7be9
868032061432054,1785726000,data.qo,"{""tR"":{""N"":""86""},""hL"":{""N"":""75.3""},""tL"":{""N"":""78.08""},""wR"":{""N"":""33.12363""},""hE"":{""N"":""99.9""},""hR"":{""N"":""67""},""wL"":{""N"":""26.116957""},""tE"":{""N"":""64.04""}}",f4486408-f001-7017-6ea9-8539918b7be9
868032061432054,1785729600,data.qo,"{""tE"":{""N"":""64.04""},""tL"":{""N"":""78.08""},""hR"":{""N"":""66""},""wL"":{""N"":""26.569921""},""hE"":{""N"":""99.9""},""tR"":{""N"":""85.28""},""hL"":{""N"":""75.3""},""wR"":{""N"":""33.203476""}}",f4486408-f001-7017-6ea9-8539918b7be9
868032061432054,1785733200,data.qo,"{""hE"":{""N"":""99.9""},""hR"":{""N"":""65.6""},""tL"":{""N"":""77.9""},""tR"":{""N"":""84.56""},""wR"":{""N"":""33.204548""},""hL"":{""N"":""76.3""},""wL"":{""N"":""26.527239""},""tE"":{""N"":""64.4""}}",f4486408-f001-7017-6ea9-8539918b7be9
868032061432054,1785736800,data.qo,"{""hL"":{""N"":""74.8""},""hR"":{""N"":""67.7""},""tR"":{""N"":""84.02""},""wR"":{""N"":""33.221767""},""wL"":{""N"":""26.81871""},""tL"":{""N"":""77.54""},""hE"":{""N"":""99.9""},""tE"":{""N"":""63.86""}}",f4486408-f001-7017-6ea9-8539918b7be9
868032061432054,1785740400,data.qo,"{""hR"":{""N"":""65.5""},""tE"":{""N"":""63.68""},""hE"":{""N"":""99.9""},""hL"":{""N"":""74.7""},""tR"":{""N"":""82.94""},""tL"":{""N"":""77.36""},""wL"":{""N"":""26.81332""},""wR"":{""N"":""33.23689""}}",f4486408-f001-7017-6ea9-8539918b7be9
868032061432054,1785744000,data.qo,"{""hL"":{""N"":""75.2""},""tE"":{""N"":""62.96""},""wR"":{""N"":""33.265305""},""wL"":{""N"":""26.977606""},""hE"":{""N"":""99.9""},""hR"":{""N"":""66""},""tL"":{""N"":""77""},""tR"":{""N"":""82.58""}}",f4486408-f001-7017-6ea9-8539918b7be9
868032061432054,1785747600,data.qo,"{""wR"":{""N"":""33.256954""},""wL"":{""N"":""26.888918""},""tR"":{""N"":""82.22""},""hL"":{""N"":""75.4""},""hE"":{""N"":""99.9""},""hR"":{""N"":""65.7""},""tE"":{""N"":""62.96""},""tL"":{""N"":""76.64""}}",f4486408-f001-7017-6ea9-8539918b7be9
868032061432054,1785751200,data.qo,"{""tR"":{""N"":""82.22""},""tE"":{""N"":""62.24""},""hL"":{""N"":""75.4""},""tL"":{""N"":""76.46""},""wL"":{""N"":""26.931122""},""wR"":{""N"":""33.269135""},""hE"":{""N"":""99.9""},""hR"":{""N"":""65.7""}}",f4486408-f001-7017-6ea9-8539918b7be9
868032061432054,1785754800,data.qo,"{""hL"":{""N"":""74""},""tE"":{""N"":""62.42""},""wR"":{""N"":""33.246033""},""hR"":{""N"":""65.7""},""tR"":{""N"":""82.22""},""tL"":{""N"":""76.1""},""wL"":{""N"":""26.963459""},""hE"":{""N"":""99.9""}}",f4486408-f001-7017-6ea9-8539918b7be9
868032061432054,1785758400,data.qo,"{""wL"":{""N"":""27.06947""},""wR"":{""N"":""33.300537""},""hE"":{""N"":""99.9""},""tE"":{""N"":""62.24""},""hR"":{""N"":""65.9""},""hL"":{""N"":""73.5""},""tR"":{""N"":""81.14""},""tL"":{""N"":""75.56""}}",f4486408-f001-7017-6ea9-8539918b7be9
868032061432054,1785762000,data.qo,"{""tE"":{""N"":""65.66""},""wL"":{""N"":""26.721697""},""hR"":{""N"":""65.8""},""hL"":{""N"":""75.1""},""hE"":{""N"":""99.9""},""tR"":{""N"":""81.32""},""tL"":{""N"":""75.38""},""wR"":{""N"":""33.252613""}}",f4486408-f001-7017-6ea9-8539918b7be9
868032061432054,1785765600,data.qo,"{""tE"":{""N"":""79.88""},""hL"":{""N"":""75.1""},""tR"":{""N"":""81.32""},""tL"":{""N"":""75.92""},""wL"":{""N"":""26.256413""},""hR"":{""N"":""65.8""},""wR"":{""N"":""33.450756""},""hE"":{""N"":""95.5""}}",f4486408-f001-7017-6ea9-8539918b7be9
868032061432054,1785769200,data.qo,"{""hE"":{""N"":""68.5""},""wR"":{""N"":""32.829826""},""tR"":{""N"":""81.32""},""wL"":{""N"":""26.150785""},""hL"":{""N"":""74.3""},""hR"":{""N"":""65.8""},""tL"":{""N"":""77.54""},""tE"":{""N"":""98.06""}}",f4486408-f001-7017-6ea9-8539918b7be9
868032061432054,1785772800,data.qo,"{""hL"":{""N"":""74.3""},""wL"":{""N"":""26.003582""},""hE"":{""N"":""72.5""},""hR"":{""N"":""65.8""},""tR"":{""N"":""81.32""},""tE"":{""N"":""87.62""},""tL"":{""N"":""77.54""},""wR"":{""N"":""33.305626""}}",f4486408-f001-7017-6ea9-8539918b7be9
868032061432054,1785776400,data.qo,"{""wR"":{""N"":""32.78171""},""tL"":{""N"":""81.86""},""tR"":{""N"":""85.82""},""hR"":{""N"":""69.6""},""hE"":{""N"":""64.9""},""hL"":{""N"":""72.3""},""wL"":{""N"":""26.16089""},""tE"":{""N"":""99.5""}}",f4486408-f001-7017-6ea9-8539918b7be9
868032061432054,1785780000,data.qo,"{""tE"":{""N"":""76.28""},""tR"":{""N"":""87.26""},""hL"":{""N"":""72.3""},""hE"":{""N"":""91.6""},""hR"":{""N"":""66.2""},""tL"":{""N"":""81.86""},""wL"":{""N"":""25.74031""},""wR"":{""N"":""32.799583""}}",f4486408-f001-7017-6ea9-8539918b7be9
868032061432054,1785783600,data.qo,"{""hL"":{""N"":""73.4""},""tR"":{""N"":""88.16""},""hE"":{""N"":""90.5""},""hR"":{""N"":""68.4""},""wL"":{""N"":""25.82279""},""tL"":{""N"":""81.32""},""tE"":{""N"":""81.86""},""wR"":{""N"":""32.720486""}}",f4486408-f001-7017-6ea9-8539918b7be9
868032061432054,1785787200,data.qo,"{""tE"":{""N"":""75.92""},""wL"":{""N"":""26.017633""},""tL"":{""N"":""81.5""},""wR"":{""N"":""32.818764""},""hE"":{""N"":""96.9""},""tR"":{""N"":""88.16""},""hL"":{""N"":""71.5""},""hR"":{""N"":""68.4""}}",f4486408-f001-7017-6ea9-8539918b7be9
868032061432054,1785790800,data.qo,"{""tE"":{""N"":""77""},""hR"":{""N"":""65.6""},""hL"":{""N"":""71.5""},""wL"":{""N"":""25.788383""},""hE"":{""N"":""94.3""},""tL"":{""N"":""81.5""},""wR"":{""N"":""32.842796""},""tR"":{""N"":""88.7""}}",f4486408-f001-7017-6ea9-8539918b7be9
868032061432054,1785794400,data.qo,"{""hL"":{""N"":""72.6""},""wR"":{""N"":""32.782368""},""tR"":{""N"":""88.52""},""hE"":{""N"":""99.9""},""tE"":{""N"":""75.02""},""hR"":{""N"":""64.7""},""tL"":{""N"":""78.8""},""wL"":{""N"":""26.176434""}}",f4486408-f001-7017-6ea9-8539918b7be9
868032061432054,1785798000,data.qo,"{""wL"":{""N"":""25.897715""},""hR"":{""N"":""64.7""},""tE"":{""N"":""72.5""},""tL"":{""N"":""78.8""},""tR"":{""N"":""88.52""},""hE"":{""N"":""99.9""},""hL"":{""N"":""71.8""},""wR"":{""N"":""32.803272""}}",f4486408-f001-7017-6ea9-8539918b7be9
868032061432054,1785801600,data.qo,"{""tE"":{""N"":""72.14""},""tR"":{""N"":""88.16""},""wR"":{""N"":""32.724174""},""hL"":{""N"":""71.8""},""hE"":{""N"":""99.9""},""hR"":{""N"":""64""},""wL"":{""N"":""26.018692""},""tL"":{""N"":""78.8""}}",f4486408-f001-7017-6ea9-8539918b7be9
868032061432054,1785805200,data.qo,"{""wR"":{""N"":""32.7469""},""tR"":{""N"":""88.16""},""hL"":{""N"":""71.8""},""hR"":{""N"":""64""},""tL"":{""N"":""78.8""},""wL"":{""N"":""26.159399""},""hE"":{""N"":""99.9""},""tE"":{""N"":""72.14""}}",f4486408-f001-7017-6ea9-8539918b7be9
868032061432054,1785808800,data.qo,"{""tE"":{""N"":""68.18""},""tR"":{""N"":""88.16""},""wR"":{""N"":""32.75371""},""hR"":{""N"":""64""},""hE"":{""N"":""99.9""},""hL"":{""N"":""75.2""},""tL"":{""N"":""78.44""},""wL"":{""N"":""26.064407""}}",f4486408-f001-7017-6ea9-8539918b7be9
868032061432054,1785812400,data.qo,"{""tE"":{""N"":""67.1""},""hR"":{""N"":""65.1""},""tR"":{""N"":""87.26""},""tL"":{""N"":""78.8""},""wL"":{""N"":""26.039335""},""hE"":{""N"":""99.9""},""wR"":{""N"":""32.813866""},""hL"":{""N"":""76.6""}}",f4486408-f001-7017-6ea9-8539918b7be9
868032061432054,1785816000,data.qo,"{""hE"":{""N"":""99.9""},""tE"":{""N"":""66.92""},""wL"":{""N"":""25.891748""},""hR"":{""N"":""65.1""},""tR"":{""N"":""87.26""},""hL"":{""N"":""75.7""},""wR"":{""N"":""32.81853""},""tL"":{""N"":""78.8""}}",f4486408-f001-7017-6ea9-8539918b7be9
868032061432054,1785819540,data.qo,"{""hL"":{""N"":""78.5""},""hR"":{""N"":""66.1""},""wR"":{""N"":""32.82693""},""wL"":{""N"":""25.933565""},""hE"":{""N"":""99.9""},""tL"":{""N"":""78.8""},""tR"":{""N"":""87.08""},""tE"":{""N"":""67.1""}}",f4486408-f001-7017-6ea9-8539918b7be9
868032061432054,1785823200,data.qo,"{""tL"":{""N"":""78.8""},""hR"":{""N"":""66.5""},""tE"":{""N"":""66.2""},""wL"":{""N"":""26.007671""},""wR"":{""N"":""32.820724""},""hL"":{""N"":""78.5""},""tR"":{""N"":""86.9""},""hE"":{""N"":""99.9""}}",f4486408-f001-7017-6ea9-8539918b7be9
868032061432054,1785826800,data.qo,"{""tR"":{""N"":""86.54""},""hR"":{""N"":""66.1""},""tE"":{""N"":""64.94""},""tL"":{""N"":""78.44""},""wR"":{""N"":""32.83244""},""hE"":{""N"":""99.9""},""hL"":{""N"":""75.5""},""wL"":{""N"":""26.055456""}}",f4486408-f001-7017-6ea9-8539918b7be9
868032061432054,1785830400,data.qo,"{""hE"":{""N"":""99.9""},""tE"":{""N"":""64.58""},""tR"":{""N"":""86""},""wL"":{""N"":""26.11301""},""tL"":{""N"":""78.44""},""wR"":{""N"":""32.87117""},""hL"":{""N"":""75.5""},""hR"":{""N"":""64.9""}}",f4486408-f001-7017-6ea9-8539918b7be9
868032061432054,1785834000,data.qo,"{""wR"":{""N"":""32.894455""},""tR"":{""N"":""85.64""},""hE"":{""N"":""99.9""},""hL"":{""N"":""76.5""},""hR"":{""N"":""64.7""},""tE"":{""N"":""64.4""},""wL"":{""N"":""26.157763""},""tL"":{""N"":""78.08""}}",f4486408-f001-7017-6ea9-8539918b7be9
868032061432054,1785837600,data.qo,"{""wL"":{""N"":""26.074417""},""tR"":{""N"":""85.1""},""wR"":{""N"":""32.904816""},""hR"":{""N"":""65.5""},""hE"":{""N"":""99.9""},""tE"":{""N"":""64.58""},""hL"":{""N"":""74.2""},""tL"":{""N"":""77.54""}}",f4486408-f001-7017-6ea9-8539918b7be9
868032061432054,1785841200,data.qo,"{""wL"":{""N"":""26.14862""},""hR"":{""N"":""65.5""},""hE"":{""N"":""99.9""},""tE"":{""N"":""64.04""},""hL"":{""N"":""74.4""},""tL"":{""N"":""77.54""},""wR"":{""N"":""32.91606""},""tR"":{""N"":""85.1""}}",f4486408-f001-7017-6ea9-8539918b7be9
868032061432054,1785844800,data.qo,"{""wR"":{""N"":""32.932396""},""tE"":{""N"":""64.4""},""hL"":{""N"":""73.7""},""hR"":{""N"":""65.5""},""tR"":{""N"":""85.1""},""wL"":{""N"":""26.144482""},""hE"":{""N"":""99.9""},""tL"":{""N"":""77""}}",f4486408-f001-7017-6ea9-8539918b7be9
868032061432054,1785848400,data.qo,"{""wL"":{""N"":""25.968502""},""wR"":{""N"":""32.884003""},""tE"":{""N"":""66.2""},""hL"":{""N"":""73.9""},""tR"":{""N"":""83.84""},""tL"":{""N"":""76.64""},""hE"":{""N"":""99.9""},""hR"":{""N"":""64.4""}}",f4486408-f001-7017-6ea9-8539918b7be9
868032061432054,1785852000,data.qo,"{""tL"":{""N"":""77.36""},""hR"":{""N"":""66.9""},""hL"":{""N"":""73.1""},""tE"":{""N"":""74.12""},""wL"":{""N"":""25.827988""},""wR"":{""N"":""32.799866""},""tR"":{""N"":""84.02""},""hE"":{""N"":""99.9""}}",f4486408-f001-7017-6ea9-8539918b7be9
868032061432054,1785855600,data.qo,"{""wR"":{""N"":""32.4733""},""tL"":{""N"":""77.72""},""hE"":{""N"":""99.9""},""hL"":{""N"":""73.9""},""hR"":{""N"":""68.3""},""tE"":{""N"":""74.12""},""tR"":{""N"":""84.56""},""wL"":{""N"":""25.219011""}}",f4486408-f001-7017-6ea9-8539918b7be9
868032061432054,1785859200,data.qo,"{""hR"":{""N"":""68.8""},""hL"":{""N"":""73.7""},""tL"":{""N"":""79.52""},""wL"":{""N"":""24.85223""},""tE"":{""N"":""94.1""},""hE"":{""N"":""69.6""},""tR"":{""N"":""85.46""},""wR"":{""N"":""32.341892""}}",f4486408-f001-7017-6ea9-8539918b7be9
868032061432054,1785862800,data.qo,"{""hL"":{""N"":""71.6""},""wL"":{""N"":""23.169281""},""wR"":{""N"":""31.917889""},""hE"":{""N"":""59.5""},""tL"":{""N"":""83.3""},""tE"":{""N"":""100.94""},""tR"":{""N"":""86.9""},""hR"":{""N"":""70.1""}}",f4486408-f001-7017-6ea9-8539918b7be9
868032061432054,1785866400,data.qo,"{""tL"":{""N"":""86.18""},""hR"":{""N"":""70.1""},""wR"":{""N"":""31.531733""},""hE"":{""N"":""56.8""},""hL"":{""N"":""69.7""},""wL"":{""N"":""23.058458""},""tR"":{""N"":""86.9""},""tE"":{""N"":""109.94""}}",f4486408-f001-7017-6ea9-8539918b7be9
868032061432054,1785870000,data.qo,"{""hR"":{""N"":""63.4""},""tR"":{""N"":""95""},""tL"":{""N"":""89.6""},""wR"":{""N"":""31.63309""},""hL"":{""N"":""66.5""},""tE"":{""N"":""87.98""},""wL"":{""N"":""23.112402""},""hE"":{""N"":""80.8""}}",f4486408-f001-7017-6ea9-8539918b7be9
868032061432054,1785873600,data.qo,"{""tL"":{""N"":""86""},""hE"":{""N"":""91.5""},""wL"":{""N"":""23.705883""},""wR"":{""N"":""31.859556""},""hR"":{""N"":""61.7""},""tR"":{""N"":""95""},""hL"":{""N"":""68.4""},""tE"":{""N"":""81.86""}}",f4486408-f001-7017-6ea9-8539918b7be9
868032061432054,1785877200,data.qo,"{""hR"":{""N"":""62.2""},""tL"":{""N"":""86""},""wL"":{""N"":""23.817188""},""tE"":{""N"":""72.32""},""hE"":{""N"":""96.1""},""tR"":{""N"":""94.1""},""hL"":{""N"":""68.4""},""wR"":{""N"":""31.871504""}}",f4486408-f001-7017-6ea9-8539918b7be9
868032061432054,1785880800,data.qo,"{""hL"":{""N"":""72.1""},""hE"":{""N"":""99.9""},""hR"":{""N"":""62.2""},""tR"":{""N"":""94.1""},""tE"":{""N"":""70.34""},""wR"":{""N"":""31.924236""},""wL"":{""N"":""23.569363""},""tL"":{""N"":""80.6""}}",f4486408-f001-7017-6ea9-8539918b7be9
868032061432054,1785884400,data.qo,"{""tR"":{""N"":""94.1""},""wR"":{""N"":""31.869963""},""tE"":{""N"":""70.88""},""hR"":{""N"":""62.2""},""tL"":{""N"":""80.24""},""wL"":{""N"":""23.469078""},""hE"":{""N"":""99.9""},""hL"":{""N"":""75.9""}}",f4486408-f001-7017-6ea9-8539918b7be9
868032061432054,1785888000,data.qo,"{""hE"":{""N"":""99.9""},""hL"":{""N"":""74.2""},""wR"":{""N"":""31.971928""},""wL"":{""N"":""24.023148""},""hR"":{""N"":""62.2""},""tE"":{""N"":""72.86""},""tR"":{""N"":""94.1""},""tL"":{""N"":""80.96""}}",f4486408-f001-7017-6ea9-8539918b7be9
868032061432054,1785891600,data.qo,"{""wR"":{""N"":""32.015465""},""hE"":{""N"":""99.9""},""tL"":{""N"":""80.96""},""hR"":{""N"":""62.9""},""wL"":{""N"":""23.928926""},""hL"":{""N"":""73.7""},""tR"":{""N"":""88.52""},""tE"":{""N"":""68.72""}}",f4486408-f001-7017-6ea9-8539918b7be9
868032061432054,1785895200,data.qo,"{""wL"":{""N"":""23.839708""},""wR"":{""N"":""32.095264""},""hE"":{""N"":""99.9""},""tR"":{""N"":""88.7""},""tL"":{""N"":""80.06""},""hL"":{""N"":""74.5""},""tE"":{""N"":""65.12""},""hR"":{""N"":""63.5""}}",f4486408-f001-7017-6ea9-8539918b7be9
868032061432054,1785898800,data.qo,"{""tE"":{""N"":""64.94""},""hR"":{""N"":""63.7""},""wR"":{""N"":""32.131477""},""wL"":{""N"":""23.725758""},""tR"":{""N"":""87.98""},""hL"":{""N"":""76.1""},""hE"":{""N"":""99.9""},""tL"":{""N"":""80.06""}}",f4486408-f001-7017-6ea9-8539918b7be9
868032061432054,1785902400,data.qo,"{""hE"":{""N"":""99.9""},""tE"":{""N"":""64.76""},""wR"":{""N"":""32.147717""},""hR"":{""N"":""63.7""},""hL"":{""N"":""77.2""},""tR"":{""N"":""87.98""},""tL"":{""N"":""79.52""},""wL"":{""N"":""23.779123""}}",f4486408-f001-7017-6ea9-8539918b7be9
868032061432054,1785906000,data.qo,"{""hL"":{""N"":""74.1""},""tR"":{""N"":""86.54""},""hE"":{""N"":""99.9""},""tL"":{""N"":""79.52""},""tE"":{""N"":""64.94""},""wR"":{""N"":""32.113556""},""wL"":{""N"":""23.684181""},""hR"":{""N"":""62.8""}}",f4486408-f001-7017-6ea9-8539918b7be9
868032061432054,1785909600,data.qo,"{""hL"":{""N"":""75""},""tR"":{""N"":""86.54""},""hR"":{""N"":""66.7""},""tE"":{""N"":""64.76""},""hE"":{""N"":""99.9""},""tL"":{""N"":""79.52""},""wR"":{""N"":""32.159428""},""wL"":{""N"":""23.900581""}}",f4486408-f001-7017-6ea9-8539918b7be9
868032061432054,1785913200,data.qo,"{""hE"":{""N"":""99.9""},""tR"":{""N"":""86.72""},""wR"":{""N"":""32.176323""},""hL"":{""N"":""75.9""},""hR"":{""N"":""67.2""},""tL"":{""N"":""78.98""},""wL"":{""N"":""23.900486""},""tE"":{""N"":""64.76""}}",f4486408-f001-7017-6ea9-8539918b7be9
868032061432054,1785916800,data.qo,"{""hE"":{""N"":""99.9""},""tE"":{""N"":""64.76""},""wL"":{""N"":""23.763388""},""wR"":{""N"":""32.168762""},""tR"":{""N"":""86.72""},""hL"":{""N"":""76.3""},""tL"":{""N"":""78.8""},""hR"":{""N"":""67.2""}}",f4486408-f001-7017-6ea9-8539918b7be9
868032061432054,1785920400,data.qo,"{""wR"":{""N"":""32.1976""},""tR"":{""N"":""86""},""tL"":{""N"":""78.44""},""hE"":{""N"":""99.9""},""hR"":{""N"":""64.1""},""wL"":{""N"":""23.833357""},""tE"":{""N"":""64.04""},""hL"":{""N"":""75""}}",f4486408-f001-7017-6ea9-8539918b7be9
868032061432054,1785924000,data.qo,"{""tR"":{""N"":""86""},""hL"":{""N"":""75""},""hR"":{""N"":""64.1""},""tL"":{""N"":""78.08""},""hE"":{""N"":""99.9""},""tE"":{""N"":""64.4""},""wR"":{""N"":""32.22257""},""wL"":{""N"":""23.706413""}}",f4486408-f001-7017-6ea9-8539918b7be9
868032061432054,1785927600,data.qo,"{""hR"":{""N"":""64.1""},""tR"":{""N"":""86""},""wR"":{""N"":""32.18388""},""hE"":{""N"":""99.9""},""tL"":{""N"":""78.08""},""wL"":{""N"":""23.851738""},""tE"":{""N"":""64.76""},""hL"":{""N"":""77.1""}}",f4486408-f001-7017-6ea9-8539918b7be9
868032061432054,1785931200,data.qo,"{""hL"":{""N"":""74.1""},""tE"":{""N"":""64.94""},""hR"":{""N"":""67""},""tL"":{""N"":""77.54""},""wL"":{""N"":""23.904865""},""tR"":{""N"":""84.56""},""hE"":{""N"":""99.9""},""wR"":{""N"":""32.183647""}}",f4486408-f001-7017-6ea9-8539918b7be9
868032061432054,1785934800,data.qo,"{""hR"":{""N"":""64.9""},""hL"":{""N"":""75.7""},""tR"":{""N"":""84.92""},""tE"":{""N"":""67.82""},""wR"":{""N"":""32.008465""},""wL"":{""N"":""23.635914""},""hE"":{""N"":""99.9""},""tL"":{""N"":""77.54""}}",f4486408-f001-7017-6ea9-8539918b7be9
868032061432054,1785938400,data.qo,"{""tE"":{""N"":""76.46""},""hL"":{""N"":""74.6""},""hE"":{""N"":""95.7""},""wR"":{""N"":""31.749332""},""hR"":{""N"":""66.4""},""tL"":{""N"":""78.08""},""wL"":{""N"":""23.223082""},""tR"":{""N"":""85.64""}}",f4486408-f001-7017-6ea9-8539918b7be9
868032061432054,1785942000,data.qo,"{""tR"":{""N"":""85.64""},""hL"":{""N"":""74.2""},""wL"":{""N"":""23.21158""},""hR"":{""N"":""66.4""},""tE"":{""N"":""97.34""},""wR"":{""N"":""31.611624""},""tL"":{""N"":""79.52""},""hE"":{""N"":""73.8""}}",f4486408-f001-7017-6ea9-8539918b7be9
868032061432054,1785945600,data.qo,"{""hL"":{""N"":""73.8""},""tR"":{""N"":""88.16""},""wL"":{""N"":""22.942005""},""tE"":{""N"":""89.6""},""hE"":{""N"":""75.8""},""hR"":{""N"":""68""},""tL"":{""N"":""80.6""},""wR"":{""N"":""31.346657""}}",f4486408-f001-7017-6ea9-8539918b7be9
868032061432054,1785949200,data.qo,"{""wR"":{""N"":""31.71256""},""hE"":{""N"":""65.9""},""tL"":{""N"":""81.68""},""wL"":{""N"":""30.933664""},""hL"":{""N"":""73.9""},""hR"":{""N"":""70.3""},""tR"":{""N"":""89.42""},""tE"":{""N"":""99.5""}}",f4486408-f001-7017-6ea9-8539918b7be9
868032061432054,1785952800,data.qo,"{""tE"":{""N"":""111.02""},""hE"":{""N"":""55.6""},""hR"":{""N"":""71.8""},""wL"":{""N"":""31.060753""},""tL"":{""N"":""85.82""},""hL"":{""N"":""71.4""},""tR"":{""N"":""90.86""},""wR"":{""N"":""31.863478""}}",f4486408-f001-7017-6ea9-8539918b7be9
868032061432054,1785956400,data.qo,"{""hE"":{""N"":""89""},""tE"":{""N"":""83.3""},""tL"":{""N"":""85.1""},""hR"":{""N"":""70.4""},""hL"":{""N"":""69.9""},""tR"":{""N"":""92.12""},""wL"":{""N"":""31.032217""},""wR"":{""N"":""31.553991""}}",f4486408-f001-7017-6ea9-8539918b7be9
868032061432054,1785960000,data.qo,"{""hR"":{""N"":""70.3""},""tE"":{""N"":""82.22""},""wL"":{""N"":""31.276192""},""tR"":{""N"":""93.56""},""wR"":{""N"":""31.731321""},""hL"":{""N"":""69.9""},""tL"":{""N"":""85.1""},""hE"":{""N"":""91.6""}}",f4486408-f001-7017-6ea9-8539918b7be9
868032061432054,1785963600,data.qo,"{""wR"":{""N"":""31.89451""},""hL"":{""N"":""72.6""},""tL"":{""N"":""81.5""},""tE"":{""N"":""73.58""},""hR"":{""N"":""69.2""},""wL"":{""N"":""31.771023""},""hE"":{""N"":""98.9""},""tR"":{""N"":""93.56""}}",f4486408-f001-7017-6ea9-8539918b7be9
868032061432054,1785967200,data.qo,"{""hR"":{""N"":""72.7""},""hL"":{""N"":""77.9""},""tL"":{""N"":""80.78""},""tR"":{""N"":""93.2""},""wL"":{""N"":""32.26552""},""wR"":{""N"":""31.830624""},""hE"":{""N"":""99.9""},""tE"":{""N"":""72.86""}}",f4486408-f001-7017-6ea9-8539918b7be9
868032061432054,1785970800,data.qo,"{""tL"":{""N"":""80.24""},""tE"":{""N"":""72.86""},""hR"":{""N"":""71.4""},""hE"":{""N"":""99.9""},""wL"":{""N"":""31.581715""},""hL"":{""N"":""77.5""},""wR"":{""N"":""31.896702""},""tR"":{""N"":""92.3""}}",f4486408-f001-7017-6ea9-8539918b7be9
868032061432054,1785974400,data.qo,"{""hE"":{""N"":""99.9""},""tL"":{""N"":""79.7""},""wR"":{""N"":""31.916443""},""tE"":{""N"":""69.8""},""wL"":{""N"":""31.60077""},""hL"":{""N"":""77.9""},""tR"":{""N"":""92.3""},""hR"":{""N"":""71.4""}}",f4486408-f001-7017-6ea9-8539918b7be9
868032061432054,1785978000,data.qo,"{""hL"":{""N"":""77.9""},""tE"":{""N"":""69.26""},""wR"":{""N"":""31.934969""},""hE"":{""N"":""99.9""},""tR"":{""N"":""92.12""},""hR"":{""N"":""69.1""},""wL"":{""N"":""31.959805""},""tL"":{""N"":""79.7""}}",f4486408-f001-7017-6ea9-8539918b7be9
868032061432054,1785981600,data.qo,"{""wL"":{""N"":""31.479794""},""tR"":{""N"":""90.32""},""tE"":{""N"":""66.2""},""hR"":{""N"":""69.2""},""wR"":{""N"":""31.99148""},""hE"":{""N"":""99.9""},""tL"":{""N"":""79.52""},""hL"":{""N"":""76.1""}}",f4486408-f001-7017-6ea9-8539918b7be9
868032061432054,1785985200,data.qo,"{""tL"":{""N"":""79.52""},""wL"":{""N"":""31.336824""},""tE"":{""N"":""65.84""},""wR"":{""N"":""32.01738""},""hE"":{""N"":""99.9""},""hL"":{""N"":""78""},""hR"":{""N"":""72.8""},""tR"":{""N"":""90.14""}}",f4486408-f001-7017-6ea9-8539918b7be9
868032061432054,1785988800,data.qo,"{""wR"":{""N"":""32.075756""},""hE"":{""N"":""99.9""},""tR"":{""N"":""90.14""},""hL"":{""N"":""78.7""},""hR"":{""N"":""72.8""},""wL"":{""N"":""31.790272""},""tE"":{""N"":""64.94""},""tL"":{""N"":""79.52""}}",f4486408-f001-7017-6ea9-8539918b7be9
868032061432054,1785992340,data.qo,"{""wL"":{""N"":""31.313246""},""tR"":{""N"":""90.14""},""wR"":{""N"":""32.085697""},""tE"":{""N"":""64.94""},""hE"":{""N"":""99.9""},""hR"":{""N"":""72.8""},""hL"":{""N"":""79.4""},""tL"":{""N"":""78.98""}}",f4486408-f001-7017-6ea9-8539918b7be9
868032061432054,1785996000,data.qo,"{""tE"":{""N"":""64.94""},""wL"":{""N"":""31.477869""},""hR"":{""N"":""72.8""},""hE"":{""N"":""99.9""},""wR"":{""N"":""32.118458""},""hL"":{""N"":""77.4""},""tR"":{""N"":""90.14""},""tL"":{""N"":""78.98""}}",f4486408-f001-7017-6ea9-8539918b7be9
868032061432054,1785999600,data.qo,"{""hL"":{""N"":""76.8""},""hE"":{""N"":""99.9""},""tL"":{""N"":""78.62""},""hR"":{""N"":""72.8""},""tE"":{""N"":""64.76""},""wR"":{""N"":""32.115284""},""wL"":{""N"":""31.835747""},""tR"":{""N"":""90.14""}}",f4486408-f001-7017-6ea9-8539918b7be9
868032061432054,1786003200,data.qo,"{""tL"":{""N"":""78.8""},""hR"":{""N"":""72.8""},""hE"":{""N"":""99.9""},""tE"":{""N"":""64.58""},""wR"":{""N"":""32.120884""},""hL"":{""N"":""78""},""wL"":{""N"":""31.746866""},""tR"":{""N"":""90.14""}}",f4486408-f001-7017-6ea9-8539918b7be9
868032061432054,1786006800,data.qo,"{""hR"":{""N"":""77.8""},""wL"":{""N"":""31.838875""},""tL"":{""N"":""78.8""},""hL"":{""N"":""78""},""hE"":{""N"":""99.9""},""tE"":{""N"":""64.04""},""wR"":{""N"":""32.137543""},""tR"":{""N"":""82.58""}}",f4486408-f001-7017-6ea9-8539918b7be9
868032061432054,1786010400,data.qo,"{""wL"":{""N"":""32.013313""},""hL"":{""N"":""74.3""},""hE"":{""N"":""99.9""},""tE"":{""N"":""62.96""},""wR"":{""N"":""32.188828""},""hR"":{""N"":""79.9""},""tL"":{""N"":""77.9""},""tR"":{""N"":""82.22""}}",f4486408-f001-7017-6ea9-8539918b7be9
868032061432054,1786014000,data.qo,"{""wL"":{""N"":""32.073803""},""tL"":{""N"":""77.9""},""hE"":{""N"":""99.9""},""tR"":{""N"":""80.42""},""tE"":{""N"":""62.6""},""wR"":{""N"":""32.217808""},""hR"":{""N"":""78.3""},""hL"":{""N"":""74.3""}}",f4486408-f001-7017-6ea9-8539918b7be9
868032061432054,1786017600,data.qo,"{""wL"":{""N"":""31.736809""},""tL"":{""N"":""77""},""hL"":{""N"":""73.8""},""tE"":{""N"":""64.04""},""wR"":{""N"":""32.211086""},""tR"":{""N"":""80.78""},""hR"":{""N"":""78.5""},""hE"":{""N"":""99.9""}}",f4486408-f001-7017-6ea9-8539918b7be9
868032061432054,1786021200,data.qo,"{""tL"":{""N"":""77""},""tE"":{""N"":""66.56""},""hE"":{""N"":""99.9""},""tR"":{""N"":""88.34""},""wR"":{""N"":""32.431347""},""hR"":{""N"":""73.1""},""hL"":{""N"":""76.7""},""wL"":{""N"":""31.666649""}}",f4486408-f001-7017-6ea9-8539918b7be9
868032061432054,1786024800,data.qo,"{""hR"":{""N"":""74.1""},""tE"":{""N"":""101.66""},""wL"":{""N"":""30.863407""},""hE"":{""N"":""73.4""},""tR"":{""N"":""92.3""},""tL"":{""N"":""77""},""hL"":{""N"":""76.7""},""wR"":{""N"":""32.34945""}}",f4486408-f001-7017-6ea9-8539918b7be9
868032061432054,1786028400,data.qo,"{""hE"":{""N"":""55.7""},""tR"":{""N"":""93.56""},""wL"":{""N"":""30.995884""},""tE"":{""N"":""114.44""},""tL"":{""N"":""80.42""},""hR"":{""N"":""75.2""},""hL"":{""N"":""73.8""},""wR"":{""N"":""31.787971""}}",f4486408-f001-7017-6ea9-8539918b7be9
868032061432054,1786032000,data.qo,"{""hL"":{""N"":""75.2""},""tE"":{""N"":""107.96""},""hE"":{""N"":""51.6""},""hR"":{""N"":""76.2""},""wR"":{""N"":""31.957975""},""tR"":{""N"":""94.46""},""tL"":{""N"":""84.56""},""wL"":{""N"":""30.523333""}}",f4486408-f001-7017-6ea9-8539918b7be9
868032061432054,1786035600,data.qo,"{""tR"":{""N"":""94.46""},""hR"":{""N"":""76.2""},""tL"":{""N"":""85.82""},""wL"":{""N"":""30.43349""},""hL"":{""N"":""72.8""},""wR"":{""N"":""31.677095""},""hE"":{""N"":""49.4""},""tE"":{""N"":""113.72""}}",f4486408-f001-7017-6ea9-8539918b7be9
868032061432054,1786039200,data.qo,"{""wL"":{""N"":""30.774141""},""hE"":{""N"":""87.6""},""wR"":{""N"":""31.705841""},""tL"":{""N"":""85.28""},""tR"":{""N"":""95.36""},""tE"":{""N"":""76.46""},""hR"":{""N"":""72""},""hL"":{""N"":""67.4""}}",f4486408-f001-7017-6ea9-8539918b7be9
868032061432054,1786042800,data.qo,"{""tL"":{""N"":""80.96""},""tR"":{""N"":""94.1""},""tE"":{""N"":""71.96""},""hL"":{""N"":""73.9""},""wR"":{""N"":""31.810278""},""hE"":{""N"":""96.2""},""hR"":{""N"":""67.9""},""wL"":{""N"":""31.081493""}}",f4486408-f001-7017-6ea9-8539918b7be9
868032061432054,1786046400,data.qo,"{""hL"":{""N"":""76.8""},""hR"":{""N"":""74.5""},""tR"":{""N"":""92.84""},""tL"":{""N"":""79.52""},""wL"":{""N"":""30.5997""},""tE"":{""N"":""70.34""},""hE"":{""N"":""96.4""},""wR"":{""N"":""31.794271""}}",f4486408-f001-7017-6ea9-8539918b7be9
868032061432054,1786050000,data.qo,"{""hL"":{""N"":""76.8""},""tE"":{""N"":""70.7""},""tL"":{""N"":""79.52""},""tR"":{""N"":""93.02""},""wL"":{""N"":""30.157225""},""hR"":{""N"":""73.5""},""wR"":{""N"":""31.746347""},""hE"":{""N"":""99.9""}}",f4486408-f001-7017-6ea9-8539918b7be9
868032061432054,1786053600,data.qo,"{""tE"":{""N"":""74.48""},""hE"":{""N"":""99.5""},""tR"":{""N"":""94.28""},""hL"":{""N"":""76.8""},""hR"":{""N"":""71.4""},""wR"":{""N"":""31.76128""},""wL"":{""N"":""30.387342""},""tL"":{""N"":""79.52""}}",f4486408-f001-7017-6ea9-8539918b7be9
868032061432054,1786057200,data.qo,"{""tE"":{""N"":""72.5""},""hR"":{""N"":""70.1""},""wL"":{""N"":""30.332098""},""wR"":{""N"":""31.756893""},""tR"":{""N"":""94.64""},""hL"":{""N"":""74.7""},""tL"":{""N"":""80.6""},""hE"":{""N"":""99.9""}}",f4486408-f001-7017-6ea9-8539918b7be9
868032061432054,1786060800,data.qo,"{""tL"":{""N"":""79.7""},""tR"":{""N"":""92.84""},""wL"":{""N"":""30.97524""},""hE"":{""N"":""99.9""},""tE"":{""N"":""72.32""},""wR"":{""N"":""31.78172""},""hL"":{""N"":""74.6""},""hR"":{""N"":""74.1""}}",f4486408-f001-7017-6ea9-8539918b7be9
868032061432054,1786064400,data.qo,"{""wL"":{""N"":""31.025288""},""hE"":{""N"":""99.9""},""tR"":{""N"":""92.84""},""tL"":{""N"":""79.7""},""wR"":{""N"":""31.85363""},""tE"":{""N"":""69.08""},""hL"":{""N"":""74.6""},""hR"":{""N"":""71.1""}}",f4486408-f001-7017-6ea9-8539918b7be9
868032061432054,1786068000,data.qo,"{""hE"":{""N"":""99.9""},""wL"":{""N"":""30.245962""},""tL"":{""N"":""79.52""},""hR"":{""N"":""71.9""},""tR"":{""N"":""90.5""},""wR"":{""N"":""31.841871""},""hL"":{""N"":""75.9""},""tE"":{""N"":""67.1""}}",f4486408-f001-7017-6ea9-8539918b7be9
868032061432054,1786071600,data.qo,"{""hR"":{""N"":""71.2""},""tE"":{""N"":""67.1""},""tL"":{""N"":""79.52""},""wL"":{""N"":""30.229118""},""hL"":{""N"":""79.4""},""hE"":{""N"":""99.9""},""tR"":{""N"":""87.26""},""wR"":{""N"":""31.833752""}}",f4486408-f001-7017-6ea9-8539918b7be9
868032061432054,1786075200,data.qo,"{""hL"":{""N"":""74.8""},""hR"":{""N"":""74.9""},""wL"":{""N"":""30.318577""},""tR"":{""N"":""82.4""},""hE"":{""N"":""99.9""},""tE"":{""N"":""67.1""},""tL"":{""N"":""79.16""},""wR"":{""N"":""31.7463""}}",f4486408-f001-7017-6ea9-8539918b7be9
868032061432054,1786078740,data.qo,"{""hE"":{""N"":""99.9""},""wR"":{""N"":""31.909815""},""hR"":{""N"":""77.8""},""hL"":{""N"":""74.8""},""wL"":{""N"":""30.84382""},""tL"":{""N"":""79.16""},""tR"":{""N"":""79.7""},""tE"":{""N"":""64.94""}}",f4486408-f001-7017-6ea9-8539918b7be9
868032061432054,1786082400,data.qo,"{""hR"":{""N"":""77.8""},""tR"":{""N"":""79.7""},""wR"":{""N"":""31.963202""},""tL"":{""N"":""78.8""},""hE"":{""N"":""99.9""},""wL"":{""N"":""30.340761""},""tE"":{""N"":""64.22""},""hL"":{""N"":""75.5""}}",f4486408-f001-7017-6ea9-8539918b7be9
868032061432054,1786086000,data.qo,"{""hE"":{""N"":""99.9""},""tR"":{""N"":""76.46""},""tE"":{""N"":""64.76""},""tL"":{""N"":""78.44""},""wR"":{""N"":""31.965067""},""hL"":{""N"":""75.2""},""hR"":{""N"":""78.9""},""wL"":{""N"":""30.26622""}}",f4486408-f001-7017-6ea9-8539918b7be9
868032061432054,1786089600,data.qo,"{""tL"":{""N"":""78.08""},""tE"":{""N"":""64.04""},""wR"":{""N"":""32.01458""},""hL"":{""N"":""75.5""},""hE"":{""N"":""99.9""},""hR"":{""N"":""79.7""},""tR"":{""N"":""75.56""},""wL"":{""N"":""30.20761""}}",f4486408-f001-7017-6ea9-8539918b7be9
868032061432054,1786093200,data.qo,"{""hE"":{""N"":""99.9""},""hL"":{""N"":""75.3""},""hR"":{""N"":""80""},""tR"":{""N"":""74.48""},""tL"":{""N"":""77.72""},""wR"":{""N"":""32.069504""},""tE"":{""N"":""63.32""},""wL"":{""N"":""30.357891""}}",f4486408-f001-7017-6ea9-8539918b7be9
868032061432054,1786096800,data.qo,"{""tL"":{""N"":""77.36""},""tE"":{""N"":""63.14""},""hL"":{""N"":""73""},""wR"":{""N"":""32.08243""},""wL"":{""N"":""30.363186""},""hE"":{""N"":""99.9""},""hR"":{""N"":""78.5""},""tR"":{""N"":""72.68""}}",f4486408-f001-7017-6ea9-8539918b7be9
868032061432054,1786100400,data.qo,"{""tE"":{""N"":""62.96""},""hR"":{""N"":""79.7""},""wL"":{""N"":""30.524824""},""tR"":{""N"":""71.42""},""tL"":{""N"":""77.36""},""wR"":{""N"":""32.145477""},""hE"":{""N"":""99.9""},""hL"":{""N"":""73""}}",f4486408-f001-7017-6ea9-8539918b7be9
868032061432054,1786104000,data.qo,"{""tE"":{""N"":""63.86""},""hE"":{""N"":""99.9""},""tR"":{""N"":""71.06""},""tL"":{""N"":""77.36""},""wR"":{""N"":""32.12261""},""wL"":{""N"":""30.449179""},""hL"":{""N"":""73""},""hR"":{""N"":""78.8""}}",f4486408-f001-7017-6ea9-8539918b7be9
868032061432054,1786107600,data.qo,"{""tE"":{""N"":""65.66""},""tL"":{""N"":""76.28""},""hR"":{""N"":""80.5""},""wL"":{""N"":""29.990292""},""hL"":{""N"":""74.7""},""tR"":{""N"":""71.6""},""wR"":{""N"":""31.93315""},""hE"":{""N"":""99.9""}}",f4486408-f001-7017-6ea9-8539918b7be9
868032061432054,1786111200,data.qo,"{""wR"":{""N"":""31.826004""},""wL"":{""N"":""29.802282""},""tE"":{""N"":""69.8""},""tR"":{""N"":""73.04""},""hE"":{""N"":""99.9""},""tL"":{""N"":""76.64""},""hL"":{""N"":""73.5""},""hR"":{""N"":""82.3""}}",f4486408-f001-7017-6ea9-8539918b7be9
868032061432054,1786114800,data.qo,"{""tE"":{""N"":""76.64""},""tL"":{""N"":""77.54""},""wL"":{""N"":""25.65066""},""wR"":{""N"":""33.439835""},""hE"":{""N"":""99.9""},""hL"":{""N"":""74.2""},""tR"":{""N"":""73.94""},""hR"":{""N"":""83.4""}}",f4486408-f001-7017-6ea9-8539918b7be9
868032061432054,1786118400,data.qo,"{""tR"":{""N"":""73.94""},""hE"":{""N"":""61""},""wR"":{""N"":""28.885897""},""tE"":{""N"":""110.84""},""tL"":{""N"":""80.06""},""hL"":{""N"":""73.8""},""hR"":{""N"":""83.4""},""wL"":{""N"":""26.766306""}}",f4486408-f001-7017-6ea9-8539918b7be9
868032061432054,1786122000,data.qo,"{""hL"":{""N"":""73.8""},""wL"":{""N"":""26.43855""},""wR"":{""N"":""28.629656""},""tE"":{""N"":""80.42""},""hR"":{""N"":""86.1""},""tR"":{""N"":""86.9""},""hE"":{""N"":""92.6""},""tL"":{""N"":""80.06""}}",f4486408-f001-7017-6ea9-8539918b7be9
868032061432054,1786125600,data.qo,"{""tL"":{""N"":""81.5""},""tR"":{""N"":""86.72""},""tE"":{""N"":""78.44""},""wL"":{""N"":""26.381142""},""hE"":{""N"":""93.5""},""hL"":{""N"":""83.5""},""wR"":{""N"":""28.629562""},""hR"":{""N"":""81.5""}}",f4486408-f001-7017-6ea9-8539918b7be9
868032061432054,1786129200,data.qo,"{""hE"":{""N"":""92.5""},""wR"":{""N"":""28.644682""},""hR"":{""N"":""81.2""},""wL"":{""N"":""26.554861""},""hL"":{""N"":""84.5""},""tR"":{""N"":""84.92""},""tE"":{""N"":""82.04""},""tL"":{""N"":""81.32""}}",f4486408-f001-7017-6ea9-8539918b7be9
868032061432054,1786132800,data.qo,"{""tR"":{""N"":""84.92""},""hE"":{""N"":""99.4""},""wR"":{""N"":""28.716408""},""hR"":{""N"":""81.2""},""tL"":{""N"":""81.86""},""wL"":{""N"":""26.634115""},""tE"":{""N"":""77.36""},""hL"":{""N"":""85.4""}}",f4486408-f001-7017-6ea9-8539918b7be9
868032061432054,1786136400,data.qo,"{""wL"":{""N"":""26.371567""},""hL"":{""N"":""82.8""},""wR"":{""N"":""28.703947""},""hE"":{""N"":""99.9""},""tE"":{""N"":""76.1""},""hR"":{""N"":""74.5""},""tL"":{""N"":""81.86""},""tR"":{""N"":""82.22""}}",f4486408-f001-7017-6ea9-8539918b7be9
868032061432054,1786140000,data.qo,"{""hL"":{""N"":""85.1""},""tR"":{""N"":""80.96""},""hE"":{""N"":""99.9""},""tE"":{""N"":""77""},""wR"":{""N"":""28.170095""},""tL"":{""N"":""82.04""},""wL"":{""N"":""26.715345""},""hR"":{""N"":""73.7""}}",f4486408-f001-7017-6ea9-8539918b7be9
868032061432054,1786143600,data.qo,"{""tE"":{""N"":""73.94""},""hR"":{""N"":""73.3""},""wL"":{""N"":""26.650814""},""tL"":{""N"":""82.58""},""wR"":{""N"":""28.219002""},""tR"":{""N"":""79.52""},""hL"":{""N"":""81.3""},""hE"":{""N"":""99.9""}}",f4486408-f001-7017-6ea9-8539918b7be9
868032061432054,1786147200,data.qo,"{""hE"":{""N"":""99.9""},""wL"":{""N"":""26.642105""},""hR"":{""N"":""72""},""tR"":{""N"":""77.54""},""hL"":{""N"":""78""},""tL"":{""N"":""81.32""},""wR"":{""N"":""28.193241""},""tE"":{""N"":""72.5""}}",f4486408-f001-7017-6ea9-8539918b7be9
868032061432054,1786150800,data.qo,"{""hR"":{""N"":""74.6""},""tE"":{""N"":""70.52""},""tR"":{""N"":""76.1""},""wR"":{""N"":""28.266552""},""hL"":{""N"":""78""},""wL"":{""N"":""26.5359""},""hE"":{""N"":""99.9""},""tL"":{""N"":""81.32""}}",f4486408-f001-7017-6ea9-8539918b7be9
868032061432054,1786154400,data.qo,"{""tE"":{""N"":""70.52""},""tR"":{""N"":""74.84""},""hE"":{""N"":""99.9""},""tL"":{""N"":""78.26""},""wL"":{""N"":""26.159206""},""hR"":{""N"":""76.6""},""hL"":{""N"":""82.4""},""wR"":{""N"":""28.293806""}}",f4486408-f001-7017-6ea9-8539918b7be9
868032061432054,1786158000,data.qo,"{""wL"":{""N"":""25.924614""},""tE"":{""N"":""67.64""},""hL"":{""N"":""86.3""},""hR"":{""N"":""77.4""},""tR"":{""N"":""73.94""},""hE"":{""N"":""99.9""},""wR"":{""N"":""28.226421""},""tL"":{""N"":""77.72""}}",f4486408-f001-7017-6ea9-8539918b7be9
868032061432054,1786161600,data.qo,"{""hL"":{""N"":""84.2""},""tL"":{""N"":""77""},""wL"":{""N"":""26.215364""},""hE"":{""N"":""99.9""},""tE"":{""N"":""66.38""},""wR"":{""N"":""28.199821""},""hR"":{""N"":""77""},""tR"":{""N"":""72.86""}}",f4486408-f001-7017-6ea9-8539918b7be9
868032061432054,1786165200,data.qo,"{""hR"":{""N"":""78.2""},""wL"":{""N"":""26.331""},""tL"":{""N"":""76.64""},""wR"":{""N"":""28.177002""},""hE"":{""N"":""99.9""},""tE"":{""N"":""65.66""},""tR"":{""N"":""71.6""},""hL"":{""N"":""84""}}",f4486408-f001-7017-6ea9-8539918b7be9
868032061432054,1786168800,data.qo,"{""tR"":{""N"":""71.6""},""hE"":{""N"":""99.9""},""tL"":{""N"":""76.46""},""hR"":{""N"":""78.2""},""hL"":{""N"":""84.6""},""tE"":{""N"":""65.12""},""wR"":{""N"":""28.145596""},""wL"":{""N"":""26.07432""}}",f4486408-f001-7017-6ea9-8539918b7be9
868032061432054,1786172400,data.qo,"{""hL"":{""N"":""84.7""},""wL"":{""N"":""26.468243""},""hR"":{""N"":""78.8""},""hE"":{""N"":""99.9""},""tE"":{""N"":""64.58""},""wR"":{""N"":""28.196089""},""tR"":{""N"":""69.8""},""tL"":{""N"":""75.92""}}",f4486408-f001-7017-6ea9-8539918b7be9
868032061432054,1786176000,data.qo,"{""hE"":{""N"":""99.9""},""wR"":{""N"":""28.200289""},""hL"":{""N"":""85.1""},""tL"":{""N"":""75.2""},""wL"":{""N"":""26.353954""},""tE"":{""N"":""63.86""},""hR"":{""N"":""79.2""},""tR"":{""N"":""69.08""}}",f4486408-f001-7017-6ea9-8539918b7be9
868032061432054,1786179600,data.qo,"{""hE"":{""N"":""99.9""},""wL"":{""N"":""26.662268""},""tR"":{""N"":""68.54""},""hR"":{""N"":""79.4""},""tE"":{""N"":""63.14""},""hL"":{""N"":""85.1""},""wR"":{""N"":""28.302671""},""tL"":{""N"":""75.02""}}",f4486408-f001-7017-6ea9-8539918b7be9
868032061432054,1786183200,data.qo,"{""hR"":{""N"":""79.8""},""wR"":{""N"":""28.27402""},""hE"":{""N"":""99.9""},""tE"":{""N"":""63.5""},""tR"":{""N"":""68""},""wL"":{""N"":""26.683584""},""hL"":{""N"":""85.1""},""tL"":{""N"":""75.02""}}",f4486408-f001-7017-6ea9-8539918b7be9
868032061432054,1786186800,data.qo,"{""wL"":{""N"":""26.707117""},""wR"":{""N"":""28.331932""},""tR"":{""N"":""67.46""},""hL"":{""N"":""86""},""hR"":{""N"":""80.4""},""hE"":{""N"":""99.9""},""tL"":{""N"":""73.94""},""tE"":{""N"":""63.68""}}",f4486408-f001-7017-6ea9-8539918b7be9
868032061432054,1786190400,data.qo,"{""hL"":{""N"":""82.8""},""wR"":{""N"":""28.334124""},""hR"":{""N"":""81.2""},""tE"":{""N"":""64.04""},""tL"":{""N"":""71.78""},""hE"":{""N"":""99.9""},""tR"":{""N"":""67.28""},""wL"":{""N"":""26.701197""}}",f4486408-f001-7017-6ea9-8539918b7be9
868032061432054,1786194000,data.qo,"{""hE"":{""N"":""99.9""},""wR"":{""N"":""28.579771""},""wL"":{""N"":""26.002811""},""tE"":{""N"":""66.92""},""hL"":{""N"":""87.6""},""hR"":{""N"":""81.2""},""tR"":{""N"":""67.28""},""tL"":{""N"":""71.78""}}",f4486408-f001-7017-6ea9-8539918b7be9
868032061432054,1786197600,data.qo,"{""tR"":{""N"":""69.62""},""wR"":{""N"":""28.713888""},""wL"":{""N"":""25.723852""},""tL"":{""N"":""73.76""},""hL"":{""N"":""89.1""},""tE"":{""N"":""98.78""},""hE"":{""N"":""85""},""hR"":{""N"":""87.1""}}",f4486408-f001-7017-6ea9-8539918b7be9
868032061432054,1786201200,data.qo,"{""tL"":{""N"":""78.98""},""tR"":{""N"":""73.94""},""tE"":{""N"":""117.32""},""hL"":{""N"":""84.3""},""hE"":{""N"":""43.4""},""wR"":{""N"":""28.851503""},""hR"":{""N"":""86.8""},""wL"":{""N"":""26.039913""}}",f4486408-f001-7017-6ea9-8539918b7be9
868032061432054,1786204800,data.qo,"{""hR"":{""N"":""78.7""},""wL"":{""N"":""25.432238""},""tL"":{""N"":""80.06""},""tE"":{""N"":""112.82""},""tR"":{""N"":""75.92""},""hE"":{""N"":""43.6""},""hL"":{""N"":""78.3""},""wR"":{""N"":""27.613003""}}",f4486408-f001-7017-6ea9-8539918b7be9
868032061432054,1786208400,data.qo,"{""wL"":{""N"":""25.321125""},""hR"":{""N"":""76.8""},""hL"":{""N"":""72""},""hE"":{""N"":""43.6""},""tL"":{""N"":""85.46""},""tR"":{""N"":""79.7""},""tE"":{""N"":""112.82""},""wR"":{""N"":""28.237528""}}",f4486408-f001-7017-6ea9-8539918b7be9
868032061432054,1786212000,data.qo,"{""tR"":{""N"":""79.7""},""wL"":{""N"":""25.684105""},""tL"":{""N"":""89.96""},""hR"":{""N"":""76.8""},""hE"":{""N"":""42.8""},""tE"":{""N"":""118.58""},""hL"":{""N"":""69.8""},""wR"":{""N"":""28.011293""}}",f4486408-f001-7017-6ea9-8539918b7be9
868032061432054,1786215600,data.qo,"{""tL"":{""N"":""91.4""},""wL"":{""N"":""25.557016""},""hE"":{""N"":""66.8""},""hL"":{""N"":""65.7""},""wR"":{""N"":""27.655422""},""tR"":{""N"":""81.68""},""hR"":{""N"":""65.2""},""tE"":{""N"":""90.32""}}",f4486408-f001-7017-6ea9-8539918b7be9
868032061432054,1786219200,data.qo,"{""hL"":{""N"":""69.5""},""hE"":{""N"":""78""},""tL"":{""N"":""89.6""},""tR"":{""N"":""81.68""},""hR"":{""N"":""65.2""},""tE"":{""N"":""85.82""},""wL"":{""N"":""25.675827""},""wR"":{""N"":""27.578285""}}",f4486408-f001-7017-6ea9-8539918b7be9
868032061432054,1786222800,data.qo,"{""hE"":{""N"":""78""},""tL"":{""N"":""90.68""},""hR"":{""N"":""70.3""},""tR"":{""N"":""80.06""},""wL"":{""N"":""26.324215""},""wR"":{""N"":""27.835598""},""tE"":{""N"":""85.82""},""hL"":{""N"":""62.5""}}",f4486408-f001-7017-6ea9-8539918b7be9
868032061432054,1786226400,data.qo,"{""hE"":{""N"":""99.9""},""tL"":{""N"":""89.06""},""hL"":{""N"":""57""},""wL"":{""N"":""26.355253""},""tE"":{""N"":""65.3""},""tR"":{""N"":""78.44""},""wR"":{""N"":""28.090298""},""hR"":{""N"":""70""}}",f4486408-f001-7017-6ea9-8539918b7be9
868032061432054,1786230000,data.qo,"{""tL"":{""N"":""86.9""},""hE"":{""N"":""99.9""},""hR"":{""N"":""70""},""wL"":{""N"":""25.9775""},""wR"":{""N"":""28.214848""},""tR"":{""N"":""78.44""},""tE"":{""N"":""63.5""},""hL"":{""N"":""54.8""}}",f4486408-f001-7017-6ea9-8539918b7be9
868032061432054,1786233600,data.qo,"{""hL"":{""N"":""58.4""},""tR"":{""N"":""78.44""},""tE"":{""N"":""65.84""},""wR"":{""N"":""28.16067""},""wL"":{""N"":""26.131151""},""tL"":{""N"":""86""},""hE"":{""N"":""99.9""},""hR"":{""N"":""70""}}",f4486408-f001-7017-6ea9-8539918b7be9
868032061432054,1786237200,data.qo,"{""hR"":{""N"":""70""},""hE"":{""N"":""99.9""},""wR"":{""N"":""28.311678""},""tE"":{""N"":""65.3""},""tR"":{""N"":""78.44""},""tL"":{""N"":""85.1""},""hL"":{""N"":""58""},""wL"":{""N"":""26.49572""}}",f4486408-f001-7017-6ea9-8539918b7be9
868032061432054,1786240800,data.qo,"{""wR"":{""N"":""28.349571""},""hR"":{""N"":""76.2""},""hL"":{""N"":""58""},""tR"":{""N"":""70.16""},""hE"":{""N"":""99.9""},""wL"":{""N"":""26.117052""},""tE"":{""N"":""64.4""},""tL"":{""N"":""85.1""}}",f4486408-f001-7017-6ea9-8539918b7be9
868032061432054,1786244400,data.qo,"{""tR"":{""N"":""70.16""},""hE"":{""N"":""99.9""},""wL"":{""N"":""26.138033""},""hR"":{""N"":""76.2""},""wR"":{""N"":""28.386017""},""hL"":{""N"":""62.8""},""tL"":{""N"":""83.48""},""tE"":{""N"":""63.32""}}",f4486408-f001-7017-6ea9-8539918b7be9
868032061432054,1786248000,data.qo,"{""tE"":{""N"":""62.6""},""hR"":{""N"":""76.1""},""hL"":{""N"":""62.8""},""hE"":{""N"":""99.9""},""tR"":{""N"":""68.72""},""wL"":{""N"":""26.52002""},""wR"":{""N"":""28.355217""},""tL"":{""N"":""83.48""}}",f4486408-f001-7017-6ea9-8539918b7be9
868032061432054,1786251600,data.qo,"{""hR"":{""N"":""76.8""},""tL"":{""N"":""79.88""},""tE"":{""N"":""62.24""},""wL"":{""N"":""26.642056""},""hE"":{""N"":""99.9""},""hL"":{""N"":""70.3""},""tR"":{""N"":""68""},""wR"":{""N"":""28.267439""}}",f4486408-f001-7017-6ea9-8539918b7be9
868032061432054,1786255200,data.qo,"{""hE"":{""N"":""99.9""},""hR"":{""N"":""76.8""},""wL"":{""N"":""26.291685""},""wR"":{""N"":""28.231367""},""tE"":{""N"":""61.7""},""tL"":{""N"":""78.44""},""hL"":{""N"":""72.2""},""tR"":{""N"":""68""}}",f4486408-f001-7017-6ea9-8539918b7be9
868032061432054,1786258800,data.qo,"{""hL"":{""N"":""72.2""},""hR"":{""N"":""78.8""},""tR"":{""N"":""66.74""},""tE"":{""N"":""61.16""},""tL"":{""N"":""78.44""},""wR"":{""N"":""28.243687""},""wL"":{""N"":""26.336004""},""hE"":{""N"":""99.9""}}",f4486408-f001-7017-6ea9-8539918b7be9
868032061432054,1786262400,data.qo,"{""tE"":{""N"":""61.52""},""hL"":{""N"":""73.5""},""tL"":{""N"":""77.54""},""tR"":{""N"":""66.38""},""wL"":{""N"":""26.647398""},""wR"":{""N"":""28.302906""},""hR"":{""N"":""78.9""},""hE"":{""N"":""99.9""}}",f4486408-f001-7017-6ea9-8539918b7be9
868032061432054,1786266000,data.qo,"{""wR"":{""N"":""28.382517""},""tR"":{""N"":""66.2""},""tL"":{""N"":""76.28""},""hL"":{""N"":""76.5""},""tE"":{""N"":""61.52""},""wL"":{""N"":""26.860287""},""hR"":{""N"":""79.9""},""hE"":{""N"":""99.9""}}",f4486408-f001-7017-6ea9-8539918b7be9
868032061432054,1786269600,data.qo,"{""wL"":{""N"":""26.504236""},""hL"":{""N"":""78.2""},""tL"":{""N"":""74.84""},""tR"":{""N"":""65.84""},""wR"":{""N"":""28.383823""},""hE"":{""N"":""99.9""},""hR"":{""N"":""78.9""},""tE"":{""N"":""60.98""}}",f4486408-f001-7017-6ea9-8539918b7be9
868032061432054,1786273200,data.qo,"{""tE"":{""N"":""60.98""},""hL"":{""N"":""79.4""},""hR"":{""N"":""79.2""},""hE"":{""N"":""99.9""},""wL"":{""N"":""26.60428""},""tL"":{""N"":""72.68""},""tR"":{""N"":""65.48""},""wR"":{""N"":""28.286013""}}",f4486408-f001-7017-6ea9-8539918b7be9
868032061432054,1786276800,data.qo,"{""wL"":{""N"":""26.499714""},""hR"":{""N"":""79.8""},""tL"":{""N"":""70.7""},""tE"":{""N"":""60.8""},""hL"":{""N"":""80.2""},""hE"":{""N"":""99.9""},""wR"":{""N"":""28.448921""},""tR"":{""N"":""65.12""}}",f4486408-f001-7017-6ea9-8539918b7be9
868032061432054,1786280400,data.qo,"{""wR"":{""N"":""29.110825""},""hL"":{""N"":""80.2""},""hE"":{""N"":""99.9""},""tL"":{""N"":""70.7""},""hR"":{""N"":""80.8""},""tE"":{""N"":""64.4""},""tR"":{""N"":""65.12""},""wL"":{""N"":""26.032936""}}",f4486408-f001-7017-6ea9-8539918b7be9
868032061432054,1786284000,data.qo,"{""wL"":{""N"":""25.57559""},""hR"":{""N"":""80.8""},""hE"":{""N"":""72.7""},""tR"":{""N"":""65.12""},""hL"":{""N"":""82.4""},""wR"":{""N"":""28.847397""},""tE"":{""N"":""98.6""},""tL"":{""N"":""72.5""}}",f4486408-f001-7017-6ea9-8539918b7be9
868032061432054,1786287600,data.qo,"{""hL"":{""N"":""86.4""},""hR"":{""N"":""88.5""},""hE"":{""N"":""72.7""},""tE"":{""N"":""98.6""},""wR"":{""N"":""28.472815""},""tL"":{""N"":""78.98""},""wL"":{""N"":""25.062664""},""tR"":{""N"":""71.06""}}",f4486408-f001-7017-6ea9-8539918b7be9
868032061432054,1786291200,data.qo,"{""tL"":{""N"":""86.72""},""wL"":{""N"":""24.890053""},""tE"":{""N"":""122.9""},""hL"":{""N"":""69.6""},""hE"":{""N"":""36.5""},""hR"":{""N"":""88.5""},""tR"":{""N"":""71.06""},""wR"":{""N"":""28.325445""}}",f4486408-f001-7017-6ea9-8539918b7be9
868032061432054,1786294800,data.qo,"{""tL"":{""N"":""91.4""},""wR"":{""N"":""28.119883""},""wL"":{""N"":""24.75233""},""hL"":{""N"":""62.9""},""hR"":{""N"":""72""},""tR"":{""N"":""82.22""},""tE"":{""N"":""120.92""},""hE"":{""N"":""38.2""}}",f4486408-f001-7017-6ea9-8539918b7be9
868032061432054,1786298400,data.qo,"{""hR"":{""N"":""68.2""},""wR"":{""N"":""27.306412""},""hL"":{""N"":""53.9""},""tR"":{""N"":""84.74""},""hE"":{""N"":""42""},""tL"":{""N"":""94.1""},""tE"":{""N"":""119.3""},""wL"":{""N"":""24.746603""}}",f4486408-f001-7017-6ea9-8539918b7be9
868032061432054,1786302000,data.qo,"{""hL"":{""N"":""56""},""tL"":{""N"":""95.54""},""hR"":{""N"":""63.2""},""hE"":{""N"":""67.5""},""tR"":{""N"":""85.46""},""tE"":{""N"":""93.56""},""wR"":{""N"":""27.267214""},""wL"":{""N"":""24.732985""}}",f4486408-f001-7017-6ea9-8539918b7be9
868032061432054,1786305600,data.qo,"{""tR"":{""N"":""85.82""},""wL"":{""N"":""25.264534""},""tL"":{""N"":""93.02""},""hL"":{""N"":""62.2""},""hR"":{""N"":""59""},""tE"":{""N"":""81.86""},""wR"":{""N"":""27.390503""},""hE"":{""N"":""85.8""}}",f4486408-f001-7017-6ea9-8539918b7be9
868032061432054,1786309200,data.qo,"{""tL"":{""N"":""90.86""},""hL"":{""N"":""59.4""},""hR"":{""N"":""58.3""},""tE"":{""N"":""72.5""},""wL"":{""N"":""25.52795""},""tR"":{""N"":""81.86""},""wR"":{""N"":""27.7334""},""hE"":{""N"":""91""}}",f4486408-f001-7017-6ea9-8539918b7be9
868032061432054,1786312800,data.qo,"{""wR"":{""N"":""27.761353""},""tE"":{""N"":""71.96""},""tR"":{""N"":""81.86""},""wL"":{""N"":""25.141777""},""hE"":{""N"":""95.2""},""hR"":{""N"":""58.3""},""hL"":{""N"":""59.4""},""tL"":{""N"":""90.86""}}",f4486408-f001-7017-6ea9-8539918b7be9
868032061432054,1786316400,data.qo,"{""tR"":{""N"":""76.1""},""tL"":{""N"":""88.16""},""wL"":{""N"":""25.162085""},""hE"":{""N"":""99.9""},""wR"":{""N"":""27.849644""},""hR"":{""N"":""66.8""},""hL"":{""N"":""56""},""tE"":{""N"":""68.9""}}",f4486408-f001-7017-6ea9-8539918b7be9
868032061432054,1786320000,data.qo,"{""hL"":{""N"":""58""},""tR"":{""N"":""74.84""},""hR"":{""N"":""68.6""},""wR"":{""N"":""28.120724""},""hE"":{""N"":""99.9""},""tL"":{""N"":""84.56""},""wL"":{""N"":""25.279404""},""tE"":{""N"":""66.74""}}",f4486408-f001-7017-6ea9-8539918b7be9
868032061432054,1786323600,data.qo,"{""hL"":{""N"":""61""},""wR"":{""N"":""28.129543""},""tR"":{""N"":""74.84""},""hR"":{""N"":""68.6""},""wL"":{""N"":""25.306593""},""tE"":{""N"":""65.66""},""tL"":{""N"":""81.68""},""hE"":{""N"":""99.9""}}",f4486408-f001-7017-6ea9-8539918b7be9
868032061432054,1786327200,data.qo,"{""wL"":{""N"":""25.004486""},""wR"":{""N"":""28.243826""},""hR"":{""N"":""68.6""},""tR"":{""N"":""74.84""},""tL"":{""N"":""79.52""},""tE"":{""N"":""64.04""},""hE"":{""N"":""99.9""},""hL"":{""N"":""63.2""}}",f4486408-f001-7017-6ea9-8539918b7be9
868032061432054,1786330800,data.qo,"{""tL"":{""N"":""76.46""},""hR"":{""N"":""68.6""},""tR"":{""N"":""74.84""},""tE"":{""N"":""63.5""},""hE"":{""N"":""99.9""},""hL"":{""N"":""68.9""},""wR"":{""N"":""28.165428""},""wL"":{""N"":""24.509462""}}",f4486408-f001-7017-6ea9-8539918b7be9
868032061432054,1786334400,data.qo,"{""tL"":{""N"":""75.2""},""hE"":{""N"":""99.9""},""hL"":{""N"":""73.8""},""hR"":{""N"":""73.8""},""tE"":{""N"":""63.32""},""wR"":{""N"":""28.111156""},""wL"":{""N"":""24.521925""},""tR"":{""N"":""71.06""}}",f4486408-f001-7017-6ea9-8539918b7be9
868032061432054,1786338000,data.qo,"{""hL"":{""N"":""76.8""},""hE"":{""N"":""99.9""},""tL"":{""N"":""74.84""},""wR"":{""N"":""28.116056""},""wL"":{""N"":""24.781107""},""hR"":{""N"":""74.6""},""tE"":{""N"":""63.32""},""tR"":{""N"":""70.7""}}",f4486408-f001-7017-6ea9-8539918b7be9
868032061432054,1786341600,data.qo,"{""hE"":{""N"":""99.9""},""tR"":{""N"":""69.8""},""tL"":{""N"":""74.3""},""wL"":{""N"":""24.71263""},""hR"":{""N"":""74.5""},""wR"":{""N"":""28.25498""},""hL"":{""N"":""74.4""},""tE"":{""N"":""63.32""}}",f4486408-f001-7017-6ea9-8539918b7be9
868032061432054,1786345200,data.qo,"{""wL"":{""N"":""24.9004""},""hR"":{""N"":""76.2""},""hL"":{""N"":""76.1""},""wR"":{""N"":""28.251106""},""hE"":{""N"":""99.9""},""tL"":{""N"":""73.76""},""tE"":{""N"":""63.32""},""tR"":{""N"":""69.26""}}",f4486408-f001-7017-6ea9-8539918b7be9
868032061432054,1786348800,data.qo,"{""hE"":{""N"":""99.9""},""tL"":{""N"":""73.4""},""hL"":{""N"":""75.5""},""tE"":{""N"":""63.32""},""wL"":{""N"":""25.206356""},""tR"":{""N"":""69.26""},""wR"":{""N"":""28.240793""},""hR"":{""N"":""76.1""}}",f4486408-f001-7017-6ea9-8539918b7be9
868032061432054,1786352400,data.qo,"{""hL"":{""N"":""74.5""},""tE"":{""N"":""62.78""},""wL"":{""N"":""25.527372""},""hE"":{""N"":""99.9""},""tR"":{""N"":""68.9""},""hR"":{""N"":""76.7""},""wR"":{""N"":""28.37001""},""tL"":{""N"":""72.68""}}",f4486408-f001-7017-6ea9-8539918b7be9
868032061432054,1786356000,data.qo,"{""hR"":{""N"":""78""},""tE"":{""N"":""62.42""},""wR"":{""N"":""28.47244""},""wL"":{""N"":""25.620102""},""hE"":{""N"":""99.9""},""tL"":{""N"":""71.6""},""tR"":{""N"":""68.54""},""hL"":{""N"":""74.7""}}",f4486408-f001-7017-6ea9-8539918b7be9
868032061432054,1786359600,data.qo,"{""tL"":{""N"":""71.6""},""tE"":{""N"":""62.96""},""tR"":{""N"":""68.54""},""hE"":{""N"":""99.9""},""wR"":{""N"":""28.481447""},""hR"":{""N"":""78.6""},""hL"":{""N"":""74.7""},""wL"":{""N"":""25.546236""}}",f4486408-f001-7017-6ea9-8539918b7be9
868032061432054,1786363200,data.qo,"{""tL"":{""N"":""71.24""},""hR"":{""N"":""79.1""},""wL"":{""N"":""25.488491""},""tE"":{""N"":""64.22""},""tR"":{""N"":""68.72""},""wR"":{""N"":""28.50744""},""hL"":{""N"":""75.2""},""hE"":{""N"":""99.9""}}",f4486408-f001-7017-6ea9-8539918b7be9
868032061432054,1786366800,data.qo,"{""tR"":{""N"":""69.44""},""hR"":{""N"":""81.1""},""wR"":{""N"":""28.414343""},""tL"":{""N"":""71.24""},""tE"":{""N"":""68.54""},""hL"":{""N"":""75.2""},""hE"":{""N"":""99.9""},""wL"":{""N"":""25.246056""}}",f4486408-f001-7017-6ea9-8539918b7be9
868032061432054,1786370400,data.qo,"{""hL"":{""N"":""76.5""},""hE"":{""N"":""99.9""},""wL"":{""N"":""25.173391""},""tL"":{""N"":""72.68""},""tR"":{""N"":""70.7""},""hR"":{""N"":""80.4""},""tE"":{""N"":""71.78""},""wR"":{""N"":""28.313826""}}",f4486408-f001-7017-6ea9-8539918b7be9
868032061432054,1786374000,data.qo,"{""tR"":{""N"":""71.6""},""wL"":{""N"":""25.202362""},""tL"":{""N"":""72.68""},""hL"":{""N"":""76.5""},""wR"":{""N"":""28.2785""},""hE"":{""N"":""99.9""},""tE"":{""N"":""71.6""},""hR"":{""N"":""80.2""}}",f4486408-f001-7017-6ea9-8539918b7be9
868032061432054,1786377600,data.qo,"{""hR"":{""N"":""79.5""},""tR"":{""N"":""72.86""},""hE"":{""N"":""99.9""},""tL"":{""N"":""74.3""},""hL"":{""N"":""79.8""},""wL"":{""N"":""24.519808""},""wR"":{""N"":""28.240374""},""tE"":{""N"":""71.42""}}",f4486408-f001-7017-6ea9-8539918b7be9
868032061432054,1786381200,data.qo,"{""tE"":{""N"":""103.1""},""tR"":{""N"":""75.74""},""hR"":{""N"":""86.5""},""hE"":{""N"":""62.4""},""wR"":{""N"":""28.48294""},""tL"":{""N"":""78.44""},""wL"":{""N"":""24.379534""},""hL"":{""N"":""79.8""}}",f4486408-f001-7017-6ea9-8539918b7be9
868032061432054,1786384800,data.qo,"{""hE"":{""N"":""54.4""},""hR"":{""N"":""81.1""},""tR"":{""N"":""79.88""},""wL"":{""N"":""24.556572""},""tL"":{""N"":""82.94""},""hL"":{""N"":""75.9""},""wR"":{""N"":""28.079237""},""tE"":{""N"":""110.3""}}",f4486408-f001-7017-6ea9-8539918b7be9
868032061432054,1786388400,data.qo,"{""tE"":{""N"":""89.06""},""wL"":{""N"":""24.770761""},""hE"":{""N"":""74.6""},""hL"":{""N"":""62.3""},""wR"":{""N"":""27.878763""},""tR"":{""N"":""79.88""},""tL"":{""N"":""87.8""},""hR"":{""N"":""81.1""}}",f4486408-f001-7017-6ea9-8539918b7be9
868032061432054,1786392000,data.qo,"{""tE"":{""N"":""82.04""},""wR"":{""N"":""27.81404""},""hL"":{""N"":""66.9""},""tR"":{""N"":""82.22""},""hE"":{""N"":""87.7""},""tL"":{""N"":""85.64""},""wL"":{""N"":""24.864067""},""hR"":{""N"":""70.4""}}",f4486408-f001-7017-6ea9-8539918b7be9
868032061432054,1786395600,data.qo,"{""wL"":{""N"":""24.828651""},""tL"":{""N"":""84.38""},""tE"":{""N"":""78.08""},""wR"":{""N"":""27.844978""},""tR"":{""N"":""81.5""},""hE"":{""N"":""97.5""},""hR"":{""N"":""68.2""},""hL"":{""N"":""68.3""}}",f4486408-f001-7017-6ea9-8539918b7be9
868032061432054,1786399200,data.qo,"{""tR"":{""N"":""80.78""},""hL"":{""N"":""71.9""},""hE"":{""N"":""99.9""},""wL"":{""N"":""24.945007""},""wR"":{""N"":""27.791826""},""hR"":{""N"":""68""},""tE"":{""N"":""77.36""},""tL"":{""N"":""84.02""}}",f4486408-f001-7017-6ea9-8539918b7be9
868032061432054,1786402800,data.qo,"{""wR"":{""N"":""27.680761""},""tL"":{""N"":""81.5""},""hE"":{""N"":""99.9""},""hR"":{""N"":""68""},""tR"":{""N"":""80.78""},""tE"":{""N"":""75.56""},""hL"":{""N"":""71.2""},""wL"":{""N"":""25.041588""}}",f4486408-f001-7017-6ea9-8539918b7be9
868032061432054,1786406400,data.qo,"{""hE"":{""N"":""99.9""},""wR"":{""N"":""27.64511""},""hL"":{""N"":""71.1""},""hR"":{""N"":""67.6""},""tR"":{""N"":""78.44""},""wL"":{""N"":""24.959059""},""tE"":{""N"":""74.12""},""tL"":{""N"":""80.6""}}",f4486408-f001-7017-6ea9-8539918b7be9
868032061432054,1786410000,data.qo,"{""tL"":{""N"":""79.7""},""tR"":{""N"":""78.44""},""wL"":{""N"":""25.105156""},""hE"":{""N"":""99.9""},""hL"":{""N"":""71.7""},""tE"":{""N"":""71.6""},""hR"":{""N"":""67.6""},""wR"":{""N"":""27.708014""}}",f4486408-f001-7017-6ea9-8539918b7be9
868032061432054,1786413600,data.qo,"{""hE"":{""N"":""99.9""},""tE"":{""N"":""69.08""},""tR"":{""N"":""76.46""},""wR"":{""N"":""27.807272""},""tL"":{""N"":""78.44""},""hL"":{""N"":""71.8""},""hR"":{""N"":""68.7""},""wL"":{""N"":""25.038605""}}",f4486408-f001-7017-6ea9-8539918b7be9
868032061432054,1786417200,data.qo,"{""wL"":{""N"":""24.840103""},""tE"":{""N"":""68.54""},""hR"":{""N"":""70.5""},""wR"":{""N"":""27.704607""},""tL"":{""N"":""78.08""},""tR"":{""N"":""75.74""},""hE"":{""N"":""99.9""},""hL"":{""N"":""77.5""}}",f4486408-f001-7017-6ea9-8539918b7be9
868032061432054,1786420800,data.qo,"{""hR"":{""N"":""70.2""},""wL"":{""N"":""25.032204""},""hL"":{""N"":""80.5""},""tL"":{""N"":""77""},""tR"":{""N"":""75.38""},""wR"":{""N"":""27.787066""},""tE"":{""N"":""67.64""},""hE"":{""N"":""99.9""}}",f4486408-f001-7017-6ea9-8539918b7be9
868032061432054,1786424340,data.qo,"{""hL"":{""N"":""79""},""hR"":{""N"":""71.1""},""wL"":{""N"":""24.920563""},""tR"":{""N"":""74.48""},""tL"":{""N"":""76.46""},""tE"":{""N"":""66.92""},""wR"":{""N"":""27.76462""},""hE"":{""N"":""99.9""}}",f4486408-f001-7017-6ea9-8539918b7be9
868032061432054,1786428000,data.qo,"{""tL"":{""N"":""75.92""},""tR"":{""N"":""74.48""},""wL"":{""N"":""25.211409""},""hR"":{""N"":""71.1""},""wR"":{""N"":""27.981148""},""hE"":{""N"":""99.9""},""hL"":{""N"":""77.7""},""tE"":{""N"":""66.38""}}",f4486408-f001-7017-6ea9-8539918b7be9
868032061432054,1786431600,data.qo,"{""wL"":{""N"":""25.153133""},""tE"":{""N"":""67.1""},""tL"":{""N"":""75.02""},""tR"":{""N"":""73.76""},""hL"":{""N"":""77.4""},""hE"":{""N"":""99.9""},""hR"":{""N"":""78""},""wR"":{""N"":""27.904896""}}",f4486408-f001-7017-6ea9-8539918b7be9
868032061432054,1786435200,data.qo,"{""tE"":{""N"":""67.64""},""wL"":{""N"":""25.161217""},""tL"":{""N"":""75.02""},""wR"":{""N"":""27.881424""},""tR"":{""N"":""73.22""},""hR"":{""N"":""74.4""},""hL"":{""N"":""77.4""},""hE"":{""N"":""99.9""}}",f4486408-f001-7017-6ea9-8539918b7be9
868032061432054,1786438800,data.qo,"{""wL"":{""N"":""25.30125""},""wR"":{""N"":""27.974754""},""tR"":{""N"":""73.22""},""hE"":{""N"":""99.9""},""hR"":{""N"":""74.9""},""hL"":{""N"":""79""},""tL"":{""N"":""74.84""},""tE"":{""N"":""68""}}",f4486408-f001-7017-6ea9-8539918b7be9
868032061432054,1786442400,data.qo,"{""wR"":{""N"":""28.00756""},""tR"":{""N"":""73.4""},""tL"":{""N"":""74.84""},""tE"":{""N"":""67.82""},""hE"":{""N"":""99.9""},""hR"":{""N"":""77.2""},""hL"":{""N"":""79.3""},""wL"":{""N"":""25.304619""}}",f4486408-f001-7017-6ea9-8539918b7be9
868032061432054,1786446000,data.qo,"{""hR"":{""N"":""78.5""},""hL"":{""N"":""80.5""},""tR"":{""N"":""74.12""},""hE"":{""N"":""99.9""},""tL"":{""N"":""74.48""},""wR"":{""N"":""27.956415""},""tE"":{""N"":""68""},""wL"":{""N"":""25.28282""}}",f4486408-f001-7017-6ea9-8539918b7be9
868032061432054,1786449600,data.qo,"{""hR"":{""N"":""75.9""},""tE"":{""N"":""68""},""hE"":{""N"":""99.9""},""tR"":{""N"":""73.76""},""hL"":{""N"":""79.2""},""wL"":{""N"":""25.089228""},""wR"":{""N"":""27.990433""},""tL"":{""N"":""74.3""}}",f4486408-f001-7017-6ea9-8539918b7be9
868032061432054,1786453200,data.qo,"{""wL"":{""N"":""24.727163""},""hR"":{""N"":""75.9""},""tR"":{""N"":""73.76""},""tE"":{""N"":""70.7""},""tL"":{""N"":""74.48""},""wR"":{""N"":""28.430628""},""hL"":{""N"":""79.5""},""hE"":{""N"":""99.9""}}",f4486408-f001-7017-6ea9-8539918b7be9
868032061432054,1786456800,data.qo,"{""hR"":{""N"":""75.9""},""tE"":{""N"":""97.16""},""hE"":{""N"":""81.9""},""wL"":{""N"":""24.478807""},""tL"":{""N"":""75.56""},""hL"":{""N"":""81""},""tR"":{""N"":""73.76""},""wR"":{""N"":""28.25652""}}",f4486408-f001-7017-6ea9-8539918b7be9
868032061432054,1786460400,data.qo,"{""wR"":{""N"":""28.15577""},""hE"":{""N"":""51""},""wL"":{""N"":""24.288776""},""tR"":{""N"":""77.54""},""hL"":{""N"":""78.3""},""hR"":{""N"":""78.9""},""tL"":{""N"":""78.44""},""tE"":{""N"":""111.56""}}",f4486408-f001-7017-6ea9-8539918b7be9
868032061432054,1786464000,data.qo,"{""wL"":{""N"":""24.518124""},""hE"":{""N"":""41.5""},""hL"":{""N"":""69.3""},""tE"":{""N"":""116.96""},""hR"":{""N"":""76.8""},""wR"":{""N"":""28.375004""},""tR"":{""N"":""79.88""},""tL"":{""N"":""81.68""}}",f4486408-f001-7017-6ea9-8539918b7be9
868032061432054,1786467600,data.qo,"{""wR"":{""N"":""27.396196""},""hE"":{""N"":""52.8""},""wL"":{""N"":""24.045523""},""tR"":{""N"":""82.22""},""hL"":{""N"":""69.3""},""tL"":{""N"":""81.68""},""hR"":{""N"":""71.6""},""tE"":{""N"":""102.02""}}",f4486408-f001-7017-6ea9-8539918b7be9
868032061432054,1786471200,data.qo,"{""tE"":{""N"":""109.22""},""hR"":{""N"":""68.1""},""tR"":{""N"":""83.48""},""hE"":{""N"":""47.2""},""wR"":{""N"":""27.405622""},""tL"":{""N"":""85.46""},""wL"":{""N"":""24.182043""},""hL"":{""N"":""65.2""}}",f4486408-f001-7017-6ea9-8539918b7be9
868032061432054,1786474800,data.qo,"{""hE"":{""N"":""60.5""},""tE"":{""N"":""91.94""},""wR"":{""N"":""27.303051""},""hL"":{""N"":""62""},""tR"":{""N"":""83.48""},""wL"":{""N"":""24.49392""},""tL"":{""N"":""87.62""},""hR"":{""N"":""68.1""}}",f4486408-f001-7017-6ea9-8539918b7be9
868032061432054,1786478400,data.qo,"{""tE"":{""N"":""88.88""},""wR"":{""N"":""27.156149""},""tR"":{""N"":""84.2""},""hL"":{""N"":""62""},""hE"":{""N"":""63.8""},""hR"":{""N"":""62.8""},""tL"":{""N"":""87.62""},""wL"":{""N"":""24.347822""}}",f4486408-f001-7017-6ea9-8539918b7be9
868032061432054,1786482000,data.qo,"{""wR"":{""N"":""27.209862""},""hR"":{""N"":""69.8""},""wL"":{""N"":""25.178734""},""tL"":{""N"":""84.38""},""tR"":{""N"":""84.02""},""hL"":{""N"":""64.2""},""hE"":{""N"":""67.1""},""tE"":{""N"":""86""}}",f4486408-f001-7017-6ea9-8539918b7be9
868032061432054,1786485600,data.qo,"{""hR"":{""N"":""58.3""},""hE"":{""N"":""76.7""},""tL"":{""N"":""84.38""},""tR"":{""N"":""82.04""},""hL"":{""N"":""64.2""},""wL"":{""N"":""24.952227""},""wR"":{""N"":""27.218168""},""tE"":{""N"":""68.9""}}",f4486408-f001-7017-6ea9-8539918b7be9
868032061432054,1786489200,data.qo,"{""tE"":{""N"":""65.48""},""tL"":{""N"":""77.9""},""hE"":{""N"":""85.2""},""hL"":{""N"":""65.1""},""hR"":{""N"":""60.3""},""tR"":{""N"":""77.9""},""wR"":{""N"":""27.414068""},""wL"":{""N"":""24.75411""}}",f4486408-f001-7017-6ea9-8539918b7be9
868032061432054,1786492800,data.qo,"{""tE"":{""N"":""67.1""},""hE"":{""N"":""88.6""},""hL"":{""N"":""65.1""},""hR"":{""N"":""64.2""},""tR"":{""N"":""74.84""},""tL"":{""N"":""77.9""},""wL"":{""N"":""24.631979""},""wR"":{""N"":""27.59527""}}",f4486408-f001-7017-6ea9-8539918b7be9
868032061432054,1786496400,data.qo,"{""tL"":{""N"":""75.38""},""hL"":{""N"":""66.5""},""hE"":{""N"":""94.3""},""wR"":{""N"":""27.705494""},""hR"":{""N"":""64.2""},""tE"":{""N"":""64.76""},""tR"":{""N"":""74.84""},""wL"":{""N"":""24.595022""}}",f4486408-f001-7017-6ea9-8539918b7be9
868032061432054,1786500000,data.qo,"{""wR"":{""N"":""27.779133""},""tE"":{""N"":""64.76""},""wL"":{""N"":""24.593771""},""tL"":{""N"":""74.66""},""hE"":{""N"":""98.4""},""hL"":{""N"":""67.7""},""tR"":{""N"":""73.4""},""hR"":{""N"":""73.7""}}",f4486408-f001-7017-6ea9-8539918b7be9
868032061432054,1786503600,data.qo,"{""hR"":{""N"":""73.7""},""tE"":{""N"":""63.86""},""wR"":{""N"":""27.90107""},""hL"":{""N"":""68.6""},""tL"":{""N"":""74.3""},""tR"":{""N"":""73.4""},""wL"":{""N"":""24.6839""},""hE"":{""N"":""99.9""}}",f4486408-f001-7017-6ea9-8539918b7be9
868032061432054,1786507200,data.qo,"{""hL"":{""N"":""71.7""},""wL"":{""N"":""24.373135""},""tL"":{""N"":""72.68""},""tE"":{""N"":""62.42""},""hE"":{""N"":""99.9""},""tR"":{""N"":""73.4""},""hR"":{""N"":""73.7""},""wR"":{""N"":""27.87559""}}",f4486408-f001-7017-6ea9-8539918b7be9
868032061432054,1786510800,data.qo,"{""tL"":{""N"":""72.68""},""tE"":{""N"":""62.06""},""hE"":{""N"":""99.9""},""hL"":{""N"":""71.7""},""tR"":{""N"":""73.4""},""wL"":{""N"":""24.271742""},""hR"":{""N"":""71.4""},""wR"":{""N"":""27.896683""}}",f4486408-f001-7017-6ea9-8539918b7be9
868032061432054,1786514400,data.qo,"{""wR"":{""N"":""27.931868""},""tE"":{""N"":""61.88""},""hE"":{""N"":""99.9""},""hL"":{""N"":""71.1""},""hR"":{""N"":""71.4""},""tL"":{""N"":""71.78""},""tR"":{""N"":""73.4""},""wL"":{""N"":""24.48877""}}",f4486408-f001-7017-6ea9-8539918b7be9
868032061432054,1786518000,data.qo,"{""hR"":{""N"":""71.2""},""wR"":{""N"":""27.94489""},""hE"":{""N"":""99.9""},""wL"":{""N"":""24.283148""},""hL"":{""N"":""72""},""tE"":{""N"":""61.88""},""tR"":{""N"":""71.06""},""tL"":{""N"":""70.7""}}",f4486408-f001-7017-6ea9-8539918b7be9
868032061432054,1786521600,data.qo,"{""hL"":{""N"":""71.2""},""tL"":{""N"":""70.88""},""hE"":{""N"":""99.9""},""hR"":{""N"":""71.9""},""wL"":{""N"":""24.268278""},""tR"":{""N"":""70.34""},""wR"":{""N"":""27.967428""},""tE"":{""N"":""61.52""}}",f4486408-f001-7017-6ea9-8539918b7be9
868032061432054,1786525200,data.qo,"{""hL"":{""N"":""70.9""},""wL"":{""N"":""24.260916""},""hR"":{""N"":""72.8""},""hE"":{""N"":""99.9""},""tE"":{""N"":""61.16""},""tL"":{""N"":""70.7""},""wR"":{""N"":""28.063652""},""tR"":{""N"":""69.44""}}",f4486408-f001-7017-6ea9-8539918b7be9
868032061432054,1786528800,data.qo,"{""hE"":{""N"":""99.9""},""hR"":{""N"":""72.7""},""tR"":{""N"":""69.08""},""hL"":{""N"":""70.9""},""wL"":{""N"":""24.376791""},""tL"":{""N"":""70.7""},""tE"":{""N"":""61.52""},""wR"":{""N"":""27.919735""}}",f4486408-f001-7017-6ea9-8539918b7be9
868032061432054,1786532400,data.qo,"{""wL"":{""N"":""24.323233""},""wR"":{""N"":""27.840778""},""tE"":{""N"":""62.06""},""hE"":{""N"":""99.9""},""hR"":{""N"":""75.9""},""hL"":{""N"":""71""},""tL"":{""N"":""69.98""},""tR"":{""N"":""69.44""}}",f4486408-f001-7017-6ea9-8539918b7be9
868032061432054,1786536000,data.qo,"{""hL"":{""N"":""71""},""wL"":{""N"":""24.05255""},""hR"":{""N"":""74""},""tR"":{""N"":""68.9""},""wR"":{""N"":""27.731907""},""hE"":{""N"":""99.9""},""tE"":{""N"":""62.96""},""tL"":{""N"":""69.98""}}",f4486408-f001-7017-6ea9-8539918b7be9
868032061432054,1786539600,data.qo,"{""hR"":{""N"":""73.8""},""tE"":{""N"":""64.4""},""tR"":{""N"":""69.26""},""hE"":{""N"":""99.9""},""wR"":{""N"":""27.809418""},""tL"":{""N"":""69.98""},""hL"":{""N"":""71""},""wL"":{""N"":""24.154951""}}",f4486408-f001-7017-6ea9-8539918b7be9
868032061432054,1786543200,data.qo,"{""hL"":{""N"":""77.5""},""wL"":{""N"":""23.506708""},""tL"":{""N"":""71.6""},""hE"":{""N"":""95.2""},""tR"":{""N"":""69.26""},""wR"":{""N"":""28.440569""},""hR"":{""N"":""73.8""},""tE"":{""N"":""71.96""}}",f4486408-f001-7017-6ea9-8539918b7be9
868032061432054,1786546800,data.qo,"{""tR"":{""N"":""72.14""},""wR"":{""N"":""28.057491""},""hL"":{""N"":""77.5""},""tL"":{""N"":""71.6""},""wL"":{""N"":""24.041048""},""hR"":{""N"":""78""},""hE"":{""N"":""49.4""},""tE"":{""N"":""109.58""}}",f4486408-f001-7017-6ea9-8539918b7be9
868032061432054,1786550400,data.qo,"{""tR"":{""N"":""72.14""},""tL"":{""N"":""75.56""},""hR"":{""N"":""78""},""tE"":{""N"":""80.24""},""hE"":{""N"":""74.5""},""wR"":{""N"":""27.988941""},""wL"":{""N"":""24.082289""},""hL"":{""N"":""71.8""}}",f4486408-f001-7017-6ea9-8539918b7be9
868032061432054,1786554000,data.qo,"{""hR"":{""N"":""76.2""},""hL"":{""N"":""72.2""},""wL"":{""N"":""23.673641""},""wR"":{""N"":""27.871857""},""tL"":{""N"":""74.84""},""tE"":{""N"":""81.32""},""tR"":{""N"":""75.74""},""hE"":{""N"":""73.3""}}",f4486408-f001-7017-6ea9-8539918b7be9
868032061432054,1786557600,data.qo,"{""hL"":{""N"":""74.7""},""tL"":{""N"":""76.1""},""tR"":{""N"":""76.64""},""wL"":{""N"":""23.98494""},""hE"":{""N"":""65.8""},""hR"":{""N"":""75.7""},""tE"":{""N"":""94.64""},""wR"":{""N"":""27.548372""}}",f4486408-f001-7017-6ea9-8539918b7be9
868032061432054,1786561200,data.qo,"{""hE"":{""N"":""76.5""},""tE"":{""N"":""82.58""},""tR"":{""N"":""77.9""},""hL"":{""N"":""71.5""},""hR"":{""N"":""74.1""},""wL"":{""N"":""24.08657""},""tL"":{""N"":""77.72""},""wR"":{""N"":""27.683235""}}",f4486408-f001-7017-6ea9-8539918b7be9
868032061432054,1786564800,data.qo,"{""hE"":{""N"":""84.1""},""tE"":{""N"":""76.28""},""hR"":{""N"":""74.2""},""tR"":{""N"":""77.72""},""wR"":{""N"":""27.458727""},""wL"":{""N"":""23.866753""},""hL"":{""N"":""74.5""},""tL"":{""N"":""76.64""}}",f4486408-f001-7017-6ea9-8539918b7be9
868032061432054,1786568400,data.qo,"{""tL"":{""N"":""76.64""},""wL"":{""N"":""23.64039""},""wR"":{""N"":""27.294138""},""hR"":{""N"":""69.3""},""hE"":{""N"":""84.5""},""tE"":{""N"":""78.08""},""hL"":{""N"":""74.5""},""tR"":{""N"":""77.36""}}",f4486408-f001-7017-6ea9-8539918b7be9
868032061432054,1786572000,data.qo,"{""hL"":{""N"":""74.8""},""hR"":{""N"":""69.4""},""hE"":{""N"":""87.7""},""tE"":{""N"":""76.82""},""wR"":{""N"":""27.35527""},""wL"":{""N"":""23.9014""},""tL"":{""N"":""78.44""},""tR"":{""N"":""78.44""}}",f4486408-f001-7017-6ea9-8539918b7be9
868032061432054,1786575600,data.qo,"{""tR"":{""N"":""78.44""},""wL"":{""N"":""24.052164""},""hR"":{""N"":""69.4""},""hL"":{""N"":""75.7""},""tE"":{""N"":""74.48""},""tL"":{""N"":""78.44""},""hE"":{""N"":""87.5""},""wR"":{""N"":""27.337164""}}",f4486408-f001-7017-6ea9-8539918b7be9
868032061432054,1786579200,data.qo,"{""tL"":{""N"":""77.54""},""tR"":{""N"":""78.62""},""hE"":{""N"":""88.8""},""tE"":{""N"":""72.5""},""wR"":{""N"":""27.337957""},""wL"":{""N"":""24.15861""},""hL"":{""N"":""73.2""},""hR"":{""N"":""64.7""}}",f4486408-f001-7017-6ea9-8539918b7be9
868032061432054,1786582800,data.qo,"{""tE"":{""N"":""69.98""},""wR"":{""N"":""27.34785""},""hE"":{""N"":""91.1""},""wL"":{""N"":""24.108562""},""tR"":{""N"":""77.72""},""hL"":{""N"":""74.2""},""hR"":{""N"":""65.6""},""tL"":{""N"":""76.82""}}",f4486408-f001-7017-6ea9-8539918b7be9
868032061432054,1786586400,data.qo,"{""tE"":{""N"":""67.46""},""hR"":{""N"":""66.8""},""hL"":{""N"":""73.9""},""tL"":{""N"":""76.1""},""hE"":{""N"":""94.2""},""wL"":{""N"":""23.923729""},""tR"":{""N"":""76.64""},""wR"":{""N"":""27.431662""}}",f4486408-f001-7017-6ea9-8539918b7be9
868032061432054,1786590000,data.qo,"{""tL"":{""N"":""76.1""},""wL"":{""N"":""23.8361""},""tE"":{""N"":""66.2""},""hR"":{""N"":""68.2""},""tR"":{""N"":""76.28""},""hL"":{""N"":""78""},""wR"":{""N"":""27.390316""},""hE"":{""N"":""95.7""}}",f4486408-f001-7017-6ea9-8539918b7be9
868032061432054,1786593600,data.qo,"{""hE"":{""N"":""96.5""},""hL"":{""N"":""78.2""},""tE"":{""N"":""66.38""},""hR"":{""N"":""68.2""},""tL"":{""N"":""76.1""},""wR"":{""N"":""27.355038""},""wL"":{""N"":""23.739279""},""tR"":{""N"":""76.28""}}",f4486408-f001-7017-6ea9-8539918b7be9
868032061432054,1786597200,data.qo,"{""hE"":{""N"":""96.5""},""tR"":{""N"":""75.56""},""tE"":{""N"":""66.38""},""wL"":{""N"":""23.984507""},""hR"":{""N"":""72.6""},""wR"":{""N"":""27.599937""},""tL"":{""N"":""75.92""},""hL"":{""N"":""79.8""}}",f4486408-f001-7017-6ea9-8539918b7be9
868032061432054,1786600800,data.qo,"{""wL"":{""N"":""24.42602""},""hL"":{""N"":""79.8""},""tL"":{""N"":""75.92""},""hR"":{""N"":""70""},""hE"":{""N"":""96.5""},""tE"":{""N"":""66.38""},""wR"":{""N"":""27.7523""},""tR"":{""N"":""74.84""}}",f4486408-f001-7017-6ea9-8539918b7be9
868032061432054,1786604400,data.qo,"{""hE"":{""N"":""98.4""},""tE"":{""N"":""63.5""},""hR"":{""N"":""70""},""hL"":{""N"":""75.2""},""tL"":{""N"":""73.58""},""tR"":{""N"":""74.84""},""wL"":{""N"":""24.478327""},""wR"":{""N"":""27.787626""}}",f4486408-f001-7017-6ea9-8539918b7be9
868032061432054,1786608000,data.qo,"{""tL"":{""N"":""71.96""},""tR"":{""N"":""74.48""},""hR"":{""N"":""73.4""},""hL"":{""N"":""74.3""},""wR"":{""N"":""27.836998""},""wL"":{""N"":""24.374866""},""hE"":{""N"":""99.9""},""tE"":{""N"":""62.24""}}",f4486408-f001-7017-6ea9-8539918b7be9
868032061432054,1786611600,data.qo,"{""hR"":{""N"":""74.9""},""tE"":{""N"":""62.24""},""wL"":{""N"":""24.361488""},""hL"":{""N"":""75.3""},""tR"":{""N"":""73.4""},""hE"":{""N"":""99.9""},""tL"":{""N"":""71.42""},""wR"":{""N"":""27.909002""}}",f4486408-f001-7017-6ea9-8539918b7be9
868032061432054,1786615200,data.qo,"{""tL"":{""N"":""71.06""},""hL"":{""N"":""73.8""},""wR"":{""N"":""27.92809""},""tR"":{""N"":""72.86""},""hR"":{""N"":""75.5""},""wL"":{""N"":""24.416203""},""hE"":{""N"":""99.9""},""tE"":{""N"":""62.06""}}",f4486408-f001-7017-6ea9-8539918b7be9
868032061432054,1786618800,data.qo,"{""tE"":{""N"":""62.06""},""wR"":{""N"":""27.854357""},""wL"":{""N"":""24.316496""},""hE"":{""N"":""99.9""},""hL"":{""N"":""72.8""},""tL"":{""N"":""70.34""},""tR"":{""N"":""72.86""},""hR"":{""N"":""76.7""}}",f4486408-f001-7017-6ea9-8539918b7be9
868032061432054,1786622400,data.qo,"{""hE"":{""N"":""99.9""},""tR"":{""N"":""71.96""},""wR"":{""N"":""27.689394""},""tL"":{""N"":""70.7""},""wL"":{""N"":""23.965546""},""hR"":{""N"":""74.8""},""hL"":{""N"":""76.1""},""tE"":{""N"":""64.04""}}",f4486408-f001-7017-6ea9-8539918b7be9
868032061432054,1786626000,data.qo,"{""hE"":{""N"":""99.9""},""hR"":{""N"":""74.8""},""tE"":{""N"":""66.56""},""tL"":{""N"":""71.78""},""wL"":{""N"":""23.689522""},""wR"":{""N"":""27.637922""},""hL"":{""N"":""79.2""},""tR"":{""N"":""72.14""}}",f4486408-f001-7017-6ea9-8539918b7be9
868032061432054,1786629600,data.qo,"{""hL"":{""N"":""81""},""tL"":{""N"":""72.86""},""tR"":{""N"":""72.86""},""hR"":{""N"":""75.4""},""wR"":{""N"":""27.51916""},""wL"":{""N"":""23.466238""},""hE"":{""N"":""99.9""},""tE"":{""N"":""68""}}",f4486408-f001-7017-6ea9-8539918b7be9
868032061432054,1786633200,data.qo,"{""hR"":{""N"":""78.2""},""tR"":{""N"":""74.48""},""wL"":{""N"":""23.695923""},""hL"":{""N"":""80.8""},""hE"":{""N"":""92.3""},""tL"":{""N"":""74.3""},""wR"":{""N"":""27.608383""},""tE"":{""N"":""76.46""}}",f4486408-f001-7017-6ea9-8539918b7be9
868032061432054,1786636800,data.qo,"{""hL"":{""N"":""80.8""},""tR"":{""N"":""76.28""},""wR"":{""N"":""27.941668""},""hR"":{""N"":""77.6""},""tE"":{""N"":""70.7""},""wL"":{""N"":""23.441553""},""hE"":{""N"":""99.9""},""tL"":{""N"":""74.3""}}",f4486408-f001-7017-6ea9-8539918b7be9
868032061432054,1786640400,data.qo,"{""tR"":{""N"":""76.28""},""wL"":{""N"":""23.294783""},""hE"":{""N"":""94.6""},""tE"":{""N"":""78.08""},""wR"":{""N"":""27.594898""},""hR"":{""N"":""77.6""},""tL"":{""N"":""75.2""},""hL"":{""N"":""84.6""}}",f4486408-f001-7017-6ea9-8539918b7be9
868032061432054,1786644000,data.qo,"{""hL"":{""N"":""81.7""},""tR"":{""N"":""76.28""},""hE"":{""N"":""97.3""},""tE"":{""N"":""74.84""},""wL"":{""N"":""23.337418""},""tL"":{""N"":""75.56""},""wR"":{""N"":""27.492653""},""hR"":{""N"":""77.6""}}",f4486408-f001-7017-6ea9-8539918b7be9
868032061432054,1786647600,data.qo,"{""hR"":{""N"":""77.6""},""tL"":{""N"":""75.92""},""tR"":{""N"":""76.28""},""wL"":{""N"":""22.95976""},""wR"":{""N"":""27.452942""},""hL"":{""N"":""81.8""},""hE"":{""N"":""97.8""},""tE"":{""N"":""74.48""}}",f4486408-f001-7017-6ea9-8539918b7be9
868032061432054,1786651200,data.qo,"{""hL"":{""N"":""81.8""},""hR"":{""N"":""75.3""},""tL"":{""N"":""75.92""},""tR"":{""N"":""78.62""},""tE"":{""N"":""77.72""},""wL"":{""N"":""23.093636""},""wR"":{""N"":""27.538805""},""hE"":{""N"":""97""}}",f4486408-f001-7017-6ea9-8539918b7be9
868032061432054,1786654800,data.qo,"{""wL"":{""N"":""23.046284""},""tR"":{""N"":""78.62""},""hR"":{""N"":""75.3""},""wR"":{""N"":""27.415842""},""hL"":{""N"":""81.4""},""tE"":{""N"":""76.1""},""tL"":{""N"":""78.08""},""hE"":{""N"":""99.8""}}",f4486408-f001-7017-6ea9-8539918b7be9
868032061432054,1786658400,data.qo,"{""hE"":{""N"":""99.9""},""hL"":{""N"":""81.4""},""tE"":{""N"":""75.92""},""tL"":{""N"":""78.08""},""wL"":{""N"":""23.019865""},""hR"":{""N"":""75.7""},""tR"":{""N"":""81.14""},""wR"":{""N"":""27.493307""}}",f4486408-f001-7017-6ea9-8539918b7be9
868032061432054,1786662000,data.qo,"{""hL"":{""N"":""81.7""},""wL"":{""N"":""23.164902""},""hE"":{""N"":""99.9""},""tL"":{""N"":""78.62""},""tR"":{""N"":""82.58""},""wR"":{""N"":""27.50082""},""hR"":{""N"":""71.2""},""tE"":{""N"":""73.76""}}",f4486408-f001-7017-6ea9-8539918b7be9
868032061432054,1786665600,data.qo,"{""tE"":{""N"":""73.58""},""wL"":{""N"":""23.35224""},""tR"":{""N"":""82.4""},""wR"":{""N"":""27.500914""},""hR"":{""N"":""69.3""},""hL"":{""N"":""81.5""},""tL"":{""N"":""78.44""},""hE"":{""N"":""99.9""}}",f4486408-f001-7017-6ea9-8539918b7be9
868032061432054,1786669200,data.qo,"{""wR"":{""N"":""27.537918""},""tR"":{""N"":""80.96""},""hR"":{""N"":""69.9""},""hL"":{""N"":""79.7""},""tL"":{""N"":""77.72""},""hE"":{""N"":""99.9""},""wL"":{""N"":""23.617195""},""tE"":{""N"":""70.7""}}",f4486408-f001-7017-6ea9-8539918b7be9
868032061432054,1786672800,data.qo,"{""hL"":{""N"":""82.6""},""wR"":{""N"":""27.648657""},""tR"":{""N"":""80.96""},""hE"":{""N"":""99.9""},""tE"":{""N"":""69.62""},""hR"":{""N"":""69.9""},""wL"":{""N"":""23.352383""},""tL"":{""N"":""77.36""}}",f4486408-f001-7017-6ea9-8539918b7be9
868032061432054,1786676400,data.qo,"{""hE"":{""N"":""99.9""},""wR"":{""N"":""27.635963""},""tL"":{""N"":""78.08""},""hR"":{""N"":""73.4""},""tE"":{""N"":""69.62""},""hL"":{""N"":""85.6""},""wL"":{""N"":""23.527401""},""tR"":{""N"":""80.6""}}",f4486408-f001-7017-6ea9-8539918b7be9
868032061432054,1786680000,data.qo,"{""hL"":{""N"":""80.1""},""tE"":{""N"":""68.54""},""tR"":{""N"":""80.06""},""wR"":{""N"":""27.676561""},""wL"":{""N"":""23.765457""},""hE"":{""N"":""99.9""},""hR"":{""N"":""70.7""},""tL"":{""N"":""76.82""}}",f4486408-f001-7017-6ea9-8539918b7be9
868032061432054,1786683540,data.qo,"{""tE"":{""N"":""68.9""},""wL"":{""N"":""23.671091""},""hR"":{""N"":""69""},""tR"":{""N"":""78.98""},""tL"":{""N"":""76.1""},""hL"":{""N"":""79""},""hE"":{""N"":""99.9""},""wR"":{""N"":""27.629196""}}",f4486408-f001-7017-6ea9-8539918b7be9
868032061432054,1786687200,data.qo,"{""wR"":{""N"":""27.697468""},""tL"":{""N"":""76.1""},""hE"":{""N"":""99.9""},""tR"":{""N"":""78.08""},""hL"":{""N"":""79""},""tE"":{""N"":""68.18""},""hR"":{""N"":""71.4""},""wL"":{""N"":""23.829796""}}",f4486408-f001-7017-6ea9-8539918b7be9
868032061432054,1786690800,data.qo,"{""wL"":{""N"":""23.832731""},""hL"":{""N"":""79.9""},""hR"":{""N"":""70.1""},""tE"":{""N"":""68""},""tL"":{""N"":""75.56""},""tR"":{""N"":""77.54""},""wR"":{""N"":""27.590092""},""hE"":{""N"":""99.9""}}",f4486408-f001-7017-6ea9-8539918b7be9
868032061432054,1786694400,data.qo,"{""tE"":{""N"":""66.92""},""hR"":{""N"":""68.6""},""hL"":{""N"":""81""},""hE"":{""N"":""99.9""},""tL"":{""N"":""75.2""},""tR"":{""N"":""77""},""wL"":{""N"":""23.914297""},""wR"":{""N"":""27.716974""}}",f4486408-f001-7017-6ea9-8539918b7be9
868032061432054,1786698000,data.qo,"{""hR"":{""N"":""68.6""},""hL"":{""N"":""79.4""},""tR"":{""N"":""77""},""hE"":{""N"":""99.9""},""tL"":{""N"":""74.48""},""tE"":{""N"":""66.56""},""wL"":{""N"":""24.05563""},""wR"":{""N"":""27.805079""}}",f4486408-f001-7017-6ea9-8539918b7be9
868032061432054,1786701600,data.qo,"{""wL"":{""N"":""23.963573""},""wR"":{""N"":""27.699335""},""tR"":{""N"":""76.28""},""tL"":{""N"":""74.48""},""hR"":{""N"":""71.4""},""hL"":{""N"":""79.4""},""hE"":{""N"":""99.9""},""tE"":{""N"":""66.92""}}",f4486408-f001-7017-6ea9-8539918b7be9
868032061432054,1786705200,data.qo,"{""tE"":{""N"":""68.18""},""hL"":{""N"":""80.5""},""wL"":{""N"":""24.06328""},""wR"":{""N"":""27.698542""},""tR"":{""N"":""76.46""},""hE"":{""N"":""99.9""},""hR"":{""N"":""72.5""},""tL"":{""N"":""74.48""}}",f4486408-f001-7017-6ea9-8539918b7be9
868032061432054,1786708800,data.qo,"{""hR"":{""N"":""73.7""},""hE"":{""N"":""99.9""},""tL"":{""N"":""74.66""},""hL"":{""N"":""80.9""},""wL"":{""N"":""23.850824""},""wR"":{""N"":""27.654303""},""tR"":{""N"":""76.64""},""tE"":{""N"":""68.72""}}",f4486408-f001-7017-6ea9-8539918b7be9
868032061432054,1786712400,data.qo,"{""hE"":{""N"":""99.9""},""tR"":{""N"":""76.64""},""wR"":{""N"":""27.432688""},""tE"":{""N"":""73.22""},""wL"":{""N"":""23.4378""},""hL"":{""N"":""79.9""},""tL"":{""N"":""75.02""},""hR"":{""N"":""73.7""}}",f4486408-f001-7017-6ea9-8539918b7be9
868032061432054,1786716000,data.qo,"{""hR"":{""N"":""75.1""},""tL"":{""N"":""76.46""},""tE"":{""N"":""90.5""},""hE"":{""N"":""82.8""},""tR"":{""N"":""79.7""},""hL"":{""N"":""80.1""},""wL"":{""N"":""23.281357""},""wR"":{""N"":""27.471468""}}",f4486408-f001-7017-6ea9-8539918b7be9
868032061432054,1786719600,data.qo,"{""hR"":{""N"":""73""},""hE"":{""N"":""96.8""},""hL"":{""N"":""83.5""},""tL"":{""N"":""77.54""},""tE"":{""N"":""79.7""},""wL"":{""N"":""23.002878""},""tR"":{""N"":""80.96""},""wR"":{""N"":""27.63825""}}",f4486408-f001-7017-6ea9-8539918b7be9
868032061432054,1786723200,data.qo,"{""tE"":{""N"":""91.4""},""hL"":{""N"":""82.9""},""tR"":{""N"":""80.96""},""hE"":{""N"":""84.5""},""hR"":{""N"":""73""},""wR"":{""N"":""27.313972""},""tL"":{""N"":""78.8""},""wL"":{""N"":""22.801971""}}",f4486408-f001-7017-6ea9-8539918b7be9
868032061432054,1786726800,data.qo,"{""hE"":{""N"":""87.7""},""tE"":{""N"":""86.9""},""tL"":{""N"":""80.96""},""wL"":{""N"":""22.578255""},""hR"":{""N"":""70""},""hL"":{""N"":""80.7""},""tR"":{""N"":""86.18""},""wR"":{""N"":""27.038506""}}",f4486408-f001-7017-6ea9-8539918b7be9
868032061432054,1786730400,data.qo,"{""tL"":{""N"":""83.3""},""wR"":{""N"":""27.276827""},""tR"":{""N"":""87.62""},""hR"":{""N"":""65.2""},""hE"":{""N"":""72.6""},""hL"":{""N"":""77.2""},""tE"":{""N"":""99.68""},""wL"":{""N"":""22.92699""}}",f4486408-f001-7017-6ea9-8539918b7be9
868032061432054,1786734000,data.qo,"{""tE"":{""N"":""92.48""},""hE"":{""N"":""78.6""},""tL"":{""N"":""86.9""},""wL"":{""N"":""23.19878""},""hL"":{""N"":""68.4""},""hR"":{""N"":""62.4""},""wR"":{""N"":""27.13501""},""tR"":{""N"":""88.7""}}",f4486408-f001-7017-6ea9-8539918b7be9
868032061432054,1786737600,data.qo,"{""tR"":{""N"":""88.7""},""tE"":{""N"":""86.9""},""wL"":{""N"":""23.054897""},""hR"":{""N"":""61.2""},""hE"":{""N"":""86.4""},""tL"":{""N"":""85.1""},""wR"":{""N"":""27.091425""},""hL"":{""N"":""66""}}",f4486408-f001-7017-6ea9-8539918b7be9
868032061432054,1786741200,data.qo,"{""tR"":{""N"":""89.06""},""tL"":{""N"":""84.02""},""wL"":{""N"":""23.440445""},""hR"":{""N"":""60.1""},""wR"":{""N"":""27.043266""},""hL"":{""N"":""65.7""},""hE"":{""N"":""89.4""},""tE"":{""N"":""84.2""}}",f4486408-f001-7017-6ea9-8539918b7be9
868032061432054,1786744800,data.qo,"{""hL"":{""N"":""66.1""},""tR"":{""N"":""89.06""},""tE"":{""N"":""81.14""},""tL"":{""N"":""83.66""},""wL"":{""N"":""23.468307""},""hR"":{""N"":""60.1""},""hE"":{""N"":""90.3""},""wR"":{""N"":""26.960388""}}",f4486408-f001-7017-6ea9-8539918b7be9
868032061432054,1786748400,data.qo,"{""tL"":{""N"":""82.94""},""hL"":{""N"":""68.2""},""wR"":{""N"":""26.91335""},""wL"":{""N"":""23.461185""},""hR"":{""N"":""59.6""},""hE"":{""N"":""91.4""},""tE"":{""N"":""79.7""},""tR"":{""N"":""87.26""}}",f4486408-f001-7017-6ea9-8539918b7be9
868032061432054,1786752000,data.qo,"{""tL"":{""N"":""82.58""},""tR"":{""N"":""86.54""},""hE"":{""N"":""93""},""wL"":{""N"":""23.562914""},""wR"":{""N"":""26.980501""},""hR"":{""N"":""59.7""},""tE"":{""N"":""77.9""},""hL"":{""N"":""68.3""}}",f4486408-f001-7017-6ea9-8539918b7be9
868032061432054,1786755600,data.qo,"{""hR"":{""N"":""61.4""},""tE"":{""N"":""75.56""},""wR"":{""N"":""26.947462""},""hL"":{""N"":""71.9""},""hE"":{""N"":""95.5""},""tL"":{""N"":""82.22""},""wL"":{""N"":""23.515034""},""tR"":{""N"":""85.28""}}",f4486408-f001-7017-6ea9-8539918b7be9
868032061432054,1786759200,data.qo,"{""hE"":{""N"":""97.2""},""wR"":{""N"":""26.929308""},""tE"":{""N"":""73.76""},""wL"":{""N"":""23.411716""},""hL"":{""N"":""71.9""},""tL"":{""N"":""82.22""},""tR"":{""N"":""85.46""},""hR"":{""N"":""61.1""}}",f4486408-f001-7017-6ea9-8539918b7be9
868032061432054,1786762800,data.qo,"{""hE"":{""N"":""98.7""},""tE"":{""N"":""71.06""},""hL"":{""N"":""73.4""},""tR"":{""N"":""85.28""},""hR"":{""N"":""59.1""},""wL"":{""N"":""23.501656""},""wR"":{""N"":""27.0281""},""tL"":{""N"":""80.6""}}",f4486408-f001-7017-6ea9-8539918b7be9
868032061432054,1786766400,data.qo,"{""hE"":{""N"":""99.4""},""tE"":{""N"":""69.8""},""wR"":{""N"":""27.061745""},""tR"":{""N"":""84.2""},""tL"":{""N"":""79.52""},""hR"":{""N"":""58.2""},""wL"":{""N"":""23.550596""},""hL"":{""N"":""73.2""}}",f4486408-f001-7017-6ea9-8539918b7be9
868032061432054,1786769940,data.qo,"{""hL"":{""N"":""73.2""},""tR"":{""N"":""83.3""},""wL"":{""N"":""23.612816""},""tE"":{""N"":""69.26""},""hE"":{""N"":""99.9""},""hR"":{""N"":""60.2""},""tL"":{""N"":""79.52""},""wR"":{""N"":""27.229414""}}",f4486408-f001-7017-6ea9-8539918b7be9
868032061432054,1786773600,data.qo,"{""hR"":{""N"":""61.6""},""wL"":{""N"":""23.471436""},""hE"":{""N"":""99.9""},""hL"":{""N"":""73.5""},""tL"":{""N"":""78.08""},""wR"":{""N"":""27.21042""},""tE"":{""N"":""69.62""},""tR"":{""N"":""82.58""}}",f4486408-f001-7017-6ea9-8539918b7be9
868032061432054,1786777200,data.qo,"{""hR"":{""N"":""61.6""},""wR"":{""N"":""27.206734""},""hE"":{""N"":""99.9""},""hL"":{""N"":""73.5""},""tE"":{""N"":""69.44""},""tL"":{""N"":""78.08""},""wL"":{""N"":""23.383759""},""tR"":{""N"":""82.58""}}",f4486408-f001-7017-6ea9-8539918b7be9
868032061432054,1786780800,data.qo,"{""tE"":{""N"":""69.44""},""tL"":{""N"":""77.36""},""tR"":{""N"":""82.58""},""wR"":{""N"":""27.162169""},""wL"":{""N"":""23.295986""},""hL"":{""N"":""77.5""},""hR"":{""N"":""64.9""},""hE"":{""N"":""99.9""}}",f4486408-f001-7017-6ea9-8539918b7be9
868032061432054,1786784400,data.qo,"{""hR"":{""N"":""63.7""},""wL"":{""N"":""23.276207""},""tE"":{""N"":""68.72""},""tR"":{""N"":""82.22""},""tL"":{""N"":""77""},""hL"":{""N"":""78.6""},""hE"":{""N"":""99.9""},""wR"":{""N"":""27.120497""}}",f4486408-f001-7017-6ea9-8539918b7be9
868032061432054,1786788000,data.qo,"{""tR"":{""N"":""82.04""},""tE"":{""N"":""68.18""},""hL"":{""N"":""75.2""},""tL"":{""N"":""76.46""},""hE"":{""N"":""99.9""},""hR"":{""N"":""63.3""},""wL"":{""N"":""23.28256""},""wR"":{""N"":""27.192875""}}",f4486408-f001-7017-6ea9-8539918b7be9
868032061432054,1786791600,data.qo,"{""hL"":{""N"":""73.9""},""tL"":{""N"":""76.1""},""tE"":{""N"":""68""},""wR"":{""N"":""27.274353""},""hR"":{""N"":""63""},""tR"":{""N"":""82.22""},""wL"":{""N"":""23.545927""},""hE"":{""N"":""99.9""}}",f4486408-f001-7017-6ea9-8539918b7be9
868032061432054,1786795200,data.qo,"{""hR"":{""N"":""63.9""},""hL"":{""N"":""73.9""},""wR"":{""N"":""27.27104""},""tL"":{""N"":""76.1""},""hE"":{""N"":""99.9""},""wL"":{""N"":""23.44901""},""tE"":{""N"":""68.36""},""tR"":{""N"":""80.78""}}",f4486408-f001-7017-6ea9-8539918b7be9
868032061432054,1786798800,data.qo,"{""wR"":{""N"":""27.65449""},""hR"":{""N"":""65.8""},""tR"":{""N"":""81.14""},""tE"":{""N"":""71.6""},""wL"":{""N"":""23.029152""},""hE"":{""N"":""99.9""},""hL"":{""N"":""75.2""},""tL"":{""N"":""76.28""}}",f4486408-f001-7017-6ea9-8539918b7be9
868032061432054,1786802400,data.qo,"{""tL"":{""N"":""77.9""},""wL"":{""N"":""22.609198""},""hR"":{""N"":""71.8""},""hE"":{""N"":""70.9""},""hL"":{""N"":""76.9""},""wR"":{""N"":""27.48472""},""tR"":{""N"":""84.02""},""tE"":{""N"":""102.02""}}",f4486408-f001-7017-6ea9-8539918b7be9
868032061432054,1786806000,data.qo,"{""hL"":{""N"":""76.9""},""hR"":{""N"":""71.9""},""tE"":{""N"":""120.02""},""hE"":{""N"":""41.7""},""wL"":{""N"":""22.5489""},""wR"":{""N"":""27.256573""},""tL"":{""N"":""77.9""},""tR"":{""N"":""86.9""}}",f4486408-f001-7017-6ea9-8539918b7be9
868032061432054,1786809600,data.qo,"{""wL"":{""N"":""22.47287""},""wR"":{""N"":""26.886517""},""hL"":{""N"":""67.5""},""tL"":{""N"":""85.82""},""tE"":{""N"":""115.34""},""hR"":{""N"":""64.8""},""hE"":{""N"":""42.3""},""tR"":{""N"":""90.68""}}",f4486408-f001-7017-6ea9-8539918b7be9
868032061432054,1786813200,data.qo,"{""tE"":{""N"":""109.4""},""wL"":{""N"":""22.845715""},""hL"":{""N"":""67.5""},""hR"":{""N"":""59.2""},""hE"":{""N"":""46.8""},""tL"":{""N"":""85.82""},""wR"":{""N"":""26.98106""},""tR"":{""N"":""92.3""}}",f4486408-f001-7017-6ea9-8539918b7be9
868032061432054,1786816800,data.qo,"{""hL"":{""N"":""59.1""},""tR"":{""N"":""92.3""},""wR"":{""N"":""26.717308""},""wL"":{""N"":""23.007498""},""tL"":{""N"":""88.34""},""hE"":{""N"":""51.5""},""tE"":{""N"":""103.1""},""hR"":{""N"":""59.2""}}",f4486408-f001-7017-6ea9-8539918b7be9
868032061432054,1786820400,data.qo,"{""tL"":{""N"":""86.18""},""tR"":{""N"":""90.86""},""hE"":{""N"":""51.5""},""wR"":{""N"":""26.709934""},""hL"":{""N"":""62.3""},""wL"":{""N"":""23.097052""},""tE"":{""N"":""103.1""},""hR"":{""N"":""56.3""}}",f4486408-f001-7017-6ea9-8539918b7be9
868032061432054,1786824000,data.qo,"{""tE"":{""N"":""88.7""},""hE"":{""N"":""63.8""},""wL"":{""N"":""23.18064""},""hR"":{""N"":""56.5""},""hL"":{""N"":""62.2""},""tR"":{""N"":""89.96""},""tL"":{""N"":""85.28""},""wR"":{""N"":""26.654823""}}",f4486408-f001-7017-6ea9-8539918b7be9
868032061432054,1786827600,data.qo,"{""tR"":{""N"":""88.88""},""hE"":{""N"":""68.7""},""wR"":{""N"":""26.571571""},""tL"":{""N"":""85.1""},""hL"":{""N"":""63.6""},""tE"":{""N"":""84.02""},""hR"":{""N"":""57.6""},""wL"":{""N"":""23.173758""}}",f4486408-f001-7017-6ea9-8539918b7be9
868032061432054,1786831200,data.qo,"{""tE"":{""N"":""83.3""},""wL"":{""N"":""23.040125""},""wR"":{""N"":""26.614363""},""tL"":{""N"":""84.74""},""hR"":{""N"":""59.6""},""hL"":{""N"":""65.2""},""hE"":{""N"":""71""},""tR"":{""N"":""88.34""}}",f4486408-f001-7017-6ea9-8539918b7be9
868032061432054,1786834800,data.qo,"{""wR"":{""N"":""26.745306""},""hR"":{""N"":""56.4""},""tL"":{""N"":""82.22""},""tR"":{""N"":""88.16""},""hE"":{""N"":""83""},""wL"":{""N"":""22.802309""},""hL"":{""N"":""63.1""},""tE"":{""N"":""72.86""}}",f4486408-f001-7017-6ea9-8539918b7be9
868032061432054,1786838400,data.qo,"{""wL"":{""N"":""22.62705""},""tE"":{""N"":""73.22""},""hR"":{""N"":""60.8""},""hE"":{""N"":""90""},""hL"":{""N"":""67.1""},""tR"":{""N"":""86.18""},""wR"":{""N"":""26.84769""},""tL"":{""N"":""80.78""}}",f4486408-f001-7017-6ea9-8539918b7be9
868032061432054,1786842000,data.qo,"{""hE"":{""N"":""96.5""},""hR"":{""N"":""60.3""},""tE"":{""N"":""70.34""},""tL"":{""N"":""80.06""},""wR"":{""N"":""26.909195""},""hL"":{""N"":""65.6""},""tR"":{""N"":""85.64""},""wL"":{""N"":""22.582346""}}",f4486408-f001-7017-6ea9-8539918b7be9
868032061432054,1786845600,data.qo,"{""tE"":{""N"":""69.44""},""hL"":{""N"":""66.4""},""hR"":{""N"":""62.8""},""hE"":{""N"":""99.9""},""tL"":{""N"":""79.7""},""wL"":{""N"":""22.257719""},""wR"":{""N"":""27.031086""},""tR"":{""N"":""85.82""}}",f4486408-f001-7017-6ea9-8539918b7be9
868032061432054,1786849200,data.qo,"{""hL"":{""N"":""71.6""},""hE"":{""N"":""99.9""},""tE"":{""N"":""68.36""},""wR"":{""N"":""26.98078""},""tL"":{""N"":""79.52""},""wL"":{""N"":""22.226536""},""hR"":{""N"":""62.8""},""tR"":{""N"":""85.82""}}",f4486408-f001-7017-6ea9-8539918b7be9
868032061432054,1786852800,data.qo,"{""hE"":{""N"":""99.9""},""wL"":{""N"":""22.110228""},""tE"":{""N"":""67.64""},""tL"":{""N"":""79.16""},""hL"":{""N"":""75.1""},""tR"":{""N"":""85.82""},""hR"":{""N"":""62.8""},""wR"":{""N"":""26.947369""}}",f4486408-f001-7017-6ea9-8539918b7be9
868032061432054,1786856400,data.qo,"{""tL"":{""N"":""78.44""},""wL"":{""N"":""22.273022""},""hE"":{""N"":""99.9""},""hR"":{""N"":""58.7""},""tR"":{""N"":""86.54""},""wR"":{""N"":""26.932901""},""hL"":{""N"":""74.7""},""tE"":{""N"":""67.28""}}",f4486408-f001-7017-6ea9-8539918b7be9
868032061432054,1786860000,data.qo,"{""wL"":{""N"":""22.310171""},""hR"":{""N"":""60.4""},""hE"":{""N"":""99.9""},""hL"":{""N"":""71.6""},""wR"":{""N"":""27.059925""},""tL"":{""N"":""77.9""},""tR"":{""N"":""85.82""},""tE"":{""N"":""66.74""}}",f4486408-f001-7017-6ea9-8539918b7be9
868032061432054,1786863600,data.qo,"{""wR"":{""N"":""27.128757""},""hL"":{""N"":""70.7""},""hE"":{""N"":""99.9""},""tL"":{""N"":""77""},""tR"":{""N"":""85.1""},""hR"":{""N"":""61.2""},""tE"":{""N"":""66.38""},""wL"":{""N"":""22.353865""}}",f4486408-f001-7017-6ea9-8539918b7be9
868032061432054,1786867200,data.qo,"{""hE"":{""N"":""99.9""},""wL"":{""N"":""22.452995""},""tE"":{""N"":""65.84""},""tL"":{""N"":""76.64""},""tR"":{""N"":""85.1""},""hL"":{""N"":""71.7""},""hR"":{""N"":""61.2""},""wR"":{""N"":""27.162916""}}",f4486408-f001-7017-6ea9-8539918b7be9
868032061432054,1786870800,data.qo,"{""tE"":{""N"":""65.3""},""hR"":{""N"":""61.2""},""tL"":{""N"":""76.1""},""hL"":{""N"":""71.5""},""tR"":{""N"":""85.1""},""wL"":{""N"":""22.464449""},""wR"":{""N"":""27.27566""},""hE"":{""N"":""99.9""}}",f4486408-f001-7017-6ea9-8539918b7be9
868032061432054,1786874400,data.qo,"{""wR"":{""N"":""27.303705""},""hE"":{""N"":""99.9""},""wL"":{""N"":""22.508238""},""hR"":{""N"":""59.1""},""tE"":{""N"":""65.48""},""hL"":{""N"":""71.5""},""tL"":{""N"":""76.1""},""tR"":{""N"":""82.58""}}",f4486408-f001-7017-6ea9-8539918b7be9
868032061432054,1786878000,data.qo,"{""tL"":{""N"":""75.56""},""hR"":{""N"":""59.1""},""wR"":{""N"":""27.327225""},""tR"":{""N"":""82.58""},""wL"":{""N"":""22.798122""},""hL"":{""N"":""72.4""},""hE"":{""N"":""99.9""},""tE"":{""N"":""65.84""}}",f4486408-f001-7017-6ea9-8539918b7be9
868032061432054,1786881600,data.qo,"{""wR"":{""N"":""27.341925""},""hL"":{""N"":""73.7""},""hR"":{""N"":""61.8""},""wL"":{""N"":""22.708326""},""tL"":{""N"":""75.2""},""tE"":{""N"":""66.56""},""hE"":{""N"":""99.9""},""tR"":{""N"":""81.5""}}",f4486408-f001-7017-6ea9-8539918b7be9
868032061432054,1786885200,data.qo,"{""hL"":{""N"":""73.7""},""wR"":{""N"":""27.787252""},""tL"":{""N"":""75.2""},""tE"":{""N"":""68.9""},""hE"":{""N"":""99.9""},""wL"":{""N"":""22.09377""},""hR"":{""N"":""62.7""},""tR"":{""N"":""81.5""}}",f4486408-f001-7017-6ea9-8539918b7be9
868032061432054,1786888800,data.qo,"{""wR"":{""N"":""27.688274""},""tE"":{""N"":""102.02""},""hR"":{""N"":""62.7""},""hE"":{""N"":""72.7""},""wL"":{""N"":""21.903498""},""tL"":{""N"":""77.9""},""hL"":{""N"":""80.4""},""tR"":{""N"":""81.5""}}",f4486408-f001-7017-6ea9-8539918b7be9
868032061432054,1786892400,data.qo,"{""hR"":{""N"":""69""},""hE"":{""N"":""46.2""},""tR"":{""N"":""86.54""},""tL"":{""N"":""81.32""},""wL"":{""N"":""21.94695""},""wR"":{""N"":""26.977327""},""hL"":{""N"":""72.9""},""tE"":{""N"":""116.42""}}",f4486408-f001-7017-6ea9-8539918b7be9
868032061432054,1786896000,data.qo,"{""wL"":{""N"":""22.441687""},""wR"":{""N"":""27.389477""},""tL"":{""N"":""84.92""},""tR"":{""N"":""90.5""},""tE"":{""N"":""114.98""},""hE"":{""N"":""42.6""},""hR"":{""N"":""63.4""},""hL"":{""N"":""67""}}",f4486408-f001-7017-6ea9-8539918b7be9
868032061432054,1786899600,data.qo,"{""wR"":{""N"":""27.018393""},""tR"":{""N"":""92.12""},""hR"":{""N"":""58.3""},""wL"":{""N"":""22.226007""},""tE"":{""N"":""117.5""},""hL"":{""N"":""67""},""tL"":{""N"":""84.92""},""hE"":{""N"":""39.9""}}",f4486408-f001-7017-6ea9-8539918b7be9
868032061432054,1786903200,data.qo,"{""tR"":{""N"":""93.2""},""tL"":{""N"":""92.12""},""hE"":{""N"":""41.8""},""hL"":{""N"":""56""},""hR"":{""N"":""55.3""},""tE"":{""N"":""119.48""},""wR"":{""N"":""26.546793""},""wL"":{""N"":""22.191359""}}",f4486408-f001-7017-6ea9-8539918b7be9
868032061432054,1786906800,data.qo,"{""wL"":{""N"":""22.766216""},""hL"":{""N"":""56""},""tE"":{""N"":""95.18""},""wR"":{""N"":""26.562613""},""tL"":{""N"":""92.12""},""hR"":{""N"":""55.3""},""tR"":{""N"":""93.2""},""hE"":{""N"":""62.6""}}",f4486408-f001-7017-6ea9-8539918b7be9
868032061432054,1786910400,data.qo,"{""hL"":{""N"":""53.2""},""tL"":{""N"":""88.88""},""wL"":{""N"":""22.948357""},""hR"":{""N"":""54.4""},""tE"":{""N"":""87.26""},""hE"":{""N"":""73.3""},""tR"":{""N"":""90.5""},""wR"":{""N"":""26.537878""}}",f4486408-f001-7017-6ea9-8539918b7be9
868032061432054,1786914000,data.qo,"{""wR"":{""N"":""26.463121""},""hE"":{""N"":""78.6""},""tL"":{""N"":""86.54""},""tE"":{""N"":""84.02""},""hL"":{""N"":""58.9""},""tR"":{""N"":""89.06""},""hR"":{""N"":""57.2""},""wL"":{""N"":""22.933342""}}",f4486408-f001-7017-6ea9-8539918b7be9
868032061432054,1786917600,data.qo,"{""hL"":{""N"":""60.2""},""tE"":{""N"":""81.32""},""wL"":{""N"":""22.909185""},""hE"":{""N"":""82.8""},""tL"":{""N"":""86""},""tR"":{""N"":""89.06""},""wR"":{""N"":""26.49224""},""hR"":{""N"":""57.2""}}",f4486408-f001-7017-6ea9-8539918b7be9
868032061432054,1786921200,data.qo,"{""hR"":{""N"":""55.5""},""tE"":{""N"":""80.6""},""hE"":{""N"":""83.2""},""tL"":{""N"":""85.28""},""tR"":{""N"":""88.7""},""wL"":{""N"":""23.040606""},""wR"":{""N"":""26.401943""},""hL"":{""N"":""59.2""}}",f4486408-f001-7017-6ea9-8539918b7be9
868032061432054,1786924800,data.qo,"{""tR"":{""N"":""87.98""},""tL"":{""N"":""85.28""},""hR"":{""N"":""55.4""},""tE"":{""N"":""78.44""},""hE"":{""N"":""83.9""},""hL"":{""N"":""59.2""},""wR"":{""N"":""26.337917""},""wL"":{""N"":""23.07328""}}",f4486408-f001-7017-6ea9-8539918b7be9
868032061432054,1786928400,data.qo,"{""hL"":{""N"":""61.5""},""wL"":{""N"":""23.139784""},""tE"":{""N"":""75.2""},""hR"":{""N"":""56.8""},""wR"":{""N"":""26.418322""},""hE"":{""N"":""86.6""},""tL"":{""N"":""83.3""},""tR"":{""N"":""87.44""}}",f4486408-f001-7017-6ea9-8539918b7be9
868032061432054,1786932000,data.qo,"{""tL"":{""N"":""82.58""},""hE"":{""N"":""89.1""},""tE"":{""N"":""72.68""},""wR"":{""N"":""26.496534""},""hL"":{""N"":""61.7""},""hR"":{""N"":""56.8""},""wL"":{""N"":""22.757122""},""tR"":{""N"":""87.44""}}",f4486408-f001-7017-6ea9-8539918b7be9
868032061432054,1786935600,data.qo,"{""tL"":{""N"":""82.58""},""wR"":{""N"":""26.54992""},""hR"":{""N"":""58.3""},""hL"":{""N"":""61.7""},""wL"":{""N"":""22.85813""},""hE"":{""N"":""90.6""},""tE"":{""N"":""71.42""},""tR"":{""N"":""88.34""}}",f4486408-f001-7017-6ea9-8539918b7be9
868032061432054,1786939200,data.qo,"{""hR"":{""N"":""59.5""},""tL"":{""N"":""80.42""},""wL"":{""N"":""22.89836""},""wR"":{""N"":""26.628736""},""hE"":{""N"":""91.7""},""tR"":{""N"":""88.52""},""tE"":{""N"":""70.7""},""hL"":{""N"":""62.5""}}",f4486408-f001-7017-6ea9-8539918b7be9
868032061432054,1786942740,data.qo,"{""hL"":{""N"":""63.9""},""tL"":{""N"":""79.88""},""tE"":{""N"":""70.52""},""hR"":{""N"":""56.7""},""wL"":{""N"":""23.281164""},""hE"":{""N"":""92.9""},""tR"":{""N"":""88.16""},""wR"":{""N"":""26.783432""}}",f4486408-f001-7017-6ea9-8539918b7be9
868032061432054,1786946400,data.qo,"{""hE"":{""N"":""94.1""},""tL"":{""N"":""79.16""},""tE"":{""N"":""70.7""},""tR"":{""N"":""87.8""},""hR"":{""N"":""57.9""},""wL"":{""N"":""23.538612""},""hL"":{""N"":""62.6""},""wR"":{""N"":""26.800138""}}",f4486408-f001-7017-6ea9-8539918b7be9
868032061432054,1786950000,data.qo,"{""wL"":{""N"":""23.663198""},""wR"":{""N"":""26.86603""},""hR"":{""N"":""57.9""},""tE"":{""N"":""68.54""},""tL"":{""N"":""78.08""},""tR"":{""N"":""87.44""},""hL"":{""N"":""61.3""},""hE"":{""N"":""93.6""}}",f4486408-f001-7017-6ea9-8539918b7be9
868032061432054,1786953600,data.qo,"{""tE"":{""N"":""68.54""},""hL"":{""N"":""61.7""},""hE"":{""N"":""93.6""},""wR"":{""N"":""26.928188""},""tL"":{""N"":""77""},""hR"":{""N"":""57.9""},""tR"":{""N"":""85.82""},""wL"":{""N"":""23.836245""}}",f4486408-f001-7017-6ea9-8539918b7be9
868032061432054,1786957200,data.qo,"{""hE"":{""N"":""94.2""},""tE"":{""N"":""66.38""},""tR"":{""N"":""84.38""},""tL"":{""N"":""76.1""},""wL"":{""N"":""23.824839""},""wR"":{""N"":""26.977047""},""hR"":{""N"":""58.2""},""hL"":{""N"":""61.7""}}",f4486408-f001-7017-6ea9-8539918b7be9
868032061432054,1786960800,data.qo,"{""wL"":{""N"":""23.718588""},""hL"":{""N"":""63.2""},""tE"":{""N"":""67.28""},""tR"":{""N"":""83.12""},""wR"":{""N"":""26.881336""},""hE"":{""N"":""94.3""},""hR"":{""N"":""59.2""},""tL"":{""N"":""76.1""}}",f4486408-f001-7017-6ea9-8539918b7be9
868032061432054,1786964400,data.qo,"{""tR"":{""N"":""83.12""},""tE"":{""N"":""69.26""},""tL"":{""N"":""76.64""},""wR"":{""N"":""26.897997""},""hE"":{""N"":""95.6""},""hL"":{""N"":""64.2""},""wL"":{""N"":""23.791973""},""hR"":{""N"":""59.2""}}",f4486408-f001-7017-6ea9-8539918b7be9
868032061432054,1786968000,data.qo,"{""tR"":{""N"":""82.76""},""tE"":{""N"":""69.44""},""wR"":{""N"":""26.932482""},""hL"":{""N"":""66.7""},""hR"":{""N"":""61.9""},""wL"":{""N"":""23.671814""},""tL"":{""N"":""77""},""hE"":{""N"":""96.1""}}",f4486408-f001-7017-6ea9-8539918b7be9
868032061432054,1786971600,data.qo,"{""hE"":{""N"":""94.1""},""wR"":{""N"":""27.325125""},""tE"":{""N"":""71.78""},""wL"":{""N"":""23.146616""},""hR"":{""N"":""61.2""},""tL"":{""N"":""77""},""hL"":{""N"":""67.3""},""tR"":{""N"":""83.48""}}",f4486408-f001-7017-6ea9-8539918b7be9
868032061432054,1786975200,data.qo,"{""hR"":{""N"":""62.3""},""hE"":{""N"":""57.2""},""hL"":{""N"":""67.2""},""tE"":{""N"":""104.54""},""tL"":{""N"":""78.44""},""tR"":{""N"":""84.92""},""wL"":{""N"":""22.61324""},""wR"":{""N"":""27.099497""}}",f4486408-f001-7017-6ea9-8539918b7be9
868032061432054,1786978800,data.qo,"{""wR"":{""N"":""27.10967""},""tE"":{""N"":""119.48""},""wL"":{""N"":""22.490818""},""tL"":{""N"":""81.5""},""hE"":{""N"":""38.5""},""hL"":{""N"":""66.8""},""tR"":{""N"":""86.9""},""hR"":{""N"":""65.1""}}",f4486408-f001-7017-6ea9-8539918b7be9
