device_uid,timestamp,event_type,sensor_data,user_id
868032061545061,1779735643,unknown,"{""tE"":{""N"":""92.3""},""hL"":{""N"":""72.3""},""wL"":{""N"":""33.0359""},""tL"":{""N"":""82.04""},""hR"":{""N"":""63.9""},""wR"":{""N"":""28.668175""},""hE"":{""N"":""64.2""},""tR"":{""N"":""91.4""}}",a47854d8-3051-70fa-00ce-ac30661244a5
868032061545061,1779739242,unknown,"{""tE"":{""N"":""95""},""hL"":{""N"":""74.5""},""wL"":{""N"":""32.844013""},""tL"":{""N"":""86""},""hR"":{""N"":""67""},""wR"":{""N"":""28.3167""},""hE"":{""N"":""61""},""tR"":{""N"":""93.56""}}",a47854d8-3051-70fa-00ce-ac30661244a5
868032061545061,1779742843,unknown,"{""tE"":{""N"":""89.24""},""hL"":{""N"":""68.7""},""wL"":{""N"":""32.852634""},""tL"":{""N"":""87.62""},""hR"":{""N"":""66.4""},""wR"":{""N"":""28.148499""},""hE"":{""N"":""55.7""},""tR"":{""N"":""94.1""}}",a47854d8-3051-70fa-00ce-ac30661244a5
868032061545061,1779746443,unknown,"{""tE"":{""N"":""89.24""},""hL"":{""N"":""69.6""},""wL"":{""N"":""32.980145""},""tL"":{""N"":""88.52""},""hR"":{""N"":""66.5""},""wR"":{""N"":""28.004248""},""hE"":{""N"":""53.2""},""tR"":{""N"":""94.28""}}",a47854d8-3051-70fa-00ce-ac30661244a5
868032061545061,1779750043,unknown,"{""tE"":{""N"":""90.5""},""hL"":{""N"":""67.5""},""wL"":{""N"":""32.22179""},""tL"":{""N"":""88.7""},""hR"":{""N"":""64.8""},""wR"":{""N"":""27.38896""},""hE"":{""N"":""54.5""},""tR"":{""N"":""94.46""}}",a47854d8-3051-70fa-00ce-ac30661244a5
868032061545061,1779753644,unknown,"{""tE"":{""N"":""73.04""},""hL"":{""N"":""63.1""},""wL"":{""N"":""32.143276""},""tL"":{""N"":""87.44""},""hR"":{""N"":""64.8""},""wR"":{""N"":""27.31309""},""hE"":{""N"":""79.3""},""tR"":{""N"":""94.46""}}",a47854d8-3051-70fa-00ce-ac30661244a5
868032061545061,1779757245,unknown,"{""tE"":{""N"":""69.08""},""hL"":{""N"":""62.1""},""wL"":{""N"":""32.03076""},""tL"":{""N"":""84.38""},""hR"":{""N"":""60.4""},""wR"":{""N"":""27.287106""},""hE"":{""N"":""90.7""},""tR"":{""N"":""91.04""}}",a47854d8-3051-70fa-00ce-ac30661244a5
868032061545061,1779760844,unknown,"{""tE"":{""N"":""67.1""},""hL"":{""N"":""62.9""},""wL"":{""N"":""31.984861""},""tL"":{""N"":""82.22""},""hR"":{""N"":""60.3""},""wR"":{""N"":""27.345915""},""hE"":{""N"":""92.1""},""tR"":{""N"":""90.32""}}",a47854d8-3051-70fa-00ce-ac30661244a5
868032061545061,1779771804,unknown,"{""tE"":{""N"":""64.94""},""hL"":{""N"":""62.7""},""wL"":{""N"":""32.35497""},""tL"":{""N"":""78.8""},""hR"":{""N"":""60.7""},""wR"":{""N"":""28.098196""},""hE"":{""N"":""93.7""},""tR"":{""N"":""88.34""}}",a47854d8-3051-70fa-00ce-ac30661244a5
868032061545061,1779771805,unknown,"{""tE"":{""N"":""64.04""},""hL"":{""N"":""62.7""},""wL"":{""N"":""32.446293""},""tL"":{""N"":""77""},""hR"":{""N"":""54.1""},""wR"":{""N"":""28.18618""},""hE"":{""N"":""94.1""},""tR"":{""N"":""87.8""}}",a47854d8-3051-70fa-00ce-ac30661244a5
868032061545061,1779775247,unknown,"{""tE"":{""N"":""64.04""},""hL"":{""N"":""62.7""},""wL"":{""N"":""32.522617""},""tL"":{""N"":""77""},""hR"":{""N"":""54.3""},""wR"":{""N"":""28.263115""},""hE"":{""N"":""94.1""},""tR"":{""N"":""87.8""}}",a47854d8-3051-70fa-00ce-ac30661244a5
868032061545061,1779778846,unknown,"{""tE"":{""N"":""63.5""},""hL"":{""N"":""63.4""},""wL"":{""N"":""32.53038""},""tL"":{""N"":""76.1""},""hR"":{""N"":""70.7""},""wR"":{""N"":""28.338385""},""hE"":{""N"":""94.2""},""tR"":{""N"":""87.26""}}",a47854d8-3051-70fa-00ce-ac30661244a5
868032061545061,1779782445,unknown,"{""tE"":{""N"":""62.96""},""hL"":{""N"":""63.3""},""wL"":{""N"":""32.618465""},""tL"":{""N"":""75.2""},""hR"":{""N"":""53.2""},""wR"":{""N"":""28.395298""},""hE"":{""N"":""94.4""},""tR"":{""N"":""87.26""}}",a47854d8-3051-70fa-00ce-ac30661244a5
868032061545061,1779786046,unknown,"{""tE"":{""N"":""62.96""},""hL"":{""N"":""64""},""wL"":{""N"":""32.63199""},""tL"":{""N"":""74.66""},""hR"":{""N"":""54""},""wR"":{""N"":""28.498447""},""hE"":{""N"":""94.7""},""tR"":{""N"":""87.08""}}",a47854d8-3051-70fa-00ce-ac30661244a5
868032061545061,1779789646,unknown,"{""tE"":{""N"":""62.6""},""hL"":{""N"":""64.1""},""wL"":{""N"":""32.710266""},""tL"":{""N"":""74.3""},""hR"":{""N"":""66.4""},""wR"":{""N"":""28.648294""},""hE"":{""N"":""95.3""},""tR"":{""N"":""87.26""}}",a47854d8-3051-70fa-00ce-ac30661244a5
868032061545061,1779793246,unknown,"{""tE"":{""N"":""62.96""},""hL"":{""N"":""64.4""},""wL"":{""N"":""32.77602""},""tL"":{""N"":""74.12""},""hR"":{""N"":""52.6""},""wR"":{""N"":""28.767902""},""hE"":{""N"":""95.4""},""tR"":{""N"":""86.9""}}",a47854d8-3051-70fa-00ce-ac30661244a5
868032061545061,1779796845,unknown,"{""tE"":{""N"":""63.68""},""hL"":{""N"":""65""},""wL"":{""N"":""32.840252""},""tL"":{""N"":""74.12""},""hR"":{""N"":""53.5""},""wR"":{""N"":""28.84479""},""hE"":{""N"":""95.6""},""tR"":{""N"":""86.54""}}",a47854d8-3051-70fa-00ce-ac30661244a5
868032061545061,1779800447,unknown,"{""tE"":{""N"":""65.12""},""hL"":{""N"":""65.4""},""wL"":{""N"":""33.005524""},""tL"":{""N"":""74.3""},""hR"":{""N"":""55.1""},""wR"":{""N"":""28.93148""},""hE"":{""N"":""96.2""},""tR"":{""N"":""87.8""}}",a47854d8-3051-70fa-00ce-ac30661244a5
868032061545061,1779804047,unknown,"{""tE"":{""N"":""70.7""},""hL"":{""N"":""67.8""},""wL"":{""N"":""33.086277""},""tL"":{""N"":""75.2""},""hR"":{""N"":""55.1""},""wR"":{""N"":""28.831705""},""hE"":{""N"":""92.9""},""tR"":{""N"":""87.8""}}",a47854d8-3051-70fa-00ce-ac30661244a5
868032061545061,1779807647,unknown,"{""tE"":{""N"":""73.76""},""hL"":{""N"":""69.6""},""wL"":{""N"":""33.082752""},""tL"":{""N"":""77""},""hR"":{""N"":""56.5""},""wR"":{""N"":""28.755743""},""hE"":{""N"":""84.6""},""tR"":{""N"":""88.7""}}",a47854d8-3051-70fa-00ce-ac30661244a5
868032061545061,1779811245,unknown,"{""tE"":{""N"":""75.2""},""hL"":{""N"":""70.9""},""wL"":{""N"":""32.897152""},""tL"":{""N"":""78.98""},""hR"":{""N"":""60.5""},""wR"":{""N"":""28.511625""},""hE"":{""N"":""78.2""},""tR"":{""N"":""89.6""}}",a47854d8-3051-70fa-00ce-ac30661244a5
868032061545061,1779814848,unknown,"{""tE"":{""N"":""72.32""},""hL"":{""N"":""69.7""},""wL"":{""N"":""32.962955""},""tL"":{""N"":""79.7""},""hR"":{""N"":""62.5""},""wR"":{""N"":""28.547548""},""hE"":{""N"":""83.4""},""tR"":{""N"":""90.14""}}",a47854d8-3051-70fa-00ce-ac30661244a5
868032061545061,1779818450,unknown,"{""tE"":{""N"":""76.28""},""hL"":{""N"":""69.5""},""wL"":{""N"":""32.88244""},""tL"":{""N"":""80.06""},""hR"":{""N"":""60.4""},""wR"":{""N"":""28.4536""},""hE"":{""N"":""76.1""},""tR"":{""N"":""90.14""}}",a47854d8-3051-70fa-00ce-ac30661244a5
868032061545061,1779822046,unknown,"{""tE"":{""N"":""76.28""},""hL"":{""N"":""70.1""},""wL"":{""N"":""33.06804""},""tL"":{""N"":""80.78""},""hR"":{""N"":""61.7""},""wR"":{""N"":""28.646814""},""hE"":{""N"":""76.1""},""tR"":{""N"":""90.32""}}",a47854d8-3051-70fa-00ce-ac30661244a5
868032061545061,1779825647,unknown,"{""tE"":{""N"":""90.5""},""hL"":{""N"":""72.6""},""wL"":{""N"":""32.98495""},""tL"":{""N"":""82.22""},""hR"":{""N"":""62.9""},""wR"":{""N"":""28.407042""},""hE"":{""N"":""61.4""},""tR"":{""N"":""90.5""}}",a47854d8-3051-70fa-00ce-ac30661244a5
868032061545061,1779829246,unknown,"{""tE"":{""N"":""86.54""},""hL"":{""N"":""72.9""},""wL"":{""N"":""32.81592""},""tL"":{""N"":""84.56""},""hR"":{""N"":""66.2""},""wR"":{""N"":""28.135092""},""hE"":{""N"":""63.6""},""tR"":{""N"":""92.48""}}",a47854d8-3051-70fa-00ce-ac30661244a5
868032061545061,1779832844,unknown,"{""tE"":{""N"":""87.98""},""hL"":{""N"":""68.2""},""wL"":{""N"":""32.38168""},""tL"":{""N"":""87.62""},""hR"":{""N"":""66.2""},""wR"":{""N"":""27.8139""},""hE"":{""N"":""57.9""},""tR"":{""N"":""93.92""}}",a47854d8-3051-70fa-00ce-ac30661244a5
868032061545061,1779836445,unknown,"{""tE"":{""N"":""72.5""},""hL"":{""N"":""64.4""},""wL"":{""N"":""32.22198""},""tL"":{""N"":""85.64""},""hR"":{""N"":""62.1""},""wR"":{""N"":""28.355167""},""hE"":{""N"":""86.6""},""tR"":{""N"":""92.3""}}",a47854d8-3051-70fa-00ce-ac30661244a5
868032061545061,1779840045,unknown,"{""tE"":{""N"":""68.36""},""hL"":{""N"":""64.1""},""wL"":{""N"":""32.513477""},""tL"":{""N"":""82.76""},""hR"":{""N"":""62.2""},""wR"":{""N"":""28.606682""},""hE"":{""N"":""95.1""},""tR"":{""N"":""90.32""}}",a47854d8-3051-70fa-00ce-ac30661244a5
868032061545061,1779843645,unknown,"{""tE"":{""N"":""69.26""},""hL"":{""N"":""65.4""},""wL"":{""N"":""32.55266""},""tL"":{""N"":""81.32""},""hR"":{""N"":""62.8""},""wR"":{""N"":""28.670393""},""hE"":{""N"":""93.8""},""tR"":{""N"":""89.78""}}",a47854d8-3051-70fa-00ce-ac30661244a5
868032061545061,1779847248,unknown,"{""tE"":{""N"":""67.46""},""hL"":{""N"":""65.2""},""wL"":{""N"":""32.61837""},""tL"":{""N"":""80.06""},""hR"":{""N"":""58.7""},""wR"":{""N"":""28.764065""},""hE"":{""N"":""94.8""},""tR"":{""N"":""89.42""}}",a47854d8-3051-70fa-00ce-ac30661244a5
868032061545061,1779850846,unknown,"{""tE"":{""N"":""66.92""},""hL"":{""N"":""65.2""},""wL"":{""N"":""32.651653""},""tL"":{""N"":""78.98""},""hR"":{""N"":""64.1""},""wR"":{""N"":""28.848766""},""hE"":{""N"":""95.1""},""tR"":{""N"":""88.52""}}",a47854d8-3051-70fa-00ce-ac30661244a5
868032061545061,1779854445,unknown,"{""tE"":{""N"":""66.2""},""hL"":{""N"":""65.2""},""wL"":{""N"":""32.709694""},""tL"":{""N"":""78.08""},""hR"":{""N"":""57.9""},""wR"":{""N"":""28.917656""},""hE"":{""N"":""95.1""},""tR"":{""N"":""88.34""}}",a47854d8-3051-70fa-00ce-ac30661244a5
868032061545061,1779858047,unknown,"{""tE"":{""N"":""65.66""},""hL"":{""N"":""65.4""},""wL"":{""N"":""32.77931""},""tL"":{""N"":""77.36""},""hR"":{""N"":""55.1""},""wR"":{""N"":""29.01179""},""hE"":{""N"":""95.3""},""tR"":{""N"":""88.16""}}",a47854d8-3051-70fa-00ce-ac30661244a5
868032061545061,1779861644,unknown,"{""tE"":{""N"":""65.3""},""hL"":{""N"":""65.6""},""wL"":{""N"":""32.773735""},""tL"":{""N"":""76.64""},""hR"":{""N"":""69.7""},""wR"":{""N"":""29.035646""},""hE"":{""N"":""95.4""},""tR"":{""N"":""88.16""}}",a47854d8-3051-70fa-00ce-ac30661244a5
868032061545061,1779865245,unknown,"{""tE"":{""N"":""64.76""},""hL"":{""N"":""65.8""},""wL"":{""N"":""32.80821""},""tL"":{""N"":""75.92""},""hR"":{""N"":""61.9""},""wR"":{""N"":""29.08128""},""hE"":{""N"":""95.5""},""tR"":{""N"":""87.8""}}",a47854d8-3051-70fa-00ce-ac30661244a5
868032061545061,1779868844,unknown,"{""tE"":{""N"":""64.4""},""hL"":{""N"":""66.4""},""wL"":{""N"":""32.801067""},""tL"":{""N"":""75.2""},""hR"":{""N"":""65.6""},""wR"":{""N"":""29.096443""},""hE"":{""N"":""95.3""},""tR"":{""N"":""87.26""}}",a47854d8-3051-70fa-00ce-ac30661244a5
868032061545061,1779872445,unknown,"{""tE"":{""N"":""63.68""},""hL"":{""N"":""66.9""},""wL"":{""N"":""32.789352""},""tL"":{""N"":""74.84""},""hR"":{""N"":""60.3""},""wR"":{""N"":""29.121225""},""hE"":{""N"":""95.3""},""tR"":{""N"":""87.08""}}",a47854d8-3051-70fa-00ce-ac30661244a5
868032061545061,1779876045,unknown,"{""tE"":{""N"":""63.5""},""hL"":{""N"":""67.1""},""wL"":{""N"":""32.817303""},""tL"":{""N"":""74.3""},""hR"":{""N"":""56.9""},""wR"":{""N"":""29.151556""},""hE"":{""N"":""95.5""},""tR"":{""N"":""86.9""}}",a47854d8-3051-70fa-00ce-ac30661244a5
868032061545061,1779879647,unknown,"{""tE"":{""N"":""63.32""},""hL"":{""N"":""66.6""},""wL"":{""N"":""32.850918""},""tL"":{""N"":""73.94""},""hR"":{""N"":""64""},""wR"":{""N"":""29.204865""},""hE"":{""N"":""95.7""},""tR"":{""N"":""87.62""}}",a47854d8-3051-70fa-00ce-ac30661244a5
868032061545061,1779883245,unknown,"{""tE"":{""N"":""63.32""},""hL"":{""N"":""66.4""},""wL"":{""N"":""32.936005""},""tL"":{""N"":""73.58""},""hR"":{""N"":""58""},""wR"":{""N"":""29.290953""},""hE"":{""N"":""95.9""},""tR"":{""N"":""87.44""}}",a47854d8-3051-70fa-00ce-ac30661244a5
868032061545061,1779886846,unknown,"{""tE"":{""N"":""65.66""},""hL"":{""N"":""66.4""},""wL"":{""N"":""33.080658""},""tL"":{""N"":""73.76""},""hR"":{""N"":""68.6""},""wR"":{""N"":""29.324148""},""hE"":{""N"":""97.1""},""tR"":{""N"":""87.08""}}",a47854d8-3051-70fa-00ce-ac30661244a5
868032061545061,1779890446,unknown,"{""tE"":{""N"":""69.98""},""hL"":{""N"":""68.2""},""wL"":{""N"":""33.180172""},""tL"":{""N"":""74.48""},""hR"":{""N"":""57.9""},""wR"":{""N"":""29.214434""},""hE"":{""N"":""95.7""},""tR"":{""N"":""88.52""}}",a47854d8-3051-70fa-00ce-ac30661244a5
868032061545061,1779894044,unknown,"{""tE"":{""N"":""78.44""},""hL"":{""N"":""75.5""},""wL"":{""N"":""33.46505""},""tL"":{""N"":""77.72""},""hR"":{""N"":""61.8""},""wR"":{""N"":""29.027092""},""hE"":{""N"":""81.6""},""tR"":{""N"":""89.6""}}",a47854d8-3051-70fa-00ce-ac30661244a5
868032061545061,1779897644,unknown,"{""tE"":{""N"":""80.24""},""hL"":{""N"":""72.3""},""wL"":{""N"":""33.454525""},""tL"":{""N"":""81.5""},""hR"":{""N"":""64.5""},""wR"":{""N"":""28.890793""},""hE"":{""N"":""68.7""},""tR"":{""N"":""91.76""}}",a47854d8-3051-70fa-00ce-ac30661244a5
868032061545061,1779901314,unknown,"{""tE"":{""N"":""81.68""},""hL"":{""N"":""69""},""wL"":{""N"":""33.2595""},""tL"":{""N"":""82.94""},""hR"":{""N"":""61""},""wR"":{""N"":""28.70974""},""hE"":{""N"":""60.7""},""tR"":{""N"":""92.12""}}",a47854d8-3051-70fa-00ce-ac30661244a5
868032061545061,1779904845,unknown,"{""tE"":{""N"":""81.86""},""hL"":{""N"":""69.5""},""wL"":{""N"":""33.13175""},""tL"":{""N"":""84.38""},""hR"":{""N"":""61.3""},""wR"":{""N"":""28.628458""},""hE"":{""N"":""62.1""},""tR"":{""N"":""92.48""}}",a47854d8-3051-70fa-00ce-ac30661244a5
868032061545061,1779908444,unknown,"{""tE"":{""N"":""82.04""},""hL"":{""N"":""66.7""},""wL"":{""N"":""33.19341""},""tL"":{""N"":""86""},""hR"":{""N"":""64.2""},""wR"":{""N"":""28.698227""},""hE"":{""N"":""65.4""},""tR"":{""N"":""93.02""}}",a47854d8-3051-70fa-00ce-ac30661244a5
868032061545061,1779912044,unknown,"{""tE"":{""N"":""100.94""},""hL"":{""N"":""68.6""},""wL"":{""N"":""32.859062""},""tL"":{""N"":""87.26""},""hR"":{""N"":""66.2""},""wR"":{""N"":""28.253359""},""hE"":{""N"":""45.7""},""tR"":{""N"":""93.38""}}",a47854d8-3051-70fa-00ce-ac30661244a5
868032061545061,1779915643,unknown,"{""tE"":{""N"":""83.3""},""hL"":{""N"":""62.9""},""wL"":{""N"":""32.49286""},""tL"":{""N"":""87.44""},""hR"":{""N"":""64.5""},""wR"":{""N"":""28.270372""},""hE"":{""N"":""57.7""},""tR"":{""N"":""93.2""}}",a47854d8-3051-70fa-00ce-ac30661244a5
868032061545061,1779919246,unknown,"{""tE"":{""N"":""78.08""},""hL"":{""N"":""63.2""},""wL"":{""N"":""32.70303""},""tL"":{""N"":""86.9""},""hR"":{""N"":""63.8""},""wR"":{""N"":""28.44759""},""hE"":{""N"":""77.2""},""tR"":{""N"":""92.48""}}",a47854d8-3051-70fa-00ce-ac30661244a5
868032061545061,1779922846,unknown,"{""tE"":{""N"":""86""},""hL"":{""N"":""65.7""},""wL"":{""N"":""32.44372""},""tL"":{""N"":""86""},""hR"":{""N"":""64""},""wR"":{""N"":""28.344995""},""hE"":{""N"":""61.1""},""tR"":{""N"":""92.48""}}",a47854d8-3051-70fa-00ce-ac30661244a5
868032061545061,1779926446,unknown,"{""tE"":{""N"":""75.92""},""hL"":{""N"":""62.7""},""wL"":{""N"":""32.160225""},""tL"":{""N"":""85.82""},""hR"":{""N"":""64.1""},""wR"":{""N"":""28.126122""},""hE"":{""N"":""71.2""},""tR"":{""N"":""91.94""}}",a47854d8-3051-70fa-00ce-ac30661244a5
868032061545061,1779930044,unknown,"{""tE"":{""N"":""71.78""},""hL"":{""N"":""62.6""},""wL"":{""N"":""31.900585""},""tL"":{""N"":""84.2""},""hR"":{""N"":""59.9""},""wR"":{""N"":""27.904797""},""hE"":{""N"":""84.7""},""tR"":{""N"":""91.04""}}",a47854d8-3051-70fa-00ce-ac30661244a5
868032061545061,1779933645,unknown,"{""tE"":{""N"":""67.46""},""hL"":{""N"":""63.1""},""wL"":{""N"":""31.75679""},""tL"":{""N"":""82.22""},""hR"":{""N"":""57.3""},""wR"":{""N"":""27.822315""},""hE"":{""N"":""88.9""},""tR"":{""N"":""89.6""}}",a47854d8-3051-70fa-00ce-ac30661244a5
868032061545061,1779937245,unknown,"{""tE"":{""N"":""65.12""},""hL"":{""N"":""62.5""},""wL"":{""N"":""31.72303""},""tL"":{""N"":""79.88""},""hR"":{""N"":""56.5""},""wR"":{""N"":""27.83036""},""hE"":{""N"":""91.4""},""tR"":{""N"":""88.7""}}",a47854d8-3051-70fa-00ce-ac30661244a5
868032061545061,1779940845,unknown,"{""tE"":{""N"":""64.04""},""hL"":{""N"":""62.5""},""wL"":{""N"":""31.739029""},""tL"":{""N"":""77.9""},""hR"":{""N"":""62.6""},""wR"":{""N"":""27.872618""},""hE"":{""N"":""91.9""},""tR"":{""N"":""87.8""}}",a47854d8-3051-70fa-00ce-ac30661244a5
868032061545061,1779944445,unknown,"{""tE"":{""N"":""63.5""},""hL"":{""N"":""62.4""},""wL"":{""N"":""31.744219""},""tL"":{""N"":""76.46""},""hR"":{""N"":""60.1""},""wR"":{""N"":""27.927868""},""hE"":{""N"":""92.4""},""tR"":{""N"":""87.08""}}",a47854d8-3051-70fa-00ce-ac30661244a5
868032061545061,1779948046,unknown,"{""tE"":{""N"":""63.14""},""hL"":{""N"":""63""},""wL"":{""N"":""31.86159""},""tL"":{""N"":""75.2""},""hR"":{""N"":""53.8""},""wR"":{""N"":""28.098057""},""hE"":{""N"":""93""},""tR"":{""N"":""86.9""}}",a47854d8-3051-70fa-00ce-ac30661244a5
868032061545061,1779951646,unknown,"{""tE"":{""N"":""63.68""},""hL"":{""N"":""63.5""},""wL"":{""N"":""32.10147""},""tL"":{""N"":""74.48""},""hR"":{""N"":""65.8""},""wR"":{""N"":""28.351606""},""hE"":{""N"":""93.7""},""tR"":{""N"":""87.26""}}",a47854d8-3051-70fa-00ce-ac30661244a5
868032061545061,1779955245,unknown,"{""tE"":{""N"":""64.94""},""hL"":{""N"":""64.5""},""wL"":{""N"":""32.098278""},""tL"":{""N"":""74.3""},""hR"":{""N"":""65.8""},""wR"":{""N"":""28.399183""},""hE"":{""N"":""91.1""},""tR"":{""N"":""87.26""}}",a47854d8-3051-70fa-00ce-ac30661244a5
868032061545061,1779958846,unknown,"{""tE"":{""N"":""65.12""},""hL"":{""N"":""65""},""wL"":{""N"":""32.094566""},""tL"":{""N"":""74.12""},""hR"":{""N"":""65.8""},""wR"":{""N"":""28.43543""},""hE"":{""N"":""89.7""},""tR"":{""N"":""87.26""}}",a47854d8-3051-70fa-00ce-ac30661244a5
868032061545061,1779962446,unknown,"{""tE"":{""N"":""64.76""},""hL"":{""N"":""65.6""},""wL"":{""N"":""32.06619""},""tL"":{""N"":""74.12""},""hR"":{""N"":""52.6""},""wR"":{""N"":""28.460258""},""hE"":{""N"":""89.6""},""tR"":{""N"":""86.18""}}",a47854d8-3051-70fa-00ce-ac30661244a5
868032061545061,1779966045,unknown,"{""tE"":{""N"":""64.22""},""hL"":{""N"":""65.3""},""wL"":{""N"":""32.13361""},""tL"":{""N"":""73.94""},""hR"":{""N"":""54.2""},""wR"":{""N"":""28.57136""},""hE"":{""N"":""89.1""},""tR"":{""N"":""86.36""}}",a47854d8-3051-70fa-00ce-ac30661244a5
868032061545061,1779969646,unknown,"{""tE"":{""N"":""65.3""},""hL"":{""N"":""65.4""},""wL"":{""N"":""32.316734""},""tL"":{""N"":""73.94""},""hR"":{""N"":""55.9""},""wR"":{""N"":""28.847286""},""hE"":{""N"":""89.3""},""tR"":{""N"":""86.18""}}",a47854d8-3051-70fa-00ce-ac30661244a5
868032061545061,1779973245,unknown,"{""tE"":{""N"":""69.44""},""hL"":{""N"":""67.7""},""wL"":{""N"":""32.529522""},""tL"":{""N"":""74.48""},""hR"":{""N"":""55.1""},""wR"":{""N"":""28.965092""},""hE"":{""N"":""81.1""},""tR"":{""N"":""87.26""}}",a47854d8-3051-70fa-00ce-ac30661244a5
868032061545061,1779976846,unknown,"{""tE"":{""N"":""76.64""},""hL"":{""N"":""70.8""},""wL"":{""N"":""32.554283""},""tL"":{""N"":""77""},""hR"":{""N"":""57.8""},""wR"":{""N"":""28.880066""},""hE"":{""N"":""68.8""},""tR"":{""N"":""88.88""}}",a47854d8-3051-70fa-00ce-ac30661244a5
868032061545061,1779980400,data.qo,"{""tE"":{""N"":""78.08""},""hL"":{""N"":""69""},""wL"":{""N"":""32.55533""},""tL"":{""N"":""78.8""},""hR"":{""N"":""61.8""},""wR"":{""N"":""28.825556""},""hE"":{""N"":""66.4""},""tR"":{""N"":""89.24""}}",a47854d8-3051-70fa-00ce-ac30661244a5
868032061545061,1779984000,data.qo,"{""tE"":{""N"":""80.78""},""hL"":{""N"":""68.8""},""wL"":{""N"":""32.460957""},""tL"":{""N"":""81.14""},""hR"":{""N"":""60.2""},""wR"":{""N"":""28.724487""},""hE"":{""N"":""58.3""},""tR"":{""N"":""90.86""}}",a47854d8-3051-70fa-00ce-ac30661244a5
868032061545061,1779987600,data.qo,"{""tE"":{""N"":""82.04""},""hL"":{""N"":""68.7""},""wL"":{""N"":""32.403965""},""tL"":{""N"":""82.4""},""hR"":{""N"":""60.2""},""wR"":{""N"":""28.750656""},""hE"":{""N"":""63.2""},""tR"":{""N"":""90.86""}}",a47854d8-3051-70fa-00ce-ac30661244a5
868032061545061,1779991200,data.qo,"{""tE"":{""N"":""89.06""},""hL"":{""N"":""66.3""},""wL"":{""N"":""32.305687""},""tL"":{""N"":""85.28""},""hR"":{""N"":""58.3""},""wR"":{""N"":""28.632019""},""hE"":{""N"":""52.4""},""tR"":{""N"":""92.48""}}",a47854d8-3051-70fa-00ce-ac30661244a5
868032061545061,1779994800,data.qo,"{""tE"":{""N"":""98.42""},""hL"":{""N"":""64""},""wL"":{""N"":""32.158844""},""tL"":{""N"":""87.44""},""hR"":{""N"":""58.3""},""wR"":{""N"":""28.204489""},""hE"":{""N"":""44.2""},""tR"":{""N"":""92.48""}}",a47854d8-3051-70fa-00ce-ac30661244a5
868032061545061,1779998400,data.qo,"{""tE"":{""N"":""102.02""},""hL"":{""N"":""62.3""},""wL"":{""N"":""31.827639""},""tL"":{""N"":""89.6""},""hR"":{""N"":""59.3""},""wR"":{""N"":""27.680006""},""hE"":{""N"":""37.3""},""tR"":{""N"":""93.92""}}",a47854d8-3051-70fa-00ce-ac30661244a5
868032061545061,1780002000,data.qo,"{""tE"":{""N"":""95.36""},""hL"":{""N"":""57""},""wL"":{""N"":""31.824926""},""tL"":{""N"":""89.6""},""hR"":{""N"":""58.1""},""wR"":{""N"":""27.487762""},""hE"":{""N"":""36.2""},""tR"":{""N"":""93.56""}}",a47854d8-3051-70fa-00ce-ac30661244a5
868032061545061,1780005600,data.qo,"{""tE"":{""N"":""95.18""},""hL"":{""N"":""55.6""},""wL"":{""N"":""31.680225""},""tL"":{""N"":""89.96""},""hR"":{""N"":""57.7""},""wR"":{""N"":""27.15321""},""hE"":{""N"":""38.9""},""tR"":{""N"":""93.2""}}",a47854d8-3051-70fa-00ce-ac30661244a5
868032061545061,1780009200,data.qo,"{""tE"":{""N"":""87.26""},""hL"":{""N"":""54.3""},""wL"":{""N"":""31.333069""},""tL"":{""N"":""87.62""},""hR"":{""N"":""56.8""},""wR"":{""N"":""26.779266""},""hE"":{""N"":""47.2""},""tR"":{""N"":""92.12""}}",a47854d8-3051-70fa-00ce-ac30661244a5
868032061545061,1780012800,data.qo,"{""tE"":{""N"":""78.62""},""hL"":{""N"":""51.4""},""wL"":{""N"":""30.986057""},""tL"":{""N"":""87.44""},""hR"":{""N"":""58.7""},""wR"":{""N"":""26.231758""},""hE"":{""N"":""57.9""},""tR"":{""N"":""92.3""}}",a47854d8-3051-70fa-00ce-ac30661244a5
868032061545061,1780016400,data.qo,"{""tE"":{""N"":""71.78""},""hL"":{""N"":""53""},""wL"":{""N"":""30.73113""},""tL"":{""N"":""85.1""},""hR"":{""N"":""55""},""wR"":{""N"":""25.92476""},""hE"":{""N"":""59.5""},""tR"":{""N"":""90.86""}}",a47854d8-3051-70fa-00ce-ac30661244a5
868032061545061,1780020000,data.qo,"{""tE"":{""N"":""65.66""},""hL"":{""N"":""56.5""},""wL"":{""N"":""30.300173""},""tL"":{""N"":""82.4""},""hR"":{""N"":""55""},""wR"":{""N"":""25.529688""},""hE"":{""N"":""79.3""},""tR"":{""N"":""90.86""}}",a47854d8-3051-70fa-00ce-ac30661244a5
868032061545061,1780023600,data.qo,"{""tE"":{""N"":""61.88""},""hL"":{""N"":""54.3""},""wL"":{""N"":""30.164043""},""tL"":{""N"":""78.98""},""hR"":{""N"":""46.5""},""wR"":{""N"":""25.462""},""hE"":{""N"":""77.9""},""tR"":{""N"":""87.08""}}",a47854d8-3051-70fa-00ce-ac30661244a5
868032061545061,1780027200,data.qo,"{""tE"":{""N"":""59.54""},""hL"":{""N"":""55.5""},""wL"":{""N"":""30.097527""},""tL"":{""N"":""75.74""},""hR"":{""N"":""47.2""},""wR"":{""N"":""25.440548""},""hE"":{""N"":""85.3""},""tR"":{""N"":""86""}}",a47854d8-3051-70fa-00ce-ac30661244a5
868032061545061,1780030740,data.qo,"{""tE"":{""N"":""57.74""},""hL"":{""N"":""56.1""},""wL"":{""N"":""30.004154""},""tL"":{""N"":""73.04""},""hR"":{""N"":""50.7""},""wR"":{""N"":""25.381369""},""hE"":{""N"":""87.6""},""tR"":{""N"":""85.46""}}",a47854d8-3051-70fa-00ce-ac30661244a5
868032061545061,1780034400,data.qo,"{""tE"":{""N"":""57.74""},""hL"":{""N"":""56.2""},""wL"":{""N"":""29.981918""},""tL"":{""N"":""71.24""},""hR"":{""N"":""50.7""},""wR"":{""N"":""25.362366""},""hE"":{""N"":""87.6""},""tR"":{""N"":""85.46""}}",a47854d8-3051-70fa-00ce-ac30661244a5
868032061545061,1780038000,data.qo,"{""tE"":{""N"":""54.5""},""hL"":{""N"":""56.4""},""wL"":{""N"":""29.915354""},""tL"":{""N"":""68.9""},""hR"":{""N"":""49.1""},""wR"":{""N"":""25.347479""},""hE"":{""N"":""88.5""},""tR"":{""N"":""83.66""}}",a47854d8-3051-70fa-00ce-ac30661244a5
868032061545061,1780041600,data.qo,"{""tE"":{""N"":""53.6""},""hL"":{""N"":""57.1""},""wL"":{""N"":""29.953684""},""tL"":{""N"":""67.1""},""hR"":{""N"":""53.7""},""wR"":{""N"":""25.332174""},""hE"":{""N"":""88.9""},""tR"":{""N"":""82.4""}}",a47854d8-3051-70fa-00ce-ac30661244a5
868032061545061,1780045200,data.qo,"{""tE"":{""N"":""53.6""},""hL"":{""N"":""57.6""},""wL"":{""N"":""29.991585""},""tL"":{""N"":""65.48""},""hR"":{""N"":""62.2""},""wR"":{""N"":""25.36047""},""hE"":{""N"":""88.9""},""tR"":{""N"":""81.86""}}",a47854d8-3051-70fa-00ce-ac30661244a5
868032061545061,1780048800,data.qo,"{""tE"":{""N"":""51.26""},""hL"":{""N"":""57.5""},""wL"":{""N"":""29.995298""},""tL"":{""N"":""64.04""},""hR"":{""N"":""52.7""},""wR"":{""N"":""25.340265""},""hE"":{""N"":""88.3""},""tR"":{""N"":""80.78""}}",a47854d8-3051-70fa-00ce-ac30661244a5
868032061545061,1780052400,data.qo,"{""tE"":{""N"":""50.18""},""hL"":{""N"":""57.1""},""wL"":{""N"":""30.03358""},""tL"":{""N"":""62.96""},""hR"":{""N"":""43.1""},""wR"":{""N"":""25.339941""},""hE"":{""N"":""88.4""},""tR"":{""N"":""79.52""}}",a47854d8-3051-70fa-00ce-ac30661244a5
868032061545061,1780056000,data.qo,"{""tE"":{""N"":""50.18""},""hL"":{""N"":""57""},""wL"":{""N"":""30.269985""},""tL"":{""N"":""61.88""},""hR"":{""N"":""47.3""},""wR"":{""N"":""25.66275""},""hE"":{""N"":""89.7""},""tR"":{""N"":""79.52""}}",a47854d8-3051-70fa-00ce-ac30661244a5
868032061545061,1780059600,data.qo,"{""tE"":{""N"":""55.04""},""hL"":{""N"":""58.7""},""wL"":{""N"":""30.667183""},""tL"":{""N"":""61.52""},""hR"":{""N"":""47.9""},""wR"":{""N"":""26.145346""},""hE"":{""N"":""93.5""},""tR"":{""N"":""80.6""}}",a47854d8-3051-70fa-00ce-ac30661244a5
868032061545061,1780063200,data.qo,"{""tE"":{""N"":""68.54""},""hL"":{""N"":""66""},""wL"":{""N"":""30.965677""},""tL"":{""N"":""65.66""},""hR"":{""N"":""62.9""},""wR"":{""N"":""26.322515""},""hE"":{""N"":""79.9""},""tR"":{""N"":""83.12""}}",a47854d8-3051-70fa-00ce-ac30661244a5
868032061545061,1780066800,data.qo,"{""tE"":{""N"":""72.32""},""hL"":{""N"":""67.3""},""wL"":{""N"":""31.031624""},""tL"":{""N"":""70.52""},""hR"":{""N"":""61.1""},""wR"":{""N"":""26.159956""},""hE"":{""N"":""68.5""},""tR"":{""N"":""86.72""}}",a47854d8-3051-70fa-00ce-ac30661244a5
868032061545061,1780070400,data.qo,"{""tE"":{""N"":""75.56""},""hL"":{""N"":""66.5""},""wL"":{""N"":""30.877972""},""tL"":{""N"":""74.3""},""hR"":{""N"":""54.3""},""wR"":{""N"":""26.40694""},""hE"":{""N"":""63.7""},""tR"":{""N"":""88.52""}}",a47854d8-3051-70fa-00ce-ac30661244a5
868032061545061,1780074000,data.qo,"{""tE"":{""N"":""80.42""},""hL"":{""N"":""67.4""},""wL"":{""N"":""30.845594""},""tL"":{""N"":""78.8""},""hR"":{""N"":""62.9""},""wR"":{""N"":""26.488451""},""hE"":{""N"":""60.1""},""tR"":{""N"":""91.04""}}",a47854d8-3051-70fa-00ce-ac30661244a5
868032061545061,1780077600,data.qo,"{""tE"":{""N"":""86.72""},""hL"":{""N"":""64""},""wL"":{""N"":""30.894209""},""tL"":{""N"":""81.86""},""hR"":{""N"":""58.5""},""wR"":{""N"":""26.52234""},""hE"":{""N"":""47.9""},""tR"":{""N"":""91.4""}}",a47854d8-3051-70fa-00ce-ac30661244a5
868032061545061,1780081200,data.qo,"{""tE"":{""N"":""94.46""},""hL"":{""N"":""62.2""},""wL"":{""N"":""30.772316""},""tL"":{""N"":""85.28""},""hR"":{""N"":""55.3""},""wR"":{""N"":""26.278732""},""hE"":{""N"":""42.3""},""tR"":{""N"":""92.12""}}",a47854d8-3051-70fa-00ce-ac30661244a5
868032061545061,1780084800,data.qo,"{""tE"":{""N"":""93.56""},""hL"":{""N"":""57.6""},""wL"":{""N"":""30.697514""},""tL"":{""N"":""86.54""},""hR"":{""N"":""58.2""},""wR"":{""N"":""26.140907""},""hE"":{""N"":""45.2""},""tR"":{""N"":""92.48""}}",a47854d8-3051-70fa-00ce-ac30661244a5
868032061545061,1780088400,data.qo,"{""tE"":{""N"":""88.52""},""hL"":{""N"":""54.6""},""wL"":{""N"":""30.474442""},""tL"":{""N"":""87.44""},""hR"":{""N"":""53.7""},""wR"":{""N"":""25.940897""},""hE"":{""N"":""46.1""},""tR"":{""N"":""92.84""}}",a47854d8-3051-70fa-00ce-ac30661244a5
868032061545061,1780092000,data.qo,"{""tE"":{""N"":""85.64""},""hL"":{""N"":""54.3""},""wL"":{""N"":""30.713036""},""tL"":{""N"":""86.72""},""hR"":{""N"":""55.8""},""wR"":{""N"":""26.096384""},""hE"":{""N"":""48.6""},""tR"":{""N"":""91.58""}}",a47854d8-3051-70fa-00ce-ac30661244a5
868032061545061,1780095600,data.qo,"{""tE"":{""N"":""84.92""},""hL"":{""N"":""58.4""},""wL"":{""N"":""30.235416""},""tL"":{""N"":""86.9""},""hR"":{""N"":""60.7""},""wR"":{""N"":""25.627798""},""hE"":{""N"":""52.2""},""tR"":{""N"":""91.76""}}",a47854d8-3051-70fa-00ce-ac30661244a5
868032061545061,1780099200,data.qo,"{""tE"":{""N"":""75.92""},""hL"":{""N"":""58.9""},""wL"":{""N"":""30.070387""},""tL"":{""N"":""85.46""},""hR"":{""N"":""58.3""},""wR"":{""N"":""25.407352""},""hE"":{""N"":""61.5""},""tR"":{""N"":""90.86""}}",a47854d8-3051-70fa-00ce-ac30661244a5
868032061545061,1780102800,data.qo,"{""tE"":{""N"":""71.78""},""hL"":{""N"":""57.6""},""wL"":{""N"":""29.943447""},""tL"":{""N"":""83.66""},""hR"":{""N"":""58""},""wR"":{""N"":""25.222876""},""hE"":{""N"":""73.6""},""tR"":{""N"":""89.96""}}",a47854d8-3051-70fa-00ce-ac30661244a5
868032061545061,1780106400,data.qo,"{""tE"":{""N"":""71.78""},""hL"":{""N"":""58.6""},""wL"":{""N"":""29.862835""},""tL"":{""N"":""81.5""},""hR"":{""N"":""54.3""},""wR"":{""N"":""25.198002""},""hE"":{""N"":""73.6""},""tR"":{""N"":""89.06""}}",a47854d8-3051-70fa-00ce-ac30661244a5
868032061545061,1780110000,data.qo,"{""tE"":{""N"":""65.48""},""hL"":{""N"":""59.1""},""wL"":{""N"":""29.803984""},""tL"":{""N"":""79.16""},""hR"":{""N"":""51""},""wR"":{""N"":""25.131287""},""hE"":{""N"":""83.8""},""tR"":{""N"":""88.34""}}",a47854d8-3051-70fa-00ce-ac30661244a5
868032061545061,1780113600,data.qo,"{""tE"":{""N"":""63.68""},""hL"":{""N"":""59.4""},""wL"":{""N"":""29.842552""},""tL"":{""N"":""77""},""hR"":{""N"":""50.5""},""wR"":{""N"":""25.179554""},""hE"":{""N"":""85.7""},""tR"":{""N"":""87.62""}}",a47854d8-3051-70fa-00ce-ac30661244a5
868032061545061,1780117200,data.qo,"{""tE"":{""N"":""62.6""},""hL"":{""N"":""59.5""},""wL"":{""N"":""29.884119""},""tL"":{""N"":""75.2""},""hR"":{""N"":""51.2""},""wR"":{""N"":""25.225466""},""hE"":{""N"":""88""},""tR"":{""N"":""86.54""}}",a47854d8-3051-70fa-00ce-ac30661244a5
868032061545061,1780120800,data.qo,"{""tE"":{""N"":""62.42""},""hL"":{""N"":""59.6""},""wL"":{""N"":""29.958921""},""tL"":{""N"":""74.12""},""hR"":{""N"":""50.6""},""wR"":{""N"":""25.306005""},""hE"":{""N"":""89.1""},""tR"":{""N"":""86.18""}}",a47854d8-3051-70fa-00ce-ac30661244a5
868032061545061,1780124400,data.qo,"{""tE"":{""N"":""62.42""},""hL"":{""N"":""60.2""},""wL"":{""N"":""30.15433""},""tL"":{""N"":""73.04""},""hR"":{""N"":""62.7""},""wR"":{""N"":""25.527285""},""hE"":{""N"":""90.1""},""tR"":{""N"":""85.46""}}",a47854d8-3051-70fa-00ce-ac30661244a5
868032061545061,1780128000,data.qo,"{""tE"":{""N"":""64.22""},""hL"":{""N"":""61.7""},""wL"":{""N"":""30.34431""},""tL"":{""N"":""72.5""},""hR"":{""N"":""58.2""},""wR"":{""N"":""25.751938""},""hE"":{""N"":""90.3""},""tR"":{""N"":""86.36""}}",a47854d8-3051-70fa-00ce-ac30661244a5
868032061545061,1780131600,data.qo,"{""tE"":{""N"":""66.02""},""hL"":{""N"":""62.6""},""wL"":{""N"":""30.269272""},""tL"":{""N"":""72.86""},""hR"":{""N"":""54.8""},""wR"":{""N"":""25.979689""},""hE"":{""N"":""89""},""tR"":{""N"":""86.18""}}",a47854d8-3051-70fa-00ce-ac30661244a5
868032061545061,1780135200,data.qo,"{""tE"":{""N"":""66.56""},""hL"":{""N"":""64.4""},""wL"":{""N"":""30.213943""},""tL"":{""N"":""73.4""},""hR"":{""N"":""52.5""},""wR"":{""N"":""25.944735""},""hE"":{""N"":""82.1""},""tR"":{""N"":""86.54""}}",a47854d8-3051-70fa-00ce-ac30661244a5
868032061545061,1780138800,data.qo,"{""tE"":{""N"":""65.48""},""hL"":{""N"":""63.7""},""wL"":{""N"":""30.27608""},""tL"":{""N"":""73.58""},""hR"":{""N"":""50.6""},""wR"":{""N"":""26.039238""},""hE"":{""N"":""81.3""},""tR"":{""N"":""86""}}",a47854d8-3051-70fa-00ce-ac30661244a5
868032061545061,1780142400,data.qo,"{""tE"":{""N"":""65.84""},""hL"":{""N"":""63.4""},""wL"":{""N"":""30.282223""},""tL"":{""N"":""73.58""},""hR"":{""N"":""54.1""},""wR"":{""N"":""26.086489""},""hE"":{""N"":""82""},""tR"":{""N"":""86.36""}}",a47854d8-3051-70fa-00ce-ac30661244a5
868032061545061,1780146000,data.qo,"{""tE"":{""N"":""66.56""},""hL"":{""N"":""63.3""},""wL"":{""N"":""30.45511""},""tL"":{""N"":""73.58""},""hR"":{""N"":""63.8""},""wR"":{""N"":""26.272167""},""hE"":{""N"":""81.4""},""tR"":{""N"":""87.44""}}",a47854d8-3051-70fa-00ce-ac30661244a5
868032061545061,1780149600,data.qo,"{""tE"":{""N"":""71.42""},""hL"":{""N"":""64.7""},""wL"":{""N"":""30.567669""},""tL"":{""N"":""74.48""},""hR"":{""N"":""63.8""},""wR"":{""N"":""26.4756""},""hE"":{""N"":""73.3""},""tR"":{""N"":""87.44""}}",a47854d8-3051-70fa-00ce-ac30661244a5
868032061545061,1780153200,data.qo,"{""tE"":{""N"":""76.28""},""hL"":{""N"":""65.6""},""wL"":{""N"":""30.601856""},""tL"":{""N"":""76.46""},""hR"":{""N"":""53.9""},""wR"":{""N"":""26.594143""},""hE"":{""N"":""63.2""},""tR"":{""N"":""88.34""}}",a47854d8-3051-70fa-00ce-ac30661244a5
868032061545061,1780156800,data.qo,"{""tE"":{""N"":""78.8""},""hL"":{""N"":""66.8""},""wL"":{""N"":""30.530483""},""tL"":{""N"":""78.98""},""hR"":{""N"":""57.8""},""wR"":{""N"":""26.635246""},""hE"":{""N"":""60.4""},""tR"":{""N"":""89.6""}}",a47854d8-3051-70fa-00ce-ac30661244a5
868032061545061,1780160400,data.qo,"{""tE"":{""N"":""80.06""},""hL"":{""N"":""65.6""},""wL"":{""N"":""30.564384""},""tL"":{""N"":""81.5""},""hR"":{""N"":""55.2""},""wR"":{""N"":""26.703535""},""hE"":{""N"":""58.7""},""tR"":{""N"":""90.32""}}",a47854d8-3051-70fa-00ce-ac30661244a5
868032061545061,1780164000,data.qo,"{""tE"":{""N"":""81.68""},""hL"":{""N"":""64.4""},""wL"":{""N"":""30.490393""},""tL"":{""N"":""83.3""},""hR"":{""N"":""59""},""wR"":{""N"":""26.766367""},""hE"":{""N"":""54.1""},""tR"":{""N"":""91.4""}}",a47854d8-3051-70fa-00ce-ac30661244a5
868032061545061,1780167600,data.qo,"{""tE"":{""N"":""86.18""},""hL"":{""N"":""61""},""wL"":{""N"":""30.391973""},""tL"":{""N"":""86.36""},""hR"":{""N"":""62.1""},""wR"":{""N"":""26.66775""},""hE"":{""N"":""50.4""},""tR"":{""N"":""93.2""}}",a47854d8-3051-70fa-00ce-ac30661244a5
868032061545061,1780171200,data.qo,"{""tE"":{""N"":""82.4""},""hL"":{""N"":""57.6""},""wL"":{""N"":""30.227324""},""tL"":{""N"":""87.08""},""hR"":{""N"":""62.6""},""wR"":{""N"":""26.412535""},""hE"":{""N"":""53.8""},""tR"":{""N"":""92.84""}}",a47854d8-3051-70fa-00ce-ac30661244a5
868032061545061,1780174800,data.qo,"{""tE"":{""N"":""79.16""},""hL"":{""N"":""55.7""},""wL"":{""N"":""30.348454""},""tL"":{""N"":""86.54""},""hR"":{""N"":""61.5""},""wR"":{""N"":""26.49252""},""hE"":{""N"":""62.1""},""tR"":{""N"":""92.3""}}",a47854d8-3051-70fa-00ce-ac30661244a5
868032061545061,1780178400,data.qo,"{""tE"":{""N"":""85.28""},""hL"":{""N"":""60.7""},""wL"":{""N"":""30.115715""},""tL"":{""N"":""86.54""},""hR"":{""N"":""62.6""},""wR"":{""N"":""26.21909""},""hE"":{""N"":""54""},""tR"":{""N"":""92.3""}}",a47854d8-3051-70fa-00ce-ac30661244a5
868032061545061,1780182000,data.qo,"{""tE"":{""N"":""76.64""},""hL"":{""N"":""56.5""},""wL"":{""N"":""30.117762""},""tL"":{""N"":""85.46""},""hR"":{""N"":""61.8""},""wR"":{""N"":""26.11742""},""hE"":{""N"":""62.3""},""tR"":{""N"":""91.58""}}",a47854d8-3051-70fa-00ce-ac30661244a5
868032061545061,1780185600,data.qo,"{""tE"":{""N"":""74.84""},""hL"":{""N"":""57.5""},""wL"":{""N"":""30.08505""},""tL"":{""N"":""84.02""},""hR"":{""N"":""56.5""},""wR"":{""N"":""25.901644""},""hE"":{""N"":""65.5""},""tR"":{""N"":""91.4""}}",a47854d8-3051-70fa-00ce-ac30661244a5
868032061545061,1780189200,data.qo,"{""tE"":{""N"":""69.98""},""hL"":{""N"":""60.1""},""wL"":{""N"":""29.7418""},""tL"":{""N"":""82.22""},""hR"":{""N"":""53.1""},""wR"":{""N"":""25.89753""},""hE"":{""N"":""72.3""},""tR"":{""N"":""89.96""}}",a47854d8-3051-70fa-00ce-ac30661244a5
868032061545061,1780192800,data.qo,"{""tE"":{""N"":""61.16""},""hL"":{""N"":""55.9""},""wL"":{""N"":""29.392597""},""tL"":{""N"":""78.8""},""hR"":{""N"":""47""},""wR"":{""N"":""25.748377""},""hE"":{""N"":""61""},""tR"":{""N"":""88.16""}}",a47854d8-3051-70fa-00ce-ac30661244a5
868032061545061,1780196400,data.qo,"{""tE"":{""N"":""55.58""},""hL"":{""N"":""53.1""},""wL"":{""N"":""29.233135""},""tL"":{""N"":""74.48""},""hR"":{""N"":""46.7""},""wR"":{""N"":""25.649944""},""hE"":{""N"":""67""},""tR"":{""N"":""85.46""}}",a47854d8-3051-70fa-00ce-ac30661244a5
868032061545061,1780200000,data.qo,"{""tE"":{""N"":""53.24""},""hL"":{""N"":""53.3""},""wL"":{""N"":""29.11372""},""tL"":{""N"":""70.34""},""hR"":{""N"":""42.7""},""wR"":{""N"":""25.55507""},""hE"":{""N"":""70.7""},""tR"":{""N"":""84.2""}}",a47854d8-3051-70fa-00ce-ac30661244a5
868032061545061,1780203600,data.qo,"{""tE"":{""N"":""51.44""},""hL"":{""N"":""54.3""},""wL"":{""N"":""29.091911""},""tL"":{""N"":""66.92""},""hR"":{""N"":""42.7""},""wR"":{""N"":""25.379564""},""hE"":{""N"":""75.5""},""tR"":{""N"":""84.2""}}",a47854d8-3051-70fa-00ce-ac30661244a5
868032061545061,1780207200,data.qo,"{""tE"":{""N"":""50.18""},""hL"":{""N"":""55.1""},""wL"":{""N"":""29.081865""},""tL"":{""N"":""64.22""},""hR"":{""N"":""48.1""},""wR"":{""N"":""25.260881""},""hE"":{""N"":""79.1""},""tR"":{""N"":""82.22""}}",a47854d8-3051-70fa-00ce-ac30661244a5
868032061545061,1780210800,data.qo,"{""tE"":{""N"":""49.64""},""hL"":{""N"":""55.7""},""wL"":{""N"":""29.48754""},""tL"":{""N"":""61.88""},""hR"":{""N"":""42.2""},""wR"":{""N"":""25.545546""},""hE"":{""N"":""82.6""},""tR"":{""N"":""80.06""}}",a47854d8-3051-70fa-00ce-ac30661244a5
868032061545061,1780214400,data.qo,"{""tE"":{""N"":""52.88""},""hL"":{""N"":""56.2""},""wL"":{""N"":""29.497349""},""tL"":{""N"":""60.8""},""hR"":{""N"":""42.1""},""wR"":{""N"":""25.52414""},""hE"":{""N"":""75.7""},""tR"":{""N"":""80.78""}}",a47854d8-3051-70fa-00ce-ac30661244a5
868032061545061,1780218000,data.qo,"{""tE"":{""N"":""50.9""},""hL"":{""N"":""57.4""},""wL"":{""N"":""29.374218""},""tL"":{""N"":""60.26""},""hR"":{""N"":""47.2""},""wR"":{""N"":""25.350067""},""hE"":{""N"":""73.9""},""tR"":{""N"":""80.96""}}",a47854d8-3051-70fa-00ce-ac30661244a5
868032061545061,1780221600,data.qo,"{""tE"":{""N"":""51.8""},""hL"":{""N"":""58""},""wL"":{""N"":""29.533201""},""tL"":{""N"":""59.36""},""hR"":{""N"":""51.6""},""wR"":{""N"":""25.462324""},""hE"":{""N"":""77.7""},""tR"":{""N"":""80.42""}}",a47854d8-3051-70fa-00ce-ac30661244a5
868032061545061,1780225200,data.qo,"{""tE"":{""N"":""53.06""},""hL"":{""N"":""58.7""},""wL"":{""N"":""29.69909""},""tL"":{""N"":""59.72""},""hR"":{""N"":""60.9""},""wR"":{""N"":""25.600473""},""hE"":{""N"":""75.1""},""tR"":{""N"":""79.88""}}",a47854d8-3051-70fa-00ce-ac30661244a5
868032061545061,1780228800,data.qo,"{""tE"":{""N"":""54.32""},""hL"":{""N"":""59.6""},""wL"":{""N"":""29.669426""},""tL"":{""N"":""60.08""},""hR"":{""N"":""60.9""},""wR"":{""N"":""25.535328""},""hE"":{""N"":""70""},""tR"":{""N"":""79.88""}}",a47854d8-3051-70fa-00ce-ac30661244a5
868032061545061,1780232400,data.qo,"{""tE"":{""N"":""54.86""},""hL"":{""N"":""60.1""},""wL"":{""N"":""29.704184""},""tL"":{""N"":""60.62""},""hR"":{""N"":""49.8""},""wR"":{""N"":""25.520025""},""hE"":{""N"":""70.8""},""tR"":{""N"":""82.04""}}",a47854d8-3051-70fa-00ce-ac30661244a5
868032061545061,1780236000,data.qo,"{""tE"":{""N"":""57.74""},""hL"":{""N"":""60.7""},""wL"":{""N"":""29.832838""},""tL"":{""N"":""61.7""},""hR"":{""N"":""60.2""},""wR"":{""N"":""25.590626""},""hE"":{""N"":""67.8""},""tR"":{""N"":""82.22""}}",a47854d8-3051-70fa-00ce-ac30661244a5
868032061545061,1780239600,data.qo,"{""tE"":{""N"":""64.4""},""hL"":{""N"":""62.2""},""wL"":{""N"":""29.952255""},""tL"":{""N"":""63.68""},""hR"":{""N"":""48""},""wR"":{""N"":""25.659792""},""hE"":{""N"":""60.7""},""tR"":{""N"":""83.3""}}",a47854d8-3051-70fa-00ce-ac30661244a5
868032061545061,1780243200,data.qo,"{""tE"":{""N"":""70.16""},""hL"":{""N"":""63.7""},""wL"":{""N"":""29.930162""},""tL"":{""N"":""67.1""},""hR"":{""N"":""46.9""},""wR"":{""N"":""25.55248""},""hE"":{""N"":""54.2""},""tR"":{""N"":""84.2""}}",a47854d8-3051-70fa-00ce-ac30661244a5
868032061545061,1780246800,data.qo,"{""tE"":{""N"":""68.9""},""hL"":{""N"":""63.7""},""wL"":{""N"":""30.083338""},""tL"":{""N"":""70.34""},""hR"":{""N"":""49""},""wR"":{""N"":""25.732935""},""hE"":{""N"":""58.6""},""tR"":{""N"":""84.92""}}",a47854d8-3051-70fa-00ce-ac30661244a5
868032061545061,1780250400,data.qo,"{""tE"":{""N"":""73.4""},""hL"":{""N"":""64.3""},""wL"":{""N"":""30.105669""},""tL"":{""N"":""72.86""},""hR"":{""N"":""54""},""wR"":{""N"":""25.911724""},""hE"":{""N"":""50.5""},""tR"":{""N"":""85.82""}}",a47854d8-3051-70fa-00ce-ac30661244a5
868032061545061,1780254000,data.qo,"{""tE"":{""N"":""82.94""},""hL"":{""N"":""65.8""},""wL"":{""N"":""29.996536""},""tL"":{""N"":""74.84""},""hR"":{""N"":""50""},""wR"":{""N"":""25.950605""},""hE"":{""N"":""45.1""},""tR"":{""N"":""87.26""}}",a47854d8-3051-70fa-00ce-ac30661244a5
868032061545061,1780257600,data.qo,"{""tE"":{""N"":""87.26""},""hL"":{""N"":""66.7""},""wL"":{""N"":""29.903831""},""tL"":{""N"":""78.62""},""hR"":{""N"":""56.7""},""wR"":{""N"":""26.037296""},""hE"":{""N"":""41.4""},""tR"":{""N"":""89.78""}}",a47854d8-3051-70fa-00ce-ac30661244a5
868032061545061,1780261200,data.qo,"{""tE"":{""N"":""89.6""},""hL"":{""N"":""67.8""},""wL"":{""N"":""29.84298""},""tL"":{""N"":""81.14""},""hR"":{""N"":""63.1""},""wR"":{""N"":""26.090235""},""hE"":{""N"":""43.3""},""tR"":{""N"":""90.68""}}",a47854d8-3051-70fa-00ce-ac30661244a5
868032061545061,1780264800,data.qo,"{""tE"":{""N"":""84.02""},""hL"":{""N"":""62.7""},""wL"":{""N"":""29.423164""},""tL"":{""N"":""84.02""},""hR"":{""N"":""54.2""},""wR"":{""N"":""25.874504""},""hE"":{""N"":""45.5""},""tR"":{""N"":""91.76""}}",a47854d8-3051-70fa-00ce-ac30661244a5
868032061545061,1780268400,data.qo,"{""tE"":{""N"":""75.92""},""hL"":{""N"":""60""},""wL"":{""N"":""29.1251""},""tL"":{""N"":""83.3""},""hR"":{""N"":""47.3""},""wR"":{""N"":""25.61499""},""hE"":{""N"":""52.2""},""tR"":{""N"":""90.68""}}",a47854d8-3051-70fa-00ce-ac30661244a5
868032061545061,1780272000,data.qo,"{""tE"":{""N"":""68.9""},""hL"":{""N"":""58.5""},""wL"":{""N"":""29.123861""},""tL"":{""N"":""80.42""},""hR"":{""N"":""49.6""},""wR"":{""N"":""25.544067""},""hE"":{""N"":""62.8""},""tR"":{""N"":""88.34""}}",a47854d8-3051-70fa-00ce-ac30661244a5
868032061545061,1780275600,data.qo,"{""tE"":{""N"":""66.2""},""hL"":{""N"":""59.1""},""wL"":{""N"":""29.035631""},""tL"":{""N"":""77.9""},""hR"":{""N"":""54.8""},""wR"":{""N"":""25.409986""},""hE"":{""N"":""68.9""},""tR"":{""N"":""87.26""}}",a47854d8-3051-70fa-00ce-ac30661244a5
868032061545061,1780279200,data.qo,"{""tE"":{""N"":""62.6""},""hL"":{""N"":""59.4""},""wL"":{""N"":""29.209805""},""tL"":{""N"":""75.56""},""hR"":{""N"":""49.2""},""wR"":{""N"":""25.433289""},""hE"":{""N"":""75.6""},""tR"":{""N"":""85.82""}}",a47854d8-3051-70fa-00ce-ac30661244a5
868032061545061,1780282800,data.qo,"{""tE"":{""N"":""60.8""},""hL"":{""N"":""59.7""},""wL"":{""N"":""29.262228""},""tL"":{""N"":""73.22""},""hR"":{""N"":""61.5""},""wR"":{""N"":""25.40948""},""hE"":{""N"":""79.5""},""tR"":{""N"":""85.46""}}",a47854d8-3051-70fa-00ce-ac30661244a5
868032061545061,1780286400,data.qo,"{""tE"":{""N"":""59.36""},""hL"":{""N"":""60.5""},""wL"":{""N"":""29.28694""},""tL"":{""N"":""71.06""},""hR"":{""N"":""49.6""},""wR"":{""N"":""25.42358""},""hE"":{""N"":""82.1""},""tR"":{""N"":""84.2""}}",a47854d8-3051-70fa-00ce-ac30661244a5
868032061545061,1780290000,data.qo,"{""tE"":{""N"":""59.36""},""hL"":{""N"":""60.9""},""wL"":{""N"":""29.28756""},""tL"":{""N"":""69.44""},""hR"":{""N"":""49.8""},""wR"":{""N"":""25.451366""},""hE"":{""N"":""82.1""},""tR"":{""N"":""84.02""}}",a47854d8-3051-70fa-00ce-ac30661244a5
868032061545061,1780293600,data.qo,"{""tE"":{""N"":""58.64""},""hL"":{""N"":""61.5""},""wL"":{""N"":""29.262943""},""tL"":{""N"":""68""},""hR"":{""N"":""61.9""},""wR"":{""N"":""25.44924""},""hE"":{""N"":""84.6""},""tR"":{""N"":""83.48""}}",a47854d8-3051-70fa-00ce-ac30661244a5
868032061545061,1780297200,data.qo,"{""tE"":{""N"":""57.2""},""hL"":{""N"":""61.5""},""wL"":{""N"":""29.234612""},""tL"":{""N"":""68""},""hR"":{""N"":""50.1""},""wR"":{""N"":""25.466856""},""hE"":{""N"":""84.7""},""tR"":{""N"":""82.4""}}",a47854d8-3051-70fa-00ce-ac30661244a5
868032061545061,1780300800,data.qo,"{""tE"":{""N"":""55.94""},""hL"":{""N"":""61.4""},""wL"":{""N"":""29.238089""},""tL"":{""N"":""65.48""},""hR"":{""N"":""50.1""},""wR"":{""N"":""25.513367""},""hE"":{""N"":""85.9""},""tR"":{""N"":""82.4""}}",a47854d8-3051-70fa-00ce-ac30661244a5
868032061545061,1780304400,data.qo,"{""tE"":{""N"":""56.48""},""hL"":{""N"":""62.3""},""wL"":{""N"":""29.450163""},""tL"":{""N"":""64.4""},""hR"":{""N"":""51.1""},""wR"":{""N"":""25.746574""},""hE"":{""N"":""88""},""tR"":{""N"":""80.78""}}",a47854d8-3051-70fa-00ce-ac30661244a5
868032061545061,1780308000,data.qo,"{""tE"":{""N"":""58.64""},""hL"":{""N"":""62.5""},""wL"":{""N"":""29.545439""},""tL"":{""N"":""64.76""},""hR"":{""N"":""48.9""},""wR"":{""N"":""25.887634""},""hE"":{""N"":""89.2""},""tR"":{""N"":""80.96""}}",a47854d8-3051-70fa-00ce-ac30661244a5
868032061545061,1780311600,data.qo,"{""tE"":{""N"":""60.26""},""hL"":{""N"":""64.2""},""wL"":{""N"":""29.624763""},""tL"":{""N"":""65.3""},""hR"":{""N"":""48.5""},""wR"":{""N"":""25.998598""},""hE"":{""N"":""89.8""},""tR"":{""N"":""80.78""}}",a47854d8-3051-70fa-00ce-ac30661244a5
868032061545061,1780315200,data.qo,"{""tE"":{""N"":""61.52""},""hL"":{""N"":""65.3""},""wL"":{""N"":""29.7877""},""tL"":{""N"":""66.2""},""hR"":{""N"":""53.9""},""wR"":{""N"":""26.113813""},""hE"":{""N"":""89.2""},""tR"":{""N"":""81.32""}}",a47854d8-3051-70fa-00ce-ac30661244a5
868032061545061,1780318800,data.qo,"{""tE"":{""N"":""66.02""},""hL"":{""N"":""67.2""},""wL"":{""N"":""29.815649""},""tL"":{""N"":""67.46""},""hR"":{""N"":""51.2""},""wR"":{""N"":""26.231112""},""hE"":{""N"":""80""},""tR"":{""N"":""82.94""}}",a47854d8-3051-70fa-00ce-ac30661244a5
868032061545061,1780322400,data.qo,"{""tE"":{""N"":""66.02""},""hL"":{""N"":""67.9""},""wL"":{""N"":""29.967682""},""tL"":{""N"":""69.44""},""hR"":{""N"":""52.4""},""wR"":{""N"":""26.533161""},""hE"":{""N"":""80""},""tR"":{""N"":""83.66""}}",a47854d8-3051-70fa-00ce-ac30661244a5
868032061545061,1780326000,data.qo,"{""tE"":{""N"":""74.3""},""hL"":{""N"":""70.1""},""wL"":{""N"":""29.994442""},""tL"":{""N"":""72.68""},""hR"":{""N"":""60.4""},""wR"":{""N"":""26.470142""},""hE"":{""N"":""60.1""},""tR"":{""N"":""85.82""}}",a47854d8-3051-70fa-00ce-ac30661244a5
868032061545061,1780329600,data.qo,"{""tE"":{""N"":""73.58""},""hL"":{""N"":""67.4""},""wL"":{""N"":""30.085384""},""tL"":{""N"":""74.3""},""hR"":{""N"":""51.1""},""wR"":{""N"":""26.656652""},""hE"":{""N"":""61.8""},""tR"":{""N"":""86.36""}}",a47854d8-3051-70fa-00ce-ac30661244a5
868032061545061,1780333200,data.qo,"{""tE"":{""N"":""79.7""},""hL"":{""N"":""69.8""},""wL"":{""N"":""29.679901""},""tL"":{""N"":""76.64""},""hR"":{""N"":""59.6""},""wR"":{""N"":""26.387106""},""hE"":{""N"":""53.3""},""tR"":{""N"":""88.16""}}",a47854d8-3051-70fa-00ce-ac30661244a5
868032061545061,1780336800,data.qo,"{""tE"":{""N"":""68.54""},""hL"":{""N"":""66.6""},""wL"":{""N"":""29.601385""},""tL"":{""N"":""76.82""},""hR"":{""N"":""54""},""wR"":{""N"":""26.320019""},""hE"":{""N"":""75.5""},""tR"":{""N"":""88.34""}}",a47854d8-3051-70fa-00ce-ac30661244a5
868032061545061,1780340400,data.qo,"{""tE"":{""N"":""67.1""},""hL"":{""N"":""65.8""},""wL"":{""N"":""29.629097""},""tL"":{""N"":""75.38""},""hR"":{""N"":""51.7""},""wR"":{""N"":""26.250067""},""hE"":{""N"":""77.2""},""tR"":{""N"":""86.9""}}",a47854d8-3051-70fa-00ce-ac30661244a5
868032061545061,1780344000,data.qo,"{""tE"":{""N"":""68.54""},""hL"":{""N"":""66.4""},""wL"":{""N"":""29.926828""},""tL"":{""N"":""74.48""},""hR"":{""N"":""58.7""},""wR"":{""N"":""26.776354""},""hE"":{""N"":""78.2""},""tR"":{""N"":""86.36""}}",a47854d8-3051-70fa-00ce-ac30661244a5
868032061545061,1780347600,data.qo,"{""tE"":{""N"":""93.2""},""hL"":{""N"":""73.2""},""wL"":{""N"":""29.636953""},""tL"":{""N"":""77.9""},""hR"":{""N"":""59""},""wR"":{""N"":""26.763962""},""hE"":{""N"":""43.6""},""tR"":{""N"":""89.24""}}",a47854d8-3051-70fa-00ce-ac30661244a5
868032061545061,1780351200,data.qo,"{""tE"":{""N"":""79.88""},""hL"":{""N"":""60.4""},""wL"":{""N"":""29.729038""},""tL"":{""N"":""82.04""},""hR"":{""N"":""59.6""},""wR"":{""N"":""27.000221""},""hE"":{""N"":""53.6""},""tR"":{""N"":""90.68""}}",a47854d8-3051-70fa-00ce-ac30661244a5
868032061545061,1780354800,data.qo,"{""tE"":{""N"":""85.28""},""hL"":{""N"":""59.9""},""wL"":{""N"":""29.159668""},""tL"":{""N"":""82.04""},""hR"":{""N"":""54.9""},""wR"":{""N"":""26.628033""},""hE"":{""N"":""37.6""},""tR"":{""N"":""90.5""}}",a47854d8-3051-70fa-00ce-ac30661244a5
868032061545061,1780358400,data.qo,"{""tE"":{""N"":""73.04""},""hL"":{""N"":""58.4""},""wL"":{""N"":""29.021442""},""tL"":{""N"":""81.14""},""hR"":{""N"":""49.8""},""wR"":{""N"":""26.428532""},""hE"":{""N"":""53""},""tR"":{""N"":""89.6""}}",a47854d8-3051-70fa-00ce-ac30661244a5
868032061545061,1780362000,data.qo,"{""tE"":{""N"":""68""},""hL"":{""N"":""59.3""},""wL"":{""N"":""28.860315""},""tL"":{""N"":""78.98""},""hR"":{""N"":""53""},""wR"":{""N"":""26.251732""},""hE"":{""N"":""52.9""},""tR"":{""N"":""87.26""}}",a47854d8-3051-70fa-00ce-ac30661244a5
868032061545061,1780365600,data.qo,"{""tE"":{""N"":""64.94""},""hL"":{""N"":""61""},""wL"":{""N"":""28.709759""},""tL"":{""N"":""76.46""},""hR"":{""N"":""48.7""},""wR"":{""N"":""26.057177""},""hE"":{""N"":""58.4""},""tR"":{""N"":""85.46""}}",a47854d8-3051-70fa-00ce-ac30661244a5
868032061545061,1780369200,data.qo,"{""tE"":{""N"":""62.24""},""hL"":{""N"":""60.3""},""wL"":{""N"":""28.619482""},""tL"":{""N"":""74.12""},""hR"":{""N"":""48.4""},""wR"":{""N"":""25.854208""},""hE"":{""N"":""64.9""},""tR"":{""N"":""84.2""}}",a47854d8-3051-70fa-00ce-ac30661244a5
868032061545061,1780372800,data.qo,"{""tE"":{""N"":""60.44""},""hL"":{""N"":""60.5""},""wL"":{""N"":""28.624767""},""tL"":{""N"":""71.78""},""hR"":{""N"":""47""},""wR"":{""N"":""25.749256""},""hE"":{""N"":""68.8""},""tR"":{""N"":""83.3""}}",a47854d8-3051-70fa-00ce-ac30661244a5
868032061545061,1780376340,data.qo,"{""tE"":{""N"":""60.08""},""hL"":{""N"":""61.2""},""wL"":{""N"":""28.640291""},""tL"":{""N"":""69.98""},""hR"":{""N"":""51.9""},""wR"":{""N"":""25.681614""},""hE"":{""N"":""72.5""},""tR"":{""N"":""82.58""}}",a47854d8-3051-70fa-00ce-ac30661244a5
868032061545061,1780380000,data.qo,"{""tE"":{""N"":""59.72""},""hL"":{""N"":""61.3""},""wL"":{""N"":""28.681""},""tL"":{""N"":""68.72""},""hR"":{""N"":""46.9""},""wR"":{""N"":""25.639912""},""hE"":{""N"":""73.5""},""tR"":{""N"":""83.3""}}",a47854d8-3051-70fa-00ce-ac30661244a5
868032061545061,1780383600,data.qo,"{""tE"":{""N"":""59.18""},""hL"":{""N"":""61.7""},""wL"":{""N"":""28.761755""},""tL"":{""N"":""67.82""},""hR"":{""N"":""48.8""},""wR"":{""N"":""25.799604""},""hE"":{""N"":""75""},""tR"":{""N"":""82.22""}}",a47854d8-3051-70fa-00ce-ac30661244a5
868032061545061,1780387200,data.qo,"{""tE"":{""N"":""59.54""},""hL"":{""N"":""61.8""},""wL"":{""N"":""28.704237""},""tL"":{""N"":""66.74""},""hR"":{""N"":""52.2""},""wR"":{""N"":""25.92402""},""hE"":{""N"":""67.1""},""tR"":{""N"":""81.68""}}",a47854d8-3051-70fa-00ce-ac30661244a5
868032061545061,1780390800,data.qo,"{""tE"":{""N"":""58.64""},""hL"":{""N"":""62""},""wL"":{""N"":""28.666002""},""tL"":{""N"":""66.02""},""hR"":{""N"":""46.8""},""wR"":{""N"":""25.958975""},""hE"":{""N"":""63.9""},""tR"":{""N"":""81.14""}}",a47854d8-3051-70fa-00ce-ac30661244a5
868032061545061,1780394400,data.qo,"{""tE"":{""N"":""57.92""},""hL"":{""N"":""61.8""},""wL"":{""N"":""28.563393""},""tL"":{""N"":""65.3""},""hR"":{""N"":""49.9""},""wR"":{""N"":""25.980797""},""hE"":{""N"":""61.5""},""tR"":{""N"":""80.6""}}",a47854d8-3051-70fa-00ce-ac30661244a5
868032061545061,1780398000,data.qo,"{""tE"":{""N"":""57.38""},""hL"":{""N"":""61.8""},""wL"":{""N"":""28.499447""},""tL"":{""N"":""64.58""},""hR"":{""N"":""45.3""},""wR"":{""N"":""25.88403""},""hE"":{""N"":""60.7""},""tR"":{""N"":""80.24""}}",a47854d8-3051-70fa-00ce-ac30661244a5
868032061545061,1780401600,data.qo,"{""tE"":{""N"":""57.2""},""hL"":{""N"":""61.8""},""wL"":{""N"":""28.440643""},""tL"":{""N"":""64.58""},""hR"":{""N"":""48.4""},""wR"":{""N"":""25.714394""},""hE"":{""N"":""63""},""tR"":{""N"":""79.16""}}",a47854d8-3051-70fa-00ce-ac30661244a5
868032061545061,1780405200,data.qo,"{""tE"":{""N"":""57.02""},""hL"":{""N"":""61.4""},""wL"":{""N"":""28.480307""},""tL"":{""N"":""63.5""},""hR"":{""N"":""53.1""},""wR"":{""N"":""25.589422""},""hE"":{""N"":""67.8""},""tR"":{""N"":""80.06""}}",a47854d8-3051-70fa-00ce-ac30661244a5
868032061545061,1780408800,data.qo,"{""tE"":{""N"":""56.66""},""hL"":{""N"":""61.4""},""wL"":{""N"":""28.71833""},""tL"":{""N"":""63.5""},""hR"":{""N"":""46.8""},""wR"":{""N"":""25.502964""},""hE"":{""N"":""68.5""},""tR"":{""N"":""80.42""}}",a47854d8-3051-70fa-00ce-ac30661244a5
868032061545061,1780412400,data.qo,"{""tE"":{""N"":""57.38""},""hL"":{""N"":""62""},""wL"":{""N"":""28.95645""},""tL"":{""N"":""62.78""},""hR"":{""N"":""45.4""},""wR"":{""N"":""25.714394""},""hE"":{""N"":""71.4""},""tR"":{""N"":""78.8""}}",a47854d8-3051-70fa-00ce-ac30661244a5
868032061545061,1780416000,data.qo,"{""tE"":{""N"":""63.5""},""hL"":{""N"":""63.3""},""wL"":{""N"":""28.985304""},""tL"":{""N"":""63.5""},""hR"":{""N"":""61.5""},""wR"":{""N"":""25.9034""},""hE"":{""N"":""60.1""},""tR"":{""N"":""78.44""}}",a47854d8-3051-70fa-00ce-ac30661244a5
868032061545061,1780419600,data.qo,"{""tE"":{""N"":""68.18""},""hL"":{""N"":""65""},""wL"":{""N"":""28.986446""},""tL"":{""N"":""65.84""},""hR"":{""N"":""47""},""wR"":{""N"":""25.94307""},""hE"":{""N"":""48.8""},""tR"":{""N"":""78.62""}}",a47854d8-3051-70fa-00ce-ac30661244a5
868032061545061,1780423200,data.qo,"{""tE"":{""N"":""70.16""},""hL"":{""N"":""64.7""},""wL"":{""N"":""28.822319""},""tL"":{""N"":""68.9""},""hR"":{""N"":""53.2""},""wR"":{""N"":""25.831276""},""hE"":{""N"":""42.2""},""tR"":{""N"":""79.52""}}",a47854d8-3051-70fa-00ce-ac30661244a5
868032061545061,1780426800,data.qo,"{""tE"":{""N"":""69.98""},""hL"":{""N"":""64.8""},""wL"":{""N"":""29.002779""},""tL"":{""N"":""70.34""},""hR"":{""N"":""48.8""},""wR"":{""N"":""25.971966""},""hE"":{""N"":""47.5""},""tR"":{""N"":""80.42""}}",a47854d8-3051-70fa-00ce-ac30661244a5
868032061545061,1780430400,data.qo,"{""tE"":{""N"":""84.74""},""hL"":{""N"":""66""},""wL"":{""N"":""28.798988""},""tL"":{""N"":""72.5""},""hR"":{""N"":""47.3""},""wR"":{""N"":""25.94099""},""hE"":{""N"":""35.1""},""tR"":{""N"":""82.58""}}",a47854d8-3051-70fa-00ce-ac30661244a5
868032061545061,1780434000,data.qo,"{""tE"":{""N"":""84.56""},""hL"":{""N"":""66""},""wL"":{""N"":""28.348843""},""tL"":{""N"":""75.92""},""hR"":{""N"":""50.2""},""wR"":{""N"":""25.649204""},""hE"":{""N"":""35""},""tR"":{""N"":""85.82""}}",a47854d8-3051-70fa-00ce-ac30661244a5
868032061545061,1780437600,data.qo,"{""tE"":{""N"":""68.36""},""hL"":{""N"":""62.5""},""wL"":{""N"":""28.586391""},""tL"":{""N"":""76.64""},""hR"":{""N"":""47.2""},""wR"":{""N"":""26.657993""},""hE"":{""N"":""50.2""},""tR"":{""N"":""86.9""}}",a47854d8-3051-70fa-00ce-ac30661244a5
868032061545061,1780441200,data.qo,"{""tE"":{""N"":""57.56""},""hL"":{""N"":""56.5""},""wL"":{""N"":""29.267895""},""tL"":{""N"":""73.4""},""hR"":{""N"":""47.2""},""wR"":{""N"":""26.527197""},""hE"":{""N"":""78.7""},""tR"":{""N"":""86.9""}}",a47854d8-3051-70fa-00ce-ac30661244a5
868032061545061,1780444800,data.qo,"{""tE"":{""N"":""59.9""},""hL"":{""N"":""60.5""},""wL"":{""N"":""29.14305""},""tL"":{""N"":""69.98""},""hR"":{""N"":""49.1""},""wR"":{""N"":""26.36496""},""hE"":{""N"":""77.7""},""tR"":{""N"":""81.68""}}",a47854d8-3051-70fa-00ce-ac30661244a5
868032061545061,1780448400,data.qo,"{""tE"":{""N"":""57.02""},""hL"":{""N"":""61.1""},""wL"":{""N"":""29.161667""},""tL"":{""N"":""68.54""},""hR"":{""N"":""44.3""},""wR"":{""N"":""26.42534""},""hE"":{""N"":""72.8""},""tR"":{""N"":""80.06""}}",a47854d8-3051-70fa-00ce-ac30661244a5
868032061545061,1780452000,data.qo,"{""tE"":{""N"":""51.98""},""hL"":{""N"":""60.4""},""wL"":{""N"":""29.065392""},""tL"":{""N"":""65.84""},""hR"":{""N"":""42.5""},""wR"":{""N"":""26.388538""},""hE"":{""N"":""78""},""tR"":{""N"":""79.52""}}",a47854d8-3051-70fa-00ce-ac30661244a5
868032061545061,1780455600,data.qo,"{""tE"":{""N"":""49.28""},""hL"":{""N"":""59.5""},""wL"":{""N"":""29.022396""},""tL"":{""N"":""62.6""},""hR"":{""N"":""44.3""},""wR"":{""N"":""26.293434""},""hE"":{""N"":""80.4""},""tR"":{""N"":""78.8""}}",a47854d8-3051-70fa-00ce-ac30661244a5
868032061545061,1780459200,data.qo,"{""tE"":{""N"":""47.48""},""hL"":{""N"":""59.2""},""wL"":{""N"":""28.996922""},""tL"":{""N"":""59.72""},""hR"":{""N"":""46""},""wR"":{""N"":""26.20693""},""hE"":{""N"":""81.1""},""tR"":{""N"":""77""}}",a47854d8-3051-70fa-00ce-ac30661244a5
868032061545061,1780462800,data.qo,"{""tE"":{""N"":""46.76""},""hL"":{""N"":""59.5""},""wL"":{""N"":""29.03387""},""tL"":{""N"":""57.02""},""hR"":{""N"":""51.4""},""wR"":{""N"":""26.261349""},""hE"":{""N"":""83.5""},""tR"":{""N"":""74.48""}}",a47854d8-3051-70fa-00ce-ac30661244a5
868032061545061,1780466400,data.qo,"{""tE"":{""N"":""45.68""},""hL"":{""N"":""60.1""},""wL"":{""N"":""29.014633""},""tL"":{""N"":""55.04""},""hR"":{""N"":""43""},""wR"":{""N"":""26.245998""},""hE"":{""N"":""82.2""},""tR"":{""N"":""73.76""}}",a47854d8-3051-70fa-00ce-ac30661244a5
868032061545061,1780470000,data.qo,"{""tE"":{""N"":""44.42""},""hL"":{""N"":""60.4""},""wL"":{""N"":""28.96921""},""tL"":{""N"":""53.06""},""hR"":{""N"":""43.8""},""wR"":{""N"":""26.216408""},""hE"":{""N"":""82.2""},""tR"":{""N"":""70.7""}}",a47854d8-3051-70fa-00ce-ac30661244a5
868032061545061,1780473600,data.qo,"{""tE"":{""N"":""43.34""},""hL"":{""N"":""60.3""},""wL"":{""N"":""28.949354""},""tL"":{""N"":""51.44""},""hR"":{""N"":""44.5""},""wR"":{""N"":""26.210073""},""hE"":{""N"":""82.4""},""tR"":{""N"":""68.18""}}",a47854d8-3051-70fa-00ce-ac30661244a5
868032061545061,1780477200,data.qo,"{""tE"":{""N"":""42.26""},""hL"":{""N"":""60.6""},""wL"":{""N"":""28.911978""},""tL"":{""N"":""49.82""},""hR"":{""N"":""52.5""},""wR"":{""N"":""26.182796""},""hE"":{""N"":""81.8""},""tR"":{""N"":""66.74""}}",a47854d8-3051-70fa-00ce-ac30661244a5
868032061545061,1780480800,data.qo,"{""tE"":{""N"":""41.54""},""hL"":{""N"":""61.1""},""wL"":{""N"":""28.92888""},""tL"":{""N"":""48.2""},""hR"":{""N"":""48.3""},""wR"":{""N"":""26.237307""},""hE"":{""N"":""82.2""},""tR"":{""N"":""66.38""}}",a47854d8-3051-70fa-00ce-ac30661244a5
868032061545061,1780484400,data.qo,"{""tE"":{""N"":""40.46""},""hL"":{""N"":""61.2""},""wL"":{""N"":""28.914167""},""tL"":{""N"":""47.12""},""hR"":{""N"":""52.9""},""wR"":{""N"":""26.24142""},""hE"":{""N"":""82""},""tR"":{""N"":""64.58""}}",a47854d8-3051-70fa-00ce-ac30661244a5
868032061545061,1780488000,data.qo,"{""tE"":{""N"":""40.46""},""hL"":{""N"":""61.1""},""wL"":{""N"":""28.941023""},""tL"":{""N"":""45.86""},""hR"":{""N"":""54.1""},""wR"":{""N"":""26.673159""},""hE"":{""N"":""83.6""},""tR"":{""N"":""62.96""}}",a47854d8-3051-70fa-00ce-ac30661244a5
868032061545061,1780491600,data.qo,"{""tE"":{""N"":""46.76""},""hL"":{""N"":""62.1""},""wL"":{""N"":""29.41626""},""tL"":{""N"":""45.68""},""hR"":{""N"":""46.7""},""wR"":{""N"":""26.863783""},""hE"":{""N"":""88.4""},""tR"":{""N"":""65.3""}}",a47854d8-3051-70fa-00ce-ac30661244a5
868032061545061,1780495200,data.qo,"{""tE"":{""N"":""61.34""},""hL"":{""N"":""73.6""},""wL"":{""N"":""29.918211""},""tL"":{""N"":""50.72""},""hR"":{""N"":""58.2""},""wR"":{""N"":""27.043495""},""hE"":{""N"":""80.2""},""tR"":{""N"":""66.2""}}",a47854d8-3051-70fa-00ce-ac30661244a5
868032061545061,1780498800,data.qo,"{""tE"":{""N"":""67.1""},""hL"":{""N"":""81.7""},""wL"":{""N"":""30.133331""},""tL"":{""N"":""56.84""},""hR"":{""N"":""65""},""wR"":{""N"":""26.870117""},""hE"":{""N"":""55.6""},""tR"":{""N"":""71.24""}}",a47854d8-3051-70fa-00ce-ac30661244a5
868032061545061,1780502400,data.qo,"{""tE"":{""N"":""71.06""},""hL"":{""N"":""85.7""},""wL"":{""N"":""30.083908""},""tL"":{""N"":""63.5""},""hR"":{""N"":""60.8""},""wR"":{""N"":""26.988848""},""hE"":{""N"":""44.9""},""tR"":{""N"":""78.08""}}",a47854d8-3051-70fa-00ce-ac30661244a5
868032061545061,1780506000,data.qo,"{""tE"":{""N"":""75.2""},""hL"":{""N"":""81.5""},""wL"":{""N"":""29.760798""},""tL"":{""N"":""69.08""},""hR"":{""N"":""59.1""},""wR"":{""N"":""27.119553""},""hE"":{""N"":""39""},""tR"":{""N"":""82.58""}}",a47854d8-3051-70fa-00ce-ac30661244a5
868032061545061,1780509600,data.qo,"{""tE"":{""N"":""84.56""},""hL"":{""N"":""73.3""},""wL"":{""N"":""29.702137""},""tL"":{""N"":""73.04""},""hR"":{""N"":""53.8""},""wR"":{""N"":""27.130323""},""hE"":{""N"":""35.2""},""tR"":{""N"":""85.46""}}",a47854d8-3051-70fa-00ce-ac30661244a5
868032061545061,1780513200,data.qo,"{""tE"":{""N"":""90.5""},""hL"":{""N"":""67.6""},""wL"":{""N"":""29.9204""},""tL"":{""N"":""75.92""},""hR"":{""N"":""51.3""},""wR"":{""N"":""26.550175""},""hE"":{""N"":""28.5""},""tR"":{""N"":""86.9""}}",a47854d8-3051-70fa-00ce-ac30661244a5
868032061545061,1780516800,data.qo,"{""tE"":{""N"":""95.72""},""hL"":{""N"":""63.6""},""wL"":{""N"":""29.54501""},""tL"":{""N"":""78.44""},""hR"":{""N"":""51.4""},""wR"":{""N"":""26.432646""},""hE"":{""N"":""27.7""},""tR"":{""N"":""85.46""}}",a47854d8-3051-70fa-00ce-ac30661244a5
868032061545061,1780520400,data.qo,"{""tE"":{""N"":""97.16""},""hL"":{""N"":""61.7""},""wL"":{""N"":""29.451733""},""tL"":{""N"":""81.5""},""hR"":{""N"":""47.2""},""wR"":{""N"":""26.367826""},""hE"":{""N"":""26.6""},""tR"":{""N"":""89.42""}}",a47854d8-3051-70fa-00ce-ac30661244a5
868032061545061,1780524000,data.qo,"{""tE"":{""N"":""91.94""},""hL"":{""N"":""55.3""},""wL"":{""N"":""29.488016""},""tL"":{""N"":""83.48""},""hR"":{""N"":""49.9""},""wR"":{""N"":""26.208086""},""hE"":{""N"":""29.6""},""tR"":{""N"":""90.86""}}",a47854d8-3051-70fa-00ce-ac30661244a5
868032061545061,1780527600,data.qo,"{""tE"":{""N"":""87.62""},""hL"":{""N"":""50.8""},""wL"":{""N"":""28.89455""},""tL"":{""N"":""84.74""},""hR"":{""N"":""52.6""},""wR"":{""N"":""25.899471""},""hE"":{""N"":""33.6""},""tR"":{""N"":""90.68""}}",a47854d8-3051-70fa-00ce-ac30661244a5
868032061545061,1780531200,data.qo,"{""tE"":{""N"":""73.76""},""hL"":{""N"":""49.3""},""wL"":{""N"":""28.734425""},""tL"":{""N"":""84.02""},""hR"":{""N"":""49.1""},""wR"":{""N"":""25.666773""},""hE"":{""N"":""39.3""},""tR"":{""N"":""89.6""}}",a47854d8-3051-70fa-00ce-ac30661244a5
868032061545061,1780534800,data.qo,"{""tE"":{""N"":""67.1""},""hL"":{""N"":""55.4""},""wL"":{""N"":""28.464212""},""tL"":{""N"":""80.42""},""hR"":{""N"":""44.1""},""wR"":{""N"":""25.381184""},""hE"":{""N"":""46.8""},""tR"":{""N"":""86.18""}}",a47854d8-3051-70fa-00ce-ac30661244a5
868032061545061,1780538400,data.qo,"{""tE"":{""N"":""60.62""},""hL"":{""N"":""54""},""wL"":{""N"":""28.219475""},""tL"":{""N"":""76.1""},""hR"":{""N"":""43.9""},""wR"":{""N"":""25.185612""},""hE"":{""N"":""55.8""},""tR"":{""N"":""81.86""}}",a47854d8-3051-70fa-00ce-ac30661244a5
868032061545061,1780542000,data.qo,"{""tE"":{""N"":""55.94""},""hL"":{""N"":""54""},""wL"":{""N"":""28.060492""},""tL"":{""N"":""71.6""},""hR"":{""N"":""43.9""},""wR"":{""N"":""25.097443""},""hE"":{""N"":""64.7""},""tR"":{""N"":""81.86""}}",a47854d8-3051-70fa-00ce-ac30661244a5
868032061545061,1780545600,data.qo,"{""tE"":{""N"":""52.88""},""hL"":{""N"":""54.6""},""wL"":{""N"":""27.991402""},""tL"":{""N"":""67.46""},""hR"":{""N"":""45.5""},""wR"":{""N"":""25.441935""},""hE"":{""N"":""71.6""},""tR"":{""N"":""73.58""}}",a47854d8-3051-70fa-00ce-ac30661244a5
868032061545061,1780549200,data.qo,"{""tE"":{""N"":""50.72""},""hL"":{""N"":""55.7""},""wL"":{""N"":""27.999449""},""tL"":{""N"":""63.5""},""hR"":{""N"":""46.7""},""wR"":{""N"":""25.355755""},""hE"":{""N"":""74.8""},""tR"":{""N"":""70.16""}}",a47854d8-3051-70fa-00ce-ac30661244a5
868032061545061,1780552800,data.qo,"{""tE"":{""N"":""50.72""},""hL"":{""N"":""56.2""},""wL"":{""N"":""28.049587""},""tL"":{""N"":""60.44""},""hR"":{""N"":""47.2""},""wR"":{""N"":""25.378918""},""hE"":{""N"":""74.8""},""tR"":{""N"":""67.46""}}",a47854d8-3051-70fa-00ce-ac30661244a5
868032061545061,1780556400,data.qo,"{""tE"":{""N"":""47.84""},""hL"":{""N"":""57""},""wL"":{""N"":""28.139435""},""tL"":{""N"":""57.74""},""hR"":{""N"":""47.2""},""wR"":{""N"":""25.440548""},""hE"":{""N"":""79.7""},""tR"":{""N"":""65.48""}}",a47854d8-3051-70fa-00ce-ac30661244a5
868032061545061,1780560000,data.qo,"{""tE"":{""N"":""46.58""},""hL"":{""N"":""57.2""},""wL"":{""N"":""28.222189""},""tL"":{""N"":""55.4""},""hR"":{""N"":""49.5""},""wR"":{""N"":""25.479986""},""hE"":{""N"":""80.5""},""tR"":{""N"":""64.04""}}",a47854d8-3051-70fa-00ce-ac30661244a5
868032061545061,1780563600,data.qo,"{""tE"":{""N"":""45.5""},""hL"":{""N"":""57.2""},""wL"":{""N"":""28.128912""},""tL"":{""N"":""55.4""},""hR"":{""N"":""46.5""},""wR"":{""N"":""25.396347""},""hE"":{""N"":""80.4""},""tR"":{""N"":""62.96""}}",a47854d8-3051-70fa-00ce-ac30661244a5
868032061545061,1780567200,data.qo,"{""tE"":{""N"":""44.6""},""hL"":{""N"":""57.2""},""wL"":{""N"":""28.214285""},""tL"":{""N"":""55.4""},""hR"":{""N"":""47.5""},""wR"":{""N"":""25.412298""},""hE"":{""N"":""81.2""},""tR"":{""N"":""61.88""}}",a47854d8-3051-70fa-00ce-ac30661244a5
868032061545061,1780570800,data.qo,"{""tE"":{""N"":""43.88""},""hL"":{""N"":""58.3""},""wL"":{""N"":""28.262566""},""tL"":{""N"":""50.18""},""hR"":{""N"":""49.6""},""wR"":{""N"":""25.424412""},""hE"":{""N"":""81.1""},""tR"":{""N"":""60.62""}}",a47854d8-3051-70fa-00ce-ac30661244a5
868032061545061,1780574400,data.qo,"{""tE"":{""N"":""44.24""},""hL"":{""N"":""58.7""},""wL"":{""N"":""28.31875""},""tL"":{""N"":""48.92""},""hR"":{""N"":""47.8""},""wR"":{""N"":""25.832014""},""hE"":{""N"":""83.3""},""tR"":{""N"":""59.54""}}",a47854d8-3051-70fa-00ce-ac30661244a5
868032061545061,1780578000,data.qo,"{""tE"":{""N"":""50.54""},""hL"":{""N"":""60.6""},""wL"":{""N"":""28.800846""},""tL"":{""N"":""48.74""},""hR"":{""N"":""59.7""},""wR"":{""N"":""26.002436""},""hE"":{""N"":""87.1""},""tR"":{""N"":""60.44""}}",a47854d8-3051-70fa-00ce-ac30661244a5
868032061545061,1780581600,data.qo,"{""tE"":{""N"":""67.1""},""hL"":{""N"":""75""},""wL"":{""N"":""29.12348""},""tL"":{""N"":""53.6""},""hR"":{""N"":""58.2""},""wR"":{""N"":""25.854855""},""hE"":{""N"":""70.1""},""tR"":{""N"":""66.56""}}",a47854d8-3051-70fa-00ce-ac30661244a5
868032061545061,1780585200,data.qo,"{""tE"":{""N"":""73.4""},""hL"":{""N"":""81""},""wL"":{""N"":""29.154572""},""tL"":{""N"":""61.16""},""hR"":{""N"":""62.9""},""wR"":{""N"":""25.996563""},""hE"":{""N"":""50.6""},""tR"":{""N"":""74.3""}}",a47854d8-3051-70fa-00ce-ac30661244a5
868032061545061,1780588800,data.qo,"{""tE"":{""N"":""76.46""},""hL"":{""N"":""77.7""},""wL"":{""N"":""28.900265""},""tL"":{""N"":""68""},""hR"":{""N"":""57.6""},""wR"":{""N"":""26.163515""},""hE"":{""N"":""43.6""},""tR"":{""N"":""80.78""}}",a47854d8-3051-70fa-00ce-ac30661244a5
868032061545061,1780592400,data.qo,"{""tE"":{""N"":""80.6""},""hL"":{""N"":""75.6""},""wL"":{""N"":""28.88479""},""tL"":{""N"":""73.22""},""hR"":{""N"":""57.8""},""wR"":{""N"":""26.477402""},""hE"":{""N"":""42.9""},""tR"":{""N"":""84.74""}}",a47854d8-3051-70fa-00ce-ac30661244a5
868032061545061,1780596000,data.qo,"{""tE"":{""N"":""89.42""},""hL"":{""N"":""66.9""},""wL"":{""N"":""28.835318""},""tL"":{""N"":""77.54""},""hR"":{""N"":""53.5""},""wR"":{""N"":""26.500149""},""hE"":{""N"":""34""},""tR"":{""N"":""87.62""}}",a47854d8-3051-70fa-00ce-ac30661244a5
868032061545061,1780599600,data.qo,"{""tE"":{""N"":""98.42""},""hL"":{""N"":""59.8""},""wL"":{""N"":""28.821558""},""tL"":{""N"":""81.5""},""hR"":{""N"":""51.8""},""wR"":{""N"":""26.444622""},""hE"":{""N"":""28.7""},""tR"":{""N"":""89.96""}}",a47854d8-3051-70fa-00ce-ac30661244a5
868032061545061,1780603200,data.qo,"{""tE"":{""N"":""103.46""},""hL"":{""N"":""56.4""},""wL"":{""N"":""28.769516""},""tL"":{""N"":""84.92""},""hR"":{""N"":""52""},""wR"":{""N"":""26.182194""},""hE"":{""N"":""27.8""},""tR"":{""N"":""92.12""}}",a47854d8-3051-70fa-00ce-ac30661244a5
868032061545061,1780606800,data.qo,"{""tE"":{""N"":""103.1""},""hL"":{""N"":""47.6""},""wL"":{""N"":""28.673286""},""tL"":{""N"":""87.26""},""hR"":{""N"":""54.3""},""wR"":{""N"":""25.742874""},""hE"":{""N"":""27.3""},""tR"":{""N"":""93.56""}}",a47854d8-3051-70fa-00ce-ac30661244a5
868032061545061,1780610400,data.qo,"{""tE"":{""N"":""91.76""},""hL"":{""N"":""44.5""},""wL"":{""N"":""28.420883""},""tL"":{""N"":""88.88""},""hR"":{""N"":""52.4""},""wR"":{""N"":""25.540276""},""hE"":{""N"":""34.7""},""tR"":{""N"":""93.2""}}",a47854d8-3051-70fa-00ce-ac30661244a5
868032061545061,1780614000,data.qo,"{""tE"":{""N"":""80.24""},""hL"":{""N"":""44.5""},""wL"":{""N"":""28.289848""},""tL"":{""N"":""88.88""},""hR"":{""N"":""52.4""},""wR"":{""N"":""25.333792""},""hE"":{""N"":""41.8""},""tR"":{""N"":""93.2""}}",a47854d8-3051-70fa-00ce-ac30661244a5
868032061545061,1780617600,data.qo,"{""tE"":{""N"":""75.2""},""hL"":{""N"":""55""},""wL"":{""N"":""28.180765""},""tL"":{""N"":""84.02""},""hR"":{""N"":""50.1""},""wR"":{""N"":""25.249878""},""hE"":{""N"":""50.6""},""tR"":{""N"":""87.62""}}",a47854d8-3051-70fa-00ce-ac30661244a5
868032061545061,1780621200,data.qo,"{""tE"":{""N"":""71.42""},""hL"":{""N"":""55.9""},""wL"":{""N"":""28.033493""},""tL"":{""N"":""81.32""},""hR"":{""N"":""49.6""},""wR"":{""N"":""25.06984""},""hE"":{""N"":""52.9""},""tR"":{""N"":""85.1""}}",a47854d8-3051-70fa-00ce-ac30661244a5
868032061545061,1780624800,data.qo,"{""tE"":{""N"":""64.76""},""hL"":{""N"":""55.5""},""wL"":{""N"":""27.924362""},""tL"":{""N"":""78.08""},""hR"":{""N"":""48.5""},""wR"":{""N"":""24.97053""},""hE"":{""N"":""61.3""},""tR"":{""N"":""82.4""}}",a47854d8-3051-70fa-00ce-ac30661244a5
868032061545061,1780628400,data.qo,"{""tE"":{""N"":""60.8""},""hL"":{""N"":""55.2""},""wL"":{""N"":""27.923742""},""tL"":{""N"":""74.3""},""hR"":{""N"":""47.5""},""wR"":{""N"":""24.956982""},""hE"":{""N"":""68.7""},""tR"":{""N"":""79.34""}}",a47854d8-3051-70fa-00ce-ac30661244a5
868032061545061,1780632000,data.qo,"{""tE"":{""N"":""57.74""},""hL"":{""N"":""55""},""wL"":{""N"":""27.93955""},""tL"":{""N"":""70.52""},""hR"":{""N"":""47.8""},""wR"":{""N"":""25.19028""},""hE"":{""N"":""73.8""},""tR"":{""N"":""75.92""}}",a47854d8-3051-70fa-00ce-ac30661244a5
868032061545061,1780635540,data.qo,"{""tE"":{""N"":""55.58""},""hL"":{""N"":""55.8""},""wL"":{""N"":""27.961739""},""tL"":{""N"":""67.1""},""hR"":{""N"":""48""},""wR"":{""N"":""25.082""},""hE"":{""N"":""77.2""},""tR"":{""N"":""72.86""}}",a47854d8-3051-70fa-00ce-ac30661244a5
868032061545061,1780639200,data.qo,"{""tE"":{""N"":""53.96""},""hL"":{""N"":""56.1""},""wL"":{""N"":""28.050112""},""tL"":{""N"":""64.04""},""hR"":{""N"":""48.3""},""wR"":{""N"":""25.068916""},""hE"":{""N"":""79.5""},""tR"":{""N"":""70.52""}}",a47854d8-3051-70fa-00ce-ac30661244a5
868032061545061,1780642800,data.qo,"{""tE"":{""N"":""52.52""},""hL"":{""N"":""56.4""},""wL"":{""N"":""28.108057""},""tL"":{""N"":""61.52""},""hR"":{""N"":""48""},""wR"":{""N"":""25.09291""},""hE"":{""N"":""80.4""},""tR"":{""N"":""68.54""}}",a47854d8-3051-70fa-00ce-ac30661244a5
868032061545061,1780646400,data.qo,"{""tE"":{""N"":""51.26""},""hL"":{""N"":""56.9""},""wL"":{""N"":""28.179718""},""tL"":{""N"":""59.36""},""hR"":{""N"":""48""},""wR"":{""N"":""25.168781""},""hE"":{""N"":""81.6""},""tR"":{""N"":""66.38""}}",a47854d8-3051-70fa-00ce-ac30661244a5
868032061545061,1780650000,data.qo,"{""tE"":{""N"":""50.18""},""hL"":{""N"":""56.9""},""wL"":{""N"":""28.219427""},""tL"":{""N"":""57.56""},""hR"":{""N"":""47.8""},""wR"":{""N"":""25.210855""},""hE"":{""N"":""81.2""},""tR"":{""N"":""64.76""}}",a47854d8-3051-70fa-00ce-ac30661244a5
868032061545061,1780653600,data.qo,"{""tE"":{""N"":""50.18""},""hL"":{""N"":""57.3""},""wL"":{""N"":""28.245045""},""tL"":{""N"":""55.76""},""hR"":{""N"":""48.2""},""wR"":{""N"":""25.296297""},""hE"":{""N"":""81.2""},""tR"":{""N"":""63.32""}}",a47854d8-3051-70fa-00ce-ac30661244a5
868032061545061,1780657200,data.qo,"{""tE"":{""N"":""48.56""},""hL"":{""N"":""57.6""},""wL"":{""N"":""28.299467""},""tL"":{""N"":""54.32""},""hR"":{""N"":""49.4""},""wR"":{""N"":""25.3736""},""hE"":{""N"":""82.4""},""tR"":{""N"":""61.88""}}",a47854d8-3051-70fa-00ce-ac30661244a5
868032061545061,1780660800,data.qo,"{""tE"":{""N"":""48.92""},""hL"":{""N"":""58.2""},""wL"":{""N"":""28.403694""},""tL"":{""N"":""53.06""},""hR"":{""N"":""50.2""},""wR"":{""N"":""25.748793""},""hE"":{""N"":""84.5""},""tR"":{""N"":""60.44""}}",a47854d8-3051-70fa-00ce-ac30661244a5
868032061545061,1780664400,data.qo,"{""tE"":{""N"":""55.22""},""hL"":{""N"":""59.5""},""wL"":{""N"":""28.81451""},""tL"":{""N"":""52.7""},""hR"":{""N"":""52.6""},""wR"":{""N"":""25.82129""},""hE"":{""N"":""87.8""},""tR"":{""N"":""60.44""}}",a47854d8-3051-70fa-00ce-ac30661244a5
868032061545061,1780668000,data.qo,"{""tE"":{""N"":""70.34""},""hL"":{""N"":""74.2""},""wL"":{""N"":""28.971733""},""tL"":{""N"":""57.2""},""hR"":{""N"":""61.6""},""wR"":{""N"":""25.939741""},""hE"":{""N"":""65.9""},""tR"":{""N"":""64.76""}}",a47854d8-3051-70fa-00ce-ac30661244a5
868032061545061,1780671600,data.qo,"{""tE"":{""N"":""76.28""},""hL"":{""N"":""78.3""},""wL"":{""N"":""28.761087""},""tL"":{""N"":""64.4""},""hR"":{""N"":""65.1""},""wR"":{""N"":""25.978394""},""hE"":{""N"":""53.3""},""tR"":{""N"":""72.5""}}",a47854d8-3051-70fa-00ce-ac30661244a5
868032061545061,1780675200,data.qo,"{""tE"":{""N"":""80.24""},""hL"":{""N"":""79.3""},""wL"":{""N"":""28.703474""},""tL"":{""N"":""71.06""},""hR"":{""N"":""64""},""wR"":{""N"":""26.144745""},""hE"":{""N"":""47.2""},""tR"":{""N"":""80.24""}}",a47854d8-3051-70fa-00ce-ac30661244a5
868032061545061,1780678800,data.qo,"{""tE"":{""N"":""84.02""},""hL"":{""N"":""74.8""},""wL"":{""N"":""28.648527""},""tL"":{""N"":""76.64""},""hR"":{""N"":""60.2""},""wR"":{""N"":""26.243593""},""hE"":{""N"":""45.1""},""tR"":{""N"":""85.46""}}",a47854d8-3051-70fa-00ce-ac30661244a5
868032061545061,1780682400,data.qo,"{""tE"":{""N"":""94.28""},""hL"":{""N"":""59.1""},""wL"":{""N"":""28.730186""},""tL"":{""N"":""82.4""},""hR"":{""N"":""58.9""},""wR"":{""N"":""26.28271""},""hE"":{""N"":""38""},""tR"":{""N"":""89.6""}}",a47854d8-3051-70fa-00ce-ac30661244a5
868032061545061,1780686000,data.qo,"{""tE"":{""N"":""102.74""},""hL"":{""N"":""55.7""},""wL"":{""N"":""28.591105""},""tL"":{""N"":""86.54""},""hR"":{""N"":""59.9""},""wR"":{""N"":""25.995316""},""hE"":{""N"":""33.4""},""tR"":{""N"":""92.12""}}",a47854d8-3051-70fa-00ce-ac30661244a5
868032061545061,1780689600,data.qo,"{""tE"":{""N"":""97.52""},""hL"":{""N"":""50.7""},""wL"":{""N"":""28.411362""},""tL"":{""N"":""88.52""},""hR"":{""N"":""57.5""},""wR"":{""N"":""25.53935""},""hE"":{""N"":""36.1""},""tR"":{""N"":""93.2""}}",a47854d8-3051-70fa-00ce-ac30661244a5
868032061545061,1780693200,data.qo,"{""tE"":{""N"":""91.76""},""hL"":{""N"":""48.8""},""wL"":{""N"":""28.32756""},""tL"":{""N"":""89.24""},""hR"":{""N"":""52.9""},""wR"":{""N"":""25.271145""},""hE"":{""N"":""39.9""},""tR"":{""N"":""92.84""}}",a47854d8-3051-70fa-00ce-ac30661244a5
868032061545061,1780696800,data.qo,"{""tE"":{""N"":""91.04""},""hL"":{""N"":""45.3""},""wL"":{""N"":""28.271042""},""tL"":{""N"":""90.68""},""hR"":{""N"":""54.9""},""wR"":{""N"":""25.216726""},""hE"":{""N"":""40.3""},""tR"":{""N"":""92.66""}}",a47854d8-3051-70fa-00ce-ac30661244a5
868032061545061,1780700400,data.qo,"{""tE"":{""N"":""84.92""},""hL"":{""N"":""45.4""},""wL"":{""N"":""28.08306""},""tL"":{""N"":""89.78""},""hR"":{""N"":""54.3""},""wR"":{""N"":""24.952589""},""hE"":{""N"":""43.2""},""tR"":{""N"":""91.4""}}",a47854d8-3051-70fa-00ce-ac30661244a5
868032061545061,1780704000,data.qo,"{""tE"":{""N"":""78.44""},""hL"":{""N"":""52.9""},""wL"":{""N"":""27.985498""},""tL"":{""N"":""87.26""},""hR"":{""N"":""51.2""},""wR"":{""N"":""24.80316""},""hE"":{""N"":""49.1""},""tR"":{""N"":""88.88""}}",a47854d8-3051-70fa-00ce-ac30661244a5
868032061545061,1780707600,data.qo,"{""tE"":{""N"":""73.94""},""hL"":{""N"":""48.2""},""wL"":{""N"":""27.88408""},""tL"":{""N"":""84.02""},""hR"":{""N"":""49.8""},""wR"":{""N"":""24.621367""},""hE"":{""N"":""56.8""},""tR"":{""N"":""86.9""}}",a47854d8-3051-70fa-00ce-ac30661244a5
868032061545061,1780711200,data.qo,"{""tE"":{""N"":""68""},""hL"":{""N"":""54.5""},""wL"":{""N"":""27.865273""},""tL"":{""N"":""80.78""},""hR"":{""N"":""49.4""},""wR"":{""N"":""24.450068""},""hE"":{""N"":""64.4""},""tR"":{""N"":""84.02""}}",a47854d8-3051-70fa-00ce-ac30661244a5
868032061545061,1780714800,data.qo,"{""tE"":{""N"":""64.76""},""hL"":{""N"":""54.7""},""wL"":{""N"":""27.905363""},""tL"":{""N"":""77""},""hR"":{""N"":""49.3""},""wR"":{""N"":""24.44674""},""hE"":{""N"":""70.9""},""tR"":{""N"":""80.6""}}",a47854d8-3051-70fa-00ce-ac30661244a5
868032061545061,1780718400,data.qo,"{""tE"":{""N"":""61.52""},""hL"":{""N"":""55""},""wL"":{""N"":""27.93817""},""tL"":{""N"":""73.58""},""hR"":{""N"":""49.8""},""wR"":{""N"":""24.573977""},""hE"":{""N"":""75.5""},""tR"":{""N"":""77.36""}}",a47854d8-3051-70fa-00ce-ac30661244a5
868032061545061,1780722000,data.qo,"{""tE"":{""N"":""59.54""},""hL"":{""N"":""55.5""},""wL"":{""N"":""28.027351""},""tL"":{""N"":""70.16""},""hR"":{""N"":""49.8""},""wR"":{""N"":""24.599867""},""hE"":{""N"":""79.2""},""tR"":{""N"":""74.48""}}",a47854d8-3051-70fa-00ce-ac30661244a5
868032061545061,1780725600,data.qo,"{""tE"":{""N"":""57.92""},""hL"":{""N"":""55.5""},""wL"":{""N"":""28.10939""},""tL"":{""N"":""67.1""},""hR"":{""N"":""50.1""},""wR"":{""N"":""24.661036""},""hE"":{""N"":""80.6""},""tR"":{""N"":""71.96""}}",a47854d8-3051-70fa-00ce-ac30661244a5
868032061545061,1780729200,data.qo,"{""tE"":{""N"":""56.48""},""hL"":{""N"":""56.1""},""wL"":{""N"":""28.213047""},""tL"":{""N"":""64.76""},""hR"":{""N"":""50.5""},""wR"":{""N"":""24.784712""},""hE"":{""N"":""82.3""},""tR"":{""N"":""69.62""}}",a47854d8-3051-70fa-00ce-ac30661244a5
868032061545061,1780732800,data.qo,"{""tE"":{""N"":""55.4""},""hL"":{""N"":""56.1""},""wL"":{""N"":""28.290945""},""tL"":{""N"":""64.76""},""hR"":{""N"":""50.8""},""wR"":{""N"":""24.924572""},""hE"":{""N"":""83.2""},""tR"":{""N"":""67.64""}}",a47854d8-3051-70fa-00ce-ac30661244a5
868032061545061,1780736400,data.qo,"{""tE"":{""N"":""54.68""},""hL"":{""N"":""57.2""},""wL"":{""N"":""28.363031""},""tL"":{""N"":""60.8""},""hR"":{""N"":""51.6""},""wR"":{""N"":""25.051023""},""hE"":{""N"":""83.9""},""tR"":{""N"":""66.02""}}",a47854d8-3051-70fa-00ce-ac30661244a5
868032061545061,1780740000,data.qo,"{""tE"":{""N"":""54.14""},""hL"":{""N"":""58.9""},""wL"":{""N"":""28.44431""},""tL"":{""N"":""59.36""},""hR"":{""N"":""53.6""},""wR"":{""N"":""25.185196""},""hE"":{""N"":""85.6""},""tR"":{""N"":""64.58""}}",a47854d8-3051-70fa-00ce-ac30661244a5
868032061545061,1780743600,data.qo,"{""tE"":{""N"":""53.78""},""hL"":{""N"":""59.5""},""wL"":{""N"":""28.552252""},""tL"":{""N"":""58.1""},""hR"":{""N"":""53.2""},""wR"":{""N"":""25.294308""},""hE"":{""N"":""85.8""},""tR"":{""N"":""63.68""}}",a47854d8-3051-70fa-00ce-ac30661244a5
868032061545061,1780747200,data.qo,"{""tE"":{""N"":""53.96""},""hL"":{""N"":""60""},""wL"":{""N"":""28.827604""},""tL"":{""N"":""57.02""},""hR"":{""N"":""53.4""},""wR"":{""N"":""25.60639""},""hE"":{""N"":""86.8""},""tR"":{""N"":""62.6""}}",a47854d8-3051-70fa-00ce-ac30661244a5
868032061545061,1780750800,data.qo,"{""tE"":{""N"":""60.08""},""hL"":{""N"":""61.5""},""wL"":{""N"":""29.061867""},""tL"":{""N"":""56.66""},""hR"":{""N"":""55.9""},""wR"":{""N"":""25.592335""},""hE"":{""N"":""89.6""},""tR"":{""N"":""62.96""}}",a47854d8-3051-70fa-00ce-ac30661244a5
868032061545061,1780754400,data.qo,"{""tE"":{""N"":""69.98""},""hL"":{""N"":""72.8""},""wL"":{""N"":""28.884647""},""tL"":{""N"":""60.44""},""hR"":{""N"":""64.9""},""wR"":{""N"":""25.675373""},""hE"":{""N"":""66.7""},""tR"":{""N"":""66.74""}}",a47854d8-3051-70fa-00ce-ac30661244a5
868032061545061,1780758000,data.qo,"{""tE"":{""N"":""73.58""},""hL"":{""N"":""72.8""},""wL"":{""N"":""28.779324""},""tL"":{""N"":""60.44""},""hR"":{""N"":""64.8""},""wR"":{""N"":""25.787445""},""hE"":{""N"":""58.7""},""tR"":{""N"":""71.96""}}",a47854d8-3051-70fa-00ce-ac30661244a5
868032061545061,1780761600,data.qo,"{""tE"":{""N"":""78.26""},""hL"":{""N"":""69.8""},""wL"":{""N"":""28.719568""},""tL"":{""N"":""69.8""},""hR"":{""N"":""62.5""},""wR"":{""N"":""25.827623""},""hE"":{""N"":""52""},""tR"":{""N"":""76.46""}}",a47854d8-3051-70fa-00ce-ac30661244a5
868032061545061,1780765200,data.qo,"{""tE"":{""N"":""81.14""},""hL"":{""N"":""68.7""},""wL"":{""N"":""28.550823""},""tL"":{""N"":""73.76""},""hR"":{""N"":""59.7""},""wR"":{""N"":""26.009232""},""hE"":{""N"":""49.6""},""tR"":{""N"":""80.42""}}",a47854d8-3051-70fa-00ce-ac30661244a5
868032061545061,1780768800,data.qo,"{""tE"":{""N"":""90.32""},""hL"":{""N"":""67.5""},""wL"":{""N"":""28.634863""},""tL"":{""N"":""77.9""},""hR"":{""N"":""58.5""},""wR"":{""N"":""26.01256""},""hE"":{""N"":""42""},""tR"":{""N"":""83.84""}}",a47854d8-3051-70fa-00ce-ac30661244a5
868032061545061,1780772400,data.qo,"{""tE"":{""N"":""96.98""},""hL"":{""N"":""67.5""},""wL"":{""N"":""28.46826""},""tL"":{""N"":""77.9""},""hR"":{""N"":""54""},""wR"":{""N"":""26.038174""},""hE"":{""N"":""36.4""},""tR"":{""N"":""87.62""}}",a47854d8-3051-70fa-00ce-ac30661244a5
868032061545061,1780776000,data.qo,"{""tE"":{""N"":""96.98""},""hL"":{""N"":""56.7""},""wL"":{""N"":""28.357128""},""tL"":{""N"":""84.38""},""hR"":{""N"":""54.6""},""wR"":{""N"":""25.792484""},""hE"":{""N"":""35.3""},""tR"":{""N"":""89.24""}}",a47854d8-3051-70fa-00ce-ac30661244a5
868032061545061,1780779600,data.qo,"{""tE"":{""N"":""94.64""},""hL"":{""N"":""56.7""},""wL"":{""N"":""28.456022""},""tL"":{""N"":""84.38""},""hR"":{""N"":""55.7""},""wR"":{""N"":""25.69271""},""hE"":{""N"":""38""},""tR"":{""N"":""89.96""}}",a47854d8-3051-70fa-00ce-ac30661244a5
868032061545061,1780783200,data.qo,"{""tE"":{""N"":""98.42""},""hL"":{""N"":""49.7""},""wL"":{""N"":""28.232187""},""tL"":{""N"":""88.16""},""hR"":{""N"":""57.7""},""wR"":{""N"":""25.593075""},""hE"":{""N"":""35.7""},""tR"":{""N"":""91.58""}}",a47854d8-3051-70fa-00ce-ac30661244a5
868032061545061,1780786800,data.qo,"{""tE"":{""N"":""89.06""},""hL"":{""N"":""44""},""wL"":{""N"":""28.02178""},""tL"":{""N"":""89.42""},""hR"":{""N"":""54.7""},""wR"":{""N"":""25.263748""},""hE"":{""N"":""39.3""},""tR"":{""N"":""92.12""}}",a47854d8-3051-70fa-00ce-ac30661244a5
868032061545061,1780790400,data.qo,"{""tE"":{""N"":""81.32""},""hL"":{""N"":""44.2""},""wL"":{""N"":""27.884794""},""tL"":{""N"":""87.08""},""hR"":{""N"":""52.1""},""wR"":{""N"":""25.041637""},""hE"":{""N"":""49""},""tR"":{""N"":""90.32""}}",a47854d8-3051-70fa-00ce-ac30661244a5
868032061545061,1780794000,data.qo,"{""tE"":{""N"":""75.02""},""hL"":{""N"":""44.2""},""wL"":{""N"":""27.74338""},""tL"":{""N"":""87.08""},""hR"":{""N"":""51.6""},""wR"":{""N"":""24.77001""},""hE"":{""N"":""54.7""},""tR"":{""N"":""87.8""}}",a47854d8-3051-70fa-00ce-ac30661244a5
868032061545061,1780797600,data.qo,"{""tE"":{""N"":""69.26""},""hL"":{""N"":""54""},""wL"":{""N"":""27.649246""},""tL"":{""N"":""81.5""},""hR"":{""N"":""51.6""},""wR"":{""N"":""24.475126""},""hE"":{""N"":""61.4""},""tR"":{""N"":""87.8""}}",a47854d8-3051-70fa-00ce-ac30661244a5
868032061545061,1780801200,data.qo,"{""tE"":{""N"":""65.12""},""hL"":{""N"":""54""},""wL"":{""N"":""27.644438""},""tL"":{""N"":""81.5""},""hR"":{""N"":""48.7""},""wR"":{""N"":""24.329119""},""hE"":{""N"":""68.9""},""tR"":{""N"":""81.32""}}",a47854d8-3051-70fa-00ce-ac30661244a5
868032061545061,1780804800,data.qo,"{""tE"":{""N"":""62.6""},""hL"":{""N"":""54.3""},""wL"":{""N"":""27.733856""},""tL"":{""N"":""74.12""},""hR"":{""N"":""49.3""},""wR"":{""N"":""24.282421""},""hE"":{""N"":""74.1""},""tR"":{""N"":""77.72""}}",a47854d8-3051-70fa-00ce-ac30661244a5
868032061545061,1780808340,data.qo,"{""tE"":{""N"":""60.8""},""hL"":{""N"":""54.6""},""wL"":{""N"":""27.892841""},""tL"":{""N"":""70.88""},""hR"":{""N"":""49.9""},""wR"":{""N"":""24.372255""},""hE"":{""N"":""78.2""},""tR"":{""N"":""74.48""}}",a47854d8-3051-70fa-00ce-ac30661244a5
868032061545061,1780812000,data.qo,"{""tE"":{""N"":""60.8""},""hL"":{""N"":""56.1""},""wL"":{""N"":""28.031303""},""tL"":{""N"":""68.18""},""hR"":{""N"":""51.2""},""wR"":{""N"":""24.470133""},""hE"":{""N"":""78.2""},""tR"":{""N"":""71.6""}}",a47854d8-3051-70fa-00ce-ac30661244a5
868032061545061,1780815600,data.qo,"{""tE"":{""N"":""59.72""},""hL"":{""N"":""56.8""},""wL"":{""N"":""28.154816""},""tL"":{""N"":""66.2""},""hR"":{""N"":""51.8""},""wR"":{""N"":""24.572681""},""hE"":{""N"":""81.8""},""tR"":{""N"":""69.98""}}",a47854d8-3051-70fa-00ce-ac30661244a5
868032061545061,1780819200,data.qo,"{""tE"":{""N"":""58.28""},""hL"":{""N"":""58.2""},""wL"":{""N"":""28.276659""},""tL"":{""N"":""64.58""},""hR"":{""N"":""53""},""wR"":{""N"":""24.739727""},""hE"":{""N"":""83.7""},""tR"":{""N"":""68.54""}}",a47854d8-3051-70fa-00ce-ac30661244a5
868032061545061,1780822800,data.qo,"{""tE"":{""N"":""57.74""},""hL"":{""N"":""58.1""},""wL"":{""N"":""28.357841""},""tL"":{""N"":""62.96""},""hR"":{""N"":""56.1""},""wR"":{""N"":""24.843292""},""hE"":{""N"":""84.5""},""tR"":{""N"":""67.1""}}",a47854d8-3051-70fa-00ce-ac30661244a5
868032061545061,1780826400,data.qo,"{""tE"":{""N"":""57.2""},""hL"":{""N"":""58.6""},""wL"":{""N"":""28.480307""},""tL"":{""N"":""61.88""},""hR"":{""N"":""54""},""wR"":{""N"":""25.009644""},""hE"":{""N"":""85.3""},""tR"":{""N"":""66.02""}}",a47854d8-3051-70fa-00ce-ac30661244a5
868032061545061,1780830000,data.qo,"{""tE"":{""N"":""57.56""},""hL"":{""N"":""59.4""},""wL"":{""N"":""28.613817""},""tL"":{""N"":""60.8""},""hR"":{""N"":""53.7""},""wR"":{""N"":""25.15995""},""hE"":{""N"":""86.1""},""tR"":{""N"":""65.12""}}",a47854d8-3051-70fa-00ce-ac30661244a5
868032061545061,1780833600,data.qo,"{""tE"":{""N"":""59.18""},""hL"":{""N"":""59.5""},""wL"":{""N"":""28.823463""},""tL"":{""N"":""60.08""},""hR"":{""N"":""54.6""},""wR"":{""N"":""25.37078""},""hE"":{""N"":""86.5""},""tR"":{""N"":""64.58""}}",a47854d8-3051-70fa-00ce-ac30661244a5
868032061545061,1780837200,data.qo,"{""tE"":{""N"":""63.68""},""hL"":{""N"":""62.5""},""wL"":{""N"":""28.841604""},""tL"":{""N"":""60.62""},""hR"":{""N"":""59.5""},""wR"":{""N"":""25.495983""},""hE"":{""N"":""79.7""},""tR"":{""N"":""65.66""}}",a47854d8-3051-70fa-00ce-ac30661244a5
868032061545061,1780840800,data.qo,"{""tE"":{""N"":""73.4""},""hL"":{""N"":""70.2""},""wL"":{""N"":""28.725805""},""tL"":{""N"":""64.04""},""hR"":{""N"":""65.5""},""wR"":{""N"":""25.426584""},""hE"":{""N"":""61.6""},""tR"":{""N"":""69.08""}}",a47854d8-3051-70fa-00ce-ac30661244a5
868032061545061,1780844400,data.qo,"{""tE"":{""N"":""75.2""},""hL"":{""N"":""70.2""},""wL"":{""N"":""28.644337""},""tL"":{""N"":""68.9""},""hR"":{""N"":""64.7""},""wR"":{""N"":""25.393713""},""hE"":{""N"":""57.6""},""tR"":{""N"":""74.12""}}",a47854d8-3051-70fa-00ce-ac30661244a5
868032061545061,1780848000,data.qo,"{""tE"":{""N"":""77""},""hL"":{""N"":""68.3""},""wL"":{""N"":""28.625864""},""tL"":{""N"":""71.96""},""hR"":{""N"":""63""},""wR"":{""N"":""25.437126""},""hE"":{""N"":""57.7""},""tR"":{""N"":""77""}}",a47854d8-3051-70fa-00ce-ac30661244a5
868032061545061,1780851600,data.qo,"{""tE"":{""N"":""77""},""hL"":{""N"":""67.5""},""wL"":{""N"":""28.526445""},""tL"":{""N"":""74.84""},""hR"":{""N"":""61.6""},""wR"":{""N"":""25.655123""},""hE"":{""N"":""57.7""},""tR"":{""N"":""79.52""}}",a47854d8-3051-70fa-00ce-ac30661244a5
868032061545061,1780855200,data.qo,"{""tE"":{""N"":""89.78""},""hL"":{""N"":""64.9""},""wL"":{""N"":""28.570107""},""tL"":{""N"":""79.52""},""hR"":{""N"":""59""},""wR"":{""N"":""25.758503""},""hE"":{""N"":""42.9""},""tR"":{""N"":""83.3""}}",a47854d8-3051-70fa-00ce-ac30661244a5
868032061545061,1780858800,data.qo,"{""tE"":{""N"":""97.88""},""hL"":{""N"":""59.7""},""wL"":{""N"":""28.351034""},""tL"":{""N"":""84.2""},""hR"":{""N"":""57.6""},""wR"":{""N"":""25.639494""},""hE"":{""N"":""38""},""tR"":{""N"":""87.98""}}",a47854d8-3051-70fa-00ce-ac30661244a5
868032061545061,1780862400,data.qo,"{""tE"":{""N"":""95.18""},""hL"":{""N"":""51.2""},""wL"":{""N"":""28.280897""},""tL"":{""N"":""87.26""},""hR"":{""N"":""55.6""},""wR"":{""N"":""25.543327""},""hE"":{""N"":""38.3""},""tR"":{""N"":""90.5""}}",a47854d8-3051-70fa-00ce-ac30661244a5
868032061545061,1780866000,data.qo,"{""tE"":{""N"":""97.16""},""hL"":{""N"":""47.8""},""wL"":{""N"":""27.977547""},""tL"":{""N"":""88.34""},""hR"":{""N"":""54""},""wR"":{""N"":""25.347015""},""hE"":{""N"":""35.7""},""tR"":{""N"":""91.4""}}",a47854d8-3051-70fa-00ce-ac30661244a5
868032061545061,1780869600,data.qo,"{""tE"":{""N"":""87.26""},""hL"":{""N"":""46""},""wL"":{""N"":""27.990593""},""tL"":{""N"":""88.34""},""hR"":{""N"":""52.3""},""wR"":{""N"":""25.223755""},""hE"":{""N"":""43.2""},""tR"":{""N"":""91.4""}}",a47854d8-3051-70fa-00ce-ac30661244a5
868032061545061,1780873200,data.qo,"{""tE"":{""N"":""84.74""},""hL"":{""N"":""49.7""},""wL"":{""N"":""27.771662""},""tL"":{""N"":""86.54""},""hR"":{""N"":""52.3""},""wR"":{""N"":""25.052872""},""hE"":{""N"":""48.3""},""tR"":{""N"":""89.24""}}",a47854d8-3051-70fa-00ce-ac30661244a5
868032061545061,1780876800,data.qo,"{""tE"":{""N"":""78.08""},""hL"":{""N"":""54.6""},""wL"":{""N"":""27.684385""},""tL"":{""N"":""84.74""},""hR"":{""N"":""51.8""},""wR"":{""N"":""24.862894""},""hE"":{""N"":""57.2""},""tR"":{""N"":""87.44""}}",a47854d8-3051-70fa-00ce-ac30661244a5
868032061545061,1780880400,data.qo,"{""tE"":{""N"":""73.22""},""hL"":{""N"":""55.7""},""wL"":{""N"":""27.596727""},""tL"":{""N"":""82.4""},""hR"":{""N"":""51.1""},""wR"":{""N"":""24.599775""},""hE"":{""N"":""60.9""},""tR"":{""N"":""85.46""}}",a47854d8-3051-70fa-00ce-ac30661244a5
868032061545061,1780884000,data.qo,"{""tE"":{""N"":""68.54""},""hL"":{""N"":""55.5""},""wL"":{""N"":""27.536304""},""tL"":{""N"":""79.52""},""hR"":{""N"":""50.6""},""wR"":{""N"":""24.335545""},""hE"":{""N"":""67.6""},""tR"":{""N"":""82.58""}}",a47854d8-3051-70fa-00ce-ac30661244a5
868032061545061,1780887600,data.qo,"{""tE"":{""N"":""65.3""},""hL"":{""N"":""55.5""},""wL"":{""N"":""27.561255""},""tL"":{""N"":""76.28""},""hR"":{""N"":""51""},""wR"":{""N"":""24.238684""},""hE"":{""N"":""74.1""},""tR"":{""N"":""79.16""}}",a47854d8-3051-70fa-00ce-ac30661244a5
868032061545061,1780891200,data.qo,"{""tE"":{""N"":""63.14""},""hL"":{""N"":""55.9""},""wL"":{""N"":""27.607107""},""tL"":{""N"":""73.04""},""hR"":{""N"":""51.3""},""wR"":{""N"":""24.272898""},""hE"":{""N"":""77.8""},""tR"":{""N"":""76.28""}}",a47854d8-3051-70fa-00ce-ac30661244a5
868032061545061,1780894800,data.qo,"{""tE"":{""N"":""63.14""},""hL"":{""N"":""55.8""},""wL"":{""N"":""27.677814""},""tL"":{""N"":""70.34""},""hR"":{""N"":""51.7""},""wR"":{""N"":""24.30725""},""hE"":{""N"":""77.8""},""tR"":{""N"":""73.4""}}",a47854d8-3051-70fa-00ce-ac30661244a5
868032061545061,1780898400,data.qo,"{""tE"":{""N"":""59.36""},""hL"":{""N"":""56.4""},""wL"":{""N"":""27.839893""},""tL"":{""N"":""67.46""},""hR"":{""N"":""51.8""},""wR"":{""N"":""24.387651""},""hE"":{""N"":""82.1""},""tR"":{""N"":""70.7""}}",a47854d8-3051-70fa-00ce-ac30661244a5
868032061545061,1780902000,data.qo,"{""tE"":{""N"":""58.28""},""hL"":{""N"":""56.2""},""wL"":{""N"":""27.991356""},""tL"":{""N"":""65.12""},""hR"":{""N"":""51.4""},""wR"":{""N"":""24.508924""},""hE"":{""N"":""82.9""},""tR"":{""N"":""68.9""}}",a47854d8-3051-70fa-00ce-ac30661244a5
868032061545061,1780905600,data.qo,"{""tE"":{""N"":""57.56""},""hL"":{""N"":""56.9""},""wL"":{""N"":""28.112581""},""tL"":{""N"":""63.32""},""hR"":{""N"":""52.5""},""wR"":{""N"":""24.620026""},""hE"":{""N"":""84""},""tR"":{""N"":""67.1""}}",a47854d8-3051-70fa-00ce-ac30661244a5
868032061545061,1780909200,data.qo,"{""tE"":{""N"":""56.66""},""hL"":{""N"":""56.7""},""wL"":{""N"":""28.193""},""tL"":{""N"":""61.7""},""hR"":{""N"":""52.5""},""wR"":{""N"":""24.738293""},""hE"":{""N"":""84.2""},""tR"":{""N"":""65.48""}}",a47854d8-3051-70fa-00ce-ac30661244a5
868032061545061,1780912800,data.qo,"{""tE"":{""N"":""56.12""},""hL"":{""N"":""57.2""},""wL"":{""N"":""28.26747""},""tL"":{""N"":""60.26""},""hR"":{""N"":""52.7""},""wR"":{""N"":""24.834969""},""hE"":{""N"":""84.7""},""tR"":{""N"":""64.22""}}",a47854d8-3051-70fa-00ce-ac30661244a5
868032061545061,1780916400,data.qo,"{""tE"":{""N"":""55.4""},""hL"":{""N"":""57.5""},""wL"":{""N"":""28.36046""},""tL"":{""N"":""59""},""hR"":{""N"":""53.3""},""wR"":{""N"":""24.875193""},""hE"":{""N"":""84.8""},""tR"":{""N"":""63.32""}}",a47854d8-3051-70fa-00ce-ac30661244a5
868032061545061,1780920000,data.qo,"{""tE"":{""N"":""56.12""},""hL"":{""N"":""57.8""},""wL"":{""N"":""28.615816""},""tL"":{""N"":""57.92""},""hR"":{""N"":""53.4""},""wR"":{""N"":""25.044088""},""hE"":{""N"":""86.7""},""tR"":{""N"":""62.6""}}",a47854d8-3051-70fa-00ce-ac30661244a5
868032061545061,1780923600,data.qo,"{""tE"":{""N"":""60.44""},""hL"":{""N"":""59.5""},""wL"":{""N"":""28.794418""},""tL"":{""N"":""57.92""},""hR"":{""N"":""55.9""},""wR"":{""N"":""25.299671""},""hE"":{""N"":""87.7""},""tR"":{""N"":""62.96""}}",a47854d8-3051-70fa-00ce-ac30661244a5
868032061545061,1780927200,data.qo,"{""tE"":{""N"":""71.06""},""hL"":{""N"":""68.7""},""wL"":{""N"":""28.922644""},""tL"":{""N"":""60.44""},""hR"":{""N"":""61.6""},""wR"":{""N"":""25.50426""},""hE"":{""N"":""76.9""},""tR"":{""N"":""65.3""}}",a47854d8-3051-70fa-00ce-ac30661244a5
868032061545061,1780930800,data.qo,"{""tE"":{""N"":""80.06""},""hL"":{""N"":""76""},""wL"":{""N"":""28.738281""},""tL"":{""N"":""67.82""},""hR"":{""N"":""71.9""},""wR"":{""N"":""25.538103""},""hE"":{""N"":""55.1""},""tR"":{""N"":""72.5""}}",a47854d8-3051-70fa-00ce-ac30661244a5
868032061545061,1780934400,data.qo,"{""tE"":{""N"":""82.58""},""hL"":{""N"":""70.6""},""wL"":{""N"":""28.498924""},""tL"":{""N"":""73.4""},""hR"":{""N"":""63.3""},""wR"":{""N"":""25.500237""},""hE"":{""N"":""48.3""},""tR"":{""N"":""77.72""}}",a47854d8-3051-70fa-00ce-ac30661244a5
868032061545061,1780938000,data.qo,"{""tE"":{""N"":""85.1""},""hL"":{""N"":""68.3""},""wL"":{""N"":""28.452166""},""tL"":{""N"":""78.26""},""hR"":{""N"":""61.3""},""wR"":{""N"":""25.476519""},""hE"":{""N"":""50.5""},""tR"":{""N"":""82.4""}}",a47854d8-3051-70fa-00ce-ac30661244a5
868032061545061,1780941600,data.qo,"{""tE"":{""N"":""93.56""},""hL"":{""N"":""67""},""wL"":{""N"":""28.32856""},""tL"":{""N"":""82.22""},""hR"":{""N"":""60.7""},""wR"":{""N"":""25.55863""},""hE"":{""N"":""45.7""},""tR"":{""N"":""85.46""}}",a47854d8-3051-70fa-00ce-ac30661244a5
868032061545061,1780945200,data.qo,"{""tE"":{""N"":""92.48""},""hL"":{""N"":""55.6""},""wL"":{""N"":""28.15972""},""tL"":{""N"":""86.9""},""hR"":{""N"":""58.2""},""wR"":{""N"":""25.481512""},""hE"":{""N"":""43.8""},""tR"":{""N"":""88.88""}}",a47854d8-3051-70fa-00ce-ac30661244a5
868032061545061,1780948800,data.qo,"{""tE"":{""N"":""87.8""},""hL"":{""N"":""52.7""},""wL"":{""N"":""28.14472""},""tL"":{""N"":""87.44""},""hR"":{""N"":""58.3""},""wR"":{""N"":""25.427973""},""hE"":{""N"":""48.9""},""tR"":{""N"":""89.96""}}",a47854d8-3051-70fa-00ce-ac30661244a5
868032061545061,1780952400,data.qo,"{""tE"":{""N"":""86.54""},""hL"":{""N"":""53""},""wL"":{""N"":""28.199905""},""tL"":{""N"":""87.08""},""hR"":{""N"":""60""},""wR"":{""N"":""25.30878""},""hE"":{""N"":""51.5""},""tR"":{""N"":""89.6""}}",a47854d8-3051-70fa-00ce-ac30661244a5
868032061545061,1780956000,data.qo,"{""tE"":{""N"":""87.26""},""hL"":{""N"":""55.8""},""wL"":{""N"":""28.089489""},""tL"":{""N"":""86.54""},""hR"":{""N"":""59.5""},""wR"":{""N"":""25.385992""},""hE"":{""N"":""54.2""},""tR"":{""N"":""89.6""}}",a47854d8-3051-70fa-00ce-ac30661244a5
868032061545061,1780959600,data.qo,"{""tE"":{""N"":""81.14""},""hL"":{""N"":""59.2""},""wL"":{""N"":""28.054634""},""tL"":{""N"":""86""},""hR"":{""N"":""58.1""},""wR"":{""N"":""25.062166""},""hE"":{""N"":""63.5""},""tR"":{""N"":""89.24""}}",a47854d8-3051-70fa-00ce-ac30661244a5
868032061545061,1780963200,data.qo,"{""tE"":{""N"":""77.36""},""hL"":{""N"":""59.6""},""wL"":{""N"":""28.233997""},""tL"":{""N"":""83.84""},""hR"":{""N"":""57.6""},""wR"":{""N"":""25.055878""},""hE"":{""N"":""70.1""},""tR"":{""N"":""87.26""}}",a47854d8-3051-70fa-00ce-ac30661244a5
868032061545061,1780966800,data.qo,"{""tE"":{""N"":""72.5""},""hL"":{""N"":""57.1""},""wL"":{""N"":""29.022205""},""tL"":{""N"":""81.86""},""hR"":{""N"":""55.6""},""wR"":{""N"":""25.787722""},""hE"":{""N"":""74.4""},""tR"":{""N"":""85.46""}}",a47854d8-3051-70fa-00ce-ac30661244a5
868032061545061,1780970400,data.qo,"{""tE"":{""N"":""66.56""},""hL"":{""N"":""57.1""},""wL"":{""N"":""29.045631""},""tL"":{""N"":""78.44""},""hR"":{""N"":""53.4""},""wR"":{""N"":""25.67246""},""hE"":{""N"":""85""},""tR"":{""N"":""82.04""}}",a47854d8-3051-70fa-00ce-ac30661244a5
868032061545061,1780974000,data.qo,"{""tE"":{""N"":""65.84""},""hL"":{""N"":""57.8""},""wL"":{""N"":""29.05001""},""tL"":{""N"":""75.38""},""hR"":{""N"":""54""},""wR"":{""N"":""25.687117""},""hE"":{""N"":""86.7""},""tR"":{""N"":""78.8""}}",a47854d8-3051-70fa-00ce-ac30661244a5
868032061545061,1780977600,data.qo,"{""tE"":{""N"":""65.12""},""hL"":{""N"":""59.2""},""wL"":{""N"":""29.074104""},""tL"":{""N"":""72.86""},""hR"":{""N"":""55.1""},""wR"":{""N"":""25.715967""},""hE"":{""N"":""87.5""},""tR"":{""N"":""76.64""}}",a47854d8-3051-70fa-00ce-ac30661244a5
868032061545061,1780981140,data.qo,"{""tE"":{""N"":""65.66""},""hL"":{""N"":""59.8""},""wL"":{""N"":""29.126242""},""tL"":{""N"":""71.06""},""hR"":{""N"":""55""},""wR"":{""N"":""25.809082""},""hE"":{""N"":""88.8""},""tR"":{""N"":""75.56""}}",a47854d8-3051-70fa-00ce-ac30661244a5
868032061545061,1780984800,data.qo,"{""tE"":{""N"":""66.2""},""hL"":{""N"":""62.3""},""wL"":{""N"":""29.2209""},""tL"":{""N"":""69.98""},""hR"":{""N"":""56.5""},""wR"":{""N"":""25.903725""},""hE"":{""N"":""89.6""},""tR"":{""N"":""74.48""}}",a47854d8-3051-70fa-00ce-ac30661244a5
868032061545061,1780988400,data.qo,"{""tE"":{""N"":""66.56""},""hL"":{""N"":""64.1""},""wL"":{""N"":""29.193665""},""tL"":{""N"":""69.26""},""hR"":{""N"":""57.7""},""wR"":{""N"":""25.927212""},""hE"":{""N"":""89.9""},""tR"":{""N"":""74.12""}}",a47854d8-3051-70fa-00ce-ac30661244a5
868032061545061,1780992000,data.qo,"{""tE"":{""N"":""66.2""},""hL"":{""N"":""64.1""},""wL"":{""N"":""29.215185""},""tL"":{""N"":""69.26""},""hR"":{""N"":""58.7""},""wR"":{""N"":""26.039885""},""hE"":{""N"":""89.7""},""tR"":{""N"":""74.12""}}",a47854d8-3051-70fa-00ce-ac30661244a5
868032061545061,1780995600,data.qo,"{""tE"":{""N"":""66.02""},""hL"":{""N"":""65.5""},""wL"":{""N"":""29.278418""},""tL"":{""N"":""68.54""},""hR"":{""N"":""58.1""},""wR"":{""N"":""26.165596""},""hE"":{""N"":""90.2""},""tR"":{""N"":""74.12""}}",a47854d8-3051-70fa-00ce-ac30661244a5
868032061545061,1780999200,data.qo,"{""tE"":{""N"":""66.02""},""hL"":{""N"":""66""},""wL"":{""N"":""29.322699""},""tL"":{""N"":""68.54""},""hR"":{""N"":""59.5""},""wR"":{""N"":""26.310635""},""hE"":{""N"":""91.1""},""tR"":{""N"":""73.94""}}",a47854d8-3051-70fa-00ce-ac30661244a5
868032061545061,1781002800,data.qo,"{""tE"":{""N"":""66.02""},""hL"":{""N"":""66.1""},""wL"":{""N"":""29.314222""},""tL"":{""N"":""68""},""hR"":{""N"":""59.4""},""wR"":{""N"":""26.231342""},""hE"":{""N"":""91.2""},""tR"":{""N"":""73.76""}}",a47854d8-3051-70fa-00ce-ac30661244a5
868032061545061,1781006400,data.qo,"{""tE"":{""N"":""65.12""},""hL"":{""N"":""67""},""wL"":{""N"":""29.297224""},""tL"":{""N"":""67.82""},""hR"":{""N"":""59.6""},""wR"":{""N"":""26.340824""},""hE"":{""N"":""91.1""},""tR"":{""N"":""73.22""}}",a47854d8-3051-70fa-00ce-ac30661244a5
868032061545061,1781010000,data.qo,"{""tE"":{""N"":""64.94""},""hL"":{""N"":""66.7""},""wL"":{""N"":""29.353125""},""tL"":{""N"":""67.46""},""hR"":{""N"":""59.9""},""wR"":{""N"":""26.357191""},""hE"":{""N"":""91.7""},""tR"":{""N"":""73.04""}}",a47854d8-3051-70fa-00ce-ac30661244a5
868032061545061,1781013600,data.qo,"{""tE"":{""N"":""65.84""},""hL"":{""N"":""67.9""},""wL"":{""N"":""29.408642""},""tL"":{""N"":""67.46""},""hR"":{""N"":""61.4""},""wR"":{""N"":""26.500704""},""hE"":{""N"":""90.6""},""tR"":{""N"":""73.04""}}",a47854d8-3051-70fa-00ce-ac30661244a5
868032061545061,1781017200,data.qo,"{""tE"":{""N"":""65.84""},""hL"":{""N"":""68""},""wL"":{""N"":""29.571436""},""tL"":{""N"":""67.82""},""hR"":{""N"":""61.8""},""wR"":{""N"":""26.409668""},""hE"":{""N"":""91.5""},""tR"":{""N"":""72.68""}}",a47854d8-3051-70fa-00ce-ac30661244a5
868032061545061,1781020800,data.qo,"{""tE"":{""N"":""66.92""},""hL"":{""N"":""68.3""},""wL"":{""N"":""29.32589""},""tL"":{""N"":""68""},""hR"":{""N"":""62.3""},""wR"":{""N"":""26.549944""},""hE"":{""N"":""93.5""},""tR"":{""N"":""72.68""}}",a47854d8-3051-70fa-00ce-ac30661244a5
868032061545061,1781024400,data.qo,"{""tE"":{""N"":""68.54""},""hL"":{""N"":""68.3""},""wL"":{""N"":""29.411118""},""tL"":{""N"":""68.54""},""hR"":{""N"":""64.4""},""wR"":{""N"":""26.59345""},""hE"":{""N"":""92.2""},""tR"":{""N"":""72.68""}}",a47854d8-3051-70fa-00ce-ac30661244a5
868032061545061,1781028000,data.qo,"{""tE"":{""N"":""73.04""},""hL"":{""N"":""70.9""},""wL"":{""N"":""29.261515""},""tL"":{""N"":""69.62""},""hR"":{""N"":""66.1""},""wR"":{""N"":""26.552532""},""hE"":{""N"":""91.9""},""tR"":{""N"":""73.58""}}",a47854d8-3051-70fa-00ce-ac30661244a5
868032061545061,1781031600,data.qo,"{""tE"":{""N"":""73.22""},""hL"":{""N"":""71.2""},""wL"":{""N"":""29.144335""},""tL"":{""N"":""71.78""},""hR"":{""N"":""68.6""},""wR"":{""N"":""26.491087""},""hE"":{""N"":""83.5""},""tR"":{""N"":""75.38""}}",a47854d8-3051-70fa-00ce-ac30661244a5
868032061545061,1781035200,data.qo,"{""tE"":{""N"":""71.78""},""hL"":{""N"":""69.6""},""wL"":{""N"":""29.141098""},""tL"":{""N"":""72.5""},""hR"":{""N"":""66""},""wR"":{""N"":""26.475922""},""hE"":{""N"":""87.6""},""tR"":{""N"":""76.28""}}",a47854d8-3051-70fa-00ce-ac30661244a5
868032061545061,1781038800,data.qo,"{""tE"":{""N"":""70.7""},""hL"":{""N"":""68.4""},""wL"":{""N"":""29.251944""},""tL"":{""N"":""72.5""},""hR"":{""N"":""65.5""},""wR"":{""N"":""26.484383""},""hE"":{""N"":""85.3""},""tR"":{""N"":""76.28""}}",a47854d8-3051-70fa-00ce-ac30661244a5
868032061545061,1781042400,data.qo,"{""tE"":{""N"":""73.04""},""hL"":{""N"":""69.8""},""wL"":{""N"":""29.185904""},""tL"":{""N"":""72.86""},""hR"":{""N"":""66.3""},""wR"":{""N"":""26.366255""},""hE"":{""N"":""84.6""},""tR"":{""N"":""76.46""}}",a47854d8-3051-70fa-00ce-ac30661244a5
868032061545061,1781046000,data.qo,"{""tE"":{""N"":""73.76""},""hL"":{""N"":""70.2""},""wL"":{""N"":""29.03725""},""tL"":{""N"":""73.94""},""hR"":{""N"":""66.6""},""wR"":{""N"":""26.308878""},""hE"":{""N"":""78.3""},""tR"":{""N"":""77.36""}}",a47854d8-3051-70fa-00ce-ac30661244a5
868032061545061,1781049600,data.qo,"{""tE"":{""N"":""72.68""},""hL"":{""N"":""69.9""},""wL"":{""N"":""28.87341""},""tL"":{""N"":""75.02""},""hR"":{""N"":""65.1""},""wR"":{""N"":""26.168556""},""hE"":{""N"":""79.5""},""tR"":{""N"":""78.44""}}",a47854d8-3051-70fa-00ce-ac30661244a5
868032061545061,1781053200,data.qo,"{""tE"":{""N"":""68.54""},""hL"":{""N"":""67.6""},""wL"":{""N"":""28.757612""},""tL"":{""N"":""74.48""},""hR"":{""N"":""63.4""},""wR"":{""N"":""26.10332""},""hE"":{""N"":""86.2""},""tR"":{""N"":""77.72""}}",a47854d8-3051-70fa-00ce-ac30661244a5
868032061545061,1781056800,data.qo,"{""tE"":{""N"":""65.48""},""hL"":{""N"":""66.2""},""wL"":{""N"":""28.70614""},""tL"":{""N"":""72.86""},""hR"":{""N"":""61.4""},""wR"":{""N"":""26.147888""},""hE"":{""N"":""89.4""},""tR"":{""N"":""76.28""}}",a47854d8-3051-70fa-00ce-ac30661244a5
868032061545061,1781060400,data.qo,"{""tE"":{""N"":""64.94""},""hL"":{""N"":""65.9""},""wL"":{""N"":""28.671288""},""tL"":{""N"":""71.06""},""hR"":{""N"":""61.3""},""wR"":{""N"":""26.241606""},""hE"":{""N"":""90.9""},""tR"":{""N"":""74.48""}}",a47854d8-3051-70fa-00ce-ac30661244a5
868032061545061,1781064000,data.qo,"{""tE"":{""N"":""63.5""},""hL"":{""N"":""66.2""},""wL"":{""N"":""28.678144""},""tL"":{""N"":""69.44""},""hR"":{""N"":""61.6""},""wR"":{""N"":""26.285852""},""hE"":{""N"":""91.8""},""tR"":{""N"":""72.5""}}",a47854d8-3051-70fa-00ce-ac30661244a5
868032061545061,1781068620,data.qo,"{""tE"":{""N"":""62.96""},""hL"":{""N"":""66.7""},""wL"":{""N"":""28.704998""},""tL"":{""N"":""68""},""hR"":{""N"":""61.6""},""wR"":{""N"":""26.353308""},""hE"":{""N"":""92.7""},""tR"":{""N"":""72.5""}}",a47854d8-3051-70fa-00ce-ac30661244a5
868032061545061,1781071200,data.qo,"{""tE"":{""N"":""62.42""},""hL"":{""N"":""67.1""},""wL"":{""N"":""28.707903""},""tL"":{""N"":""66.56""},""hR"":{""N"":""63.2""},""wR"":{""N"":""26.396399""},""hE"":{""N"":""93.2""},""tR"":{""N"":""69.44""}}",a47854d8-3051-70fa-00ce-ac30661244a5
868032061545061,1781074800,data.qo,"{""tE"":{""N"":""62.06""},""hL"":{""N"":""67.1""},""wL"":{""N"":""28.70538""},""tL"":{""N"":""65.84""},""hR"":{""N"":""63.1""},""wR"":{""N"":""26.48272""},""hE"":{""N"":""93.7""},""tR"":{""N"":""68.54""}}",a47854d8-3051-70fa-00ce-ac30661244a5
868032061545061,1781078400,data.qo,"{""tE"":{""N"":""62.24""},""hL"":{""N"":""67.4""},""wL"":{""N"":""28.69538""},""tL"":{""N"":""64.76""},""hR"":{""N"":""63.2""},""wR"":{""N"":""26.549343""},""hE"":{""N"":""95""},""tR"":{""N"":""68""}}",a47854d8-3051-70fa-00ce-ac30661244a5
868032061545061,1781082000,data.qo,"{""tE"":{""N"":""61.88""},""hL"":{""N"":""67.9""},""wL"":{""N"":""28.76585""},""tL"":{""N"":""64.04""},""hR"":{""N"":""64""},""wR"":{""N"":""26.71514""},""hE"":{""N"":""95.8""},""tR"":{""N"":""67.46""}}",a47854d8-3051-70fa-00ce-ac30661244a5
868032061545061,1781085600,data.qo,"{""tE"":{""N"":""61.88""},""hL"":{""N"":""68.9""},""wL"":{""N"":""28.967638""},""tL"":{""N"":""63.5""},""hR"":{""N"":""64.7""},""wR"":{""N"":""26.862719""},""hE"":{""N"":""95.8""},""tR"":{""N"":""67.1""}}",a47854d8-3051-70fa-00ce-ac30661244a5
868032061545061,1781089200,data.qo,"{""tE"":{""N"":""61.88""},""hL"":{""N"":""70.1""},""wL"":{""N"":""29.067438""},""tL"":{""N"":""63.68""},""hR"":{""N"":""66.3""},""wR"":{""N"":""26.996891""},""hE"":{""N"":""95.8""},""tR"":{""N"":""67.28""}}",a47854d8-3051-70fa-00ce-ac30661244a5
868032061545061,1781092800,data.qo,"{""tE"":{""N"":""65.12""},""hL"":{""N"":""70""},""wL"":{""N"":""29.161285""},""tL"":{""N"":""64.04""},""hR"":{""N"":""67.7""},""wR"":{""N"":""27.133745""},""hE"":{""N"":""98.9""},""tR"":{""N"":""67.82""}}",a47854d8-3051-70fa-00ce-ac30661244a5
868032061545061,1781096400,data.qo,"{""tE"":{""N"":""67.46""},""hL"":{""N"":""72.2""},""wL"":{""N"":""29.268324""},""tL"":{""N"":""64.94""},""hR"":{""N"":""69.9""},""wR"":{""N"":""27.204576""},""hE"":{""N"":""94.8""},""tR"":{""N"":""69.08""}}",a47854d8-3051-70fa-00ce-ac30661244a5
868032061545061,1781100000,data.qo,"{""tE"":{""N"":""71.96""},""hL"":{""N"":""76.3""},""wL"":{""N"":""29.315367""},""tL"":{""N"":""67.28""},""hR"":{""N"":""71.2""},""wR"":{""N"":""27.308558""},""hE"":{""N"":""87.5""},""tR"":{""N"":""70.7""}}",a47854d8-3051-70fa-00ce-ac30661244a5
868032061545061,1781103600,data.qo,"{""tE"":{""N"":""75.92""},""hL"":{""N"":""77.7""},""wL"":{""N"":""29.221518""},""tL"":{""N"":""70.7""},""hR"":{""N"":""73.2""},""wR"":{""N"":""27.292053""},""hE"":{""N"":""74.6""},""tR"":{""N"":""73.76""}}",a47854d8-3051-70fa-00ce-ac30661244a5
868032061545061,1781107200,data.qo,"{""tE"":{""N"":""82.04""},""hL"":{""N"":""77.1""},""wL"":{""N"":""29.082865""},""tL"":{""N"":""75.02""},""hR"":{""N"":""72.2""},""wR"":{""N"":""27.276888""},""hE"":{""N"":""63.9""},""tR"":{""N"":""78.08""}}",a47854d8-3051-70fa-00ce-ac30661244a5
868032061545061,1781110800,data.qo,"{""tE"":{""N"":""80.6""},""hL"":{""N"":""74.4""},""wL"":{""N"":""29.085388""},""tL"":{""N"":""77.54""},""hR"":{""N"":""69.7""},""wR"":{""N"":""27.274761""},""hE"":{""N"":""69.8""},""tR"":{""N"":""80.78""}}",a47854d8-3051-70fa-00ce-ac30661244a5
868032061545061,1781114400,data.qo,"{""tE"":{""N"":""86.54""},""hL"":{""N"":""74.2""},""wL"":{""N"":""29.028156""},""tL"":{""N"":""79.7""},""hR"":{""N"":""69.5""},""wR"":{""N"":""27.27157""},""hE"":{""N"":""63.6""},""tR"":{""N"":""82.94""}}",a47854d8-3051-70fa-00ce-ac30661244a5
868032061545061,1781118000,data.qo,"{""tE"":{""N"":""90.5""},""hL"":{""N"":""64.4""},""wL"":{""N"":""28.980352""},""tL"":{""N"":""83.48""},""hR"":{""N"":""65.1""},""wR"":{""N"":""27.157557""},""hE"":{""N"":""54.7""},""tR"":{""N"":""86.54""}}",a47854d8-3051-70fa-00ce-ac30661244a5
868032061545061,1781121600,data.qo,"{""tE"":{""N"":""102.2""},""hL"":{""N"":""63.4""},""wL"":{""N"":""28.7918""},""tL"":{""N"":""87.26""},""hR"":{""N"":""63.9""},""wR"":{""N"":""26.810474""},""hE"":{""N"":""43.3""},""tR"":{""N"":""89.06""}}",a47854d8-3051-70fa-00ce-ac30661244a5
868032061545061,1781125200,data.qo,"{""tE"":{""N"":""102.2""},""hL"":{""N"":""54.1""},""wL"":{""N"":""28.62353""},""tL"":{""N"":""90.32""},""hR"":{""N"":""58.6""},""wR"":{""N"":""26.584665""},""hE"":{""N"":""43.3""},""tR"":{""N"":""91.4""}}",a47854d8-3051-70fa-00ce-ac30661244a5
868032061545061,1781128800,data.qo,"{""tE"":{""N"":""99.14""},""hL"":{""N"":""53.5""},""wL"":{""N"":""28.160194""},""tL"":{""N"":""91.76""},""hR"":{""N"":""55.9""},""wR"":{""N"":""26.012098""},""hE"":{""N"":""42.2""},""tR"":{""N"":""93.2""}}",a47854d8-3051-70fa-00ce-ac30661244a5
868032061545061,1781132400,data.qo,"{""tE"":{""N"":""87.08""},""hL"":{""N"":""51""},""wL"":{""N"":""27.954502""},""tL"":{""N"":""91.94""},""hR"":{""N"":""57.5""},""wR"":{""N"":""25.84755""},""hE"":{""N"":""55.7""},""tR"":{""N"":""92.84""}}",a47854d8-3051-70fa-00ce-ac30661244a5
868032061545061,1781136000,data.qo,"{""tE"":{""N"":""81.68""},""hL"":{""N"":""51.7""},""wL"":{""N"":""27.759092""},""tL"":{""N"":""89.24""},""hR"":{""N"":""58.6""},""wR"":{""N"":""25.521551""},""hE"":{""N"":""61.5""},""tR"":{""N"":""90.68""}}",a47854d8-3051-70fa-00ce-ac30661244a5
868032061545061,1781139600,data.qo,"{""tE"":{""N"":""76.46""},""hL"":{""N"":""58.4""},""wL"":{""N"":""27.569397""},""tL"":{""N"":""86.54""},""hR"":{""N"":""57.1""},""wR"":{""N"":""25.267862""},""hE"":{""N"":""68.3""},""tR"":{""N"":""87.62""}}",a47854d8-3051-70fa-00ce-ac30661244a5
868032061545061,1781143200,data.qo,"{""tE"":{""N"":""71.42""},""hL"":{""N"":""59""},""wL"":{""N"":""27.39132""},""tL"":{""N"":""83.3""},""hR"":{""N"":""57""},""wR"":{""N"":""25.012972""},""hE"":{""N"":""74.6""},""tR"":{""N"":""83.84""}}",a47854d8-3051-70fa-00ce-ac30661244a5
868032061545061,1781146800,data.qo,"{""tE"":{""N"":""68.54""},""hL"":{""N"":""59.6""},""wL"":{""N"":""27.31947""},""tL"":{""N"":""79.7""},""hR"":{""N"":""57.9""},""wR"":{""N"":""24.979961""},""hE"":{""N"":""81.4""},""tR"":{""N"":""80.06""}}",a47854d8-3051-70fa-00ce-ac30661244a5
868032061545061,1781150400,data.qo,"{""tE"":{""N"":""66.74""},""hL"":{""N"":""60.6""},""wL"":{""N"":""27.398746""},""tL"":{""N"":""76.28""},""hR"":{""N"":""58.6""},""wR"":{""N"":""25.037569""},""hE"":{""N"":""84.3""},""tR"":{""N"":""76.82""}}",a47854d8-3051-70fa-00ce-ac30661244a5
868032061545061,1781153940,data.qo,"{""tE"":{""N"":""66.38""},""hL"":{""N"":""61.8""},""wL"":{""N"":""27.515879""},""tL"":{""N"":""73.58""},""hR"":{""N"":""59.6""},""wR"":{""N"":""25.111404""},""hE"":{""N"":""86.1""},""tR"":{""N"":""74.12""}}",a47854d8-3051-70fa-00ce-ac30661244a5
868032061545061,1781157600,data.qo,"{""tE"":{""N"":""65.66""},""hL"":{""N"":""62.9""},""wL"":{""N"":""27.623867""},""tL"":{""N"":""71.42""},""hR"":{""N"":""59.6""},""wR"":{""N"":""25.18307""},""hE"":{""N"":""86.8""},""tR"":{""N"":""74.12""}}",a47854d8-3051-70fa-00ce-ac30661244a5
868032061545061,1781161200,data.qo,"{""tE"":{""N"":""65.3""},""hL"":{""N"":""63.9""},""wL"":{""N"":""27.75157""},""tL"":{""N"":""69.8""},""hR"":{""N"":""61.4""},""wR"":{""N"":""25.284138""},""hE"":{""N"":""88.1""},""tR"":{""N"":""70.34""}}",a47854d8-3051-70fa-00ce-ac30661244a5
868032061545061,1781164800,data.qo,"{""tE"":{""N"":""64.76""},""hL"":{""N"":""65.1""},""wL"":{""N"":""27.891603""},""tL"":{""N"":""68.54""},""hR"":{""N"":""62.5""},""wR"":{""N"":""25.383957""},""hE"":{""N"":""88.4""},""tR"":{""N"":""69.26""}}",a47854d8-3051-70fa-00ce-ac30661244a5
868032061545061,1781168400,data.qo,"{""tE"":{""N"":""64.76""},""hL"":{""N"":""66.2""},""wL"":{""N"":""28.134054""},""tL"":{""N"":""67.46""},""hR"":{""N"":""63.7""},""wR"":{""N"":""25.599964""},""hE"":{""N"":""90.2""},""tR"":{""N"":""68.18""}}",a47854d8-3051-70fa-00ce-ac30661244a5
868032061545061,1781172000,data.qo,"{""tE"":{""N"":""66.38""},""hL"":{""N"":""67.8""},""wL"":{""N"":""28.27066""},""tL"":{""N"":""66.92""},""hR"":{""N"":""65""},""wR"":{""N"":""25.808851""},""hE"":{""N"":""91.9""},""tR"":{""N"":""68""}}",a47854d8-3051-70fa-00ce-ac30661244a5
868032061545061,1781175600,data.qo,"{""tE"":{""N"":""67.46""},""hL"":{""N"":""68.9""},""wL"":{""N"":""28.312895""},""tL"":{""N"":""66.74""},""hR"":{""N"":""66.8""},""wR"":{""N"":""25.936413""},""hE"":{""N"":""90.6""},""tR"":{""N"":""68""}}",a47854d8-3051-70fa-00ce-ac30661244a5
868032061545061,1781179200,data.qo,"{""tE"":{""N"":""68.18""},""hL"":{""N"":""69.6""},""wL"":{""N"":""28.444786""},""tL"":{""N"":""67.1""},""hR"":{""N"":""69.2""},""wR"":{""N"":""26.065962""},""hE"":{""N"":""89.4""},""tR"":{""N"":""68.72""}}",a47854d8-3051-70fa-00ce-ac30661244a5
868032061545061,1781182800,data.qo,"{""tE"":{""N"":""71.78""},""hL"":{""N"":""70.4""},""wL"":{""N"":""28.525492""},""tL"":{""N"":""68""},""hR"":{""N"":""70.3""},""wR"":{""N"":""26.186865""},""hE"":{""N"":""84.7""},""tR"":{""N"":""69.98""}}",a47854d8-3051-70fa-00ce-ac30661244a5
868032061545061,1781186400,data.qo,"{""tE"":{""N"":""75.56""},""hL"":{""N"":""74.5""},""wL"":{""N"":""28.46926""},""tL"":{""N"":""70.7""},""hR"":{""N"":""74.4""},""wR"":{""N"":""26.263983""},""hE"":{""N"":""75.5""},""tR"":{""N"":""72.5""}}",a47854d8-3051-70fa-00ce-ac30661244a5
868032061545061,1781190000,data.qo,"{""tE"":{""N"":""78.98""},""hL"":{""N"":""74.8""},""wL"":{""N"":""28.571678""},""tL"":{""N"":""73.94""},""hR"":{""N"":""75.2""},""wR"":{""N"":""26.133463""},""hE"":{""N"":""70""},""tR"":{""N"":""75.92""}}",a47854d8-3051-70fa-00ce-ac30661244a5
868032061545061,1781193600,data.qo,"{""tE"":{""N"":""83.12""},""hL"":{""N"":""75.2""},""wL"":{""N"":""28.611673""},""tL"":{""N"":""77""},""hR"":{""N"":""75.7""},""wR"":{""N"":""26.225794""},""hE"":{""N"":""63.8""},""tR"":{""N"":""80.24""}}",a47854d8-3051-70fa-00ce-ac30661244a5
868032061545061,1781197200,data.qo,"{""tE"":{""N"":""87.44""},""hL"":{""N"":""73.1""},""wL"":{""N"":""28.573202""},""tL"":{""N"":""81.14""},""hR"":{""N"":""70.4""},""wR"":{""N"":""26.303051""},""hE"":{""N"":""55.5""},""tR"":{""N"":""85.1""}}",a47854d8-3051-70fa-00ce-ac30661244a5
868032061545061,1781200800,data.qo,"{""tE"":{""N"":""95""},""hL"":{""N"":""65.5""},""wL"":{""N"":""28.559727""},""tL"":{""N"":""85.46""},""hR"":{""N"":""63.7""},""wR"":{""N"":""26.345448""},""hE"":{""N"":""46.7""},""tR"":{""N"":""88.52""}}",a47854d8-3051-70fa-00ce-ac30661244a5
868032061545061,1781204400,data.qo,"{""tE"":{""N"":""101.66""},""hL"":{""N"":""57""},""wL"":{""N"":""28.550062""},""tL"":{""N"":""89.78""},""hR"":{""N"":""56.5""},""wR"":{""N"":""26.210953""},""hE"":{""N"":""39.3""},""tR"":{""N"":""91.94""}}",a47854d8-3051-70fa-00ce-ac30661244a5
868032061545061,1781208000,data.qo,"{""tE"":{""N"":""106.52""},""hL"":{""N"":""54.6""},""wL"":{""N"":""28.428549""},""tL"":{""N"":""92.12""},""hR"":{""N"":""55.2""},""wR"":{""N"":""25.957403""},""hE"":{""N"":""36.4""},""tR"":{""N"":""93.56""}}",a47854d8-3051-70fa-00ce-ac30661244a5
868032061545061,1781211600,data.qo,"{""tE"":{""N"":""105.44""},""hL"":{""N"":""51.3""},""wL"":{""N"":""28.310799""},""tL"":{""N"":""94.1""},""hR"":{""N"":""53.4""},""wR"":{""N"":""25.684711""},""hE"":{""N"":""36.1""},""tR"":{""N"":""94.46""}}",a47854d8-3051-70fa-00ce-ac30661244a5
868032061545061,1781215200,data.qo,"{""tE"":{""N"":""98.06""},""hL"":{""N"":""47.9""},""wL"":{""N"":""28.260138""},""tL"":{""N"":""95""},""hR"":{""N"":""53""},""wR"":{""N"":""25.630201""},""hE"":{""N"":""42.4""},""tR"":{""N"":""95.72""}}",a47854d8-3051-70fa-00ce-ac30661244a5
868032061545061,1781218800,data.qo,"{""tE"":{""N"":""96.98""},""hL"":{""N"":""48.7""},""wL"":{""N"":""27.829514""},""tL"":{""N"":""94.46""},""hR"":{""N"":""51.1""},""wR"":{""N"":""25.176641""},""hE"":{""N"":""43""},""tR"":{""N"":""95.54""}}",a47854d8-3051-70fa-00ce-ac30661244a5
868032061545061,1781222400,data.qo,"{""tE"":{""N"":""84.2""},""hL"":{""N"":""45.7""},""wL"":{""N"":""27.60506""},""tL"":{""N"":""92.48""},""hR"":{""N"":""51.5""},""wR"":{""N"":""24.730618""},""hE"":{""N"":""52""},""tR"":{""N"":""93.74""}}",a47854d8-3051-70fa-00ce-ac30661244a5
868032061545061,1781226000,data.qo,"{""tE"":{""N"":""78.8""},""hL"":{""N"":""46.6""},""wL"":{""N"":""27.39313""},""tL"":{""N"":""88.7""},""hR"":{""N"":""52.1""},""wR"":{""N"":""24.416178""},""hE"":{""N"":""60.2""},""tR"":{""N"":""89.96""}}",a47854d8-3051-70fa-00ce-ac30661244a5
868032061545061,1781229600,data.qo,"{""tE"":{""N"":""74.3""},""hL"":{""N"":""54.6""},""wL"":{""N"":""27.175436""},""tL"":{""N"":""85.64""},""hR"":{""N"":""53.3""},""wR"":{""N"":""24.155323""},""hE"":{""N"":""65.8""},""tR"":{""N"":""86""}}",a47854d8-3051-70fa-00ce-ac30661244a5
868032061545061,1781233200,data.qo,"{""tE"":{""N"":""74.3""},""hL"":{""N"":""55.8""},""wL"":{""N"":""27.009453""},""tL"":{""N"":""82.04""},""hR"":{""N"":""54.2""},""wR"":{""N"":""23.980556""},""hE"":{""N"":""65.8""},""tR"":{""N"":""82.04""}}",a47854d8-3051-70fa-00ce-ac30661244a5
868032061545061,1781236800,data.qo,"{""tE"":{""N"":""69.08""},""hL"":{""N"":""56.9""},""wL"":{""N"":""26.941364""},""tL"":{""N"":""78.62""},""hR"":{""N"":""55.9""},""wR"":{""N"":""23.92304""},""hE"":{""N"":""77.1""},""tR"":{""N"":""78.08""}}",a47854d8-3051-70fa-00ce-ac30661244a5
868032061545061,1781240400,data.qo,"{""tE"":{""N"":""67.46""},""hL"":{""N"":""59.1""},""wL"":{""N"":""27.04202""},""tL"":{""N"":""75.74""},""hR"":{""N"":""58.7""},""wR"":{""N"":""24.01366""},""hE"":{""N"":""81.8""},""tR"":{""N"":""75.56""}}",a47854d8-3051-70fa-00ce-ac30661244a5
868032061545061,1781244000,data.qo,"{""tE"":{""N"":""66.92""},""hL"":{""N"":""59.6""},""wL"":{""N"":""27.147058""},""tL"":{""N"":""73.58""},""hR"":{""N"":""57.2""},""wR"":{""N"":""24.097115""},""hE"":{""N"":""82""},""tR"":{""N"":""73.22""}}",a47854d8-3051-70fa-00ce-ac30661244a5
868032061545061,1781247600,data.qo,"{""tE"":{""N"":""67.1""},""hL"":{""N"":""60.9""},""wL"":{""N"":""27.449123""},""tL"":{""N"":""71.6""},""hR"":{""N"":""58.5""},""wR"":{""N"":""24.342573""},""hE"":{""N"":""82.5""},""tR"":{""N"":""71.42""}}",a47854d8-3051-70fa-00ce-ac30661244a5
868032061545061,1781251200,data.qo,"{""tE"":{""N"":""69.62""},""hL"":{""N"":""64""},""wL"":{""N"":""27.601488""},""tL"":{""N"":""70.52""},""hR"":{""N"":""63""},""wR"":{""N"":""24.476652""},""hE"":{""N"":""84.1""},""tR"":{""N"":""70.7""}}",a47854d8-3051-70fa-00ce-ac30661244a5
868032061545061,1781254800,data.qo,"{""tE"":{""N"":""70.34""},""hL"":{""N"":""66.8""},""wL"":{""N"":""27.633486""},""tL"":{""N"":""70.52""},""hR"":{""N"":""63""},""wR"":{""N"":""24.484003""},""hE"":{""N"":""81.7""},""tR"":{""N"":""70.7""}}",a47854d8-3051-70fa-00ce-ac30661244a5
868032061545061,1781258400,data.qo,"{""tE"":{""N"":""69.8""},""hL"":{""N"":""66.2""},""wL"":{""N"":""27.713669""},""tL"":{""N"":""70.7""},""hR"":{""N"":""67.1""},""wR"":{""N"":""24.491539""},""hE"":{""N"":""82.9""},""tR"":{""N"":""71.42""}}",a47854d8-3051-70fa-00ce-ac30661244a5
868032061545061,1781262000,data.qo,"{""tE"":{""N"":""69.62""},""hL"":{""N"":""67""},""wL"":{""N"":""27.720526""},""tL"":{""N"":""70.52""},""hR"":{""N"":""66.9""},""wR"":{""N"":""24.562048""},""hE"":{""N"":""84.1""},""tR"":{""N"":""71.42""}}",a47854d8-3051-70fa-00ce-ac30661244a5
868032061545061,1781265600,data.qo,"{""tE"":{""N"":""70.52""},""hL"":{""N"":""68.2""},""wL"":{""N"":""27.77728""},""tL"":{""N"":""70.7""},""hR"":{""N"":""68""},""wR"":{""N"":""24.650448""},""hE"":{""N"":""81""},""tR"":{""N"":""71.78""}}",a47854d8-3051-70fa-00ce-ac30661244a5
868032061545061,1781269200,data.qo,"{""tE"":{""N"":""72.68""},""hL"":{""N"":""68.4""},""wL"":{""N"":""27.77233""},""tL"":{""N"":""70.7""},""hR"":{""N"":""69.1""},""wR"":{""N"":""24.6314""},""hE"":{""N"":""76.7""},""tR"":{""N"":""72.5""}}",a47854d8-3051-70fa-00ce-ac30661244a5
868032061545061,1781272800,data.qo,"{""tE"":{""N"":""77""},""hL"":{""N"":""70.4""},""wL"":{""N"":""28.036541""},""tL"":{""N"":""72.5""},""hR"":{""N"":""71.9""},""wR"":{""N"":""24.549656""},""hE"":{""N"":""68.7""},""tR"":{""N"":""73.94""}}",a47854d8-3051-70fa-00ce-ac30661244a5
868032061545061,1781276400,data.qo,"{""tE"":{""N"":""77""},""hL"":{""N"":""70.3""},""wL"":{""N"":""28.14696""},""tL"":{""N"":""74.84""},""hR"":{""N"":""71.7""},""wR"":{""N"":""24.526169""},""hE"":{""N"":""68.7""},""tR"":{""N"":""77""}}",a47854d8-3051-70fa-00ce-ac30661244a5
868032061545061,1781280000,data.qo,"{""tE"":{""N"":""81.68""},""hL"":{""N"":""69.2""},""wL"":{""N"":""28.249044""},""tL"":{""N"":""77.18""},""hR"":{""N"":""69.1""},""wR"":{""N"":""24.749575""},""hE"":{""N"":""59.6""},""tR"":{""N"":""80.06""}}",a47854d8-3051-70fa-00ce-ac30661244a5
868032061545061,1781283600,data.qo,"{""tE"":{""N"":""87.26""},""hL"":{""N"":""69.4""},""wL"":{""N"":""28.120056""},""tL"":{""N"":""80.6""},""hR"":{""N"":""66.3""},""wR"":{""N"":""25.02416""},""hE"":{""N"":""52.3""},""tR"":{""N"":""84.56""}}",a47854d8-3051-70fa-00ce-ac30661244a5
868032061545061,1781287200,data.qo,"{""tE"":{""N"":""93.92""},""hL"":{""N"":""63.5""},""wL"":{""N"":""28.135056""},""tL"":{""N"":""85.28""},""hR"":{""N"":""59.8""},""wR"":{""N"":""25.005066""},""hE"":{""N"":""44.5""},""tR"":{""N"":""88.34""}}",a47854d8-3051-70fa-00ce-ac30661244a5
868032061545061,1781290800,data.qo,"{""tE"":{""N"":""98.78""},""hL"":{""N"":""56.9""},""wL"":{""N"":""28.151386""},""tL"":{""N"":""88.34""},""hR"":{""N"":""56.1""},""wR"":{""N"":""24.94066""},""hE"":{""N"":""41.5""},""tR"":{""N"":""90.5""}}",a47854d8-3051-70fa-00ce-ac30661244a5
868032061545061,1781294400,data.qo,"{""tE"":{""N"":""106.52""},""hL"":{""N"":""54.6""},""wL"":{""N"":""28.06073""},""tL"":{""N"":""90.5""},""hR"":{""N"":""52.6""},""wR"":{""N"":""24.63898""},""hE"":{""N"":""35""},""tR"":{""N"":""92.48""}}",a47854d8-3051-70fa-00ce-ac30661244a5
868032061545061,1781298000,data.qo,"{""tE"":{""N"":""102.2""},""hL"":{""N"":""53""},""wL"":{""N"":""28.035637""},""tL"":{""N"":""92.66""},""hR"":{""N"":""51.5""},""wR"":{""N"":""24.659094""},""hE"":{""N"":""37.6""},""tR"":{""N"":""93.74""}}",a47854d8-3051-70fa-00ce-ac30661244a5
868032061545061,1781301600,data.qo,"{""tE"":{""N"":""99.86""},""hL"":{""N"":""45.2""},""wL"":{""N"":""27.593014""},""tL"":{""N"":""94.64""},""hR"":{""N"":""46.8""},""wR"":{""N"":""24.107054""},""hE"":{""N"":""37.1""},""tR"":{""N"":""95.54""}}",a47854d8-3051-70fa-00ce-ac30661244a5
868032061545061,1781305200,data.qo,"{""tE"":{""N"":""85.64""},""hL"":{""N"":""46.3""},""wL"":{""N"":""27.392748""},""tL"":{""N"":""91.76""},""hR"":{""N"":""50.3""},""wR"":{""N"":""23.796082""},""hE"":{""N"":""50.8""},""tR"":{""N"":""92.66""}}",a47854d8-3051-70fa-00ce-ac30661244a5
868032061545061,1781308800,data.qo,"{""tE"":{""N"":""81.5""},""hL"":{""N"":""53.7""},""wL"":{""N"":""27.225765""},""tL"":{""N"":""88.52""},""hR"":{""N"":""52.5""},""wR"":{""N"":""23.606012""},""hE"":{""N"":""59.1""},""tR"":{""N"":""89.06""}}",a47854d8-3051-70fa-00ce-ac30661244a5
868032061545061,1781312400,data.qo,"{""tE"":{""N"":""77""},""hL"":{""N"":""54.8""},""wL"":{""N"":""27.219765""},""tL"":{""N"":""85.46""},""hR"":{""N"":""54.6""},""wR"":{""N"":""23.538324""},""hE"":{""N"":""67.5""},""tR"":{""N"":""85.64""}}",a47854d8-3051-70fa-00ce-ac30661244a5
868032061545061,1781316000,data.qo,"{""tE"":{""N"":""74.12""},""hL"":{""N"":""56.9""},""wL"":{""N"":""27.161009""},""tL"":{""N"":""82.58""},""hR"":{""N"":""56.1""},""wR"":{""N"":""23.402672""},""hE"":{""N"":""72.3""},""tR"":{""N"":""82.76""}}",a47854d8-3051-70fa-00ce-ac30661244a5
868032061545061,1781319600,data.qo,"{""tE"":{""N"":""74.12""},""hL"":{""N"":""58""},""wL"":{""N"":""27.159962""},""tL"":{""N"":""79.88""},""hR"":{""N"":""56.2""},""wR"":{""N"":""23.37618""},""hE"":{""N"":""72.3""},""tR"":{""N"":""79.7""}}",a47854d8-3051-70fa-00ce-ac30661244a5
868032061545061,1781323200,data.qo,"{""tE"":{""N"":""70.34""},""hL"":{""N"":""58.7""},""wL"":{""N"":""27.144773""},""tL"":{""N"":""77.36""},""hR"":{""N"":""56.3""},""wR"":{""N"":""23.341505""},""hE"":{""N"":""77.7""},""tR"":{""N"":""77.36""}}",a47854d8-3051-70fa-00ce-ac30661244a5
868032061545061,1781326800,data.qo,"{""tE"":{""N"":""69.26""},""hL"":{""N"":""59.7""},""wL"":{""N"":""27.191483""},""tL"":{""N"":""75.2""},""hR"":{""N"":""57""},""wR"":{""N"":""23.391577""},""hE"":{""N"":""77.9""},""tR"":{""N"":""75.2""}}",a47854d8-3051-70fa-00ce-ac30661244a5
868032061545061,1781330400,data.qo,"{""tE"":{""N"":""68.18""},""hL"":{""N"":""60.7""},""wL"":{""N"":""27.175293""},""tL"":{""N"":""73.22""},""hR"":{""N"":""57.6""},""wR"":{""N"":""23.361662""},""hE"":{""N"":""78.5""},""tR"":{""N"":""73.58""}}",a47854d8-3051-70fa-00ce-ac30661244a5
868032061545061,1781334000,data.qo,"{""tE"":{""N"":""66.74""},""hL"":{""N"":""61.3""},""wL"":{""N"":""27.285187""},""tL"":{""N"":""71.6""},""hR"":{""N"":""58.6""},""wR"":{""N"":""23.484184""},""hE"":{""N"":""80.1""},""tR"":{""N"":""71.96""}}",a47854d8-3051-70fa-00ce-ac30661244a5
868032061545061,1781337600,data.qo,"{""tE"":{""N"":""66.74""},""hL"":{""N"":""62.4""},""wL"":{""N"":""27.268951""},""tL"":{""N"":""70.34""},""hR"":{""N"":""59.1""},""wR"":{""N"":""23.477896""},""hE"":{""N"":""77.8""},""tR"":{""N"":""70.7""}}",a47854d8-3051-70fa-00ce-ac30661244a5
868032061545061,1781341200,data.qo,"{""tE"":{""N"":""65.48""},""hL"":{""N"":""63.2""},""wL"":{""N"":""27.33942""},""tL"":{""N"":""69.08""},""hR"":{""N"":""61""},""wR"":{""N"":""23.509382""},""hE"":{""N"":""78.4""},""tR"":{""N"":""69.44""}}",a47854d8-3051-70fa-00ce-ac30661244a5
868032061545061,1781344800,data.qo,"{""tE"":{""N"":""64.94""},""hL"":{""N"":""64""},""wL"":{""N"":""27.42941""},""tL"":{""N"":""68""},""hR"":{""N"":""60.7""},""wR"":{""N"":""23.529354""},""hE"":{""N"":""80.1""},""tR"":{""N"":""68.36""}}",a47854d8-3051-70fa-00ce-ac30661244a5
868032061545061,1781348400,data.qo,"{""tE"":{""N"":""64.04""},""hL"":{""N"":""63.6""},""wL"":{""N"":""27.524496""},""tL"":{""N"":""66.92""},""hR"":{""N"":""59.8""},""wR"":{""N"":""23.525656""},""hE"":{""N"":""82.1""},""tR"":{""N"":""67.46""}}",a47854d8-3051-70fa-00ce-ac30661244a5
868032061545061,1781352000,data.qo,"{""tE"":{""N"":""65.12""},""hL"":{""N"":""65.8""},""wL"":{""N"":""27.841513""},""tL"":{""N"":""65.48""},""hR"":{""N"":""64""},""wR"":{""N"":""23.862705""},""hE"":{""N"":""84.1""},""tR"":{""N"":""66.38""}}",a47854d8-3051-70fa-00ce-ac30661244a5
868032061545061,1781355600,data.qo,"{""tE"":{""N"":""70.34""},""hL"":{""N"":""66.3""},""wL"":{""N"":""27.95393""},""tL"":{""N"":""65.66""},""hR"":{""N"":""65.9""},""wR"":{""N"":""23.874033""},""hE"":{""N"":""76.5""},""tR"":{""N"":""66.92""}}",a47854d8-3051-70fa-00ce-ac30661244a5
868032061545061,1781359200,data.qo,"{""tE"":{""N"":""77.54""},""hL"":{""N"":""70.9""},""wL"":{""N"":""28.033731""},""tL"":{""N"":""68.54""},""hR"":{""N"":""72.3""},""wR"":{""N"":""23.969923""},""hE"":{""N"":""62.7""},""tR"":{""N"":""71.06""}}",a47854d8-3051-70fa-00ce-ac30661244a5
868032061545061,1781362800,data.qo,"{""tE"":{""N"":""80.06""},""hL"":{""N"":""71.8""},""wL"":{""N"":""28.14472""},""tL"":{""N"":""72.5""},""hR"":{""N"":""69.6""},""wR"":{""N"":""23.956284""},""hE"":{""N"":""58.6""},""tR"":{""N"":""76.64""}}",a47854d8-3051-70fa-00ce-ac30661244a5
868032061545061,1781366400,data.qo,"{""tE"":{""N"":""80.24""},""hL"":{""N"":""69""},""wL"":{""N"":""28.189049""},""tL"":{""N"":""75.56""},""hR"":{""N"":""65.3""},""wR"":{""N"":""24.39417""},""hE"":{""N"":""58.9""},""tR"":{""N"":""79.88""}}",a47854d8-3051-70fa-00ce-ac30661244a5
868032061545061,1781370000,data.qo,"{""tE"":{""N"":""87.98""},""hL"":{""N"":""72.5""},""wL"":{""N"":""28.16048""},""tL"":{""N"":""80.24""},""hR"":{""N"":""65.3""},""wR"":{""N"":""24.538097""},""hE"":{""N"":""50.2""},""tR"":{""N"":""79.88""}}",a47854d8-3051-70fa-00ce-ac30661244a5
868032061545061,1781373600,data.qo,"{""tE"":{""N"":""95""},""hL"":{""N"":""68.2""},""wL"":{""N"":""28.16891""},""tL"":{""N"":""85.28""},""hR"":{""N"":""61.6""},""wR"":{""N"":""24.823318""},""hE"":{""N"":""42.3""},""tR"":{""N"":""89.96""}}",a47854d8-3051-70fa-00ce-ac30661244a5
868032061545061,1781377200,data.qo,"{""tE"":{""N"":""104""},""hL"":{""N"":""59.1""},""wL"":{""N"":""28.064157""},""tL"":{""N"":""89.42""},""hR"":{""N"":""52.9""},""wR"":{""N"":""24.75466""},""hE"":{""N"":""36.8""},""tR"":{""N"":""92.84""}}",a47854d8-3051-70fa-00ce-ac30661244a5
868032061545061,1781380800,data.qo,"{""tE"":{""N"":""106.7""},""hL"":{""N"":""50.4""},""wL"":{""N"":""28.015257""},""tL"":{""N"":""91.76""},""hR"":{""N"":""51.9""},""wR"":{""N"":""24.61873""},""hE"":{""N"":""33.2""},""tR"":{""N"":""93.92""}}",a47854d8-3051-70fa-00ce-ac30661244a5
868032061545061,1781384400,data.qo,"{""tE"":{""N"":""104.54""},""hL"":{""N"":""46.5""},""wL"":{""N"":""28.043064""},""tL"":{""N"":""93.38""},""hR"":{""N"":""47.1""},""wR"":{""N"":""24.661175""},""hE"":{""N"":""34""},""tR"":{""N"":""94.46""}}",a47854d8-3051-70fa-00ce-ac30661244a5
868032061545061,1781388000,data.qo,"{""tE"":{""N"":""99.86""},""hL"":{""N"":""45.3""},""wL"":{""N"":""27.947979""},""tL"":{""N"":""94.46""},""hR"":{""N"":""48.7""},""wR"":{""N"":""24.515675""},""hE"":{""N"":""34.2""},""tR"":{""N"":""94.82""}}",a47854d8-3051-70fa-00ce-ac30661244a5
868032061545061,1781391600,data.qo,"{""tE"":{""N"":""93.38""},""hL"":{""N"":""40.6""},""wL"":{""N"":""27.554304""},""tL"":{""N"":""93.74""},""hR"":{""N"":""45.4""},""wR"":{""N"":""23.98703""},""hE"":{""N"":""36.3""},""tR"":{""N"":""93.92""}}",a47854d8-3051-70fa-00ce-ac30661244a5
868032061545061,1781395200,data.qo,"{""tE"":{""N"":""80.6""},""hL"":{""N"":""49.6""},""wL"":{""N"":""27.325659""},""tL"":{""N"":""91.22""},""hR"":{""N"":""44.4""},""wR"":{""N"":""23.560886""},""hE"":{""N"":""46.6""},""tR"":{""N"":""91.22""}}",a47854d8-3051-70fa-00ce-ac30661244a5
868032061545061,1781398800,data.qo,"{""tE"":{""N"":""76.1""},""hL"":{""N"":""49.7""},""wL"":{""N"":""27.152962""},""tL"":{""N"":""86.9""},""hR"":{""N"":""46.5""},""wR"":{""N"":""23.248343""},""hE"":{""N"":""54.2""},""tR"":{""N"":""86.54""}}",a47854d8-3051-70fa-00ce-ac30661244a5
868032061545061,1781402400,data.qo,"{""tE"":{""N"":""71.24""},""hL"":{""N"":""51.2""},""wL"":{""N"":""26.95884""},""tL"":{""N"":""82.94""},""hR"":{""N"":""48.8""},""wR"":{""N"":""22.932423""},""hE"":{""N"":""60.3""},""tR"":{""N"":""82.22""}}",a47854d8-3051-70fa-00ce-ac30661244a5
868032061545061,1781406000,data.qo,"{""tE"":{""N"":""67.46""},""hL"":{""N"":""52.5""},""wL"":{""N"":""26.70572""},""tL"":{""N"":""78.98""},""hR"":{""N"":""50.2""},""wR"":{""N"":""22.729961""},""hE"":{""N"":""67.1""},""tR"":{""N"":""78.08""}}",a47854d8-3051-70fa-00ce-ac30661244a5
868032061545061,1781409600,data.qo,"{""tE"":{""N"":""65.3""},""hL"":{""N"":""53.6""},""wL"":{""N"":""26.632538""},""tL"":{""N"":""75.2""},""hR"":{""N"":""50.2""},""wR"":{""N"":""22.619553""},""hE"":{""N"":""74.7""},""tR"":{""N"":""78.08""}}",a47854d8-3051-70fa-00ce-ac30661244a5
868032061545061,1781413200,data.qo,"{""tE"":{""N"":""63.86""},""hL"":{""N"":""54.1""},""wL"":{""N"":""26.61792""},""tL"":{""N"":""71.96""},""hR"":{""N"":""51.8""},""wR"":{""N"":""22.612295""},""hE"":{""N"":""76.7""},""tR"":{""N"":""71.06""}}",a47854d8-3051-70fa-00ce-ac30661244a5
868032061545061,1781416800,data.qo,"{""tE"":{""N"":""62.42""},""hL"":{""N"":""54.8""},""wL"":{""N"":""26.553545""},""tL"":{""N"":""69.62""},""hR"":{""N"":""52.9""},""wR"":{""N"":""22.59727""},""hE"":{""N"":""78.4""},""tR"":{""N"":""68.9""}}",a47854d8-3051-70fa-00ce-ac30661244a5
868032061545061,1781420400,data.qo,"{""tE"":{""N"":""60.8""},""hL"":{""N"":""55.4""},""wL"":{""N"":""26.579733""},""tL"":{""N"":""67.1""},""hR"":{""N"":""52.1""},""wR"":{""N"":""22.61086""},""hE"":{""N"":""81.1""},""tR"":{""N"":""66.56""}}",a47854d8-3051-70fa-00ce-ac30661244a5
868032061545061,1781424000,data.qo,"{""tE"":{""N"":""60.8""},""hL"":{""N"":""56.6""},""wL"":{""N"":""26.591494""},""tL"":{""N"":""64.94""},""hR"":{""N"":""52.1""},""wR"":{""N"":""22.612202""},""hE"":{""N"":""81.1""},""tR"":{""N"":""66.56""}}",a47854d8-3051-70fa-00ce-ac30661244a5
868032061545061,1781427600,data.qo,"{""tE"":{""N"":""59.36""},""hL"":{""N"":""57.2""},""wL"":{""N"":""26.70034""},""tL"":{""N"":""62.96""},""hR"":{""N"":""52.7""},""wR"":{""N"":""22.702082""},""hE"":{""N"":""83.7""},""tR"":{""N"":""62.78""}}",a47854d8-3051-70fa-00ce-ac30661244a5
868032061545061,1781431200,data.qo,"{""tE"":{""N"":""58.82""},""hL"":{""N"":""57.3""},""wL"":{""N"":""26.790617""},""tL"":{""N"":""61.7""},""hR"":{""N"":""53.2""},""wR"":{""N"":""22.765747""},""hE"":{""N"":""83.9""},""tR"":{""N"":""61.52""}}",a47854d8-3051-70fa-00ce-ac30661244a5
868032061545061,1781434800,data.qo,"{""tE"":{""N"":""58.28""},""hL"":{""N"":""58""},""wL"":{""N"":""26.907988""},""tL"":{""N"":""60.44""},""hR"":{""N"":""53.5""},""wR"":{""N"":""22.786968""},""hE"":{""N"":""84.8""},""tR"":{""N"":""60.44""}}",a47854d8-3051-70fa-00ce-ac30661244a5
868032061545061,1781438400,data.qo,"{""tE"":{""N"":""58.82""},""hL"":{""N"":""58.3""},""wL"":{""N"":""27.23486""},""tL"":{""N"":""59.54""},""hR"":{""N"":""54""},""wR"":{""N"":""23.065207""},""hE"":{""N"":""85.8""},""tR"":{""N"":""59.72""}}",a47854d8-3051-70fa-00ce-ac30661244a5
868032061545061,1781442000,data.qo,"{""tE"":{""N"":""64.04""},""hL"":{""N"":""58""},""wL"":{""N"":""27.586586""},""tL"":{""N"":""59""},""hR"":{""N"":""55.8""},""wR"":{""N"":""23.547571""},""hE"":{""N"":""85.2""},""tR"":{""N"":""59.9""}}",a47854d8-3051-70fa-00ce-ac30661244a5
868032061545061,1781445600,data.qo,"{""tE"":{""N"":""76.82""},""hL"":{""N"":""68.9""},""wL"":{""N"":""27.754711""},""tL"":{""N"":""63.32""},""hR"":{""N"":""70.6""},""wR"":{""N"":""23.700653""},""hE"":{""N"":""68.4""},""tR"":{""N"":""65.66""}}",a47854d8-3051-70fa-00ce-ac30661244a5
868032061545061,1781449200,data.qo,"{""tE"":{""N"":""81.5""},""hL"":{""N"":""69.8""},""wL"":{""N"":""27.762093""},""tL"":{""N"":""69.98""},""hR"":{""N"":""66.5""},""wR"":{""N"":""23.729134""},""hE"":{""N"":""52.9""},""tR"":{""N"":""74.84""}}",a47854d8-3051-70fa-00ce-ac30661244a5
868032061545061,1781452800,data.qo,"{""tE"":{""N"":""83.48""},""hL"":{""N"":""70.3""},""wL"":{""N"":""27.748""},""tL"":{""N"":""75.38""},""hR"":{""N"":""63.5""},""wR"":{""N"":""24.119583""},""hE"":{""N"":""53.6""},""tR"":{""N"":""80.96""}}",a47854d8-3051-70fa-00ce-ac30661244a5
868032061545061,1781456400,data.qo,"{""tE"":{""N"":""88.88""},""hL"":{""N"":""67.5""},""wL"":{""N"":""27.73438""},""tL"":{""N"":""80.42""},""hR"":{""N"":""59.3""},""wR"":{""N"":""24.813702""},""hE"":{""N"":""48.3""},""tR"":{""N"":""86.9""}}",a47854d8-3051-70fa-00ce-ac30661244a5
868032061545061,1781460000,data.qo,"{""tE"":{""N"":""72.5""},""hL"":{""N"":""58.8""},""wL"":{""N"":""28.826605""},""tL"":{""N"":""82.04""},""hR"":{""N"":""56.4""},""wR"":{""N"":""25.68892""},""hE"":{""N"":""73.4""},""tR"":{""N"":""86.54""}}",a47854d8-3051-70fa-00ce-ac30661244a5
868032061545061,1781463600,data.qo,"{""tE"":{""N"":""73.76""},""hL"":{""N"":""62.2""},""wL"":{""N"":""28.866743""},""tL"":{""N"":""78.26""},""hR"":{""N"":""59.6""},""wR"":{""N"":""25.703438""},""hE"":{""N"":""81.1""},""tR"":{""N"":""81.5""}}",a47854d8-3051-70fa-00ce-ac30661244a5
868032061545061,1781467200,data.qo,"{""tE"":{""N"":""76.1""},""hL"":{""N"":""64.1""},""wL"":{""N"":""29.046822""},""tL"":{""N"":""77""},""hR"":{""N"":""63.7""},""wR"":{""N"":""25.722393""},""hE"":{""N"":""76.9""},""tR"":{""N"":""79.52""}}",a47854d8-3051-70fa-00ce-ac30661244a5
868032061545061,1781470800,data.qo,"{""tE"":{""N"":""88.16""},""hL"":{""N"":""67""},""wL"":{""N"":""28.981638""},""tL"":{""N"":""78.98""},""hR"":{""N"":""65.1""},""wR"":{""N"":""25.70316""},""hE"":{""N"":""54.6""},""tR"":{""N"":""80.78""}}",a47854d8-3051-70fa-00ce-ac30661244a5
868032061545061,1781474400,data.qo,"{""tE"":{""N"":""93.92""},""hL"":{""N"":""67.9""},""wL"":{""N"":""28.679762""},""tL"":{""N"":""83.66""},""hR"":{""N"":""64.4""},""wR"":{""N"":""25.49048""},""hE"":{""N"":""48.6""},""tR"":{""N"":""85.1""}}",a47854d8-3051-70fa-00ce-ac30661244a5
868032061545061,1781478000,data.qo,"{""tE"":{""N"":""86.9""},""hL"":{""N"":""56.2""},""wL"":{""N"":""28.310371""},""tL"":{""N"":""88.16""},""hR"":{""N"":""55.5""},""wR"":{""N"":""25.065449""},""hE"":{""N"":""50""},""tR"":{""N"":""88.88""}}",a47854d8-3051-70fa-00ce-ac30661244a5
868032061545061,1781481600,data.qo,"{""tE"":{""N"":""73.4""},""hL"":{""N"":""57.7""},""wL"":{""N"":""28.240234""},""tL"":{""N"":""85.46""},""hR"":{""N"":""56.4""},""wR"":{""N"":""25.103453""},""hE"":{""N"":""70.6""},""tR"":{""N"":""86""}}",a47854d8-3051-70fa-00ce-ac30661244a5
868032061545061,1781485200,data.qo,"{""tE"":{""N"":""69.08""},""hL"":{""N"":""57.9""},""wL"":{""N"":""28.374413""},""tL"":{""N"":""81.14""},""hR"":{""N"":""56.2""},""wR"":{""N"":""25.34771""},""hE"":{""N"":""80""},""tR"":{""N"":""81.32""}}",a47854d8-3051-70fa-00ce-ac30661244a5
868032061545061,1781488800,data.qo,"{""tE"":{""N"":""69.08""},""hL"":{""N"":""58.9""},""wL"":{""N"":""28.373554""},""tL"":{""N"":""77.36""},""hR"":{""N"":""58.1""},""wR"":{""N"":""25.603386""},""hE"":{""N"":""80""},""tR"":{""N"":""77""}}",a47854d8-3051-70fa-00ce-ac30661244a5
868032061545061,1781492400,data.qo,"{""tE"":{""N"":""66.02""},""hL"":{""N"":""60.4""},""wL"":{""N"":""28.418503""},""tL"":{""N"":""74.48""},""hR"":{""N"":""59.8""},""wR"":{""N"":""25.684805""},""hE"":{""N"":""86.5""},""tR"":{""N"":""73.94""}}",a47854d8-3051-70fa-00ce-ac30661244a5
868032061545061,1781496000,data.qo,"{""tE"":{""N"":""64.76""},""hL"":{""N"":""62.5""},""wL"":{""N"":""28.355986""},""tL"":{""N"":""71.78""},""hR"":{""N"":""62.7""},""wR"":{""N"":""25.769783""},""hE"":{""N"":""85""},""tR"":{""N"":""71.42""}}",a47854d8-3051-70fa-00ce-ac30661244a5
868032061545061,1781499600,data.qo,"{""tE"":{""N"":""62.96""},""hL"":{""N"":""63.3""},""wL"":{""N"":""28.520206""},""tL"":{""N"":""69.62""},""hR"":{""N"":""62.9""},""wR"":{""N"":""25.892536""},""hE"":{""N"":""88.4""},""tR"":{""N"":""69.08""}}",a47854d8-3051-70fa-00ce-ac30661244a5
868032061545061,1781503200,data.qo,"{""tE"":{""N"":""63.5""},""hL"":{""N"":""65.7""},""wL"":{""N"":""28.495068""},""tL"":{""N"":""67.82""},""hR"":{""N"":""64.5""},""wR"":{""N"":""25.946352""},""hE"":{""N"":""88.4""},""tR"":{""N"":""67.1""}}",a47854d8-3051-70fa-00ce-ac30661244a5
868032061545061,1781506800,data.qo,"{""tE"":{""N"":""63.32""},""hL"":{""N"":""67.5""},""wL"":{""N"":""28.50121""},""tL"":{""N"":""66.56""},""hR"":{""N"":""66.3""},""wR"":{""N"":""25.909365""},""hE"":{""N"":""87.9""},""tR"":{""N"":""66.2""}}",a47854d8-3051-70fa-00ce-ac30661244a5
868032061545061,1781510400,data.qo,"{""tE"":{""N"":""61.88""},""hL"":{""N"":""67.6""},""wL"":{""N"":""28.490925""},""tL"":{""N"":""65.48""},""hR"":{""N"":""67.5""},""wR"":{""N"":""25.91829""},""hE"":{""N"":""86.1""},""tR"":{""N"":""65.12""}}",a47854d8-3051-70fa-00ce-ac30661244a5
868032061545061,1781514000,data.qo,"{""tE"":{""N"":""62.06""},""hL"":{""N"":""69.2""},""wL"":{""N"":""28.407219""},""tL"":{""N"":""64.58""},""hR"":{""N"":""69""},""wR"":{""N"":""25.87774""},""hE"":{""N"":""87.5""},""tR"":{""N"":""64.4""}}",a47854d8-3051-70fa-00ce-ac30661244a5
868032061545061,1781517600,data.qo,"{""tE"":{""N"":""61.34""},""hL"":{""N"":""67.9""},""wL"":{""N"":""28.314514""},""tL"":{""N"":""64.04""},""hR"":{""N"":""68.6""},""wR"":{""N"":""25.783884""},""hE"":{""N"":""83.7""},""tR"":{""N"":""63.86""}}",a47854d8-3051-70fa-00ce-ac30661244a5
868032061545061,1781521200,data.qo,"{""tE"":{""N"":""59.54""},""hL"":{""N"":""67.9""},""wL"":{""N"":""28.16429""},""tL"":{""N"":""62.96""},""hR"":{""N"":""67.8""},""wR"":{""N"":""25.69701""},""hE"":{""N"":""83.1""},""tR"":{""N"":""62.96""}}",a47854d8-3051-70fa-00ce-ac30661244a5
868032061545061,1781524800,data.qo,"{""tE"":{""N"":""57.2""},""hL"":{""N"":""65""},""wL"":{""N"":""28.106344""},""tL"":{""N"":""61.7""},""hR"":{""N"":""65.7""},""wR"":{""N"":""25.785643""},""hE"":{""N"":""77.4""},""tR"":{""N"":""61.7""}}",a47854d8-3051-70fa-00ce-ac30661244a5
868032061545061,1781528400,data.qo,"{""tE"":{""N"":""59.72""},""hL"":{""N"":""65.2""},""wL"":{""N"":""28.406599""},""tL"":{""N"":""60.08""},""hR"":{""N"":""65.1""},""wR"":{""N"":""25.673246""},""hE"":{""N"":""71.8""},""tR"":{""N"":""60.26""}}",a47854d8-3051-70fa-00ce-ac30661244a5
868032061545061,1781532000,data.qo,"{""tE"":{""N"":""67.46""},""hL"":{""N"":""68.7""},""wL"":{""N"":""28.591629""},""tL"":{""N"":""60.8""},""hR"":{""N"":""70.1""},""wR"":{""N"":""25.589977""},""hE"":{""N"":""60.3""},""tR"":{""N"":""62.06""}}",a47854d8-3051-70fa-00ce-ac30661244a5
868032061545061,1781535600,data.qo,"{""tE"":{""N"":""69.26""},""hL"":{""N"":""69.2""},""wL"":{""N"":""28.71252""},""tL"":{""N"":""62.96""},""hR"":{""N"":""67.7""},""wR"":{""N"":""25.473606""},""hE"":{""N"":""54.7""},""tR"":{""N"":""66.2""}}",a47854d8-3051-70fa-00ce-ac30661244a5
868032061545061,1781539200,data.qo,"{""tE"":{""N"":""70.7""},""hL"":{""N"":""69.5""},""wL"":{""N"":""28.708998""},""tL"":{""N"":""65.3""},""hR"":{""N"":""64.3""},""wR"":{""N"":""25.489927""},""hE"":{""N"":""53.1""},""tR"":{""N"":""69.08""}}",a47854d8-3051-70fa-00ce-ac30661244a5
868032061545061,1781542800,data.qo,"{""tE"":{""N"":""74.48""},""hL"":{""N"":""71.1""},""wL"":{""N"":""28.696903""},""tL"":{""N"":""68.54""},""hR"":{""N"":""60.4""},""wR"":{""N"":""25.578835""},""hE"":{""N"":""50.6""},""tR"":{""N"":""71.96""}}",a47854d8-3051-70fa-00ce-ac30661244a5
868032061545061,1781546400,data.qo,"{""tE"":{""N"":""80.78""},""hL"":{""N"":""66.6""},""wL"":{""N"":""28.699236""},""tL"":{""N"":""71.06""},""hR"":{""N"":""60.7""},""wR"":{""N"":""25.538565""},""hE"":{""N"":""45.4""},""tR"":{""N"":""74.12""}}",a47854d8-3051-70fa-00ce-ac30661244a5
868032061545061,1781550000,data.qo,"{""tE"":{""N"":""84.02""},""hL"":{""N"":""64.6""},""wL"":{""N"":""28.354557""},""tL"":{""N"":""73.76""},""hR"":{""N"":""57.9""},""wR"":{""N"":""25.244005""},""hE"":{""N"":""42.4""},""tR"":{""N"":""76.46""}}",a47854d8-3051-70fa-00ce-ac30661244a5
868032061545061,1781553600,data.qo,"{""tE"":{""N"":""74.84""},""hL"":{""N"":""61.8""},""wL"":{""N"":""28.57163""},""tL"":{""N"":""74.12""},""hR"":{""N"":""57.7""},""wR"":{""N"":""25.320015""},""hE"":{""N"":""49.2""},""tR"":{""N"":""75.74""}}",a47854d8-3051-70fa-00ce-ac30661244a5
868032061545061,1781557200,data.qo,"{""tE"":{""N"":""79.16""},""hL"":{""N"":""61.1""},""wL"":{""N"":""28.75066""},""tL"":{""N"":""74.12""},""hR"":{""N"":""55.4""},""wR"":{""N"":""25.289639""},""hE"":{""N"":""45.7""},""tR"":{""N"":""75.02""}}",a47854d8-3051-70fa-00ce-ac30661244a5
868032061545061,1781560800,data.qo,"{""tE"":{""N"":""84.02""},""hL"":{""N"":""62.2""},""wL"":{""N"":""28.67481""},""tL"":{""N"":""75.92""},""hR"":{""N"":""54.4""},""wR"":{""N"":""25.240816""},""hE"":{""N"":""39.9""},""tR"":{""N"":""76.82""}}",a47854d8-3051-70fa-00ce-ac30661244a5
868032061545061,1781564400,data.qo,"{""tE"":{""N"":""82.22""},""hL"":{""N"":""61.9""},""wL"":{""N"":""28.168337""},""tL"":{""N"":""77.54""},""hR"":{""N"":""52.8""},""wR"":{""N"":""24.84551""},""hE"":{""N"":""41.5""},""tR"":{""N"":""78.08""}}",a47854d8-3051-70fa-00ce-ac30661244a5
868032061545061,1781568000,data.qo,"{""tE"":{""N"":""70.88""},""hL"":{""N"":""57.6""},""wL"":{""N"":""27.96169""},""tL"":{""N"":""77.54""},""hR"":{""N"":""50.4""},""wR"":{""N"":""24.582205""},""hE"":{""N"":""51.6""},""tR"":{""N"":""78.08""}}",a47854d8-3051-70fa-00ce-ac30661244a5
868032061545061,1781571600,data.qo,"{""tE"":{""N"":""66.02""},""hL"":{""N"":""55.3""},""wL"":{""N"":""27.76852""},""tL"":{""N"":""74.48""},""hR"":{""N"":""51.6""},""wR"":{""N"":""24.338366""},""hE"":{""N"":""58.6""},""tR"":{""N"":""73.94""}}",a47854d8-3051-70fa-00ce-ac30661244a5
868032061545061,1781575200,data.qo,"{""tE"":{""N"":""61.52""},""hL"":{""N"":""55.4""},""wL"":{""N"":""27.550589""},""tL"":{""N"":""71.24""},""hR"":{""N"":""52.6""},""wR"":{""N"":""24.17072""},""hE"":{""N"":""65.6""},""tR"":{""N"":""70.16""}}",a47854d8-3051-70fa-00ce-ac30661244a5
868032061545061,1781578800,data.qo,"{""tE"":{""N"":""57.92""},""hL"":{""N"":""55.5""},""wL"":{""N"":""27.418745""},""tL"":{""N"":""67.82""},""hR"":{""N"":""53.2""},""wR"":{""N"":""24.079638""},""hE"":{""N"":""72.2""},""tR"":{""N"":""66.2""}}",a47854d8-3051-70fa-00ce-ac30661244a5
868032061545061,1781582400,data.qo,"{""tE"":{""N"":""57.92""},""hL"":{""N"":""56.3""},""wL"":{""N"":""27.25838""},""tL"":{""N"":""64.4""},""hR"":{""N"":""54.2""},""wR"":{""N"":""24.002472""},""hE"":{""N"":""72.2""},""tR"":{""N"":""62.6""}}",a47854d8-3051-70fa-00ce-ac30661244a5
868032061545061,1781586000,data.qo,"{""tE"":{""N"":""54.5""},""hL"":{""N"":""57.2""},""wL"":{""N"":""27.271475""},""tL"":{""N"":""61.16""},""hR"":{""N"":""54.3""},""wR"":{""N"":""24.003258""},""hE"":{""N"":""79.7""},""tR"":{""N"":""59.36""}}",a47854d8-3051-70fa-00ce-ac30661244a5
868032061545061,1781589600,data.qo,"{""tE"":{""N"":""53.24""},""hL"":{""N"":""58.6""},""wL"":{""N"":""27.26276""},""tL"":{""N"":""58.64""},""hR"":{""N"":""54.7""},""wR"":{""N"":""23.95989""},""hE"":{""N"":""80.7""},""tR"":{""N"":""56.66""}}",a47854d8-3051-70fa-00ce-ac30661244a5
868032061545061,1781593200,data.qo,"{""tE"":{""N"":""52.52""},""hL"":{""N"":""59.4""},""wL"":{""N"":""27.28952""},""tL"":{""N"":""56.48""},""hR"":{""N"":""55.2""},""wR"":{""N"":""23.981388""},""hE"":{""N"":""82""},""tR"":{""N"":""54.68""}}",a47854d8-3051-70fa-00ce-ac30661244a5
868032061545061,1781596800,data.qo,"{""tE"":{""N"":""51.8""},""hL"":{""N"":""60.9""},""wL"":{""N"":""27.373226""},""tL"":{""N"":""54.86""},""hR"":{""N"":""56.1""},""wR"":{""N"":""23.994982""},""hE"":{""N"":""83.5""},""tR"":{""N"":""53.06""}}",a47854d8-3051-70fa-00ce-ac30661244a5
868032061545061,1781600400,data.qo,"{""tE"":{""N"":""52.34""},""hL"":{""N"":""62.9""},""wL"":{""N"":""27.63058""},""tL"":{""N"":""53.6""},""hR"":{""N"":""56.2""},""wR"":{""N"":""24.181353""},""hE"":{""N"":""85.4""},""tR"":{""N"":""51.98""}}",a47854d8-3051-70fa-00ce-ac30661244a5
868032061545061,1781604000,data.qo,"{""tE"":{""N"":""53.42""},""hL"":{""N"":""67.2""},""wL"":{""N"":""27.792707""},""tL"":{""N"":""53.06""},""hR"":{""N"":""61.1""},""wR"":{""N"":""24.353622""},""hE"":{""N"":""87.2""},""tR"":{""N"":""51.8""}}",a47854d8-3051-70fa-00ce-ac30661244a5
868032061545061,1781607600,data.qo,"{""tE"":{""N"":""53.42""},""hL"":{""N"":""63.3""},""wL"":{""N"":""27.781328""},""tL"":{""N"":""52.7""},""hR"":{""N"":""59.5""},""wR"":{""N"":""24.364672""},""hE"":{""N"":""85.6""},""tR"":{""N"":""51.8""}}",a47854d8-3051-70fa-00ce-ac30661244a5
868032061545061,1781611200,data.qo,"{""tE"":{""N"":""53.06""},""hL"":{""N"":""64.7""},""wL"":{""N"":""27.917553""},""tL"":{""N"":""52.16""},""hR"":{""N"":""59.1""},""wR"":{""N"":""24.61591""},""hE"":{""N"":""86.9""},""tR"":{""N"":""51.44""}}",a47854d8-3051-70fa-00ce-ac30661244a5
868032061545061,1781614800,data.qo,"{""tE"":{""N"":""58.82""},""hL"":{""N"":""63""},""wL"":{""N"":""28.157434""},""tL"":{""N"":""51.98""},""hR"":{""N"":""62.4""},""wR"":{""N"":""24.827848""},""hE"":{""N"":""87.1""},""tR"":{""N"":""51.8""}}",a47854d8-3051-70fa-00ce-ac30661244a5
868032061545061,1781618400,data.qo,"{""tE"":{""N"":""65.3""},""hL"":{""N"":""68.8""},""wL"":{""N"":""28.287897""},""tL"":{""N"":""54.86""},""hR"":{""N"":""68.4""},""wR"":{""N"":""24.96267""},""hE"":{""N"":""77.3""},""tR"":{""N"":""55.22""}}",a47854d8-3051-70fa-00ce-ac30661244a5
868032061545061,1781622000,data.qo,"{""tE"":{""N"":""66.56""},""hL"":{""N"":""71.1""},""wL"":{""N"":""28.234474""},""tL"":{""N"":""59.18""},""hR"":{""N"":""68.4""},""wR"":{""N"":""24.812962""},""hE"":{""N"":""65.9""},""tR"":{""N"":""55.22""}}",a47854d8-3051-70fa-00ce-ac30661244a5
868032061545061,1781625600,data.qo,"{""tE"":{""N"":""67.46""},""hL"":{""N"":""70.1""},""wL"":{""N"":""28.3168""},""tL"":{""N"":""62.78""},""hR"":{""N"":""65.8""},""wR"":{""N"":""24.749435""},""hE"":{""N"":""62.9""},""tR"":{""N"":""63.86""}}",a47854d8-3051-70fa-00ce-ac30661244a5
868032061545061,1781629200,data.qo,"{""tE"":{""N"":""73.04""},""hL"":{""N"":""72""},""wL"":{""N"":""28.423979""},""tL"":{""N"":""65.66""},""hR"":{""N"":""66.2""},""wR"":{""N"":""24.76987""},""hE"":{""N"":""60""},""tR"":{""N"":""66.56""}}",a47854d8-3051-70fa-00ce-ac30661244a5
868032061545061,1781632800,data.qo,"{""tE"":{""N"":""81.86""},""hL"":{""N"":""72.6""},""wL"":{""N"":""28.18243""},""tL"":{""N"":""72.14""},""hR"":{""N"":""64.6""},""wR"":{""N"":""24.472399""},""hE"":{""N"":""48.5""},""tR"":{""N"":""73.22""}}",a47854d8-3051-70fa-00ce-ac30661244a5
868032061545061,1781636400,data.qo,"{""tE"":{""N"":""77""},""hL"":{""N"":""66.9""},""wL"":{""N"":""28.27066""},""tL"":{""N"":""73.94""},""hR"":{""N"":""59""},""wR"":{""N"":""24.305817""},""hE"":{""N"":""50.7""},""tR"":{""N"":""74.48""}}",a47854d8-3051-70fa-00ce-ac30661244a5
868032061545061,1781640000,data.qo,"{""tE"":{""N"":""78.44""},""hL"":{""N"":""63.4""},""wL"":{""N"":""28.108152""},""tL"":{""N"":""74.12""},""hR"":{""N"":""57.2""},""wR"":{""N"":""24.276226""},""hE"":{""N"":""50""},""tR"":{""N"":""73.76""}}",a47854d8-3051-70fa-00ce-ac30661244a5
868032061545061,1781643600,data.qo,"{""tE"":{""N"":""78.8""},""hL"":{""N"":""64.7""},""wL"":{""N"":""27.8248""},""tL"":{""N"":""75.38""},""hR"":{""N"":""59""},""wR"":{""N"":""24.17081""},""hE"":{""N"":""49""},""tR"":{""N"":""74.3""}}",a47854d8-3051-70fa-00ce-ac30661244a5
868032061545061,1781647200,data.qo,"{""tE"":{""N"":""74.12""},""hL"":{""N"":""63.6""},""wL"":{""N"":""27.635532""},""tL"":{""N"":""76.1""},""hR"":{""N"":""59""},""wR"":{""N"":""24.025312""},""hE"":{""N"":""54.8""},""tR"":{""N"":""75.38""}}",a47854d8-3051-70fa-00ce-ac30661244a5
868032061545061,1781650800,data.qo,"{""tE"":{""N"":""70.7""},""hL"":{""N"":""63.6""},""wL"":{""N"":""27.519306""},""tL"":{""N"":""76.1""},""hR"":{""N"":""59.5""},""wR"":{""N"":""23.86645""},""hE"":{""N"":""60.4""},""tR"":{""N"":""73.94""}}",a47854d8-3051-70fa-00ce-ac30661244a5
868032061545061,1781654400,data.qo,"{""tE"":{""N"":""68.9""},""hL"":{""N"":""61.6""},""wL"":{""N"":""27.53821""},""tL"":{""N"":""72.86""},""hR"":{""N"":""59.9""},""wR"":{""N"":""23.91139""},""hE"":{""N"":""65.3""},""tR"":{""N"":""72.14""}}",a47854d8-3051-70fa-00ce-ac30661244a5
868032061545061,1781658000,data.qo,"{""tE"":{""N"":""68""},""hL"":{""N"":""61.7""},""wL"":{""N"":""27.386892""},""tL"":{""N"":""71.6""},""hR"":{""N"":""60""},""wR"":{""N"":""23.829""},""hE"":{""N"":""62.6""},""tR"":{""N"":""71.06""}}",a47854d8-3051-70fa-00ce-ac30661244a5
868032061545061,1781661600,data.qo,"{""tE"":{""N"":""63.5""},""hL"":{""N"":""61.2""},""wL"":{""N"":""27.276997""},""tL"":{""N"":""69.98""},""hR"":{""N"":""59.6""},""wR"":{""N"":""23.670185""},""hE"":{""N"":""68.7""},""tR"":{""N"":""69.26""}}",a47854d8-3051-70fa-00ce-ac30661244a5
868032061545061,1781665200,data.qo,"{""tE"":{""N"":""62.24""},""hL"":{""N"":""60.9""},""wL"":{""N"":""27.17596""},""tL"":{""N"":""68""},""hR"":{""N"":""59.6""},""wR"":{""N"":""23.62261""},""hE"":{""N"":""73""},""tR"":{""N"":""66.92""}}",a47854d8-3051-70fa-00ce-ac30661244a5
868032061545061,1781668800,data.qo,"{""tE"":{""N"":""58.82""},""hL"":{""N"":""60.7""},""wL"":{""N"":""27.094063""},""tL"":{""N"":""65.84""},""hR"":{""N"":""59.1""},""wR"":{""N"":""23.57938""},""hE"":{""N"":""76.7""},""tR"":{""N"":""64.58""}}",a47854d8-3051-70fa-00ce-ac30661244a5
868032061545061,1781672940,data.qo,"{""tE"":{""N"":""56.3""},""hL"":{""N"":""60.9""},""wL"":{""N"":""27.03088""},""tL"":{""N"":""63.32""},""hR"":{""N"":""58.7""},""wR"":{""N"":""23.529308""},""hE"":{""N"":""79.7""},""tR"":{""N"":""61.88""}}",a47854d8-3051-70fa-00ce-ac30661244a5
868032061545061,1781676000,data.qo,"{""tE"":{""N"":""54.86""},""hL"":{""N"":""60.9""},""wL"":{""N"":""26.999073""},""tL"":{""N"":""60.62""},""hR"":{""N"":""57.6""},""wR"":{""N"":""23.510214""},""hE"":{""N"":""80.5""},""tR"":{""N"":""59""}}",a47854d8-3051-70fa-00ce-ac30661244a5
868032061545061,1781679600,data.qo,"{""tE"":{""N"":""53.42""},""hL"":{""N"":""60.9""},""wL"":{""N"":""26.946983""},""tL"":{""N"":""58.64""},""hR"":{""N"":""56.8""},""wR"":{""N"":""23.492136""},""hE"":{""N"":""81.1""},""tR"":{""N"":""57.02""}}",a47854d8-3051-70fa-00ce-ac30661244a5
868032061545061,1781683200,data.qo,"{""tE"":{""N"":""53.06""},""hL"":{""N"":""62.5""},""wL"":{""N"":""26.984598""},""tL"":{""N"":""56.48""},""hR"":{""N"":""58.7""},""wR"":{""N"":""23.531435""},""hE"":{""N"":""82.9""},""tR"":{""N"":""54.86""}}",a47854d8-3051-70fa-00ce-ac30661244a5
868032061545061,1781686800,data.qo,"{""tE"":{""N"":""52.34""},""hL"":{""N"":""63.4""},""wL"":{""N"":""27.053877""},""tL"":{""N"":""54.86""},""hR"":{""N"":""58.3""},""wR"":{""N"":""23.588257""},""hE"":{""N"":""83.1""},""tR"":{""N"":""53.06""}}",a47854d8-3051-70fa-00ce-ac30661244a5
868032061545061,1781690400,data.qo,"{""tE"":{""N"":""51.8""},""hL"":{""N"":""63.7""},""wL"":{""N"":""27.308994""},""tL"":{""N"":""53.42""},""hR"":{""N"":""58.3""},""wR"":{""N"":""23.744808""},""hE"":{""N"":""84.8""},""tR"":{""N"":""51.98""}}",a47854d8-3051-70fa-00ce-ac30661244a5
868032061545061,1781694000,data.qo,"{""tE"":{""N"":""52.7""},""hL"":{""N"":""65""},""wL"":{""N"":""27.466883""},""tL"":{""N"":""52.52""},""hR"":{""N"":""60.5""},""wR"":{""N"":""23.917076""},""hE"":{""N"":""85.6""},""tR"":{""N"":""51.26""}}",a47854d8-3051-70fa-00ce-ac30661244a5
868032061545061,1781697600,data.qo,"{""tE"":{""N"":""53.78""},""hE"":{""N"":""87.1""},""hL"":{""N"":""65""},""tR"":{""N"":""50.9""},""tL"":{""N"":""51.8""},""wR"":{""N"":""24.232811""},""wL"":{""N"":""27.693193""},""hR"":{""N"":""60.3""}}",a47854d8-3051-70fa-00ce-ac30661244a5
868032061545061,1781701200,data.qo,"{""tE"":{""N"":""60.8""},""hL"":{""N"":""68.7""},""wL"":{""N"":""27.787138""},""tL"":{""N"":""51.98""},""hR"":{""N"":""71.8""},""wR"":{""N"":""24.413496""},""hE"":{""N"":""85.8""},""tR"":{""N"":""51.8""}}",a47854d8-3051-70fa-00ce-ac30661244a5
868032061545061,1781704800,data.qo,"{""tE"":{""N"":""69.26""},""hL"":{""N"":""74.4""},""wL"":{""N"":""28.15753""},""tL"":{""N"":""56.48""},""hR"":{""N"":""74.5""},""wR"":{""N"":""24.61873""},""hE"":{""N"":""68.2""},""tR"":{""N"":""58.28""}}",a47854d8-3051-70fa-00ce-ac30661244a5
868032061545061,1781708400,data.qo,"{""tE"":{""N"":""73.04""},""hL"":{""N"":""74.4""},""wL"":{""N"":""28.32794""},""tL"":{""N"":""56.48""},""hR"":{""N"":""69.2""},""wR"":{""N"":""24.604584""},""hE"":{""N"":""59.2""},""tR"":{""N"":""66.02""}}",a47854d8-3051-70fa-00ce-ac30661244a5
868032061545061,1781712000,data.qo,"{""tE"":{""N"":""77""},""hL"":{""N"":""78.5""},""wL"":{""N"":""28.342129""},""tL"":{""N"":""68""},""hR"":{""N"":""65.6""},""wR"":{""N"":""24.70579""},""hE"":{""N"":""52.8""},""tR"":{""N"":""73.94""}}",a47854d8-3051-70fa-00ce-ac30661244a5
868032061545061,1781715600,data.qo,"{""tE"":{""N"":""81.5""},""hL"":{""N"":""76.1""},""wL"":{""N"":""28.43993""},""tL"":{""N"":""73.4""},""hR"":{""N"":""63.2""},""wR"":{""N"":""24.950693""},""hE"":{""N"":""49""},""tR"":{""N"":""78.98""}}",a47854d8-3051-70fa-00ce-ac30661244a5
868032061545061,1781719200,data.qo,"{""tE"":{""N"":""89.96""},""hL"":{""N"":""72.2""},""wL"":{""N"":""28.368176""},""tL"":{""N"":""78.8""},""hR"":{""N"":""62.2""},""wR"":{""N"":""24.826647""},""hE"":{""N"":""39.1""},""tR"":{""N"":""83.3""}}",a47854d8-3051-70fa-00ce-ac30661244a5
868032061545061,1781722800,data.qo,"{""tE"":{""N"":""92.84""},""hL"":{""N"":""68.6""},""wL"":{""N"":""28.29642""},""tL"":{""N"":""81.86""},""hR"":{""N"":""58.4""},""wR"":{""N"":""24.717396""},""hE"":{""N"":""38.8""},""tR"":{""N"":""85.1""}}",a47854d8-3051-70fa-00ce-ac30661244a5
868032061545061,1781726400,data.qo,"{""tE"":{""N"":""94.46""},""hL"":{""N"":""66.8""},""wL"":{""N"":""28.264994""},""tL"":{""N"":""84.02""},""hR"":{""N"":""57.8""},""wR"":{""N"":""24.527649""},""hE"":{""N"":""37""},""tR"":{""N"":""85.46""}}",a47854d8-3051-70fa-00ce-ac30661244a5
868032061545061,1781730000,data.qo,"{""tE"":{""N"":""95.54""},""hL"":{""N"":""65.6""},""wL"":{""N"":""27.97012""},""tL"":{""N"":""85.82""},""hR"":{""N"":""59.2""},""wR"":{""N"":""24.21797""},""hE"":{""N"":""35.5""},""tR"":{""N"":""87.08""}}",a47854d8-3051-70fa-00ce-ac30661244a5
868032061545061,1781733600,data.qo,"{""tE"":{""N"":""88.16""},""hL"":{""N"":""54.6""},""wL"":{""N"":""27.759996""},""tL"":{""N"":""87.44""},""hR"":{""N"":""55.4""},""wR"":{""N"":""23.985828""},""hE"":{""N"":""43.4""},""tR"":{""N"":""87.08""}}",a47854d8-3051-70fa-00ce-ac30661244a5
868032061545061,1781737200,data.qo,"{""tE"":{""N"":""83.12""},""hL"":{""N"":""54""},""wL"":{""N"":""27.608202""},""tL"":{""N"":""86.54""},""hR"":{""N"":""56.2""},""wR"":{""N"":""23.792706""},""hE"":{""N"":""46.5""},""tR"":{""N"":""84.92""}}",a47854d8-3051-70fa-00ce-ac30661244a5
868032061545061,1781740800,data.qo,"{""tE"":{""N"":""77.36""},""hL"":{""N"":""59.3""},""wL"":{""N"":""27.503784""},""tL"":{""N"":""85.1""},""hR"":{""N"":""52.7""},""wR"":{""N"":""23.506422""},""hE"":{""N"":""51.4""},""tR"":{""N"":""83.48""}}",a47854d8-3051-70fa-00ce-ac30661244a5
868032061545061,1781744400,data.qo,"{""tE"":{""N"":""73.76""},""hL"":{""N"":""56.6""},""wL"":{""N"":""27.485834""},""tL"":{""N"":""81.86""},""hR"":{""N"":""53.9""},""wR"":{""N"":""23.293606""},""hE"":{""N"":""55.7""},""tR"":{""N"":""79.7""}}",a47854d8-3051-70fa-00ce-ac30661244a5
868032061545061,1781748000,data.qo,"{""tE"":{""N"":""70.34""},""hL"":{""N"":""56.5""},""wL"":{""N"":""27.345848""},""tL"":{""N"":""78.44""},""hR"":{""N"":""54.3""},""wR"":{""N"":""23.177742""},""hE"":{""N"":""60.3""},""tR"":{""N"":""76.46""}}",a47854d8-3051-70fa-00ce-ac30661244a5
868032061545061,1781751600,data.qo,"{""tE"":{""N"":""67.46""},""hL"":{""N"":""57.3""},""wL"":{""N"":""27.318136""},""tL"":{""N"":""75.38""},""hR"":{""N"":""55""},""wR"":{""N"":""23.106125""},""hE"":{""N"":""66""},""tR"":{""N"":""73.58""}}",a47854d8-3051-70fa-00ce-ac30661244a5
868032061545061,1781755200,data.qo,"{""tE"":{""N"":""65.48""},""hL"":{""N"":""58.3""},""wL"":{""N"":""27.320042""},""tL"":{""N"":""72.68""},""hR"":{""N"":""56.6""},""wR"":{""N"":""23.088556""},""hE"":{""N"":""73.3""},""tR"":{""N"":""71.06""}}",a47854d8-3051-70fa-00ce-ac30661244a5
868032061545061,1781758800,data.qo,"{""tE"":{""N"":""64.04""},""hL"":{""N"":""59.5""},""wL"":{""N"":""27.330944""},""tL"":{""N"":""69.98""},""hR"":{""N"":""57.3""},""wR"":{""N"":""23.080603""},""hE"":{""N"":""76.9""},""tR"":{""N"":""68.54""}}",a47854d8-3051-70fa-00ce-ac30661244a5
868032061545061,1781762400,data.qo,"{""tE"":{""N"":""62.96""},""hL"":{""N"":""60.5""},""wL"":{""N"":""27.387272""},""tL"":{""N"":""68""},""hR"":{""N"":""57.6""},""wR"":{""N"":""23.132154""},""hE"":{""N"":""79.3""},""tR"":{""N"":""66.38""}}",a47854d8-3051-70fa-00ce-ac30661244a5
868032061545061,1781766000,data.qo,"{""tE"":{""N"":""62.06""},""hL"":{""N"":""61.8""},""wL"":{""N"":""27.481026""},""tL"":{""N"":""66.2""},""hR"":{""N"":""59.2""},""wR"":{""N"":""23.251394""},""hE"":{""N"":""80.7""},""tR"":{""N"":""64.76""}}",a47854d8-3051-70fa-00ce-ac30661244a5
868032061545061,1781769600,data.qo,"{""tE"":{""N"":""62.42""},""hL"":{""N"":""62.9""},""wL"":{""N"":""27.59968""},""tL"":{""N"":""64.94""},""hR"":{""N"":""59.8""},""wR"":{""N"":""23.426022""},""hE"":{""N"":""80.4""},""tR"":{""N"":""63.5""}}",a47854d8-3051-70fa-00ce-ac30661244a5
868032061545061,1781773200,data.qo,"{""tE"":{""N"":""63.32""},""hL"":{""N"":""64.5""},""wL"":{""N"":""27.630201""},""tL"":{""N"":""64.04""},""hR"":{""N"":""61.4""},""wR"":{""N"":""23.493385""},""hE"":{""N"":""80.5""},""tR"":{""N"":""62.78""}}",a47854d8-3051-70fa-00ce-ac30661244a5
868032061545061,1781776800,data.qo,"{""tE"":{""N"":""62.6""},""hL"":{""N"":""67""},""wL"":{""N"":""27.6781""},""tL"":{""N"":""63.5""},""hR"":{""N"":""62.4""},""wR"":{""N"":""23.585114""},""hE"":{""N"":""81.9""},""tR"":{""N"":""62.6""}}",a47854d8-3051-70fa-00ce-ac30661244a5
868032061545061,1781780400,data.qo,"{""tE"":{""N"":""62.78""},""hL"":{""N"":""68""},""wL"":{""N"":""27.711525""},""tL"":{""N"":""62.96""},""hR"":{""N"":""63.2""},""wR"":{""N"":""23.647484""},""hE"":{""N"":""83""},""tR"":{""N"":""62.42""}}",a47854d8-3051-70fa-00ce-ac30661244a5
868032061545061,1781784000,data.qo,"{""tE"":{""N"":""62.6""},""hL"":{""N"":""67.3""},""wL"":{""N"":""27.865702""},""tL"":{""N"":""62.6""},""hR"":{""N"":""62.1""},""wR"":{""N"":""23.912962""},""hE"":{""N"":""84.9""},""tR"":{""N"":""62.06""}}",a47854d8-3051-70fa-00ce-ac30661244a5
868032061545061,1781787600,data.qo,"{""tE"":{""N"":""67.82""},""hL"":{""N"":""66.9""},""wL"":{""N"":""28.078394""},""tL"":{""N"":""62.6""},""hR"":{""N"":""65.7""},""wR"":{""N"":""24.101553""},""hE"":{""N"":""82.3""},""tR"":{""N"":""62.6""}}",a47854d8-3051-70fa-00ce-ac30661244a5
868032061545061,1781791200,data.qo,"{""tE"":{""N"":""73.58""},""hL"":{""N"":""71""},""wL"":{""N"":""28.146101""},""tL"":{""N"":""65.12""},""hR"":{""N"":""72.2""},""wR"":{""N"":""24.237066""},""hE"":{""N"":""72.9""},""tR"":{""N"":""66.02""}}",a47854d8-3051-70fa-00ce-ac30661244a5
868032061545061,1781794800,data.qo,"{""tE"":{""N"":""78.26""},""hL"":{""N"":""73.7""},""wL"":{""N"":""28.279898""},""tL"":{""N"":""69.8""},""hR"":{""N"":""72.8""},""wR"":{""N"":""24.452055""},""hE"":{""N"":""65.4""},""tR"":{""N"":""71.96""}}",a47854d8-3051-70fa-00ce-ac30661244a5
868032061545061,1781798400,data.qo,"{""tE"":{""N"":""85.1""},""hL"":{""N"":""77.4""},""wL"":{""N"":""28.073013""},""tL"":{""N"":""75.56""},""hR"":{""N"":""70.8""},""wR"":{""N"":""24.58031""},""hE"":{""N"":""56.1""},""tR"":{""N"":""79.34""}}",a47854d8-3051-70fa-00ce-ac30661244a5
868032061545061,1781802000,data.qo,"{""tE"":{""N"":""86""},""hL"":{""N"":""72.3""},""wL"":{""N"":""28.102345""},""tL"":{""N"":""80.06""},""hR"":{""N"":""65.4""},""wR"":{""N"":""24.61383""},""hE"":{""N"":""53.5""},""tR"":{""N"":""84.02""}}",a47854d8-3051-70fa-00ce-ac30661244a5
868032061545061,1781805600,data.qo,"{""tE"":{""N"":""92.48""},""hL"":{""N"":""71.6""},""wL"":{""N"":""28.323513""},""tL"":{""N"":""83.12""},""hR"":{""N"":""66.4""},""wR"":{""N"":""24.753042""},""hE"":{""N"":""50.6""},""tR"":{""N"":""86.18""}}",a47854d8-3051-70fa-00ce-ac30661244a5
868032061545061,1781809200,data.qo,"{""tE"":{""N"":""80.24""},""hL"":{""N"":""65.8""},""wL"":{""N"":""28.41998""},""tL"":{""N"":""84.02""},""hR"":{""N"":""63.1""},""wR"":{""N"":""24.819157""},""hE"":{""N"":""75""},""tR"":{""N"":""86.18""}}",a47854d8-3051-70fa-00ce-ac30661244a5
868032061545061,1781812800,data.qo,"{""tE"":{""N"":""78.8""},""hL"":{""N"":""66.9""},""wL"":{""N"":""28.65548""},""tL"":{""N"":""82.04""},""hR"":{""N"":""64.1""},""wR"":{""N"":""24.935575""},""hE"":{""N"":""75.1""},""tR"":{""N"":""83.48""}}",a47854d8-3051-70fa-00ce-ac30661244a5
868032061545061,1781816400,data.qo,"{""tE"":{""N"":""86.54""},""hL"":{""N"":""68.3""},""wL"":{""N"":""28.723473""},""tL"":{""N"":""81.86""},""hR"":{""N"":""66.2""},""wR"":{""N"":""24.9629""},""hE"":{""N"":""69.1""},""tR"":{""N"":""82.94""}}",a47854d8-3051-70fa-00ce-ac30661244a5
868032061545061,1781820000,data.qo,"{""tE"":{""N"":""89.42""},""hL"":{""N"":""68.8""},""wL"":{""N"":""28.541395""},""tL"":{""N"":""83.12""},""hR"":{""N"":""65.5""},""wR"":{""N"":""24.961605""},""hE"":{""N"":""60.5""},""tR"":{""N"":""84.38""}}",a47854d8-3051-70fa-00ce-ac30661244a5
868032061545061,1781823600,data.qo,"{""tE"":{""N"":""82.04""},""hL"":{""N"":""66.6""},""wL"":{""N"":""28.311514""},""tL"":{""N"":""85.28""},""hR"":{""N"":""63.3""},""wR"":{""N"":""24.803345""},""hE"":{""N"":""62.8""},""tR"":{""N"":""86.54""}}",a47854d8-3051-70fa-00ce-ac30661244a5
868032061545061,1781827200,data.qo,"{""tE"":{""N"":""77.54""},""hL"":{""N"":""64.1""},""wL"":{""N"":""28.208666""},""tL"":{""N"":""83.48""},""hR"":{""N"":""62.2""},""wR"":{""N"":""24.723822""},""hE"":{""N"":""69.5""},""tR"":{""N"":""84.2""}}",a47854d8-3051-70fa-00ce-ac30661244a5
868032061545061,1781830800,data.qo,"{""tE"":{""N"":""74.3""},""hL"":{""N"":""63.6""},""wL"":{""N"":""28.085394""},""tL"":{""N"":""81.32""},""hR"":{""N"":""61.6""},""wR"":{""N"":""24.68873""},""hE"":{""N"":""72.8""},""tR"":{""N"":""81.32""}}",a47854d8-3051-70fa-00ce-ac30661244a5
868032061545061,1781834400,data.qo,"{""tE"":{""N"":""72.5""},""hL"":{""N"":""64.3""},""wL"":{""N"":""28.133102""},""tL"":{""N"":""78.98""},""hR"":{""N"":""63""},""wR"":{""N"":""24.735104""},""hE"":{""N"":""79.1""},""tR"":{""N"":""78.44""}}",a47854d8-3051-70fa-00ce-ac30661244a5
868032061545061,1781838000,data.qo,"{""tE"":{""N"":""71.24""},""hL"":{""N"":""65""},""wL"":{""N"":""28.083536""},""tL"":{""N"":""77""},""hR"":{""N"":""64.7""},""wR"":{""N"":""24.72618""},""hE"":{""N"":""78.1""},""tR"":{""N"":""76.28""}}",a47854d8-3051-70fa-00ce-ac30661244a5
868032061545061,1781841600,data.qo,"{""tE"":{""N"":""68.54""},""hL"":{""N"":""65""},""wL"":{""N"":""28.066013""},""tL"":{""N"":""75.02""},""hR"":{""N"":""64.4""},""wR"":{""N"":""24.74005""},""hE"":{""N"":""82.3""},""tR"":{""N"":""74.12""}}",a47854d8-3051-70fa-00ce-ac30661244a5
868032061545061,1781845200,data.qo,"{""tE"":{""N"":""66.74""},""hL"":{""N"":""64.8""},""wL"":{""N"":""28.284279""},""tL"":{""N"":""72.86""},""hR"":{""N"":""63.8""},""wR"":{""N"":""24.90127""},""hE"":{""N"":""84.9""},""tR"":{""N"":""71.78""}}",a47854d8-3051-70fa-00ce-ac30661244a5
868032061545061,1781848800,data.qo,"{""tE"":{""N"":""66.02""},""hL"":{""N"":""65.3""},""wL"":{""N"":""27.614012""},""tL"":{""N"":""70.7""},""hR"":{""N"":""64.5""},""wR"":{""N"":""25.393435""},""hE"":{""N"":""87.4""},""tR"":{""N"":""69.62""}}",a47854d8-3051-70fa-00ce-ac30661244a5
868032061545061,1781852400,data.qo,"{""tE"":{""N"":""65.3""},""hL"":{""N"":""65.3""},""wL"":{""N"":""27.721144""},""tL"":{""N"":""70.7""},""hR"":{""N"":""65.3""},""wR"":{""N"":""25.420853""},""hE"":{""N"":""89.5""},""tR"":{""N"":""68""}}",a47854d8-3051-70fa-00ce-ac30661244a5
868032061545061,1781856000,data.qo,"{""tE"":{""N"":""65.12""},""hL"":{""N"":""65.8""},""wL"":{""N"":""27.848227""},""tL"":{""N"":""68""},""hR"":{""N"":""64.8""},""wR"":{""N"":""25.374802""},""hE"":{""N"":""90.2""},""tR"":{""N"":""66.74""}}",a47854d8-3051-70fa-00ce-ac30661244a5
868032061545061,1781859600,data.qo,"{""tE"":{""N"":""64.4""},""hL"":{""N"":""68.4""},""wL"":{""N"":""27.907602""},""tL"":{""N"":""66.92""},""hR"":{""N"":""66""},""wR"":{""N"":""25.349327""},""hE"":{""N"":""90.5""},""tR"":{""N"":""65.84""}}",a47854d8-3051-70fa-00ce-ac30661244a5
868032061545061,1781863200,data.qo,"{""tE"":{""N"":""63.86""},""hL"":{""N"":""68.4""},""wL"":{""N"":""28.0254""},""tL"":{""N"":""65.84""},""hR"":{""N"":""66.2""},""wR"":{""N"":""25.356678""},""hE"":{""N"":""91.2""},""tR"":{""N"":""64.94""}}",a47854d8-3051-70fa-00ce-ac30661244a5
868032061545061,1781866800,data.qo,"{""tE"":{""N"":""63.68""},""hL"":{""N"":""68.4""},""wL"":{""N"":""28.14653""},""tL"":{""N"":""65.84""},""hR"":{""N"":""66.5""},""wR"":{""N"":""25.384466""},""hE"":{""N"":""92.2""},""tR"":{""N"":""64.04""}}",a47854d8-3051-70fa-00ce-ac30661244a5
868032061545061,1781870400,data.qo,"{""tE"":{""N"":""64.58""},""hL"":{""N"":""72.2""},""wL"":{""N"":""28.250044""},""tL"":{""N"":""64.76""},""hR"":{""N"":""68.9""},""wR"":{""N"":""25.418863""},""hE"":{""N"":""93""},""tR"":{""N"":""63.86""}}",a47854d8-3051-70fa-00ce-ac30661244a5
868032061545061,1781874000,data.qo,"{""tE"":{""N"":""65.48""},""hL"":{""N"":""72.2""},""wL"":{""N"":""28.264662""},""tL"":{""N"":""64.76""},""hR"":{""N"":""70.6""},""wR"":{""N"":""25.394915""},""hE"":{""N"":""92.7""},""tR"":{""N"":""64.22""}}",a47854d8-3051-70fa-00ce-ac30661244a5
868032061545061,1781877600,data.qo,"{""tE"":{""N"":""67.46""},""hL"":{""N"":""76.2""},""wL"":{""N"":""28.314371""},""tL"":{""N"":""65.3""},""hR"":{""N"":""74.6""},""wR"":{""N"":""25.32598""},""hE"":{""N"":""82.6""},""tR"":{""N"":""64.94""}}",a47854d8-3051-70fa-00ce-ac30661244a5
868032061545061,1781881200,data.qo,"{""tE"":{""N"":""69.98""},""hL"":{""N"":""74.2""},""wL"":{""N"":""28.37284""},""tL"":{""N"":""66.2""},""hR"":{""N"":""74.2""},""wR"":{""N"":""25.283073""},""hE"":{""N"":""74""},""tR"":{""N"":""66.74""}}",a47854d8-3051-70fa-00ce-ac30661244a5
868032061545061,1781884800,data.qo,"{""tE"":{""N"":""75.38""},""hL"":{""N"":""77.2""},""wL"":{""N"":""28.373175""},""tL"":{""N"":""68.9""},""hR"":{""N"":""76""},""wR"":{""N"":""25.377947""},""hE"":{""N"":""65.3""},""tR"":{""N"":""71.06""}}",a47854d8-3051-70fa-00ce-ac30661244a5
868032061545061,1781888400,data.qo,"{""tE"":{""N"":""78.08""},""hL"":{""N"":""75.7""},""wL"":{""N"":""28.08844""},""tL"":{""N"":""72.5""},""hR"":{""N"":""71.1""},""wR"":{""N"":""25.356077""},""hE"":{""N"":""59.8""},""tR"":{""N"":""75.74""}}",a47854d8-3051-70fa-00ce-ac30661244a5
868032061545061,1781892000,data.qo,"{""tE"":{""N"":""73.22""},""hL"":{""N"":""68""},""wL"":{""N"":""28.219952""},""tL"":{""N"":""73.94""},""hR"":{""N"":""66.1""},""wR"":{""N"":""25.415628""},""hE"":{""N"":""61.3""},""tR"":{""N"":""76.46""}}",a47854d8-3051-70fa-00ce-ac30661244a5
868032061545061,1781895600,data.qo,"{""tE"":{""N"":""78.8""},""hL"":{""N"":""67.6""},""wL"":{""N"":""28.279564""},""tL"":{""N"":""74.12""},""hR"":{""N"":""65.2""},""wR"":{""N"":""25.511656""},""hE"":{""N"":""54.3""},""tR"":{""N"":""76.1""}}",a47854d8-3051-70fa-00ce-ac30661244a5
868032061545061,1781899200,data.qo,"{""tE"":{""N"":""87.08""},""hL"":{""N"":""62.7""},""wL"":{""N"":""28.29204""},""tL"":{""N"":""75.74""},""hR"":{""N"":""60.9""},""wR"":{""N"":""25.507772""},""hE"":{""N"":""43""},""tR"":{""N"":""77""}}",a47854d8-3051-70fa-00ce-ac30661244a5
868032061545061,1781902800,data.qo,"{""tE"":{""N"":""88.88""},""hL"":{""N"":""59.3""},""wL"":{""N"":""28.126389""},""tL"":{""N"":""76.64""},""hR"":{""N"":""59.5""},""wR"":{""N"":""25.494642""},""hE"":{""N"":""40""},""tR"":{""N"":""77""}}",a47854d8-3051-70fa-00ce-ac30661244a5
868032061545061,1781906400,data.qo,"{""tE"":{""N"":""83.48""},""hL"":{""N"":""57.7""},""wL"":{""N"":""28.215904""},""tL"":{""N"":""78.62""},""hR"":{""N"":""58""},""wR"":{""N"":""25.528948""},""hE"":{""N"":""44.3""},""tR"":{""N"":""78.8""}}",a47854d8-3051-70fa-00ce-ac30661244a5
868032061545061,1781910000,data.qo,"{""tE"":{""N"":""84.2""},""hL"":{""N"":""61.2""},""wL"":{""N"":""27.90722""},""tL"":{""N"":""78.8""},""hR"":{""N"":""56.1""},""wR"":{""N"":""25.382986""},""hE"":{""N"":""42.6""},""tR"":{""N"":""78.98""}}",a47854d8-3051-70fa-00ce-ac30661244a5
868032061545061,1781913600,data.qo,"{""tE"":{""N"":""74.3""},""hL"":{""N"":""59.9""},""wL"":{""N"":""27.598965""},""tL"":{""N"":""78.8""},""hR"":{""N"":""55""},""wR"":{""N"":""25.04959""},""hE"":{""N"":""50.6""},""tR"":{""N"":""79.16""}}",a47854d8-3051-70fa-00ce-ac30661244a5
868032061545061,1781917200,data.qo,"{""tE"":{""N"":""68""},""hL"":{""N"":""55.5""},""wL"":{""N"":""27.50688""},""tL"":{""N"":""75.92""},""hR"":{""N"":""53.5""},""wR"":{""N"":""25.06947""},""hE"":{""N"":""59.6""},""tR"":{""N"":""75.56""}}",a47854d8-3051-70fa-00ce-ac30661244a5
868032061545061,1781920800,data.qo,"{""tE"":{""N"":""64.58""},""hL"":{""N"":""55.7""},""wL"":{""N"":""27.30228""},""tL"":{""N"":""72.5""},""hR"":{""N"":""54.5""},""wR"":{""N"":""24.931784""},""hE"":{""N"":""60.5""},""tR"":{""N"":""71.6""}}",a47854d8-3051-70fa-00ce-ac30661244a5
868032061545061,1781924400,data.qo,"{""tE"":{""N"":""62.42""},""hL"":{""N"":""56.7""},""wL"":{""N"":""27.205767""},""tL"":{""N"":""69.26""},""hR"":{""N"":""55.6""},""wR"":{""N"":""24.957167""},""hE"":{""N"":""64.6""},""tR"":{""N"":""68.36""}}",a47854d8-3051-70fa-00ce-ac30661244a5
868032061545061,1781928000,data.qo,"{""tE"":{""N"":""61.88""},""hL"":{""N"":""56.7""},""wL"":{""N"":""27.019737""},""tL"":{""N"":""69.26""},""hR"":{""N"":""57.2""},""wR"":{""N"":""24.851475""},""hE"":{""N"":""65.4""},""tR"":{""N"":""65.66""}}",a47854d8-3051-70fa-00ce-ac30661244a5
868032061545061,1781931600,data.qo,"{""tE"":{""N"":""58.82""},""hL"":{""N"":""58.8""},""wL"":{""N"":""26.952648""},""tL"":{""N"":""64.58""},""hR"":{""N"":""57.3""},""wR"":{""N"":""24.852121""},""hE"":{""N"":""71.4""},""tR"":{""N"":""63.32""}}",a47854d8-3051-70fa-00ce-ac30661244a5
868032061545061,1781935200,data.qo,"{""tE"":{""N"":""57.92""},""hL"":{""N"":""59.7""},""wL"":{""N"":""26.853182""},""tL"":{""N"":""62.42""},""hR"":{""N"":""57.5""},""wR"":{""N"":""24.78425""},""hE"":{""N"":""73.5""},""tR"":{""N"":""60.98""}}",a47854d8-3051-70fa-00ce-ac30661244a5
868032061545061,1781938800,data.qo,"{""tE"":{""N"":""56.66""},""hL"":{""N"":""60.9""},""wL"":{""N"":""26.81571""},""tL"":{""N"":""60.8""},""hR"":{""N"":""57.5""},""wR"":{""N"":""24.721834""},""hE"":{""N"":""76.4""},""tR"":{""N"":""60.98""}}",a47854d8-3051-70fa-00ce-ac30661244a5
868032061545061,1781942400,data.qo,"{""tE"":{""N"":""55.58""},""hL"":{""N"":""60.9""},""wL"":{""N"":""26.817043""},""tL"":{""N"":""60.8""},""hR"":{""N"":""59.1""},""wR"":{""N"":""24.71499""},""hE"":{""N"":""79""},""tR"":{""N"":""57.56""}}",a47854d8-3051-70fa-00ce-ac30661244a5
868032061545061,1781946000,data.qo,"{""tE"":{""N"":""53.96""},""hL"":{""N"":""62.1""},""wL"":{""N"":""26.867704""},""tL"":{""N"":""57.38""},""hR"":{""N"":""59.1""},""wR"":{""N"":""24.73478""},""hE"":{""N"":""81""},""tR"":{""N"":""56.12""}}",a47854d8-3051-70fa-00ce-ac30661244a5
868032061545061,1781949600,data.qo,"{""tE"":{""N"":""53.6""},""hL"":{""N"":""62.5""},""wL"":{""N"":""26.945698""},""tL"":{""N"":""55.94""},""hR"":{""N"":""59.4""},""wR"":{""N"":""24.752626""},""hE"":{""N"":""82.8""},""tR"":{""N"":""54.68""}}",a47854d8-3051-70fa-00ce-ac30661244a5
868032061545061,1781953200,data.qo,"{""tE"":{""N"":""53.06""},""hL"":{""N"":""62.6""},""wL"":{""N"":""27.254""},""tL"":{""N"":""54.5""},""hR"":{""N"":""59.5""},""wR"":{""N"":""24.96304""},""hE"":{""N"":""83.6""},""tR"":{""N"":""53.6""}}",a47854d8-3051-70fa-00ce-ac30661244a5
868032061545061,1781956800,data.qo,"{""tE"":{""N"":""55.58""},""hL"":{""N"":""68""},""wL"":{""N"":""27.421078""},""tL"":{""N"":""53.78""},""hR"":{""N"":""63""},""wR"":{""N"":""25.134384""},""hE"":{""N"":""82.9""},""tR"":{""N"":""53.06""}}",a47854d8-3051-70fa-00ce-ac30661244a5
868032061545061,1781960400,data.qo,"{""tE"":{""N"":""59.54""},""hL"":{""N"":""69.1""},""wL"":{""N"":""27.576967""},""tL"":{""N"":""54.5""},""hR"":{""N"":""64.8""},""wR"":{""N"":""25.253668""},""hE"":{""N"":""76.6""},""tR"":{""N"":""53.96""}}",a47854d8-3051-70fa-00ce-ac30661244a5
868032061545061,1781964000,data.qo,"{""tE"":{""N"":""68.54""},""hL"":{""N"":""73""},""wL"":{""N"":""27.659435""},""tL"":{""N"":""58.1""},""hR"":{""N"":""72.5""},""wR"":{""N"":""25.34512""},""hE"":{""N"":""62.2""},""tR"":{""N"":""60.08""}}",a47854d8-3051-70fa-00ce-ac30661244a5
868032061545061,1781967600,data.qo,"{""tE"":{""N"":""73.22""},""hL"":{""N"":""74.1""},""wL"":{""N"":""27.64458""},""tL"":{""N"":""62.96""},""hR"":{""N"":""69.9""},""wR"":{""N"":""25.277803""},""hE"":{""N"":""54""},""tR"":{""N"":""66.92""}}",a47854d8-3051-70fa-00ce-ac30661244a5
868032061545061,1781971200,data.qo,"{""tE"":{""N"":""73.94""},""hL"":{""N"":""71.1""},""wL"":{""N"":""27.64077""},""tL"":{""N"":""66.92""},""hR"":{""N"":""65.6""},""wR"":{""N"":""25.26236""},""hE"":{""N"":""53.3""},""tR"":{""N"":""71.06""}}",a47854d8-3051-70fa-00ce-ac30661244a5
868032061545061,1781974800,data.qo,"{""tE"":{""N"":""73.94""},""hL"":{""N"":""69.2""},""wL"":{""N"":""27.705431""},""tL"":{""N"":""70.16""},""hR"":{""N"":""65""},""wR"":{""N"":""25.42358""},""hE"":{""N"":""53.3""},""tR"":{""N"":""73.94""}}",a47854d8-3051-70fa-00ce-ac30661244a5
868032061545061,1781978400,data.qo,"{""tE"":{""N"":""83.48""},""hL"":{""N"":""67.9""},""wL"":{""N"":""27.487833""},""tL"":{""N"":""73.58""},""hR"":{""N"":""65""},""wR"":{""N"":""25.30129""},""hE"":{""N"":""41.7""},""tR"":{""N"":""77""}}",a47854d8-3051-70fa-00ce-ac30661244a5
868032061545061,1781982000,data.qo,"{""tE"":{""N"":""82.58""},""hL"":{""N"":""60.8""},""wL"":{""N"":""27.708954""},""tL"":{""N"":""76.28""},""hR"":{""N"":""60.3""},""wR"":{""N"":""25.386963""},""hE"":{""N"":""40.3""},""tR"":{""N"":""79.34""}}",a47854d8-3051-70fa-00ce-ac30661244a5
868032061545061,1781985600,data.qo,"{""tE"":{""N"":""94.64""},""hL"":{""N"":""60.5""},""wL"":{""N"":""27.909554""},""tL"":{""N"":""78.08""},""hR"":{""N"":""56""},""wR"":{""N"":""25.22098""},""hE"":{""N"":""33.9""},""tR"":{""N"":""80.6""}}",a47854d8-3051-70fa-00ce-ac30661244a5
868032061545061,1781989200,data.qo,"{""tE"":{""N"":""96.62""},""hL"":{""N"":""60.5""},""wL"":{""N"":""28.025684""},""tL"":{""N"":""80.6""},""hR"":{""N"":""57""},""wR"":{""N"":""25.22417""},""hE"":{""N"":""30.5""},""tR"":{""N"":""81.5""}}",a47854d8-3051-70fa-00ce-ac30661244a5
868032061545061,1781992800,data.qo,"{""tE"":{""N"":""95.54""},""hL"":{""N"":""60.2""},""wL"":{""N"":""27.88965""},""tL"":{""N"":""83.48""},""hR"":{""N"":""55.2""},""wR"":{""N"":""25.008163""},""hE"":{""N"":""33.3""},""tR"":{""N"":""84.56""}}",a47854d8-3051-70fa-00ce-ac30661244a5
868032061545061,1781996400,data.qo,"{""tE"":{""N"":""90.14""},""hL"":{""N"":""56.1""},""wL"":{""N"":""27.65996""},""tL"":{""N"":""84.74""},""hR"":{""N"":""50.4""},""wR"":{""N"":""24.669912""},""hE"":{""N"":""36.1""},""tR"":{""N"":""85.46""}}",a47854d8-3051-70fa-00ce-ac30661244a5
868032061545061,1782000000,data.qo,"{""tE"":{""N"":""77.18""},""hL"":{""N"":""54.1""},""wL"":{""N"":""27.360228""},""tL"":{""N"":""84.02""},""hR"":{""N"":""49""},""wR"":{""N"":""24.275995""},""hE"":{""N"":""45.7""},""tR"":{""N"":""84.56""}}",a47854d8-3051-70fa-00ce-ac30661244a5
868032061545061,1782003600,data.qo,"{""tE"":{""N"":""72.68""},""hL"":{""N"":""53.6""},""wL"":{""N"":""27.109919""},""tL"":{""N"":""80.42""},""hR"":{""N"":""51.3""},""wR"":{""N"":""24.08953""},""hE"":{""N"":""53.1""},""tR"":{""N"":""80.24""}}",a47854d8-3051-70fa-00ce-ac30661244a5
868032061545061,1782007200,data.qo,"{""tE"":{""N"":""67.82""},""hL"":{""N"":""54.3""},""wL"":{""N"":""26.836422""},""tL"":{""N"":""77.18""},""hR"":{""N"":""51.6""},""wR"":{""N"":""23.852673""},""hE"":{""N"":""57.4""},""tR"":{""N"":""76.46""}}",a47854d8-3051-70fa-00ce-ac30661244a5
868032061545061,1782010800,data.qo,"{""tE"":{""N"":""63.68""},""hL"":{""N"":""54.4""},""wL"":{""N"":""26.544594""},""tL"":{""N"":""73.76""},""hR"":{""N"":""52.5""},""wR"":{""N"":""23.576883""},""hE"":{""N"":""63.5""},""tR"":{""N"":""72.5""}}",a47854d8-3051-70fa-00ce-ac30661244a5
868032061545061,1782014400,data.qo,"{""tE"":{""N"":""61.52""},""hL"":{""N"":""55.3""},""wL"":{""N"":""26.343805""},""tL"":{""N"":""70.34""},""hR"":{""N"":""54""},""wR"":{""N"":""23.48386""},""hE"":{""N"":""71.6""},""tR"":{""N"":""68.54""}}",a47854d8-3051-70fa-00ce-ac30661244a5
868032061545061,1782018000,data.qo,"{""tE"":{""N"":""60.44""},""hL"":{""N"":""57""},""wL"":{""N"":""26.309141""},""tL"":{""N"":""67.28""},""hR"":{""N"":""54.7""},""wR"":{""N"":""23.530834""},""hE"":{""N"":""75.2""},""tR"":{""N"":""65.3""}}",a47854d8-3051-70fa-00ce-ac30661244a5
868032061545061,1782021600,data.qo,"{""tE"":{""N"":""60.08""},""hL"":{""N"":""58.3""},""wL"":{""N"":""26.274097""},""tL"":{""N"":""64.94""},""hR"":{""N"":""56.1""},""wR"":{""N"":""23.55765""},""hE"":{""N"":""77.5""},""tR"":{""N"":""62.96""}}",a47854d8-3051-70fa-00ce-ac30661244a5
868032061545061,1782025200,data.qo,"{""tE"":{""N"":""58.82""},""hL"":{""N"":""59""},""wL"":{""N"":""26.333757""},""tL"":{""N"":""62.96""},""hR"":{""N"":""56.5""},""wR"":{""N"":""23.631903""},""hE"":{""N"":""80""},""tR"":{""N"":""61.52""}}",a47854d8-3051-70fa-00ce-ac30661244a5
868032061545061,1782028800,data.qo,"{""tE"":{""N"":""57.38""},""hL"":{""N"":""60""},""wL"":{""N"":""26.28681""},""tL"":{""N"":""61.52""},""hR"":{""N"":""56.2""},""wR"":{""N"":""23.658117""},""hE"":{""N"":""80.7""},""tR"":{""N"":""59.9""}}",a47854d8-3051-70fa-00ce-ac30661244a5
868032061545061,1782032400,data.qo,"{""tE"":{""N"":""55.94""},""hL"":{""N"":""59.7""},""wL"":{""N"":""26.379658""},""tL"":{""N"":""59.54""},""hR"":{""N"":""55.9""},""wR"":{""N"":""23.695845""},""hE"":{""N"":""82.9""},""tR"":{""N"":""58.1""}}",a47854d8-3051-70fa-00ce-ac30661244a5
868032061545061,1782036000,data.qo,"{""tE"":{""N"":""55.04""},""hL"":{""N"":""60.9""},""wL"":{""N"":""26.446222""},""tL"":{""N"":""58.1""},""hR"":{""N"":""55.8""},""wR"":{""N"":""23.741894""},""hE"":{""N"":""83.2""},""tR"":{""N"":""56.48""}}",a47854d8-3051-70fa-00ce-ac30661244a5
868032061545061,1782039600,data.qo,"{""tE"":{""N"":""54.5""},""hL"":{""N"":""61.8""},""wL"":{""N"":""26.548498""},""tL"":{""N"":""56.48""},""hR"":{""N"":""56.4""},""wR"":{""N"":""23.745546""},""hE"":{""N"":""84""},""tR"":{""N"":""55.04""}}",a47854d8-3051-70fa-00ce-ac30661244a5
868032061545061,1782043200,data.qo,"{""tE"":{""N"":""54.86""},""hL"":{""N"":""61.4""},""wL"":{""N"":""26.815138""},""tL"":{""N"":""55.4""},""hR"":{""N"":""57.6""},""wR"":{""N"":""24.100534""},""hE"":{""N"":""85.3""},""tR"":{""N"":""53.96""}}",a47854d8-3051-70fa-00ce-ac30661244a5
868032061545061,1782046800,data.qo,"{""tE"":{""N"":""60.98""},""hL"":{""N"":""61""},""wL"":{""N"":""27.203625""},""tL"":{""N"":""54.5""},""hR"":{""N"":""58.7""},""wR"":{""N"":""24.363655""},""hE"":{""N"":""86.3""},""tR"":{""N"":""53.42""}}",a47854d8-3051-70fa-00ce-ac30661244a5
868032061545061,1782050400,data.qo,"{""tE"":{""N"":""72.68""},""hL"":{""N"":""61""},""wL"":{""N"":""27.487644""},""tL"":{""N"":""54.5""},""hR"":{""N"":""70.7""},""wR"":{""N"":""24.389408""},""hE"":{""N"":""65.8""},""tR"":{""N"":""60.44""}}",a47854d8-3051-70fa-00ce-ac30661244a5
868032061545061,1782054000,data.qo,"{""tE"":{""N"":""77.36""},""hL"":{""N"":""72.7""},""wL"":{""N"":""27.598394""},""tL"":{""N"":""64.94""},""hR"":{""N"":""67.1""},""wR"":{""N"":""24.216814""},""hE"":{""N"":""55.5""},""tR"":{""N"":""70.34""}}",a47854d8-3051-70fa-00ce-ac30661244a5
868032061545061,1782057600,data.qo,"{""tE"":{""N"":""81.32""},""hL"":{""N"":""73.9""},""wL"":{""N"":""27.646294""},""tL"":{""N"":""71.42""},""hR"":{""N"":""64.1""},""wR"":{""N"":""24.318577""},""hE"":{""N"":""51.4""},""tR"":{""N"":""78.8""}}",a47854d8-3051-70fa-00ce-ac30661244a5
868032061545061,1782061200,data.qo,"{""tE"":{""N"":""82.94""},""hL"":{""N"":""70""},""wL"":{""N"":""27.637009""},""tL"":{""N"":""76.64""},""hR"":{""N"":""60.6""},""wR"":{""N"":""24.156664""},""hE"":{""N"":""48.8""},""tR"":{""N"":""82.94""}}",a47854d8-3051-70fa-00ce-ac30661244a5
868032061545061,1782064800,data.qo,"{""tE"":{""N"":""89.6""},""hL"":{""N"":""67.8""},""wL"":{""N"":""27.756903""},""tL"":{""N"":""80.6""},""hR"":{""N"":""59.7""},""wR"":{""N"":""23.881939""},""hE"":{""N"":""44""},""tR"":{""N"":""85.1""}}",a47854d8-3051-70fa-00ce-ac30661244a5
868032061545061,1782068400,data.qo,"{""tE"":{""N"":""93.92""},""hL"":{""N"":""64""},""wL"":{""N"":""27.785519""},""tL"":{""N"":""83.3""},""hR"":{""N"":""51.8""},""wR"":{""N"":""23.465412""},""hE"":{""N"":""36.4""},""tR"":{""N"":""86.54""}}",a47854d8-3051-70fa-00ce-ac30661244a5
868032061545061,1782072000,data.qo,"{""tE"":{""N"":""94.1""},""hL"":{""N"":""61.7""},""wL"":{""N"":""27.844704""},""tL"":{""N"":""84.92""},""hR"":{""N"":""53.2""},""wR"":{""N"":""23.373035""},""hE"":{""N"":""36.4""},""tR"":{""N"":""86.54""}}",a47854d8-3051-70fa-00ce-ac30661244a5
868032061545061,1782075600,data.qo,"{""tE"":{""N"":""94.1""},""hL"":{""N"":""60.8""},""wL"":{""N"":""27.634724""},""tL"":{""N"":""86.54""},""hR"":{""N"":""53.3""},""wR"":{""N"":""23.289398""},""hE"":{""N"":""36.5""},""tR"":{""N"":""87.26""}}",a47854d8-3051-70fa-00ce-ac30661244a5
868032061545061,1782079200,data.qo,"{""tE"":{""N"":""89.96""},""hL"":{""N"":""60.8""},""wL"":{""N"":""27.681862""},""tL"":{""N"":""86.54""},""hR"":{""N"":""54.3""},""wR"":{""N"":""23.262674""},""hE"":{""N"":""40.2""},""tR"":{""N"":""86.54""}}",a47854d8-3051-70fa-00ce-ac30661244a5
868032061545061,1782082800,data.qo,"{""tE"":{""N"":""89.24""},""hL"":{""N"":""61.3""},""wL"":{""N"":""27.316042""},""tL"":{""N"":""87.44""},""hR"":{""N"":""53.9""},""wR"":{""N"":""23.123787""},""hE"":{""N"":""41.5""},""tR"":{""N"":""87.26""}}",a47854d8-3051-70fa-00ce-ac30661244a5
868032061545061,1782086400,data.qo,"{""tE"":{""N"":""81.32""},""hL"":{""N"":""59""},""wL"":{""N"":""27.130108""},""tL"":{""N"":""87.08""},""hR"":{""N"":""52.8""},""wR"":{""N"":""22.895666""},""hE"":{""N"":""49.1""},""tR"":{""N"":""86.54""}}",a47854d8-3051-70fa-00ce-ac30661244a5
868032061545061,1782090000,data.qo,"{""tE"":{""N"":""76.1""},""hL"":{""N"":""57.2""},""wL"":{""N"":""26.967934""},""tL"":{""N"":""84.2""},""hR"":{""N"":""53.6""},""wR"":{""N"":""22.805185""},""hE"":{""N"":""55.2""},""tR"":{""N"":""83.3""}}",a47854d8-3051-70fa-00ce-ac30661244a5
868032061545061,1782093600,data.qo,"{""tE"":{""N"":""70.88""},""hL"":{""N"":""55.4""},""wL"":{""N"":""26.72648""},""tL"":{""N"":""80.96""},""hR"":{""N"":""52.5""},""wR"":{""N"":""22.673555""},""hE"":{""N"":""60.3""},""tR"":{""N"":""79.88""}}",a47854d8-3051-70fa-00ce-ac30661244a5
868032061545061,1782097200,data.qo,"{""tE"":{""N"":""68""},""hL"":{""N"":""55.3""},""wL"":{""N"":""26.5375""},""tL"":{""N"":""77.36""},""hR"":{""N"":""53.1""},""wR"":{""N"":""22.6638""},""hE"":{""N"":""64.8""},""tR"":{""N"":""75.92""}}",a47854d8-3051-70fa-00ce-ac30661244a5
868032061545061,1782100800,data.qo,"{""tE"":{""N"":""65.3""},""hL"":{""N"":""56.1""},""wL"":{""N"":""26.399275""},""tL"":{""N"":""74.12""},""hR"":{""N"":""53.8""},""wR"":{""N"":""22.637678""},""hE"":{""N"":""70.2""},""tR"":{""N"":""72.32""}}",a47854d8-3051-70fa-00ce-ac30661244a5
868032061545061,1782104400,data.qo,"{""tE"":{""N"":""63.32""},""hL"":{""N"":""56.1""},""wL"":{""N"":""26.252956""},""tL"":{""N"":""74.12""},""hR"":{""N"":""55""},""wR"":{""N"":""22.717108""},""hE"":{""N"":""74.5""},""tR"":{""N"":""69.08""}}",a47854d8-3051-70fa-00ce-ac30661244a5
868032061545061,1782108000,data.qo,"{""tE"":{""N"":""61.16""},""hL"":{""N"":""57.5""},""wL"":{""N"":""26.183487""},""tL"":{""N"":""68.18""},""hR"":{""N"":""54""},""wR"":{""N"":""22.771156""},""hE"":{""N"":""78.7""},""tR"":{""N"":""66.38""}}",a47854d8-3051-70fa-00ce-ac30661244a5
868032061545061,1782111600,data.qo,"{""tE"":{""N"":""59.9""},""hL"":{""N"":""58.3""},""wL"":{""N"":""26.123398""},""tL"":{""N"":""65.66""},""hR"":{""N"":""54""},""wR"":{""N"":""22.82465""},""hE"":{""N"":""81.4""},""tR"":{""N"":""63.86""}}",a47854d8-3051-70fa-00ce-ac30661244a5
868032061545061,1782115200,data.qo,"{""tE"":{""N"":""59""},""hL"":{""N"":""59.1""},""wL"":{""N"":""26.182678""},""tL"":{""N"":""63.5""},""hR"":{""N"":""55.7""},""wR"":{""N"":""22.997936""},""hE"":{""N"":""83""},""tR"":{""N"":""61.7""}}",a47854d8-3051-70fa-00ce-ac30661244a5
868032061545061,1782118800,data.qo,"{""tE"":{""N"":""58.1""},""hL"":{""N"":""59.4""},""wL"":{""N"":""26.214247""},""tL"":{""N"":""61.7""},""hR"":{""N"":""55""},""wR"":{""N"":""23.064976""},""hE"":{""N"":""83.6""},""tR"":{""N"":""60.08""}}",a47854d8-3051-70fa-00ce-ac30661244a5
868032061545061,1782122400,data.qo,"{""tE"":{""N"":""57.38""},""hL"":{""N"":""61.9""},""wL"":{""N"":""26.194868""},""tL"":{""N"":""60.26""},""hR"":{""N"":""55.8""},""wR"":{""N"":""23.130306""},""hE"":{""N"":""84.4""},""tR"":{""N"":""58.64""}}",a47854d8-3051-70fa-00ce-ac30661244a5
868032061545061,1782126000,data.qo,"{""tE"":{""N"":""56.66""},""hL"":{""N"":""61.9""},""wL"":{""N"":""26.288954""},""tL"":{""N"":""60.26""},""hR"":{""N"":""55""},""wR"":{""N"":""23.166414""},""hE"":{""N"":""84.6""},""tR"":{""N"":""57.2""}}",a47854d8-3051-70fa-00ce-ac30661244a5
868032061545061,1782129600,data.qo,"{""tE"":{""N"":""57.2""},""hL"":{""N"":""61""},""wL"":{""N"":""26.677725""},""tL"":{""N"":""57.56""},""hR"":{""N"":""55.4""},""wR"":{""N"":""23.606613""},""hE"":{""N"":""86.1""},""tR"":{""N"":""56.3""}}",a47854d8-3051-70fa-00ce-ac30661244a5
868032061545061,1782133200,data.qo,"{""tE"":{""N"":""63.86""},""hL"":{""N"":""64""},""wL"":{""N"":""27.110348""},""tL"":{""N"":""57.02""},""hR"":{""N"":""60.4""},""wR"":{""N"":""23.641705""},""hE"":{""N"":""86.5""},""tR"":{""N"":""55.94""}}",a47854d8-3051-70fa-00ce-ac30661244a5
868032061545061,1782136800,data.qo,"{""tE"":{""N"":""76.82""},""hL"":{""N"":""72.3""},""wL"":{""N"":""27.272999""},""tL"":{""N"":""62.24""},""hR"":{""N"":""70.5""},""wR"":{""N"":""23.757383""},""hE"":{""N"":""71.5""},""tR"":{""N"":""64.22""}}",a47854d8-3051-70fa-00ce-ac30661244a5
868032061545061,1782140400,data.qo,"{""tE"":{""N"":""79.88""},""hL"":{""N"":""73.9""},""wL"":{""N"":""27.380083""},""tL"":{""N"":""68.9""},""hR"":{""N"":""66.7""},""wR"":{""N"":""23.686922""},""hE"":{""N"":""60.7""},""tR"":{""N"":""73.58""}}",a47854d8-3051-70fa-00ce-ac30661244a5
868032061545061,1782144000,data.qo,"{""tE"":{""N"":""81.5""},""hL"":{""N"":""71.1""},""wL"":{""N"":""27.528925""},""tL"":{""N"":""73.94""},""hR"":{""N"":""62.2""},""wR"":{""N"":""23.820124""},""hE"":{""N"":""57.3""},""tR"":{""N"":""79.52""}}",a47854d8-3051-70fa-00ce-ac30661244a5
868032061545061,1782147600,data.qo,"{""tE"":{""N"":""86""},""hL"":{""N"":""69.7""},""wL"":{""N"":""27.409128""},""tL"":{""N"":""78.08""},""hR"":{""N"":""62""},""wR"":{""N"":""23.908384""},""hE"":{""N"":""54.4""},""tR"":{""N"":""83.48""}}",a47854d8-3051-70fa-00ce-ac30661244a5
868032061545061,1782151200,data.qo,"{""tE"":{""N"":""86""},""hL"":{""N"":""67.5""},""wL"":{""N"":""27.726238""},""tL"":{""N"":""82.22""},""hR"":{""N"":""59""},""wR"":{""N"":""24.12675""},""hE"":{""N"":""52.6""},""tR"":{""N"":""86.72""}}",a47854d8-3051-70fa-00ce-ac30661244a5
868032061545061,1782154800,data.qo,"{""tE"":{""N"":""99.5""},""hL"":{""N"":""67.1""},""wL"":{""N"":""27.816658""},""tL"":{""N"":""84.92""},""hR"":{""N"":""61.8""},""wR"":{""N"":""24.144966""},""hE"":{""N"":""43.1""},""tR"":{""N"":""88.7""}}",a47854d8-3051-70fa-00ce-ac30661244a5
868032061545061,1782158400,data.qo,"{""tE"":{""N"":""96.8""},""hL"":{""N"":""65.1""},""wL"":{""N"":""27.347847""},""tL"":{""N"":""88.7""},""hR"":{""N"":""56.8""},""wR"":{""N"":""23.822157""},""hE"":{""N"":""42.5""},""tR"":{""N"":""91.4""}}",a47854d8-3051-70fa-00ce-ac30661244a5
868032061545061,1782162000,data.qo,"{""tE"":{""N"":""83.66""},""hL"":{""N"":""61.5""},""wL"":{""N"":""28.350748""},""tL"":{""N"":""87.8""},""hR"":{""N"":""57.2""},""wR"":{""N"":""24.80413""},""hE"":{""N"":""56.3""},""tR"":{""N"":""88.88""}}",a47854d8-3051-70fa-00ce-ac30661244a5
868032061545061,1782165600,data.qo,"{""tE"":{""N"":""84.38""},""hL"":{""N"":""61.5""},""wL"":{""N"":""28.303133""},""tL"":{""N"":""87.8""},""hR"":{""N"":""59.1""},""wR"":{""N"":""24.836079""},""hE"":{""N"":""68.8""},""tR"":{""N"":""84.38""}}",a47854d8-3051-70fa-00ce-ac30661244a5
868032061545061,1782169200,data.qo,"{""tE"":{""N"":""79.88""},""hL"":{""N"":""62.9""},""wL"":{""N"":""28.272802""},""tL"":{""N"":""82.58""},""hR"":{""N"":""60.5""},""wR"":{""N"":""24.931322""},""hE"":{""N"":""70.2""},""tR"":{""N"":""82.76""}}",a47854d8-3051-70fa-00ce-ac30661244a5
868032061545061,1782172800,data.qo,"{""tE"":{""N"":""71.78""},""hL"":{""N"":""62.3""},""wL"":{""N"":""28.403742""},""tL"":{""N"":""81.14""},""hR"":{""N"":""60.4""},""wR"":{""N"":""25.128466""},""hE"":{""N"":""78.5""},""tR"":{""N"":""81.5""}}",a47854d8-3051-70fa-00ce-ac30661244a5
868032061545061,1782176400,data.qo,"{""tE"":{""N"":""69.26""},""hL"":{""N"":""61.7""},""wL"":{""N"":""28.394125""},""tL"":{""N"":""78.08""},""hR"":{""N"":""59.7""},""wR"":{""N"":""25.12717""},""hE"":{""N"":""83.5""},""tR"":{""N"":""77.9""}}",a47854d8-3051-70fa-00ce-ac30661244a5
868032061545061,1782180000,data.qo,"{""tE"":{""N"":""68""},""hL"":{""N"":""61.9""},""wL"":{""N"":""28.39822""},""tL"":{""N"":""75.38""},""hR"":{""N"":""60.4""},""wR"":{""N"":""25.130638""},""hE"":{""N"":""85.1""},""tR"":{""N"":""74.48""}}",a47854d8-3051-70fa-00ce-ac30661244a5
868032061545061,1782183600,data.qo,"{""tE"":{""N"":""67.28""},""hL"":{""N"":""63.2""},""wL"":{""N"":""28.367508""},""tL"":{""N"":""73.04""},""hR"":{""N"":""61.5""},""wR"":{""N"":""25.131054""},""hE"":{""N"":""86.5""},""tR"":{""N"":""71.96""}}",a47854d8-3051-70fa-00ce-ac30661244a5
868032061545061,1782187200,data.qo,"{""tE"":{""N"":""66.2""},""hL"":{""N"":""65.2""},""wL"":{""N"":""28.360033""},""tL"":{""N"":""71.24""},""hR"":{""N"":""62.8""},""wR"":{""N"":""25.16795""},""hE"":{""N"":""88.2""},""tR"":{""N"":""69.98""}}",a47854d8-3051-70fa-00ce-ac30661244a5
868032061545061,1782190800,data.qo,"{""tE"":{""N"":""65.66""},""hL"":{""N"":""64.2""},""wL"":{""N"":""28.316322""},""tL"":{""N"":""69.44""},""hR"":{""N"":""60.4""},""wR"":{""N"":""25.18991""},""hE"":{""N"":""88.1""},""tR"":{""N"":""68.18""}}",a47854d8-3051-70fa-00ce-ac30661244a5
868032061545061,1782194400,data.qo,"{""tE"":{""N"":""65.3""},""hL"":{""N"":""65.5""},""wL"":{""N"":""28.287897""},""tL"":{""N"":""68.18""},""hR"":{""N"":""61.2""},""wR"":{""N"":""25.218206""},""hE"":{""N"":""88.1""},""tR"":{""N"":""66.92""}}",a47854d8-3051-70fa-00ce-ac30661244a5
868032061545061,1782198000,data.qo,"{""tE"":{""N"":""64.04""},""hL"":{""N"":""66.7""},""wL"":{""N"":""28.26747""},""tL"":{""N"":""66.92""},""hR"":{""N"":""61.1""},""wR"":{""N"":""25.30545""},""hE"":{""N"":""88""},""tR"":{""N"":""65.66""}}",a47854d8-3051-70fa-00ce-ac30661244a5
868032061545061,1782201600,data.qo,"{""tE"":{""N"":""63.32""},""hL"":{""N"":""66.7""},""wL"":{""N"":""28.2699""},""tL"":{""N"":""66.92""},""hR"":{""N"":""61.1""},""wR"":{""N"":""25.346739""},""hE"":{""N"":""88.1""},""tR"":{""N"":""65.66""}}",a47854d8-3051-70fa-00ce-ac30661244a5
868032061545061,1782205200,data.qo,"{""tE"":{""N"":""62.96""},""hL"":{""N"":""66.8""},""wL"":{""N"":""28.2938""},""tL"":{""N"":""64.58""},""hR"":{""N"":""61.7""},""wR"":{""N"":""25.389412""},""hE"":{""N"":""89.1""},""tR"":{""N"":""63.5""}}",a47854d8-3051-70fa-00ce-ac30661244a5
868032061545061,1782208800,data.qo,"{""tE"":{""N"":""62.96""},""hL"":{""N"":""66.5""},""wL"":{""N"":""28.30661""},""tL"":{""N"":""63.68""},""hR"":{""N"":""61.5""},""wR"":{""N"":""25.394083""},""hE"":{""N"":""88.9""},""tR"":{""N"":""62.78""}}",a47854d8-3051-70fa-00ce-ac30661244a5
868032061545061,1782212400,data.qo,"{""tE"":{""N"":""63.32""},""hL"":{""N"":""66.7""},""wL"":{""N"":""28.016304""},""tL"":{""N"":""62.96""},""hR"":{""N"":""61.6""},""wR"":{""N"":""25.386408""},""hE"":{""N"":""90.1""},""tR"":{""N"":""62.06""}}",a47854d8-3051-70fa-00ce-ac30661244a5
868032061545061,1782216000,data.qo,"{""tE"":{""N"":""63.5""},""hL"":{""N"":""70.4""},""wL"":{""N"":""28.341558""},""tL"":{""N"":""62.96""},""hR"":{""N"":""63.6""},""wR"":{""N"":""25.450304""},""hE"":{""N"":""92.6""},""tR"":{""N"":""62.06""}}",a47854d8-3051-70fa-00ce-ac30661244a5
868032061545061,1782219600,data.qo,"{""tE"":{""N"":""65.12""},""hL"":{""N"":""69.1""},""wL"":{""N"":""28.626959""},""tL"":{""N"":""62.78""},""hR"":{""N"":""64.9""},""wR"":{""N"":""25.405272""},""hE"":{""N"":""93.5""},""tR"":{""N"":""62.42""}}",a47854d8-3051-70fa-00ce-ac30661244a5
868032061545061,1782223200,data.qo,"{""tE"":{""N"":""67.82""},""hL"":{""N"":""75.5""},""wL"":{""N"":""28.786467""},""tL"":{""N"":""64.04""},""hR"":{""N"":""72.9""},""wR"":{""N"":""25.304619""},""hE"":{""N"":""87.9""},""tR"":{""N"":""64.04""}}",a47854d8-3051-70fa-00ce-ac30661244a5
868032061545061,1782226800,data.qo,"{""tE"":{""N"":""68.9""},""hL"":{""N"":""75.1""},""wL"":{""N"":""29.013063""},""tL"":{""N"":""65.84""},""hR"":{""N"":""71.5""},""wR"":{""N"":""25.28987""},""hE"":{""N"":""82.5""},""tR"":{""N"":""66.56""}}",a47854d8-3051-70fa-00ce-ac30661244a5
868032061545061,1782230400,data.qo,"{""tE"":{""N"":""73.58""},""hL"":{""N"":""75.2""},""wL"":{""N"":""28.97102""},""tL"":{""N"":""68.18""},""hR"":{""N"":""72.9""},""wR"":{""N"":""25.316084""},""hE"":{""N"":""71.1""},""tR"":{""N"":""69.8""}}",a47854d8-3051-70fa-00ce-ac30661244a5
868032061545061,1782234000,data.qo,"{""tE"":{""N"":""75.92""},""hL"":{""N"":""73.2""},""wL"":{""N"":""28.935308""},""tL"":{""N"":""71.6""},""hR"":{""N"":""72.9""},""wR"":{""N"":""25.206278""},""hE"":{""N"":""64.1""},""tR"":{""N"":""69.8""}}",a47854d8-3051-70fa-00ce-ac30661244a5
868032061545061,1782237600,data.qo,"{""tE"":{""N"":""71.78""},""hL"":{""N"":""73.2""},""wL"":{""N"":""28.848127""},""tL"":{""N"":""71.6""},""hR"":{""N"":""66.5""},""wR"":{""N"":""25.200268""},""hE"":{""N"":""77.3""},""tR"":{""N"":""74.12""}}",a47854d8-3051-70fa-00ce-ac30661244a5
868032061545061,1782241200,data.qo,"{""tE"":{""N"":""67.64""},""hL"":{""N"":""68.3""},""wL"":{""N"":""29.009682""},""tL"":{""N"":""70.7""},""hR"":{""N"":""65.1""},""wR"":{""N"":""25.225742""},""hE"":{""N"":""76.2""},""tR"":{""N"":""72.5""}}",a47854d8-3051-70fa-00ce-ac30661244a5
868032061545061,1782244800,data.qo,"{""tE"":{""N"":""71.6""},""hL"":{""N"":""70.7""},""wL"":{""N"":""29.016348""},""tL"":{""N"":""69.26""},""hR"":{""N"":""67""},""wR"":{""N"":""25.182005""},""hE"":{""N"":""76.9""},""tR"":{""N"":""70.52""}}",a47854d8-3051-70fa-00ce-ac30661244a5
868032061545061,1782248400,data.qo,"{""tE"":{""N"":""71.6""},""hL"":{""N"":""68.6""},""wL"":{""N"":""29.257801""},""tL"":{""N"":""69.8""},""hR"":{""N"":""66.2""},""wR"":{""N"":""25.070719""},""hE"":{""N"":""76.9""},""tR"":{""N"":""71.06""}}",a47854d8-3051-70fa-00ce-ac30661244a5
868032061545061,1782252000,data.qo,"{""tE"":{""N"":""81.5""},""hL"":{""N"":""67.8""},""wL"":{""N"":""29.14724""},""tL"":{""N"":""71.6""},""hR"":{""N"":""62.5""},""wR"":{""N"":""24.916018""},""hE"":{""N"":""48""},""tR"":{""N"":""73.04""}}",a47854d8-3051-70fa-00ce-ac30661244a5
868032061545061,1782255600,data.qo,"{""tE"":{""N"":""75.02""},""hL"":{""N"":""65""},""wL"":{""N"":""28.922739""},""tL"":{""N"":""73.76""},""hR"":{""N"":""59.7""},""wR"":{""N"":""24.793036""},""hE"":{""N"":""51.7""},""tR"":{""N"":""74.84""}}",a47854d8-3051-70fa-00ce-ac30661244a5
868032061545061,1782259200,data.qo,"{""tE"":{""N"":""68.9""},""hL"":{""N"":""62.9""},""wL"":{""N"":""28.7259""},""tL"":{""N"":""73.4""},""hR"":{""N"":""58.3""},""wR"":{""N"":""24.644945""},""hE"":{""N"":""59.1""},""tR"":{""N"":""74.12""}}",a47854d8-3051-70fa-00ce-ac30661244a5
868032061545061,1782262800,data.qo,"{""tE"":{""N"":""65.12""},""hL"":{""N"":""60.9""},""wL"":{""N"":""28.460594""},""tL"":{""N"":""71.24""},""hR"":{""N"":""58.4""},""wR"":{""N"":""24.545218""},""hE"":{""N"":""63.9""},""tR"":{""N"":""71.24""}}",a47854d8-3051-70fa-00ce-ac30661244a5
868032061545061,1782266400,data.qo,"{""tE"":{""N"":""60.98""},""hL"":{""N"":""59.5""},""wL"":{""N"":""28.310846""},""tL"":{""N"":""68.54""},""hR"":{""N"":""58.4""},""wR"":{""N"":""24.495516""},""hE"":{""N"":""68.7""},""tR"":{""N"":""68""}}",a47854d8-3051-70fa-00ce-ac30661244a5
868032061545061,1782270000,data.qo,"{""tE"":{""N"":""58.64""},""hL"":{""N"":""60.1""},""wL"":{""N"":""28.075155""},""tL"":{""N"":""65.48""},""hR"":{""N"":""58""},""wR"":{""N"":""24.312567""},""hE"":{""N"":""71.2""},""tR"":{""N"":""64.58""}}",a47854d8-3051-70fa-00ce-ac30661244a5
868032061545061,1782273600,data.qo,"{""tE"":{""N"":""56.48""},""hL"":{""N"":""60.6""},""wL"":{""N"":""28.003878""},""tL"":{""N"":""62.96""},""hR"":{""N"":""58.4""},""wR"":{""N"":""24.236279""},""hE"":{""N"":""75.6""},""tR"":{""N"":""61.52""}}",a47854d8-3051-70fa-00ce-ac30661244a5
868032061545061,1782277140,data.qo,"{""tE"":{""N"":""55.22""},""hL"":{""N"":""61.9""},""wL"":{""N"":""27.868273""},""tL"":{""N"":""60.44""},""hR"":{""N"":""58.5""},""wR"":{""N"":""24.079222""},""hE"":{""N"":""77.6""},""tR"":{""N"":""58.82""}}",a47854d8-3051-70fa-00ce-ac30661244a5
868032061545061,1782280800,data.qo,"{""tE"":{""N"":""53.6""},""hL"":{""N"":""63.2""},""wL"":{""N"":""27.886127""},""tL"":{""N"":""58.28""},""hR"":{""N"":""59.5""},""wR"":{""N"":""24.069927""},""hE"":{""N"":""82.1""},""tR"":{""N"":""56.66""}}",a47854d8-3051-70fa-00ce-ac30661244a5
868032061545061,1782284400,data.qo,"{""tE"":{""N"":""53.42""},""hL"":{""N"":""64.2""},""wL"":{""N"":""27.989975""},""tL"":{""N"":""56.3""},""hR"":{""N"":""60.5""},""wR"":{""N"":""24.152456""},""hE"":{""N"":""83.5""},""tR"":{""N"":""54.68""}}",a47854d8-3051-70fa-00ce-ac30661244a5
868032061545061,1782288000,data.qo,"{""tE"":{""N"":""53.06""},""hL"":{""N"":""64.6""},""wL"":{""N"":""27.971785""},""tL"":{""N"":""54.86""},""hR"":{""N"":""60.5""},""wR"":{""N"":""24.112326""},""hE"":{""N"":""82.6""},""tR"":{""N"":""53.42""}}",a47854d8-3051-70fa-00ce-ac30661244a5
868032061545061,1782291600,data.qo,"{""tE"":{""N"":""51.44""},""hL"":{""N"":""65.3""},""wL"":{""N"":""27.974215""},""tL"":{""N"":""53.42""},""hR"":{""N"":""60.4""},""wR"":{""N"":""24.073442""},""hE"":{""N"":""83.6""},""tR"":{""N"":""51.98""}}",a47854d8-3051-70fa-00ce-ac30661244a5
868032061545061,1782295200,data.qo,"{""tE"":{""N"":""50.72""},""hL"":{""N"":""66.1""},""wL"":{""N"":""27.98588""},""tL"":{""N"":""52.16""},""hR"":{""N"":""60.3""},""wR"":{""N"":""24.024202""},""hE"":{""N"":""84.3""},""tR"":{""N"":""50.9""}}",a47854d8-3051-70fa-00ce-ac30661244a5
868032061545061,1782298800,data.qo,"{""tE"":{""N"":""49.64""},""hL"":{""N"":""65.7""},""wL"":{""N"":""28.012972""},""tL"":{""N"":""51.08""},""hR"":{""N"":""59.6""},""wR"":{""N"":""23.968489""},""hE"":{""N"":""84.6""},""tR"":{""N"":""49.46""}}",a47854d8-3051-70fa-00ce-ac30661244a5
868032061545061,1782302400,data.qo,"{""tE"":{""N"":""49.28""},""hL"":{""N"":""65.4""},""wL"":{""N"":""28.242092""},""tL"":{""N"":""49.64""},""hR"":{""N"":""59.6""},""wR"":{""N"":""24.416084""},""hE"":{""N"":""85.1""},""tR"":{""N"":""48.38""}}",a47854d8-3051-70fa-00ce-ac30661244a5
868032061545061,1782306000,data.qo,"{""tE"":{""N"":""56.3""},""hL"":{""N"":""65.6""},""wL"":{""N"":""28.625769""},""tL"":{""N"":""48.92""},""hR"":{""N"":""65.3""},""wR"":{""N"":""24.669312""},""hE"":{""N"":""89.2""},""tR"":{""N"":""48.02""}}",a47854d8-3051-70fa-00ce-ac30661244a5
868032061545061,1782309600,data.qo,"{""tE"":{""N"":""67.1""},""hL"":{""N"":""75.7""},""wL"":{""N"":""28.971733""},""tL"":{""N"":""52.88""},""hR"":{""N"":""74""},""wR"":{""N"":""24.895536""},""hE"":{""N"":""68.5""},""tR"":{""N"":""54.68""}}",a47854d8-3051-70fa-00ce-ac30661244a5
868032061545061,1782313200,data.qo,"{""tE"":{""N"":""70.7""},""hL"":{""N"":""76.4""},""wL"":{""N"":""28.999874""},""tL"":{""N"":""58.82""},""hR"":{""N"":""67.2""},""wR"":{""N"":""24.980284""},""hE"":{""N"":""57.1""},""tR"":{""N"":""63.32""}}",a47854d8-3051-70fa-00ce-ac30661244a5
868032061545061,1782316800,data.qo,"{""tE"":{""N"":""70.7""},""hL"":{""N"":""80.7""},""wL"":{""N"":""28.857792""},""tL"":{""N"":""65.3""},""hR"":{""N"":""67.2""},""wR"":{""N"":""24.832611""},""hE"":{""N"":""57.1""},""tR"":{""N"":""71.6""}}",a47854d8-3051-70fa-00ce-ac30661244a5
868032061545061,1782320400,data.qo,"{""tE"":{""N"":""73.94""},""hL"":{""N"":""73.6""},""wL"":{""N"":""28.900217""},""tL"":{""N"":""69.26""},""hR"":{""N"":""63""},""wR"":{""N"":""24.892208""},""hE"":{""N"":""55.8""},""tR"":{""N"":""75.2""}}",a47854d8-3051-70fa-00ce-ac30661244a5
868032061545061,1782324000,data.qo,"{""tE"":{""N"":""78.44""},""hL"":{""N"":""73""},""wL"":{""N"":""28.969019""},""tL"":{""N"":""73.22""},""hR"":{""N"":""62.1""},""wR"":{""N"":""24.871033""},""hE"":{""N"":""48""},""tR"":{""N"":""78.08""}}",a47854d8-3051-70fa-00ce-ac30661244a5
868032061545061,1782327600,data.qo,"{""tE"":{""N"":""88.7""},""hL"":{""N"":""71.1""},""wL"":{""N"":""28.949783""},""tL"":{""N"":""75.56""},""hR"":{""N"":""63.7""},""wR"":{""N"":""24.614801""},""hE"":{""N"":""41.7""},""tR"":{""N"":""79.52""}}",a47854d8-3051-70fa-00ce-ac30661244a5
868032061545061,1782331200,data.qo,"{""tE"":{""N"":""93.56""},""hL"":{""N"":""69.1""},""wL"":{""N"":""28.89693""},""tL"":{""N"":""79.16""},""hR"":{""N"":""61.1""},""wR"":{""N"":""24.441607""},""hE"":{""N"":""35.4""},""tR"":{""N"":""82.22""}}",a47854d8-3051-70fa-00ce-ac30661244a5
868032061545061,1782334800,data.qo,"{""tE"":{""N"":""92.84""},""hL"":{""N"":""65.1""},""wL"":{""N"":""28.663765""},""tL"":{""N"":""83.48""},""hR"":{""N"":""60.8""},""wR"":{""N"":""24.149128""},""hE"":{""N"":""37.1""},""tR"":{""N"":""85.46""}}",a47854d8-3051-70fa-00ce-ac30661244a5
868032061545061,1782338400,data.qo,"{""tE"":{""N"":""87.8""},""hL"":{""N"":""66.2""},""wL"":{""N"":""28.39341""},""tL"":{""N"":""85.82""},""hR"":{""N"":""58.4""},""wR"":{""N"":""23.87713""},""hE"":{""N"":""39.1""},""tR"":{""N"":""86.9""}}",a47854d8-3051-70fa-00ce-ac30661244a5
868032061545061,1782342000,data.qo,"{""tE"":{""N"":""82.58""},""hL"":{""N"":""51.8""},""wL"":{""N"":""28.11439""},""tL"":{""N"":""85.46""},""hR"":{""N"":""55.8""},""wR"":{""N"":""23.432772""},""hE"":{""N"":""44.7""},""tR"":{""N"":""85.46""}}",a47854d8-3051-70fa-00ce-ac30661244a5
868032061545061,1782345600,data.qo,"{""tE"":{""N"":""73.94""},""hL"":{""N"":""58.9""},""wL"":{""N"":""28.05911""},""tL"":{""N"":""82.22""},""hR"":{""N"":""56.4""},""wR"":{""N"":""23.352093""},""hE"":{""N"":""53.5""},""tR"":{""N"":""81.32""}}",a47854d8-3051-70fa-00ce-ac30661244a5
868032061545061,1782349200,data.qo,"{""tE"":{""N"":""70.34""},""hL"":{""N"":""58.6""},""wL"":{""N"":""27.781614""},""tL"":{""N"":""78.98""},""hR"":{""N"":""56.1""},""wR"":{""N"":""23.13553""},""hE"":{""N"":""54.2""},""tR"":{""N"":""78.08""}}",a47854d8-3051-70fa-00ce-ac30661244a5
868032061545061,1782352800,data.qo,"{""tE"":{""N"":""64.76""},""hL"":{""N"":""57.7""},""wL"":{""N"":""27.464455""},""tL"":{""N"":""75.38""},""hR"":{""N"":""55.1""},""wR"":{""N"":""22.907225""},""hE"":{""N"":""61.9""},""tR"":{""N"":""74.12""}}",a47854d8-3051-70fa-00ce-ac30661244a5
868032061545061,1782356400,data.qo,"{""tE"":{""N"":""60.8""},""hL"":{""N"":""57.4""},""wL"":{""N"":""27.169342""},""tL"":{""N"":""71.42""},""hR"":{""N"":""55.3""},""wR"":{""N"":""22.724182""},""hE"":{""N"":""68.5""},""tR"":{""N"":""69.8""}}",a47854d8-3051-70fa-00ce-ac30661244a5
868032061545061,1782360000,data.qo,"{""tE"":{""N"":""58.1""},""hL"":{""N"":""58.5""},""wL"":{""N"":""26.951126""},""tL"":{""N"":""67.46""},""hR"":{""N"":""56.1""},""wR"":{""N"":""22.663244""},""hE"":{""N"":""73.4""},""tR"":{""N"":""65.48""}}",a47854d8-3051-70fa-00ce-ac30661244a5
868032061545061,1782363600,data.qo,"{""tE"":{""N"":""56.3""},""hL"":{""N"":""59.5""},""wL"":{""N"":""26.78776""},""tL"":{""N"":""64.04""},""hR"":{""N"":""56.2""},""wR"":{""N"":""22.618721""},""hE"":{""N"":""76.5""},""tR"":{""N"":""61.88""}}",a47854d8-3051-70fa-00ce-ac30661244a5
868032061545061,1782367200,data.qo,"{""tE"":{""N"":""54.86""},""hL"":{""N"":""60.9""},""wL"":{""N"":""26.70734""},""tL"":{""N"":""60.98""},""hR"":{""N"":""56.2""},""wR"":{""N"":""22.606516""},""hE"":{""N"":""78.8""},""tR"":{""N"":""59""}}",a47854d8-3051-70fa-00ce-ac30661244a5
868032061545061,1782370800,data.qo,"{""tE"":{""N"":""53.6""},""hL"":{""N"":""62""},""wL"":{""N"":""26.668629""},""tL"":{""N"":""58.64""},""hR"":{""N"":""57""},""wR"":{""N"":""22.666065""},""hE"":{""N"":""80.5""},""tR"":{""N"":""56.48""}}",a47854d8-3051-70fa-00ce-ac30661244a5
868032061545061,1782374400,data.qo,"{""tE"":{""N"":""53.6""},""hL"":{""N"":""63.2""},""wL"":{""N"":""26.6353""},""tL"":{""N"":""56.3""},""hR"":{""N"":""57.4""},""wR"":{""N"":""22.664263""},""hE"":{""N"":""80.5""},""tR"":{""N"":""54.5""}}",a47854d8-3051-70fa-00ce-ac30661244a5
868032061545061,1782378000,data.qo,"{""tE"":{""N"":""51.98""},""hL"":{""N"":""64.2""},""wL"":{""N"":""26.636538""},""tL"":{""N"":""54.5""},""hR"":{""N"":""57.4""},""wR"":{""N"":""22.696026""},""hE"":{""N"":""81.9""},""tR"":{""N"":""52.7""}}",a47854d8-3051-70fa-00ce-ac30661244a5
868032061545061,1782381600,data.qo,"{""tE"":{""N"":""51.62""},""hL"":{""N"":""64""},""wL"":{""N"":""26.699007""},""tL"":{""N"":""53.06""},""hR"":{""N"":""58""},""wR"":{""N"":""22.698523""},""hE"":{""N"":""82.4""},""tR"":{""N"":""51.26""}}",a47854d8-3051-70fa-00ce-ac30661244a5
868032061545061,1782385200,data.qo,"{""tE"":{""N"":""51.26""},""hL"":{""N"":""65.1""},""wL"":{""N"":""26.788618""},""tL"":{""N"":""51.8""},""hR"":{""N"":""58.5""},""wR"":{""N"":""22.727465""},""hE"":{""N"":""83.5""},""tR"":{""N"":""50""}}",a47854d8-3051-70fa-00ce-ac30661244a5
868032061545061,1782388800,data.qo,"{""tE"":{""N"":""52.16""},""hL"":{""N"":""65.1""},""wL"":{""N"":""27.116728""},""tL"":{""N"":""50.9""},""hR"":{""N"":""59""},""wR"":{""N"":""22.91305""},""hE"":{""N"":""84.8""},""tR"":{""N"":""49.46""}}",a47854d8-3051-70fa-00ce-ac30661244a5
868032061545061,1782392400,data.qo,"{""tE"":{""N"":""56.3""},""hL"":{""N"":""64.8""},""wL"":{""N"":""27.501642""},""tL"":{""N"":""50.72""},""hR"":{""N"":""61.5""},""wR"":{""N"":""23.114077""},""hE"":{""N"":""86.4""},""tR"":{""N"":""49.46""}}",a47854d8-3051-70fa-00ce-ac30661244a5
868032061545061,1782396000,data.qo,"{""tE"":{""N"":""62.24""},""hL"":{""N"":""70""},""wL"":{""N"":""27.873842""},""tL"":{""N"":""52.52""},""hR"":{""N"":""68.9""},""wR"":{""N"":""23.416912""},""hE"":{""N"":""80.8""},""tR"":{""N"":""52.7""}}",a47854d8-3051-70fa-00ce-ac30661244a5
868032061545061,1782399600,data.qo,"{""tE"":{""N"":""71.96""},""hL"":{""N"":""78.9""},""wL"":{""N"":""28.32737""},""tL"":{""N"":""58.1""},""hR"":{""N"":""74.9""},""wR"":{""N"":""23.805468""},""hE"":{""N"":""72.2""},""tR"":{""N"":""59.36""}}",a47854d8-3051-70fa-00ce-ac30661244a5
868032061545061,1782403200,data.qo,"{""tE"":{""N"":""78.08""},""hL"":{""N"":""80.4""},""wL"":{""N"":""28.476068""},""tL"":{""N"":""66.38""},""hR"":{""N"":""70.7""},""wR"":{""N"":""23.931456""},""hE"":{""N"":""49.9""},""tR"":{""N"":""71.06""}}",a47854d8-3051-70fa-00ce-ac30661244a5
868032061545061,1782406800,data.qo,"{""tE"":{""N"":""82.22""},""hL"":{""N"":""76.7""},""wL"":{""N"":""28.698761""},""tL"":{""N"":""73.04""},""hR"":{""N"":""65""},""wR"":{""N"":""23.871767""},""hE"":{""N"":""46.5""},""tR"":{""N"":""78.8""}}",a47854d8-3051-70fa-00ce-ac30661244a5
868032061545061,1782410400,data.qo,"{""tE"":{""N"":""89.24""},""hL"":{""N"":""71""},""wL"":{""N"":""28.434072""},""tL"":{""N"":""78.08""},""hR"":{""N"":""63.5""},""wR"":{""N"":""23.842962""},""hE"":{""N"":""41.5""},""tR"":{""N"":""83.3""}}",a47854d8-3051-70fa-00ce-ac30661244a5
868032061545061,1782414000,data.qo,"{""tE"":{""N"":""83.3""},""hL"":{""N"":""66.8""},""wL"":{""N"":""28.51816""},""tL"":{""N"":""80.6""},""hR"":{""N"":""57.6""},""wR"":{""N"":""23.819845""},""hE"":{""N"":""49.7""},""tR"":{""N"":""84.56""}}",a47854d8-3051-70fa-00ce-ac30661244a5
868032061545061,1782417600,data.qo,"{""tE"":{""N"":""91.76""},""hL"":{""N"":""67.1""},""wL"":{""N"":""28.26247""},""tL"":{""N"":""82.22""},""hR"":{""N"":""60""},""wR"":{""N"":""23.63366""},""hE"":{""N"":""42.2""},""tR"":{""N"":""84.74""}}",a47854d8-3051-70fa-00ce-ac30661244a5
868032061545061,1782421200,data.qo,"{""tE"":{""N"":""88.88""},""hL"":{""N"":""65.8""},""wL"":{""N"":""28.076252""},""tL"":{""N"":""83.84""},""hR"":{""N"":""60.4""},""wR"":{""N"":""23.539665""},""hE"":{""N"":""45.5""},""tR"":{""N"":""85.28""}}",a47854d8-3051-70fa-00ce-ac30661244a5
868032061545061,1782424800,data.qo,"{""tE"":{""N"":""88.88""},""hL"":{""N"":""64.6""},""wL"":{""N"":""28.114819""},""tL"":{""N"":""83.48""},""hR"":{""N"":""58.8""},""wR"":{""N"":""23.452883""},""hE"":{""N"":""45.5""},""tR"":{""N"":""84.2""}}",a47854d8-3051-70fa-00ce-ac30661244a5
868032061545061,1782428400,data.qo,"{""tE"":{""N"":""84.02""},""hL"":{""N"":""64.2""},""wL"":{""N"":""27.795994""},""tL"":{""N"":""83.3""},""hR"":{""N"":""58.2""},""wR"":{""N"":""23.164427""},""hE"":{""N"":""47.8""},""tR"":{""N"":""83.48""}}",a47854d8-3051-70fa-00ce-ac30661244a5
868032061545061,1782432000,data.qo,"{""tE"":{""N"":""77""},""hL"":{""N"":""61.9""},""wL"":{""N"":""27.723097""},""tL"":{""N"":""81.86""},""hR"":{""N"":""58.4""},""wR"":{""N"":""22.982124""},""hE"":{""N"":""54""},""tR"":{""N"":""81.5""}}",a47854d8-3051-70fa-00ce-ac30661244a5
868032061545061,1782435600,data.qo,"{""tE"":{""N"":""74.3""},""hL"":{""N"":""61.1""},""wL"":{""N"":""27.494833""},""tL"":{""N"":""79.7""},""hR"":{""N"":""58.5""},""wR"":{""N"":""22.63911""},""hE"":{""N"":""57.7""},""tR"":{""N"":""78.98""}}",a47854d8-3051-70fa-00ce-ac30661244a5
868032061545061,1782439200,data.qo,"{""tE"":{""N"":""68.54""},""hL"":{""N"":""60.2""},""wL"":{""N"":""27.348038""},""tL"":{""N"":""77.18""},""hR"":{""N"":""57.4""},""wR"":{""N"":""22.336552""},""hE"":{""N"":""67.5""},""tR"":{""N"":""76.1""}}",a47854d8-3051-70fa-00ce-ac30661244a5
868032061545061,1782442800,data.qo,"{""tE"":{""N"":""65.12""},""hL"":{""N"":""60""},""wL"":{""N"":""27.226002""},""tL"":{""N"":""73.94""},""hR"":{""N"":""57.2""},""wR"":{""N"":""22.21158""},""hE"":{""N"":""74.7""},""tR"":{""N"":""72.5""}}",a47854d8-3051-70fa-00ce-ac30661244a5
868032061545061,1782446400,data.qo,"{""tE"":{""N"":""62.96""},""hL"":{""N"":""60""},""wL"":{""N"":""27.153963""},""tL"":{""N"":""73.94""},""hR"":{""N"":""56.8""},""wR"":{""N"":""22.133814""},""hE"":{""N"":""78.6""},""tR"":{""N"":""69.26""}}",a47854d8-3051-70fa-00ce-ac30661244a5
868032061545061,1782450000,data.qo,"{""tE"":{""N"":""61.7""},""hL"":{""N"":""61.9""},""wL"":{""N"":""27.190863""},""tL"":{""N"":""68""},""hR"":{""N"":""57.7""},""wR"":{""N"":""22.152632""},""hE"":{""N"":""81.8""},""tR"":{""N"":""66.2""}}",a47854d8-3051-70fa-00ce-ac30661244a5
868032061545061,1782453600,data.qo,"{""tE"":{""N"":""60.62""},""hL"":{""N"":""62.5""},""wL"":{""N"":""27.252333""},""tL"":{""N"":""65.66""},""hR"":{""N"":""57.8""},""wR"":{""N"":""22.206495""},""hE"":{""N"":""82.9""},""tR"":{""N"":""63.86""}}",a47854d8-3051-70fa-00ce-ac30661244a5
868032061545061,1782457200,data.qo,"{""tE"":{""N"":""59.72""},""hL"":{""N"":""62.5""},""wL"":{""N"":""27.29828""},""tL"":{""N"":""65.66""},""hR"":{""N"":""58""},""wR"":{""N"":""22.253885""},""hE"":{""N"":""83.6""},""tR"":{""N"":""61.88""}}",a47854d8-3051-70fa-00ce-ac30661244a5
868032061545061,1782460800,data.qo,"{""tE"":{""N"":""58.46""},""hL"":{""N"":""63.6""},""wL"":{""N"":""27.350943""},""tL"":{""N"":""61.7""},""hR"":{""N"":""58""},""wR"":{""N"":""22.319954""},""hE"":{""N"":""84""},""tR"":{""N"":""60.08""}}",a47854d8-3051-70fa-00ce-ac30661244a5
868032061545061,1782464400,data.qo,"{""tE"":{""N"":""57.74""},""hL"":{""N"":""64""},""wL"":{""N"":""27.40008""},""tL"":{""N"":""60.08""},""hR"":{""N"":""58.3""},""wR"":{""N"":""22.394253""},""hE"":{""N"":""84.3""},""tR"":{""N"":""58.46""}}",a47854d8-3051-70fa-00ce-ac30661244a5
868032061545061,1782468000,data.qo,"{""tE"":{""N"":""57.02""},""hL"":{""N"":""64.2""},""wL"":{""N"":""27.408365""},""tL"":{""N"":""58.82""},""hR"":{""N"":""58.7""},""wR"":{""N"":""22.490606""},""hE"":{""N"":""84.5""},""tR"":{""N"":""57.2""}}",a47854d8-3051-70fa-00ce-ac30661244a5
868032061545061,1782471600,data.qo,"{""tE"":{""N"":""56.3""},""hL"":{""N"":""65.1""},""wL"":{""N"":""27.439981""},""tL"":{""N"":""57.56""},""hR"":{""N"":""58.7""},""wR"":{""N"":""22.572763""},""hE"":{""N"":""85.1""},""tR"":{""N"":""56.12""}}",a47854d8-3051-70fa-00ce-ac30661244a5
868032061545061,1782475200,data.qo,"{""tE"":{""N"":""56.66""},""hL"":{""N"":""64.8""},""wL"":{""N"":""27.556065""},""tL"":{""N"":""56.48""},""hR"":{""N"":""58.9""},""wR"":{""N"":""22.848461""},""hE"":{""N"":""86.8""},""tR"":{""N"":""55.22""}}",a47854d8-3051-70fa-00ce-ac30661244a5
868032061545061,1782478800,data.qo,"{""tE"":{""N"":""61.52""},""hL"":{""N"":""65.1""},""wL"":{""N"":""27.891556""},""tL"":{""N"":""55.94""},""hR"":{""N"":""62.5""},""wR"":{""N"":""23.164797""},""hE"":{""N"":""87.6""},""tR"":{""N"":""55.04""}}",a47854d8-3051-70fa-00ce-ac30661244a5
868032061545061,1782482400,data.qo,"{""tE"":{""N"":""71.6""},""hL"":{""N"":""73.4""},""wL"":{""N"":""28.16805""},""tL"":{""N"":""59""},""hR"":{""N"":""70.5""},""wR"":{""N"":""23.562412""},""hE"":{""N"":""79""},""tR"":{""N"":""60.08""}}",a47854d8-3051-70fa-00ce-ac30661244a5
868032061545061,1782486000,data.qo,"{""tE"":{""N"":""77.36""},""hL"":{""N"":""77.6""},""wL"":{""N"":""28.366222""},""tL"":{""N"":""65.3""},""hR"":{""N"":""71""},""wR"":{""N"":""23.758123""},""hE"":{""N"":""62.9""},""tR"":{""N"":""68.54""}}",a47854d8-3051-70fa-00ce-ac30661244a5
868032061545061,1782489600,data.qo,"{""tE"":{""N"":""82.58""},""hL"":{""N"":""79""},""wL"":{""N"":""28.419645""},""tL"":{""N"":""71.96""},""hR"":{""N"":""68.3""},""wR"":{""N"":""24.004229""},""hE"":{""N"":""55""},""tR"":{""N"":""77.18""}}",a47854d8-3051-70fa-00ce-ac30661244a5
868032061545061,1782493200,data.qo,"{""tE"":{""N"":""86.18""},""hL"":{""N"":""76.2""},""wL"":{""N"":""28.202002""},""tL"":{""N"":""77.36""},""hR"":{""N"":""65.9""},""wR"":{""N"":""24.139742""},""hE"":{""N"":""51.7""},""tR"":{""N"":""83.12""}}",a47854d8-3051-70fa-00ce-ac30661244a5
868032061545061,1782496800,data.qo,"{""tE"":{""N"":""83.3""},""hL"":{""N"":""70.7""},""wL"":{""N"":""28.142244""},""tL"":{""N"":""80.6""},""hR"":{""N"":""61.1""},""wR"":{""N"":""23.989758""},""hE"":{""N"":""54""},""tR"":{""N"":""85.28""}}",a47854d8-3051-70fa-00ce-ac30661244a5
868032061545061,1782500400,data.qo,"{""tE"":{""N"":""82.94""},""hL"":{""N"":""67.2""},""wL"":{""N"":""28.211618""},""tL"":{""N"":""81.68""},""hR"":{""N"":""60.5""},""wR"":{""N"":""24.021011""},""hE"":{""N"":""57.2""},""tR"":{""N"":""84.92""}}",a47854d8-3051-70fa-00ce-ac30661244a5
868032061545061,1782504000,data.qo,"{""tE"":{""N"":""88.16""},""hL"":{""N"":""66.9""},""wL"":{""N"":""28.219904""},""tL"":{""N"":""82.94""},""hR"":{""N"":""62""},""wR"":{""N"":""23.967796""},""hE"":{""N"":""50.3""},""tR"":{""N"":""85.46""}}",a47854d8-3051-70fa-00ce-ac30661244a5
868032061545061,1782507600,data.qo,"{""tE"":{""N"":""84.92""},""hL"":{""N"":""66.2""},""wL"":{""N"":""28.181765""},""tL"":{""N"":""84.56""},""hR"":{""N"":""60.1""},""wR"":{""N"":""23.932566""},""hE"":{""N"":""53""},""tR"":{""N"":""86.54""}}",a47854d8-3051-70fa-00ce-ac30661244a5
868032061545061,1782511200,data.qo,"{""tE"":{""N"":""83.3""},""hL"":{""N"":""66.3""},""wL"":{""N"":""28.517445""},""tL"":{""N"":""84.02""},""hR"":{""N"":""60.1""},""wR"":{""N"":""23.968489""},""hE"":{""N"":""55.4""},""tR"":{""N"":""86.54""}}",a47854d8-3051-70fa-00ce-ac30661244a5
868032061545061,1782514800,data.qo,"{""tE"":{""N"":""87.98""},""hL"":{""N"":""68.2""},""wL"":{""N"":""28.10244""},""tL"":{""N"":""84.2""},""hR"":{""N"":""63.1""},""wR"":{""N"":""23.758493""},""hE"":{""N"":""49.7""},""tR"":{""N"":""85.1""}}",a47854d8-3051-70fa-00ce-ac30661244a5
868032061545061,1782518400,data.qo,"{""tE"":{""N"":""79.88""},""hL"":{""N"":""65.6""},""wL"":{""N"":""27.899078""},""tL"":{""N"":""84.74""},""hR"":{""N"":""61""},""wR"":{""N"":""23.795988""},""hE"":{""N"":""59.7""},""tR"":{""N"":""85.46""}}",a47854d8-3051-70fa-00ce-ac30661244a5
868032061545061,1782522000,data.qo,"{""tE"":{""N"":""73.94""},""hL"":{""N"":""63.6""},""wL"":{""N"":""27.647913""},""tL"":{""N"":""82.22""},""hR"":{""N"":""60.3""},""wR"":{""N"":""23.739952""},""hE"":{""N"":""74.7""},""tR"":{""N"":""82.22""}}",a47854d8-3051-70fa-00ce-ac30661244a5
868032061545061,1782525600,data.qo,"{""tE"":{""N"":""69.8""},""hL"":{""N"":""62.8""},""wL"":{""N"":""27.546305""},""tL"":{""N"":""78.98""},""hR"":{""N"":""60.3""},""wR"":{""N"":""23.701763""},""hE"":{""N"":""80.9""},""tR"":{""N"":""82.22""}}",a47854d8-3051-70fa-00ce-ac30661244a5
868032061545061,1782529200,data.qo,"{""tE"":{""N"":""67.64""},""hL"":{""N"":""62.6""},""wL"":{""N"":""27.532734""},""tL"":{""N"":""75.92""},""hR"":{""N"":""59.5""},""wR"":{""N"":""23.703289""},""hE"":{""N"":""83.7""},""tR"":{""N"":""75.02""}}",a47854d8-3051-70fa-00ce-ac30661244a5
868032061545061,1782532800,data.qo,"{""tE"":{""N"":""66.92""},""hL"":{""N"":""62.9""},""wL"":{""N"":""27.55097""},""tL"":{""N"":""73.4""},""hR"":{""N"":""59.8""},""wR"":{""N"":""23.740046""},""hE"":{""N"":""85.4""},""tR"":{""N"":""72.14""}}",a47854d8-3051-70fa-00ce-ac30661244a5
868032061545061,1782536340,data.qo,"{""tE"":{""N"":""66.56""},""hL"":{""N"":""64.2""},""wL"":{""N"":""27.579111""},""tL"":{""N"":""71.42""},""hR"":{""N"":""60.6""},""wR"":{""N"":""23.812449""},""hE"":{""N"":""86.6""},""tR"":{""N"":""69.98""}}",a47854d8-3051-70fa-00ce-ac30661244a5
868032061545061,1782540000,data.qo,"{""tE"":{""N"":""66.56""},""hL"":{""N"":""65.4""},""wL"":{""N"":""27.603203""},""tL"":{""N"":""69.62""},""hR"":{""N"":""61.4""},""wR"":{""N"":""23.879719""},""hE"":{""N"":""87.5""},""tR"":{""N"":""68.36""}}",a47854d8-3051-70fa-00ce-ac30661244a5
868032061545061,1782543600,data.qo,"{""tE"":{""N"":""66.2""},""hL"":{""N"":""65.9""},""wL"":{""N"":""27.598013""},""tL"":{""N"":""68.54""},""hR"":{""N"":""62""},""wR"":{""N"":""23.956099""},""hE"":{""N"":""87.9""},""tR"":{""N"":""67.1""}}",a47854d8-3051-70fa-00ce-ac30661244a5
868032061545061,1782547200,data.qo,"{""tE"":{""N"":""65.84""},""hL"":{""N"":""66.6""},""wL"":{""N"":""27.609964""},""tL"":{""N"":""67.46""},""hR"":{""N"":""62.2""},""wR"":{""N"":""24.033403""},""hE"":{""N"":""88.3""},""tR"":{""N"":""66.38""}}",a47854d8-3051-70fa-00ce-ac30661244a5
868032061545061,1782550800,data.qo,"{""tE"":{""N"":""65.84""},""hL"":{""N"":""67.1""},""wL"":{""N"":""27.609869""},""tL"":{""N"":""66.56""},""hR"":{""N"":""61.9""},""wR"":{""N"":""24.03761""},""hE"":{""N"":""88.3""},""tR"":{""N"":""65.48""}}",a47854d8-3051-70fa-00ce-ac30661244a5
868032061545061,1782554400,data.qo,"{""tE"":{""N"":""63.5""},""hL"":{""N"":""67.1""},""wL"":{""N"":""27.628248""},""tL"":{""N"":""66.56""},""hR"":{""N"":""61.6""},""wR"":{""N"":""24.087914""},""hE"":{""N"":""88.4""},""tR"":{""N"":""64.4""}}",a47854d8-3051-70fa-00ce-ac30661244a5
868032061545061,1782558000,data.qo,"{""tE"":{""N"":""63.14""},""hL"":{""N"":""68""},""wL"":{""N"":""27.663864""},""tL"":{""N"":""64.4""},""hR"":{""N"":""62""},""wR"":{""N"":""24.147556""},""hE"":{""N"":""88.5""},""tR"":{""N"":""63.32""}}",a47854d8-3051-70fa-00ce-ac30661244a5
868032061545061,1782561600,data.qo,"{""tE"":{""N"":""64.04""},""hL"":{""N"":""67.5""},""wL"":{""N"":""27.809422""},""tL"":{""N"":""63.5""},""hR"":{""N"":""62.2""},""wR"":{""N"":""24.353577""},""hE"":{""N"":""90.1""},""tR"":{""N"":""62.6""}}",a47854d8-3051-70fa-00ce-ac30661244a5
868032061545061,1782565200,data.qo,"{""tE"":{""N"":""65.66""},""hL"":{""N"":""71.3""},""wL"":{""N"":""27.982403""},""tL"":{""N"":""63.32""},""hR"":{""N"":""64.5""},""wR"":{""N"":""24.518726""},""hE"":{""N"":""91""},""tR"":{""N"":""62.42""}}",a47854d8-3051-70fa-00ce-ac30661244a5
868032061545061,1782568800,data.qo,"{""tE"":{""N"":""68.18""},""hL"":{""N"":""70.3""},""wL"":{""N"":""28.117151""},""tL"":{""N"":""63.68""},""hR"":{""N"":""67.2""},""wR"":{""N"":""24.698809""},""hE"":{""N"":""91.1""},""tR"":{""N"":""63.68""}}",a47854d8-3051-70fa-00ce-ac30661244a5
868032061545061,1782572400,data.qo,"{""tE"":{""N"":""71.78""},""hL"":{""N"":""73.7""},""wL"":{""N"":""28.250662""},""tL"":{""N"":""65.66""},""hR"":{""N"":""71.8""},""wR"":{""N"":""24.867981""},""hE"":{""N"":""87.7""},""tR"":{""N"":""66.2""}}",a47854d8-3051-70fa-00ce-ac30661244a5
868032061545061,1782576000,data.qo,"{""tE"":{""N"":""76.46""},""hL"":{""N"":""76.2""},""wL"":{""N"":""28.374317""},""tL"":{""N"":""68.9""},""hR"":{""N"":""73.2""},""wR"":{""N"":""24.960358""},""hE"":{""N"":""77.4""},""tR"":{""N"":""69.98""}}",a47854d8-3051-70fa-00ce-ac30661244a5
868032061545061,1782579600,data.qo,"{""tE"":{""N"":""76.28""},""hL"":{""N"":""75.6""},""wL"":{""N"":""28.502447""},""tL"":{""N"":""71.96""},""hR"":{""N"":""71.4""},""wR"":{""N"":""25.059252""},""hE"":{""N"":""74""},""tR"":{""N"":""73.58""}}",a47854d8-3051-70fa-00ce-ac30661244a5
868032061545061,1782583200,data.qo,"{""tE"":{""N"":""80.78""},""hL"":{""N"":""77""},""wL"":{""N"":""28.602057""},""tL"":{""N"":""75.92""},""hR"":{""N"":""71.5""},""wR"":{""N"":""24.965767""},""hE"":{""N"":""63.5""},""tR"":{""N"":""77.36""}}",a47854d8-3051-70fa-00ce-ac30661244a5
868032061545061,1782586800,data.qo,"{""tE"":{""N"":""86.18""},""hL"":{""N"":""73.1""},""wL"":{""N"":""28.26847""},""tL"":{""N"":""78.08""},""hR"":{""N"":""68""},""wR"":{""N"":""24.663254""},""hE"":{""N"":""55.1""},""tR"":{""N"":""80.24""}}",a47854d8-3051-70fa-00ce-ac30661244a5
868032061545061,1782590400,data.qo,"{""tE"":{""N"":""78.08""},""hL"":{""N"":""68""},""wL"":{""N"":""28.564487""},""tL"":{""N"":""79.16""},""hR"":{""N"":""64""},""wR"":{""N"":""24.592747""},""hE"":{""N"":""66.7""},""tR"":{""N"":""80.96""}}",a47854d8-3051-70fa-00ce-ac30661244a5
868032061545061,1782594000,data.qo,"{""tE"":{""N"":""69.26""},""hL"":{""N"":""66.6""},""wL"":{""N"":""28.649433""},""tL"":{""N"":""77""},""hR"":{""N"":""63.8""},""wR"":{""N"":""24.754013""},""hE"":{""N"":""77.6""},""tR"":{""N"":""78.08""}}",a47854d8-3051-70fa-00ce-ac30661244a5
868032061545061,1782597600,data.qo,"{""tE"":{""N"":""74.12""},""hL"":{""N"":""67.5""},""wL"":{""N"":""28.953974""},""tL"":{""N"":""74.48""},""hR"":{""N"":""65""},""wR"":{""N"":""25.043255""},""hE"":{""N"":""70.9""},""tR"":{""N"":""75.2""}}",a47854d8-3051-70fa-00ce-ac30661244a5
868032061545061,1782601200,data.qo,"{""tE"":{""N"":""78.98""},""hL"":{""N"":""71.6""},""wL"":{""N"":""28.748947""},""tL"":{""N"":""75.56""},""hR"":{""N"":""68.4""},""wR"":{""N"":""24.924202""},""hE"":{""N"":""63.5""},""tR"":{""N"":""76.46""}}",a47854d8-3051-70fa-00ce-ac30661244a5
868032061545061,1782604800,data.qo,"{""tE"":{""N"":""72.68""},""hL"":{""N"":""69""},""wL"":{""N"":""28.677382""},""tL"":{""N"":""75.56""},""hR"":{""N"":""66.2""},""wR"":{""N"":""24.887215""},""hE"":{""N"":""73.2""},""tR"":{""N"":""76.1""}}",a47854d8-3051-70fa-00ce-ac30661244a5
868032061545061,1782608400,data.qo,"{""tE"":{""N"":""71.96""},""hL"":{""N"":""69.4""},""wL"":{""N"":""28.58882""},""tL"":{""N"":""74.48""},""hR"":{""N"":""66.2""},""wR"":{""N"":""24.799368""},""hE"":{""N"":""76.8""},""tR"":{""N"":""74.84""}}",a47854d8-3051-70fa-00ce-ac30661244a5
868032061545061,1782612000,data.qo,"{""tE"":{""N"":""69.26""},""hL"":{""N"":""69.2""},""wL"":{""N"":""28.510017""},""tL"":{""N"":""73.22""},""hR"":{""N"":""65.9""},""wR"":{""N"":""24.741068""},""hE"":{""N"":""80.6""},""tR"":{""N"":""73.22""}}",a47854d8-3051-70fa-00ce-ac30661244a5
868032061545061,1782615600,data.qo,"{""tE"":{""N"":""68""},""hL"":{""N"":""68.7""},""wL"":{""N"":""28.513826""},""tL"":{""N"":""71.78""},""hR"":{""N"":""64.7""},""wR"":{""N"":""24.818464""},""hE"":{""N"":""83.7""},""tR"":{""N"":""71.42""}}",a47854d8-3051-70fa-00ce-ac30661244a5
868032061545061,1782619200,data.qo,"{""tE"":{""N"":""68""},""hL"":{""N"":""69.8""},""wL"":{""N"":""28.500067""},""tL"":{""N"":""70.52""},""hR"":{""N"":""65.7""},""wR"":{""N"":""24.82489""},""hE"":{""N"":""84.4""},""tR"":{""N"":""69.8""}}",a47854d8-3051-70fa-00ce-ac30661244a5
868032061545061,1782622800,data.qo,"{""tE"":{""N"":""67.1""},""hL"":{""N"":""70.3""},""wL"":{""N"":""28.483212""},""tL"":{""N"":""69.44""},""hR"":{""N"":""65.6""},""wR"":{""N"":""24.819065""},""hE"":{""N"":""86.1""},""tR"":{""N"":""68.54""}}",a47854d8-3051-70fa-00ce-ac30661244a5
868032061545061,1782626400,data.qo,"{""tE"":{""N"":""66.2""},""hL"":{""N"":""70.2""},""wL"":{""N"":""28.473736""},""tL"":{""N"":""68.18""},""hR"":{""N"":""65.4""},""wR"":{""N"":""24.828173""},""hE"":{""N"":""87.2""},""tR"":{""N"":""67.46""}}",a47854d8-3051-70fa-00ce-ac30661244a5
868032061545061,1782630000,data.qo,"{""tE"":{""N"":""66.56""},""hL"":{""N"":""70.8""},""wL"":{""N"":""28.594675""},""tL"":{""N"":""67.28""},""hR"":{""N"":""66""},""wR"":{""N"":""25.08741""},""hE"":{""N"":""88.2""},""tR"":{""N"":""66.56""}}",a47854d8-3051-70fa-00ce-ac30661244a5
868032061545061,1782633600,data.qo,"{""tE"":{""N"":""66.56""},""hL"":{""N"":""72""},""wL"":{""N"":""28.693285""},""tL"":{""N"":""66.74""},""hR"":{""N"":""67.2""},""wR"":{""N"":""24.965536""},""hE"":{""N"":""89.6""},""tR"":{""N"":""66.02""}}",a47854d8-3051-70fa-00ce-ac30661244a5
868032061545061,1782637200,data.qo,"{""tE"":{""N"":""66.2""},""hL"":{""N"":""71.2""},""wL"":{""N"":""28.547396""},""tL"":{""N"":""66.38""},""hR"":{""N"":""67.7""},""wR"":{""N"":""24.968771""},""hE"":{""N"":""90.8""},""tR"":{""N"":""65.66""}}",a47854d8-3051-70fa-00ce-ac30661244a5
868032061545061,1782640800,data.qo,"{""tE"":{""N"":""65.84""},""hL"":{""N"":""74""},""wL"":{""N"":""28.950022""},""tL"":{""N"":""66.02""},""hR"":{""N"":""69.8""},""wR"":{""N"":""25.361671""},""hE"":{""N"":""92""},""tR"":{""N"":""65.3""}}",a47854d8-3051-70fa-00ce-ac30661244a5
868032061545061,1782644400,data.qo,"{""tE"":{""N"":""64.94""},""hL"":{""N"":""74.8""},""wL"":{""N"":""29.07358""},""tL"":{""N"":""66.02""},""hR"":{""N"":""71""},""wR"":{""N"":""25.41031""},""hE"":{""N"":""93.5""},""tR"":{""N"":""65.3""}}",a47854d8-3051-70fa-00ce-ac30661244a5
868032061545061,1782648000,data.qo,"{""tE"":{""N"":""65.12""},""hL"":{""N"":""74.4""},""wL"":{""N"":""29.17876""},""tL"":{""N"":""65.66""},""hR"":{""N"":""70.6""},""wR"":{""N"":""25.379795""},""hE"":{""N"":""93.4""},""tR"":{""N"":""65.12""}}",a47854d8-3051-70fa-00ce-ac30661244a5
868032061545061,1782651600,data.qo,"{""tE"":{""N"":""69.08""},""hL"":{""N"":""74.9""},""wL"":{""N"":""29.295273""},""tL"":{""N"":""65.66""},""hR"":{""N"":""71.8""},""wR"":{""N"":""25.311323""},""hE"":{""N"":""93.1""},""tR"":{""N"":""65.66""}}",a47854d8-3051-70fa-00ce-ac30661244a5
868032061545061,1782655200,data.qo,"{""tE"":{""N"":""70.7""},""hL"":{""N"":""75.5""},""wL"":{""N"":""29.3606""},""tL"":{""N"":""66.2""},""hR"":{""N"":""73.8""},""wR"":{""N"":""25.309612""},""hE"":{""N"":""89""},""tR"":{""N"":""66.56""}}",a47854d8-3051-70fa-00ce-ac30661244a5
868032061545061,1782658800,data.qo,"{""tE"":{""N"":""73.58""},""hL"":{""N"":""77.5""},""wL"":{""N"":""29.440687""},""tL"":{""N"":""68.36""},""hR"":{""N"":""75.1""},""wR"":{""N"":""25.3202""},""hE"":{""N"":""85.4""},""tR"":{""N"":""69.08""}}",a47854d8-3051-70fa-00ce-ac30661244a5
868032061545061,1782662400,data.qo,"{""tE"":{""N"":""77.9""},""hL"":{""N"":""78.8""},""wL"":{""N"":""29.427069""},""tL"":{""N"":""70.88""},""hR"":{""N"":""77.2""},""wR"":{""N"":""25.267538""},""hE"":{""N"":""76.6""},""tR"":{""N"":""71.96""}}",a47854d8-3051-70fa-00ce-ac30661244a5
868032061545061,1782666000,data.qo,"{""tE"":{""N"":""77.18""},""hL"":{""N"":""77""},""wL"":{""N"":""29.28656""},""tL"":{""N"":""74.48""},""hR"":{""N"":""73.3""},""wR"":{""N"":""25.1004""},""hE"":{""N"":""71.5""},""tR"":{""N"":""76.46""}}",a47854d8-3051-70fa-00ce-ac30661244a5
868032061545061,1782669600,data.qo,"{""tE"":{""N"":""71.96""},""hL"":{""N"":""73.3""},""wL"":{""N"":""29.339268""},""tL"":{""N"":""74.66""},""hR"":{""N"":""71""},""wR"":{""N"":""25.143816""},""hE"":{""N"":""80.1""},""tR"":{""N"":""76.28""}}",a47854d8-3051-70fa-00ce-ac30661244a5
868032061545061,1782673200,data.qo,"{""tE"":{""N"":""75.92""},""hL"":{""N"":""73.3""},""wL"":{""N"":""29.444687""},""tL"":{""N"":""73.76""},""hR"":{""N"":""70.9""},""wR"":{""N"":""25.132257""},""hE"":{""N"":""72.6""},""tR"":{""N"":""75.02""}}",a47854d8-3051-70fa-00ce-ac30661244a5
868032061545061,1782676800,data.qo,"{""tE"":{""N"":""80.78""},""hL"":{""N"":""73.3""},""wL"":{""N"":""29.420212""},""tL"":{""N"":""75.02""},""hR"":{""N"":""71.1""},""wR"":{""N"":""25.061796""},""hE"":{""N"":""62""},""tR"":{""N"":""76.1""}}",a47854d8-3051-70fa-00ce-ac30661244a5
868032061545061,1782680400,data.qo,"{""tE"":{""N"":""78.08""},""hL"":{""N"":""71.5""},""wL"":{""N"":""29.48073""},""tL"":{""N"":""76.1""},""hR"":{""N"":""68.2""},""wR"":{""N"":""25.126848""},""hE"":{""N"":""65""},""tR"":{""N"":""77.72""}}",a47854d8-3051-70fa-00ce-ac30661244a5
868032061545061,1782684000,data.qo,"{""hR"":{""N"":""70.2""},""wR"":{""N"":""24.96179""},""tR"":{""N"":""78.44""},""hL"":{""N"":""73.1""},""tE"":{""N"":""83.48""},""hE"":{""N"":""59.4""},""tL"":{""N"":""77.18""},""wL"":{""N"":""29.42864""}}",a47854d8-3051-70fa-00ce-ac30661244a5
868032061545061,1782687600,data.qo,"{""tE"":{""N"":""80.06""},""hL"":{""N"":""69.4""},""wL"":{""N"":""29.355171""},""tL"":{""N"":""79.16""},""hR"":{""N"":""66.9""},""wR"":{""N"":""24.810835""},""hE"":{""N"":""60.8""},""tR"":{""N"":""80.6""}}",a47854d8-3051-70fa-00ce-ac30661244a5
868032061545061,1782691200,data.qo,"{""tE"":{""N"":""76.28""},""hL"":{""N"":""69.6""},""wL"":{""N"":""29.189856""},""tL"":{""N"":""79.52""},""hR"":{""N"":""67.3""},""wR"":{""N"":""24.631723""},""hE"":{""N"":""68""},""tR"":{""N"":""80.78""}}",a47854d8-3051-70fa-00ce-ac30661244a5
868032061545061,1782694800,data.qo,"{""tE"":{""N"":""72.32""},""hL"":{""N"":""68.7""},""wL"":{""N"":""29.03906""},""tL"":{""N"":""77.9""},""hR"":{""N"":""67.2""},""wR"":{""N"":""24.533705""},""hE"":{""N"":""75.4""},""tR"":{""N"":""78.44""}}",a47854d8-3051-70fa-00ce-ac30661244a5
868032061545061,1782698400,data.qo,"{""tE"":{""N"":""70.34""},""hL"":{""N"":""68.3""},""wL"":{""N"":""28.929642""},""tL"":{""N"":""75.74""},""hR"":{""N"":""67.9""},""wR"":{""N"":""24.492788""},""hE"":{""N"":""79.9""},""tR"":{""N"":""75.56""}}",a47854d8-3051-70fa-00ce-ac30661244a5
868032061545061,1782702000,data.qo,"{""tE"":{""N"":""68.72""},""hL"":{""N"":""69.3""},""wL"":{""N"":""28.869173""},""tL"":{""N"":""73.76""},""hR"":{""N"":""67.9""},""wR"":{""N"":""24.478548""},""hE"":{""N"":""83.9""},""tR"":{""N"":""73.4""}}",a47854d8-3051-70fa-00ce-ac30661244a5
868032061545061,1782705600,data.qo,"{""tE"":{""N"":""67.64""},""hL"":{""N"":""69.3""},""wL"":{""N"":""28.802275""},""tL"":{""N"":""73.76""},""hR"":{""N"":""67.8""},""wR"":{""N"":""24.445074""},""hE"":{""N"":""85.9""},""tR"":{""N"":""71.24""}}",a47854d8-3051-70fa-00ce-ac30661244a5
868032061545061,1782709620,data.qo,"{""tE"":{""N"":""66.56""},""hL"":{""N"":""70.3""},""wL"":{""N"":""28.746756""},""tL"":{""N"":""70.34""},""hR"":{""N"":""68.1""},""wR"":{""N"":""24.41997""},""hE"":{""N"":""87""},""tR"":{""N"":""69.44""}}",a47854d8-3051-70fa-00ce-ac30661244a5
868032061545061,1782712800,data.qo,"{""tE"":{""N"":""65.3""},""hL"":{""N"":""70.4""},""wL"":{""N"":""28.726995""},""tL"":{""N"":""68.72""},""hR"":{""N"":""68.1""},""wR"":{""N"":""24.453905""},""hE"":{""N"":""87.5""},""tR"":{""N"":""67.64""}}",a47854d8-3051-70fa-00ce-ac30661244a5
868032061545061,1782716400,data.qo,"{""tE"":{""N"":""64.76""},""hL"":{""N"":""71.1""},""wL"":{""N"":""28.70214""},""tL"":{""N"":""67.46""},""hR"":{""N"":""68.2""},""wR"":{""N"":""24.469255""},""hE"":{""N"":""88""},""tR"":{""N"":""66.2""}}",a47854d8-3051-70fa-00ce-ac30661244a5
868032061545061,1782720000,data.qo,"{""tE"":{""N"":""64.04""},""hL"":{""N"":""71.4""},""wL"":{""N"":""28.660622""},""tL"":{""N"":""66.02""},""hR"":{""N"":""68.6""},""wR"":{""N"":""24.485344""},""hE"":{""N"":""88.7""},""tR"":{""N"":""64.94""}}",a47854d8-3051-70fa-00ce-ac30661244a5
868032061545061,1782723600,data.qo,"{""tE"":{""N"":""64.04""},""hL"":{""N"":""72.3""},""wL"":{""N"":""28.616055""},""tL"":{""N"":""64.94""},""hR"":{""N"":""68.7""},""wR"":{""N"":""24.490383""},""hE"":{""N"":""88.7""},""tR"":{""N"":""63.68""}}",a47854d8-3051-70fa-00ce-ac30661244a5
868032061545061,1782727200,data.qo,"{""tE"":{""N"":""61.88""},""hL"":{""N"":""72""},""wL"":{""N"":""28.57501""},""tL"":{""N"":""63.86""},""hR"":{""N"":""68.7""},""wR"":{""N"":""24.489552""},""hE"":{""N"":""88.7""},""tR"":{""N"":""62.6""}}",a47854d8-3051-70fa-00ce-ac30661244a5
868032061545061,1782730800,data.qo,"{""tE"":{""N"":""61.7""},""hL"":{""N"":""72.1""},""wL"":{""N"":""28.560774""},""tL"":{""N"":""62.6""},""hR"":{""N"":""68.8""},""wR"":{""N"":""24.551044""},""hE"":{""N"":""90.1""},""tR"":{""N"":""61.52""}}",a47854d8-3051-70fa-00ce-ac30661244a5
868032061545061,1782734400,data.qo,"{""tE"":{""N"":""61.7""},""hL"":{""N"":""71.9""},""wL"":{""N"":""28.798893""},""tL"":{""N"":""61.88""},""hR"":{""N"":""69.3""},""wR"":{""N"":""25.013248""},""hE"":{""N"":""90.4""},""tR"":{""N"":""60.62""}}",a47854d8-3051-70fa-00ce-ac30661244a5
868032061545061,1782738000,data.qo,"{""tE"":{""N"":""69.62""},""hL"":{""N"":""77.9""},""wL"":{""N"":""29.0582""},""tL"":{""N"":""61.7""},""hR"":{""N"":""74.2""},""wR"":{""N"":""25.200777""},""hE"":{""N"":""92.8""},""tR"":{""N"":""60.8""}}",a47854d8-3051-70fa-00ce-ac30661244a5
868032061545061,1782741600,data.qo,"{""tE"":{""N"":""78.08""},""hL"":{""N"":""82.5""},""wL"":{""N"":""29.255419""},""tL"":{""N"":""65.84""},""hR"":{""N"":""82.7""},""wR"":{""N"":""25.375126""},""hE"":{""N"":""76.3""},""tR"":{""N"":""66.92""}}",a47854d8-3051-70fa-00ce-ac30661244a5
868032061545061,1782745200,data.qo,"{""tE"":{""N"":""77""},""hL"":{""N"":""81.5""},""wL"":{""N"":""29.402357""},""tL"":{""N"":""69.98""},""hR"":{""N"":""79.3""},""wR"":{""N"":""25.577171""},""hE"":{""N"":""73.1""},""tR"":{""N"":""72.14""}}",a47854d8-3051-70fa-00ce-ac30661244a5
868032061545061,1782748800,data.qo,"{""tE"":{""N"":""81.5""},""hL"":{""N"":""80""},""wL"":{""N"":""29.506348""},""tL"":{""N"":""74.12""},""hR"":{""N"":""78""},""wR"":{""N"":""25.740795""},""hE"":{""N"":""65.3""},""tR"":{""N"":""76.82""}}",a47854d8-3051-70fa-00ce-ac30661244a5
868032061545061,1782752400,data.qo,"{""tE"":{""N"":""85.46""},""hL"":{""N"":""77.7""},""wL"":{""N"":""29.46897""},""tL"":{""N"":""78.98""},""hR"":{""N"":""74.3""},""wR"":{""N"":""25.771124""},""hE"":{""N"":""58""},""tR"":{""N"":""82.58""}}",a47854d8-3051-70fa-00ce-ac30661244a5
868032061545061,1782756000,data.qo,"{""tE"":{""N"":""91.04""},""hL"":{""N"":""77.5""},""wL"":{""N"":""29.570341""},""tL"":{""N"":""82.22""},""hR"":{""N"":""70""},""wR"":{""N"":""25.663675""},""hE"":{""N"":""51.1""},""tR"":{""N"":""85.28""}}",a47854d8-3051-70fa-00ce-ac30661244a5
868032061545061,1782759600,data.qo,"{""tE"":{""N"":""97.7""},""hL"":{""N"":""73""},""wL"":{""N"":""29.391026""},""tL"":{""N"":""85.64""},""hR"":{""N"":""69.2""},""wR"":{""N"":""25.452477""},""hE"":{""N"":""42.9""},""tR"":{""N"":""89.06""}}",a47854d8-3051-70fa-00ce-ac30661244a5
868032061545061,1782763200,data.qo,"{""tE"":{""N"":""102.02""},""hL"":{""N"":""68.1""},""wL"":{""N"":""28.965258""},""tL"":{""N"":""88.16""},""hR"":{""N"":""65.8""},""wR"":{""N"":""25.000488""},""hE"":{""N"":""40.5""},""tR"":{""N"":""91.4""}}",a47854d8-3051-70fa-00ce-ac30661244a5
868032061545061,1782766800,data.qo,"{""tE"":{""N"":""93.02""},""hL"":{""N"":""65""},""wL"":{""N"":""28.831509""},""tL"":{""N"":""90.5""},""hR"":{""N"":""64.4""},""wR"":{""N"":""24.814579""},""hE"":{""N"":""49.1""},""tR"":{""N"":""93.2""}}",a47854d8-3051-70fa-00ce-ac30661244a5
868032061545061,1782770400,data.qo,"{""tE"":{""N"":""90.32""},""hL"":{""N"":""64.8""},""wL"":{""N"":""28.825129""},""tL"":{""N"":""90.5""},""hR"":{""N"":""63.9""},""wR"":{""N"":""24.752256""},""hE"":{""N"":""53.7""},""tR"":{""N"":""92.48""}}",a47854d8-3051-70fa-00ce-ac30661244a5
868032061545061,1782774000,data.qo,"{""tE"":{""N"":""89.6""},""hL"":{""N"":""65.9""},""wL"":{""N"":""28.340939""},""tL"":{""N"":""89.6""},""hR"":{""N"":""63.7""},""wR"":{""N"":""24.32223""},""hE"":{""N"":""53.3""},""tR"":{""N"":""90.86""}}",a47854d8-3051-70fa-00ce-ac30661244a5
868032061545061,1782777600,data.qo,"{""tE"":{""N"":""80.78""},""hL"":{""N"":""63.8""},""wL"":{""N"":""28.118628""},""tL"":{""N"":""87.44""},""hR"":{""N"":""64.4""},""wR"":{""N"":""24.14529""},""hE"":{""N"":""66.3""},""tR"":{""N"":""88.16""}}",a47854d8-3051-70fa-00ce-ac30661244a5
868032061545061,1782781200,data.qo,"{""tE"":{""N"":""79.7""},""hL"":{""N"":""64.8""},""wL"":{""N"":""27.978832""},""tL"":{""N"":""84.74""},""hR"":{""N"":""65""},""wR"":{""N"":""23.97228""},""hE"":{""N"":""70""},""tR"":{""N"":""85.1""}}",a47854d8-3051-70fa-00ce-ac30661244a5
868032061545061,1782784800,data.qo,"{""tE"":{""N"":""74.84""},""hL"":{""N"":""64.9""},""wL"":{""N"":""27.856987""},""tL"":{""N"":""82.58""},""hR"":{""N"":""64.9""},""wR"":{""N"":""23.831127""},""hE"":{""N"":""75.4""},""tR"":{""N"":""82.4""}}",a47854d8-3051-70fa-00ce-ac30661244a5
868032061545061,1782788400,data.qo,"{""tE"":{""N"":""72.14""},""hL"":{""N"":""65.1""},""wL"":{""N"":""27.742046""},""tL"":{""N"":""79.7""},""hR"":{""N"":""64.3""},""wR"":{""N"":""23.704536""},""hE"":{""N"":""80""},""tR"":{""N"":""79.16""}}",a47854d8-3051-70fa-00ce-ac30661244a5
868032061545061,1782792000,data.qo,"{""tE"":{""N"":""70.7""},""hL"":{""N"":""65.9""},""wL"":{""N"":""27.68567""},""tL"":{""N"":""77""},""hR"":{""N"":""64.6""},""wR"":{""N"":""23.64249""},""hE"":{""N"":""82.7""},""tR"":{""N"":""76.1""}}",a47854d8-3051-70fa-00ce-ac30661244a5
868032061545061,1782795540,data.qo,"{""tE"":{""N"":""70.7""},""hL"":{""N"":""67.5""},""wL"":{""N"":""27.667053""},""tL"":{""N"":""75.02""},""hR"":{""N"":""65.5""},""wR"":{""N"":""23.651413""},""hE"":{""N"":""85.2""},""tR"":{""N"":""73.76""}}",a47854d8-3051-70fa-00ce-ac30661244a5
868032061545061,1782799200,data.qo,"{""tE"":{""N"":""69.62""},""hL"":{""N"":""68.2""},""wL"":{""N"":""27.713526""},""tL"":{""N"":""73.4""},""hR"":{""N"":""66.2""},""wR"":{""N"":""23.720718""},""hE"":{""N"":""86.1""},""tR"":{""N"":""72.14""}}",a47854d8-3051-70fa-00ce-ac30661244a5
868032061545061,1782802800,data.qo,"{""tE"":{""N"":""69.08""},""hL"":{""N"":""69.8""},""wL"":{""N"":""27.697765""},""tL"":{""N"":""72.14""},""hR"":{""N"":""67""},""wR"":{""N"":""23.70352""},""hE"":{""N"":""86.2""},""tR"":{""N"":""70.7""}}",a47854d8-3051-70fa-00ce-ac30661244a5
868032061545061,1782806400,data.qo,"{""tE"":{""N"":""68.18""},""hL"":{""N"":""70.2""},""wL"":{""N"":""27.729856""},""tL"":{""N"":""70.88""},""hR"":{""N"":""67.2""},""wR"":{""N"":""23.752111""},""hE"":{""N"":""87.5""},""tR"":{""N"":""69.62""}}",a47854d8-3051-70fa-00ce-ac30661244a5
868032061545061,1782810000,data.qo,"{""tE"":{""N"":""68""},""hL"":{""N"":""70""},""wL"":{""N"":""27.748808""},""tL"":{""N"":""69.8""},""hR"":{""N"":""67.6""},""wR"":{""N"":""23.782951""},""hE"":{""N"":""87.3""},""tR"":{""N"":""68.72""}}",a47854d8-3051-70fa-00ce-ac30661244a5
868032061545061,1782813600,data.qo,"{""tE"":{""N"":""66.92""},""hL"":{""N"":""71.2""},""wL"":{""N"":""27.795708""},""tL"":{""N"":""68.9""},""hR"":{""N"":""67.7""},""wR"":{""N"":""23.835705""},""hE"":{""N"":""88.3""},""tR"":{""N"":""67.82""}}",a47854d8-3051-70fa-00ce-ac30661244a5
868032061545061,1782817200,data.qo,"{""tE"":{""N"":""67.82""},""hL"":{""N"":""71""},""wL"":{""N"":""27.907364""},""tL"":{""N"":""68""},""hR"":{""N"":""68.1""},""wR"":{""N"":""23.946342""},""hE"":{""N"":""89.2""},""tR"":{""N"":""67.1""}}",a47854d8-3051-70fa-00ce-ac30661244a5
868032061545061,1782820800,data.qo,"{""tE"":{""N"":""68.54""},""hL"":{""N"":""71.6""},""wL"":{""N"":""28.089441""},""tL"":{""N"":""67.64""},""hR"":{""N"":""69.3""},""wR"":{""N"":""24.126242""},""hE"":{""N"":""89.7""},""tR"":{""N"":""66.74""}}",a47854d8-3051-70fa-00ce-ac30661244a5
868032061545061,1782824400,data.qo,"{""tE"":{""N"":""70.52""},""hL"":{""N"":""73.6""},""wL"":{""N"":""28.296848""},""tL"":{""N"":""67.82""},""hR"":{""N"":""70.1""},""wR"":{""N"":""24.565838""},""hE"":{""N"":""89.3""},""tR"":{""N"":""67.1""}}",a47854d8-3051-70fa-00ce-ac30661244a5
868032061545061,1782828000,data.qo,"{""tE"":{""N"":""79.16""},""hL"":{""N"":""77.9""},""wL"":{""N"":""28.521683""},""tL"":{""N"":""69.98""},""hR"":{""N"":""80""},""wR"":{""N"":""24.740929""},""hE"":{""N"":""77.8""},""tR"":{""N"":""70.7""}}",a47854d8-3051-70fa-00ce-ac30661244a5
868032061545061,1782831600,data.qo,"{""tE"":{""N"":""79.16""},""hL"":{""N"":""80""},""wL"":{""N"":""28.584343""},""tL"":{""N"":""74.48""},""hR"":{""N"":""76.4""},""wR"":{""N"":""24.849302""},""hE"":{""N"":""77.8""},""tR"":{""N"":""77.18""}}",a47854d8-3051-70fa-00ce-ac30661244a5
868032061545061,1782835200,data.qo,"{""tE"":{""N"":""87.08""},""hL"":{""N"":""81.5""},""wL"":{""N"":""28.585867""},""tL"":{""N"":""78.8""},""hR"":{""N"":""76.9""},""wR"":{""N"":""24.938719""},""hE"":{""N"":""63.6""},""tR"":{""N"":""81.86""}}",a47854d8-3051-70fa-00ce-ac30661244a5
868032061545061,1782838800,data.qo,"{""tE"":{""N"":""87.44""},""hL"":{""N"":""79.5""},""wL"":{""N"":""28.536634""},""tL"":{""N"":""83.3""},""hR"":{""N"":""72.9""},""wR"":{""N"":""24.905478""},""hE"":{""N"":""58.8""},""tR"":{""N"":""87.08""}}",a47854d8-3051-70fa-00ce-ac30661244a5
868032061545061,1782842400,data.qo,"{""tE"":{""N"":""89.6""},""hL"":{""N"":""76.4""},""wL"":{""N"":""28.611294""},""tL"":{""N"":""86.18""},""hR"":{""N"":""71.8""},""wR"":{""N"":""24.80843""},""hE"":{""N"":""59""},""tR"":{""N"":""89.24""}}",a47854d8-3051-70fa-00ce-ac30661244a5
868032061545061,1782846000,data.qo,"{""tE"":{""N"":""95.9""},""hL"":{""N"":""73.2""},""wL"":{""N"":""28.466402""},""tL"":{""N"":""87.8""},""hR"":{""N"":""68.7""},""wR"":{""N"":""24.721048""},""hE"":{""N"":""53.6""},""tR"":{""N"":""89.96""}}",a47854d8-3051-70fa-00ce-ac30661244a5
868032061545061,1782849600,data.qo,"{""tE"":{""N"":""78.8""},""hL"":{""N"":""69.4""},""wL"":{""N"":""28.750898""},""tL"":{""N"":""87.44""},""hR"":{""N"":""67.6""},""wR"":{""N"":""24.62437""},""hE"":{""N"":""79.5""},""tR"":{""N"":""88.7""}}",a47854d8-3051-70fa-00ce-ac30661244a5
868032061545061,1782853200,data.qo,"{""tE"":{""N"":""90.5""},""hL"":{""N"":""71.4""},""wL"":{""N"":""29.02011""},""tL"":{""N"":""84.92""},""hR"":{""N"":""69.7""},""wR"":{""N"":""24.76941""},""hE"":{""N"":""66.4""},""tR"":{""N"":""85.82""}}",a47854d8-3051-70fa-00ce-ac30661244a5
868032061545061,1782856800,data.qo,"{""tE"":{""N"":""97.52""},""hL"":{""N"":""77.5""},""wL"":{""N"":""28.55606""},""tL"":{""N"":""88.88""},""hR"":{""N"":""73""},""wR"":{""N"":""24.532412""},""hE"":{""N"":""52.7""},""tR"":{""N"":""90.32""}}",a47854d8-3051-70fa-00ce-ac30661244a5
868032061545061,1782860400,data.qo,"{""tE"":{""N"":""79.7""},""hL"":{""N"":""69""},""wL"":{""N"":""28.3896""},""tL"":{""N"":""88.88""},""hR"":{""N"":""67.8""},""wR"":{""N"":""24.307804""},""hE"":{""N"":""76.9""},""tR"":{""N"":""89.6""}}",a47854d8-3051-70fa-00ce-ac30661244a5
868032061545061,1782864000,data.qo,"{""tE"":{""N"":""75.2""},""hL"":{""N"":""67.3""},""wL"":{""N"":""28.18686""},""tL"":{""N"":""84.92""},""hR"":{""N"":""67.2""},""wR"":{""N"":""24.144041""},""hE"":{""N"":""85.3""},""tR"":{""N"":""84.74""}}",a47854d8-3051-70fa-00ce-ac30661244a5
868032061545061,1782867600,data.qo,"{""tE"":{""N"":""72.5""},""hL"":{""N"":""66.9""},""wL"":{""N"":""28.11739""},""tL"":{""N"":""81.5""},""hR"":{""N"":""67.2""},""wR"":{""N"":""24.116531""},""hE"":{""N"":""86.3""},""tR"":{""N"":""80.78""}}",a47854d8-3051-70fa-00ce-ac30661244a5
868032061545061,1782871200,data.qo,"{""tE"":{""N"":""71.78""},""hL"":{""N"":""67.7""},""wL"":{""N"":""28.085773""},""tL"":{""N"":""78.8""},""hR"":{""N"":""68.3""},""wR"":{""N"":""24.103495""},""hE"":{""N"":""88.2""},""tR"":{""N"":""77.72""}}",a47854d8-3051-70fa-00ce-ac30661244a5
868032061545061,1782874800,data.qo,"{""tE"":{""N"":""71.78""},""hL"":{""N"":""68.4""},""wL"":{""N"":""28.06311""},""tL"":{""N"":""76.64""},""hR"":{""N"":""68.8""},""wR"":{""N"":""24.097853""},""hE"":{""N"":""88.2""},""tR"":{""N"":""75.2""}}",a47854d8-3051-70fa-00ce-ac30661244a5
868032061545061,1782878400,data.qo,"{""tE"":{""N"":""69.62""},""hL"":{""N"":""68.4""},""wL"":{""N"":""28.08625""},""tL"":{""N"":""76.64""},""hR"":{""N"":""69""},""wR"":{""N"":""24.146862""},""hE"":{""N"":""90.3""},""tR"":{""N"":""73.04""}}",a47854d8-3051-70fa-00ce-ac30661244a5
868032061545061,1782882000,data.qo,"{""tE"":{""N"":""69.44""},""hL"":{""N"":""70.2""},""wL"":{""N"":""28.119722""},""tL"":{""N"":""73.04""},""hR"":{""N"":""70.1""},""wR"":{""N"":""24.198784""},""hE"":{""N"":""90.8""},""tR"":{""N"":""71.6""}}",a47854d8-3051-70fa-00ce-ac30661244a5
868032061545061,1782885600,data.qo,"{""tE"":{""N"":""68.54""},""hL"":{""N"":""71.8""},""wL"":{""N"":""28.129484""},""tL"":{""N"":""71.6""},""hR"":{""N"":""70.4""},""wR"":{""N"":""24.219774""},""hE"":{""N"":""90.8""},""tR"":{""N"":""70.34""}}",a47854d8-3051-70fa-00ce-ac30661244a5
868032061545061,1782889200,data.qo,"{""tE"":{""N"":""68""},""hL"":{""N"":""71.7""},""wL"":{""N"":""28.140959""},""tL"":{""N"":""70.52""},""hR"":{""N"":""70.6""},""wR"":{""N"":""24.263927""},""hE"":{""N"":""91.8""},""tR"":{""N"":""69.08""}}",a47854d8-3051-70fa-00ce-ac30661244a5
868032061545061,1782892800,data.qo,"{""tE"":{""N"":""67.1""},""hL"":{""N"":""72.1""},""wL"":{""N"":""28.143625""},""tL"":{""N"":""69.44""},""hR"":{""N"":""70.9""},""wR"":{""N"":""24.30198""},""hE"":{""N"":""91.5""},""tR"":{""N"":""68""}}",a47854d8-3051-70fa-00ce-ac30661244a5
868032061545061,1782896400,data.qo,"{""tE"":{""N"":""66.56""},""hL"":{""N"":""72.4""},""wL"":{""N"":""28.140532""},""tL"":{""N"":""68.54""},""hR"":{""N"":""71""},""wR"":{""N"":""24.326113""},""hE"":{""N"":""91.6""},""tR"":{""N"":""67.1""}}",a47854d8-3051-70fa-00ce-ac30661244a5
868032061545061,1782900000,data.qo,"{""tE"":{""N"":""66.56""},""hL"":{""N"":""72""},""wL"":{""N"":""28.138197""},""tL"":{""N"":""67.46""},""hR"":{""N"":""70.9""},""wR"":{""N"":""24.361158""},""hE"":{""N"":""91.6""},""tR"":{""N"":""66.2""}}",a47854d8-3051-70fa-00ce-ac30661244a5
868032061545061,1782903600,data.qo,"{""tE"":{""N"":""64.4""},""hL"":{""N"":""71.6""},""wL"":{""N"":""28.149862""},""tL"":{""N"":""66.38""},""hR"":{""N"":""70.7""},""wR"":{""N"":""24.45358""},""hE"":{""N"":""91.6""},""tR"":{""N"":""65.3""}}",a47854d8-3051-70fa-00ce-ac30661244a5
868032061545061,1782907200,data.qo,"{""tE"":{""N"":""64.94""},""hL"":{""N"":""72.1""},""wL"":{""N"":""28.21938""},""tL"":{""N"":""65.48""},""hR"":{""N"":""70.8""},""wR"":{""N"":""24.82304""},""hE"":{""N"":""93.3""},""tR"":{""N"":""64.4""}}",a47854d8-3051-70fa-00ce-ac30661244a5
868032061545061,1782910800,data.qo,"{""tE"":{""N"":""64.94""},""hL"":{""N"":""72.5""},""wL"":{""N"":""28.61053""},""tL"":{""N"":""64.94""},""hR"":{""N"":""73.1""},""wR"":{""N"":""25.10632""},""hE"":{""N"":""93.3""},""tR"":{""N"":""64.04""}}",a47854d8-3051-70fa-00ce-ac30661244a5
868032061545061,1782914400,data.qo,"{""tE"":{""N"":""79.16""},""hL"":{""N"":""81.2""},""wL"":{""N"":""28.916452""},""tL"":{""N"":""67.82""},""hR"":{""N"":""83.9""},""wR"":{""N"":""25.175995""},""hE"":{""N"":""85.6""},""tR"":{""N"":""69.26""}}",a47854d8-3051-70fa-00ce-ac30661244a5
868032061545061,1782918000,data.qo,"{""tE"":{""N"":""83.84""},""hL"":{""N"":""84.4""},""wL"":{""N"":""29.03149""},""tL"":{""N"":""72.86""},""hR"":{""N"":""82.1""},""wR"":{""N"":""25.432827""},""hE"":{""N"":""74""},""tR"":{""N"":""77.36""}}",a47854d8-3051-70fa-00ce-ac30661244a5
868032061545061,1782921600,data.qo,"{""tE"":{""N"":""86.54""},""hL"":{""N"":""85.5""},""wL"":{""N"":""28.982304""},""tL"":{""N"":""78.44""},""hR"":{""N"":""78.5""},""wR"":{""N"":""25.677639""},""hE"":{""N"":""64.6""},""tR"":{""N"":""84.74""}}",a47854d8-3051-70fa-00ce-ac30661244a5
868032061545061,1782925200,data.qo,"{""tE"":{""N"":""91.22""},""hL"":{""N"":""85.5""},""wL"":{""N"":""29.04406""},""tL"":{""N"":""78.44""},""hR"":{""N"":""75.1""},""wR"":{""N"":""25.694977""},""hE"":{""N"":""60.5""},""tR"":{""N"":""90.14""}}",a47854d8-3051-70fa-00ce-ac30661244a5
868032061545061,1782928800,data.qo,"{""tE"":{""N"":""98.06""},""hL"":{""N"":""80.1""},""wL"":{""N"":""28.978209""},""tL"":{""N"":""89.24""},""hR"":{""N"":""74""},""wR"":{""N"":""25.636396""},""hE"":{""N"":""49.7""},""tR"":{""N"":""94.46""}}",a47854d8-3051-70fa-00ce-ac30661244a5
868032061545061,1782932400,data.qo,"{""tE"":{""N"":""105.98""},""hL"":{""N"":""74.1""},""wL"":{""N"":""28.907883""},""tL"":{""N"":""93.2""},""hR"":{""N"":""67.9""},""wR"":{""N"":""25.45183""},""hE"":{""N"":""38.4""},""tR"":{""N"":""97.16""}}",a47854d8-3051-70fa-00ce-ac30661244a5
868032061545061,1782936000,data.qo,"{""tE"":{""N"":""111.56""},""hL"":{""N"":""69.7""},""wL"":{""N"":""28.890408""},""tL"":{""N"":""95.54""},""hR"":{""N"":""66""},""wR"":{""N"":""25.165129""},""hE"":{""N"":""33.2""},""tR"":{""N"":""98.78""}}",a47854d8-3051-70fa-00ce-ac30661244a5
868032061545061,1782939600,data.qo,"{""tE"":{""N"":""110.12""},""hL"":{""N"":""66.9""},""wL"":{""N"":""28.594723""},""tL"":{""N"":""97.7""},""hR"":{""N"":""63.7""},""wR"":{""N"":""24.7155""},""hE"":{""N"":""34.6""},""tR"":{""N"":""99.68""}}",a47854d8-3051-70fa-00ce-ac30661244a5
868032061545061,1782943200,data.qo,"{""tE"":{""N"":""95.72""},""hL"":{""N"":""65.7""},""wL"":{""N"":""28.100248""},""tL"":{""N"":""97.52""},""hR"":{""N"":""63.9""},""wR"":{""N"":""24.278677""},""hE"":{""N"":""46.1""},""tR"":{""N"":""98.78""}}",a47854d8-3051-70fa-00ce-ac30661244a5
868032061545061,1782946800,data.qo,"{""tE"":{""N"":""87.26""},""hL"":{""N"":""64.3""},""wL"":{""N"":""27.810135""},""tL"":{""N"":""94.64""},""hR"":{""N"":""64.8""},""wR"":{""N"":""24.036362""},""hE"":{""N"":""64""},""tR"":{""N"":""95.54""}}",a47854d8-3051-70fa-00ce-ac30661244a5
868032061545061,1782950400,data.qo,"{""tE"":{""N"":""84.92""},""hL"":{""N"":""61.7""},""wL"":{""N"":""27.76833""},""tL"":{""N"":""91.58""},""hR"":{""N"":""65.3""},""wR"":{""N"":""23.992254""},""hE"":{""N"":""69.5""},""tR"":{""N"":""92.12""}}",a47854d8-3051-70fa-00ce-ac30661244a5
868032061545061,1782954000,data.qo,"{""tE"":{""N"":""83.48""},""hL"":{""N"":""65.8""},""wL"":{""N"":""27.670958""},""tL"":{""N"":""89.42""},""hR"":{""N"":""65.3""},""wR"":{""N"":""23.801676""},""hE"":{""N"":""66.5""},""tR"":{""N"":""92.12""}}",a47854d8-3051-70fa-00ce-ac30661244a5
868032061545061,1782957600,data.qo,"{""tE"":{""N"":""77""},""hL"":{""N"":""63.3""},""wL"":{""N"":""27.433315""},""tL"":{""N"":""86.54""},""hR"":{""N"":""65.3""},""wR"":{""N"":""23.46139""},""hE"":{""N"":""68.6""},""tR"":{""N"":""86.18""}}",a47854d8-3051-70fa-00ce-ac30661244a5
868032061545061,1782961200,data.qo,"{""tE"":{""N"":""73.04""},""hL"":{""N"":""62.6""},""wL"":{""N"":""27.241669""},""tL"":{""N"":""82.94""},""hR"":{""N"":""63.7""},""wR"":{""N"":""23.28496""},""hE"":{""N"":""76.3""},""tR"":{""N"":""82.04""}}",a47854d8-3051-70fa-00ce-ac30661244a5
868032061545061,1782964800,data.qo,"{""tE"":{""N"":""70.7""},""hL"":{""N"":""63.2""},""wL"":{""N"":""27.112156""},""tL"":{""N"":""79.52""},""hR"":{""N"":""63.9""},""wR"":{""N"":""23.224993""},""hE"":{""N"":""80.3""},""tR"":{""N"":""78.08""}}",a47854d8-3051-70fa-00ce-ac30661244a5
868032061545061,1782968340,data.qo,"{""tE"":{""N"":""68.9""},""hL"":{""N"":""64.2""},""wL"":{""N"":""26.987312""},""tL"":{""N"":""76.46""},""hR"":{""N"":""64.4""},""wR"":{""N"":""23.170021""},""hE"":{""N"":""82.5""},""tR"":{""N"":""74.84""}}",a47854d8-3051-70fa-00ce-ac30661244a5
868032061545061,1782972000,data.qo,"{""tE"":{""N"":""67.82""},""hL"":{""N"":""65.3""},""wL"":{""N"":""26.943459""},""tL"":{""N"":""73.94""},""hR"":{""N"":""65""},""wR"":{""N"":""23.19545""},""hE"":{""N"":""84.6""},""tR"":{""N"":""72.14""}}",a47854d8-3051-70fa-00ce-ac30661244a5
868032061545061,1782975600,data.qo,"{""tE"":{""N"":""66.38""},""hL"":{""N"":""66.1""},""wL"":{""N"":""26.906607""},""tL"":{""N"":""71.42""},""hR"":{""N"":""65.3""},""wR"":{""N"":""23.24825""},""hE"":{""N"":""84.8""},""tR"":{""N"":""69.62""}}",a47854d8-3051-70fa-00ce-ac30661244a5
868032061545061,1782979200,data.qo,"{""tE"":{""N"":""65.12""},""hL"":{""N"":""66.7""},""wL"":{""N"":""26.869371""},""tL"":{""N"":""69.44""},""hR"":{""N"":""65.6""},""wR"":{""N"":""23.265402""},""hE"":{""N"":""85.4""},""tR"":{""N"":""67.64""}}",a47854d8-3051-70fa-00ce-ac30661244a5
868032061545061,1782982800,data.qo,"{""tE"":{""N"":""63.86""},""hL"":{""N"":""67.2""},""wL"":{""N"":""26.877085""},""tL"":{""N"":""67.64""},""hR"":{""N"":""65.6""},""wR"":{""N"":""23.3336""},""hE"":{""N"":""85.8""},""tR"":{""N"":""65.66""}}",a47854d8-3051-70fa-00ce-ac30661244a5
868032061545061,1782986400,data.qo,"{""tE"":{""N"":""62.78""},""hL"":{""N"":""67.9""},""wL"":{""N"":""26.87761""},""tL"":{""N"":""66.02""},""hR"":{""N"":""65.8""},""wR"":{""N"":""23.380434""},""hE"":{""N"":""86.2""},""tR"":{""N"":""64.04""}}",a47854d8-3051-70fa-00ce-ac30661244a5
868032061545061,1782990000,data.qo,"{""tE"":{""N"":""61.52""},""hL"":{""N"":""67.6""},""wL"":{""N"":""26.91608""},""tL"":{""N"":""64.4""},""hR"":{""N"":""65.8""},""wR"":{""N"":""23.417976""},""hE"":{""N"":""86.4""},""tR"":{""N"":""62.42""}}",a47854d8-3051-70fa-00ce-ac30661244a5
868032061545061,1782993600,data.qo,"{""tE"":{""N"":""60.98""},""hL"":{""N"":""67.2""},""wL"":{""N"":""27.09454""},""tL"":{""N"":""62.6""},""hR"":{""N"":""66""},""wR"":{""N"":""23.709253""},""hE"":{""N"":""87.7""},""tR"":{""N"":""61.16""}}",a47854d8-3051-70fa-00ce-ac30661244a5
868032061545061,1782997200,data.qo,"{""tE"":{""N"":""65.3""},""hL"":{""N"":""67.8""},""wL"":{""N"":""27.57292""},""tL"":{""N"":""61.52""},""hR"":{""N"":""67.1""},""wR"":{""N"":""24.08759""},""hE"":{""N"":""91.5""},""tR"":{""N"":""60.08""}}",a47854d8-3051-70fa-00ce-ac30661244a5
868032061545061,1783000800,data.qo,"{""tE"":{""N"":""77.72""},""hL"":{""N"":""76.9""},""wL"":{""N"":""28.0653""},""tL"":{""N"":""64.04""},""hR"":{""N"":""78.4""},""wR"":{""N"":""24.363886""},""hE"":{""N"":""77.9""},""tR"":{""N"":""65.48""}}",a47854d8-3051-70fa-00ce-ac30661244a5
868032061545061,1783004400,data.qo,"{""tE"":{""N"":""84.2""},""hL"":{""N"":""82.6""},""wL"":{""N"":""28.297468""},""tL"":{""N"":""70.52""},""hR"":{""N"":""77.4""},""wR"":{""N"":""24.602087""},""hE"":{""N"":""62.7""},""tR"":{""N"":""75.02""}}",a47854d8-3051-70fa-00ce-ac30661244a5
868032061545061,1783008000,data.qo,"{""tE"":{""N"":""89.96""},""hL"":{""N"":""84""},""wL"":{""N"":""28.24471""},""tL"":{""N"":""78.08""},""hR"":{""N"":""72.2""},""wR"":{""N"":""24.708055""},""hE"":{""N"":""46.5""},""tR"":{""N"":""85.46""}}",a47854d8-3051-70fa-00ce-ac30661244a5
868032061545061,1783011600,data.qo,"{""tE"":{""N"":""93.92""},""hL"":{""N"":""80.3""},""wL"":{""N"":""28.155577""},""tL"":{""N"":""85.1""},""hR"":{""N"":""64.5""},""wR"":{""N"":""24.751286""},""hE"":{""N"":""39.3""},""tR"":{""N"":""92.3""}}",a47854d8-3051-70fa-00ce-ac30661244a5
868032061545061,1783015200,data.qo,"{""tE"":{""N"":""101.3""},""hL"":{""N"":""70.9""},""wL"":{""N"":""28.218237""},""tL"":{""N"":""90.32""},""hR"":{""N"":""66.9""},""wR"":{""N"":""24.601301""},""hE"":{""N"":""31""},""tR"":{""N"":""95.9""}}",a47854d8-3051-70fa-00ce-ac30661244a5
868032061545061,1783018800,data.qo,"{""tE"":{""N"":""108.5""},""hL"":{""N"":""69.2""},""wL"":{""N"":""28.406551""},""tL"":{""N"":""93.56""},""hR"":{""N"":""63.4""},""wR"":{""N"":""24.398516""},""hE"":{""N"":""29.5""},""tR"":{""N"":""98.24""}}",a47854d8-3051-70fa-00ce-ac30661244a5
868032061545061,1783022400,data.qo,"{""tE"":{""N"":""109.4""},""hL"":{""N"":""57.9""},""wL"":{""N"":""28.53254""},""tL"":{""N"":""96.08""},""hR"":{""N"":""52.3""},""wR"":{""N"":""24.161982""},""hE"":{""N"":""26.5""},""tR"":{""N"":""99.32""}}",a47854d8-3051-70fa-00ce-ac30661244a5
868032061545061,1783026000,data.qo,"{""tE"":{""N"":""109.94""},""hL"":{""N"":""54.7""},""wL"":{""N"":""28.509256""},""tL"":{""N"":""97.7""},""hR"":{""N"":""52.8""},""wR"":{""N"":""23.819384""},""hE"":{""N"":""26.2""},""tR"":{""N"":""99.86""}}",a47854d8-3051-70fa-00ce-ac30661244a5
868032061545061,1783029600,data.qo,"{""tE"":{""N"":""106.16""},""hL"":{""N"":""62.1""},""wL"":{""N"":""28.431835""},""tL"":{""N"":""99.5""},""hR"":{""N"":""57.4""},""wR"":{""N"":""23.56699""},""hE"":{""N"":""30.5""},""tR"":{""N"":""100.4""}}",a47854d8-3051-70fa-00ce-ac30661244a5
868032061545061,1783033200,data.qo,"{""tE"":{""N"":""100.22""},""hL"":{""N"":""57.8""},""wL"":{""N"":""28.21538""},""tL"":{""N"":""100.22""},""hR"":{""N"":""55.5""},""wR"":{""N"":""23.27243""},""hE"":{""N"":""32.4""},""tR"":{""N"":""100.58""}}",a47854d8-3051-70fa-00ce-ac30661244a5
868032061545061,1783036800,data.qo,"{""tE"":{""N"":""89.6""},""hL"":{""N"":""61.5""},""wL"":{""N"":""27.959167""},""tL"":{""N"":""98.78""},""hR"":{""N"":""54.8""},""wR"":{""N"":""22.868942""},""hE"":{""N"":""40.4""},""tR"":{""N"":""98.96""}}",a47854d8-3051-70fa-00ce-ac30661244a5
868032061545061,1783040400,data.qo,"{""tE"":{""N"":""82.58""},""hL"":{""N"":""56.4""},""wL"":{""N"":""27.627676""},""tL"":{""N"":""94.1""},""hR"":{""N"":""53.7""},""wR"":{""N"":""22.440535""},""hE"":{""N"":""46.8""},""tR"":{""N"":""93.56""}}",a47854d8-3051-70fa-00ce-ac30661244a5
868032061545061,1783044000,data.qo,"{""tE"":{""N"":""77.54""},""hL"":{""N"":""56""},""wL"":{""N"":""27.313566""},""tL"":{""N"":""89.24""},""hR"":{""N"":""54.7""},""wR"":{""N"":""22.074219""},""hE"":{""N"":""56.2""},""tR"":{""N"":""88.52""}}",a47854d8-3051-70fa-00ce-ac30661244a5
868032061545061,1783047600,data.qo,"{""tE"":{""N"":""73.4""},""hL"":{""N"":""56.2""},""wL"":{""N"":""27.057352""},""tL"":{""N"":""84.74""},""hR"":{""N"":""55.2""},""wR"":{""N"":""21.837776""},""hE"":{""N"":""64""},""tR"":{""N"":""83.48""}}",a47854d8-3051-70fa-00ce-ac30661244a5
868032061545061,1783051200,data.qo,"{""tE"":{""N"":""70.34""},""hL"":{""N"":""57.3""},""wL"":{""N"":""26.821947""},""tL"":{""N"":""80.6""},""hR"":{""N"":""55.7""},""wR"":{""N"":""21.69075""},""hE"":{""N"":""69.4""},""tR"":{""N"":""78.98""}}",a47854d8-3051-70fa-00ce-ac30661244a5
868032061545061,1783054800,data.qo,"{""tE"":{""N"":""67.82""},""hL"":{""N"":""58.4""},""wL"":{""N"":""26.68577""},""tL"":{""N"":""77""},""hR"":{""N"":""56.2""},""wR"":{""N"":""21.623201""},""hE"":{""N"":""74.8""},""tR"":{""N"":""75.02""}}",a47854d8-3051-70fa-00ce-ac30661244a5
868032061545061,1783058400,data.qo,"{""tE"":{""N"":""65.84""},""hL"":{""N"":""59.5""},""wL"":{""N"":""26.607588""},""tL"":{""N"":""73.76""},""hR"":{""N"":""56.8""},""wR"":{""N"":""21.655426""},""hE"":{""N"":""77.8""},""tR"":{""N"":""71.6""}}",a47854d8-3051-70fa-00ce-ac30661244a5
868032061545061,1783062000,data.qo,"{""tE"":{""N"":""64.4""},""hL"":{""N"":""60.2""},""wL"":{""N"":""26.501408""},""tL"":{""N"":""70.88""},""hR"":{""N"":""57.4""},""wR"":{""N"":""21.685572""},""hE"":{""N"":""79.8""},""tR"":{""N"":""68.9""}}",a47854d8-3051-70fa-00ce-ac30661244a5
868032061545061,1783065600,data.qo,"{""tE"":{""N"":""63.32""},""hL"":{""N"":""61.1""},""wL"":{""N"":""26.498837""},""tL"":{""N"":""68.36""},""hR"":{""N"":""57.8""},""wR"":{""N"":""21.77864""},""hE"":{""N"":""82.1""},""tR"":{""N"":""66.38""}}",a47854d8-3051-70fa-00ce-ac30661244a5
868032061545061,1783069200,data.qo,"{""tE"":{""N"":""62.24""},""hL"":{""N"":""62.3""},""wL"":{""N"":""26.51074""},""tL"":{""N"":""66.38""},""hR"":{""N"":""58""},""wR"":{""N"":""21.872637""},""hE"":{""N"":""82.7""},""tR"":{""N"":""64.4""}}",a47854d8-3051-70fa-00ce-ac30661244a5
868032061545061,1783072800,data.qo,"{""tE"":{""N"":""61.52""},""hL"":{""N"":""62.9""},""wL"":{""N"":""26.526548""},""tL"":{""N"":""64.58""},""hR"":{""N"":""58.4""},""wR"":{""N"":""21.95105""},""hE"":{""N"":""83.6""},""tR"":{""N"":""62.6""}}",a47854d8-3051-70fa-00ce-ac30661244a5
868032061545061,1783076400,data.qo,"{""tE"":{""N"":""60.62""},""hL"":{""N"":""64""},""wL"":{""N"":""26.55483""},""tL"":{""N"":""62.96""},""hR"":{""N"":""58.7""},""wR"":{""N"":""22.025255""},""hE"":{""N"":""84.6""},""tR"":{""N"":""61.16""}}",a47854d8-3051-70fa-00ce-ac30661244a5
868032061545061,1783080000,data.qo,"{""tE"":{""N"":""61.34""},""hL"":{""N"":""63.2""},""wL"":{""N"":""26.743956""},""tL"":{""N"":""61.7""},""hR"":{""N"":""59.1""},""wR"":{""N"":""22.34432""},""hE"":{""N"":""86.6""},""tR"":{""N"":""60.08""}}",a47854d8-3051-70fa-00ce-ac30661244a5
868032061545061,1783083600,data.qo,"{""tE"":{""N"":""66.2""},""hL"":{""N"":""63.8""},""wL"":{""N"":""27.21329""},""tL"":{""N"":""60.98""},""hR"":{""N"":""62.9""},""wR"":{""N"":""22.757378""},""hE"":{""N"":""86.6""},""tR"":{""N"":""59.72""}}",a47854d8-3051-70fa-00ce-ac30661244a5
868032061545061,1783087200,data.qo,"{""tE"":{""N"":""78.08""},""hL"":{""N"":""74.5""},""wL"":{""N"":""27.635723""},""tL"":{""N"":""64.94""},""hR"":{""N"":""62.9""},""wR"":{""N"":""23.12744""},""hE"":{""N"":""68.9""},""tR"":{""N"":""59.72""}}",a47854d8-3051-70fa-00ce-ac30661244a5
868032061545061,1783090800,data.qo,"{""tE"":{""N"":""85.82""},""hL"":{""N"":""79.3""},""wL"":{""N"":""27.951311""},""tL"":{""N"":""72.5""},""hR"":{""N"":""69.4""},""wR"":{""N"":""23.521172""},""hE"":{""N"":""57.5""},""tR"":{""N"":""77.54""}}",a47854d8-3051-70fa-00ce-ac30661244a5
868032061545061,1783094400,data.qo,"{""tE"":{""N"":""91.04""},""hL"":{""N"":""78.2""},""wL"":{""N"":""28.324656""},""tL"":{""N"":""80.24""},""hR"":{""N"":""65""},""wR"":{""N"":""26.226488""},""hE"":{""N"":""50.5""},""tR"":{""N"":""87.44""}}",a47854d8-3051-70fa-00ce-ac30661244a5
868032061545061,1783098000,data.qo,"{""tE"":{""N"":""95.9""},""hL"":{""N"":""74.2""},""wL"":{""N"":""28.262518""},""tL"":{""N"":""86.54""},""hR"":{""N"":""63.6""},""wR"":{""N"":""26.057177""},""hE"":{""N"":""43.2""},""tR"":{""N"":""93.2""}}",a47854d8-3051-70fa-00ce-ac30661244a5
868032061545061,1783101600,data.qo,"{""tE"":{""N"":""101.48""},""hL"":{""N"":""69.8""},""wL"":{""N"":""28.232187""},""tL"":{""N"":""91.4""},""hR"":{""N"":""59.4""},""wR"":{""N"":""25.90599""},""hE"":{""N"":""40.1""},""tR"":{""N"":""96.62""}}",a47854d8-3051-70fa-00ce-ac30661244a5
868032061545061,1783105200,data.qo,"{""tE"":{""N"":""107.96""},""hL"":{""N"":""66.5""},""wL"":{""N"":""28.253614""},""tL"":{""N"":""95""},""hR"":{""N"":""58.6""},""wR"":{""N"":""25.745974""},""hE"":{""N"":""36.1""},""tR"":{""N"":""99.14""}}",a47854d8-3051-70fa-00ce-ac30661244a5
868032061545061,1783108800,data.qo,"{""tE"":{""N"":""110.12""},""hL"":{""N"":""62.8""},""wL"":{""N"":""28.371698""},""tL"":{""N"":""98.06""},""hR"":{""N"":""55.6""},""wR"":{""N"":""25.667467""},""hE"":{""N"":""33.4""},""tR"":{""N"":""100.58""}}",a47854d8-3051-70fa-00ce-ac30661244a5
868032061545061,1783112400,data.qo,"{""tE"":{""N"":""109.94""},""hL"":{""N"":""62.9""},""wL"":{""N"":""28.419075""},""tL"":{""N"":""99.14""},""hR"":{""N"":""56.9""},""wR"":{""N"":""25.536114""},""hE"":{""N"":""32.4""},""tR"":{""N"":""100.22""}}",a47854d8-3051-70fa-00ce-ac30661244a5
868032061545061,1783116000,data.qo,"{""tE"":{""N"":""109.94""},""hL"":{""N"":""62.2""},""wL"":{""N"":""28.242474""},""tL"":{""N"":""100.04""},""hR"":{""N"":""54.3""},""wR"":{""N"":""25.319368""},""hE"":{""N"":""32.4""},""tR"":{""N"":""100.58""}}",a47854d8-3051-70fa-00ce-ac30661244a5
868032061545061,1783119600,data.qo,"{""tE"":{""N"":""99.68""},""hL"":{""N"":""59.4""},""wL"":{""N"":""28.04335""},""tL"":{""N"":""100.94""},""hR"":{""N"":""52.7""},""wR"":{""N"":""24.933218""},""hE"":{""N"":""38.5""},""tR"":{""N"":""100.94""}}",a47854d8-3051-70fa-00ce-ac30661244a5
868032061545061,1783123200,data.qo,"{""tE"":{""N"":""91.04""},""hL"":{""N"":""58""},""wL"":{""N"":""27.847893""},""tL"":{""N"":""100.04""},""hR"":{""N"":""52.3""},""wR"":{""N"":""24.467129""},""hE"":{""N"":""44.8""},""tR"":{""N"":""99.5""}}",a47854d8-3051-70fa-00ce-ac30661244a5
868032061545061,1783126800,data.qo,"{""tE"":{""N"":""84.38""},""hL"":{""N"":""56.6""},""wL"":{""N"":""27.659817""},""tL"":{""N"":""95.9""},""hR"":{""N"":""52.3""},""wR"":{""N"":""23.97302""},""hE"":{""N"":""52.6""},""tR"":{""N"":""95""}}",a47854d8-3051-70fa-00ce-ac30661244a5
868032061545061,1783130400,data.qo,"{""tE"":{""N"":""78.8""},""hL"":{""N"":""55.4""},""wL"":{""N"":""27.432981""},""tL"":{""N"":""91.04""},""hR"":{""N"":""52.1""},""wR"":{""N"":""23.530928""},""hE"":{""N"":""59.2""},""tR"":{""N"":""89.96""}}",a47854d8-3051-70fa-00ce-ac30661244a5
868032061545061,1783134000,data.qo,"{""tE"":{""N"":""75.2""},""hL"":{""N"":""56.1""},""wL"":{""N"":""27.362799""},""tL"":{""N"":""86.54""},""hR"":{""N"":""53.2""},""wR"":{""N"":""23.351768""},""hE"":{""N"":""66.9""},""tR"":{""N"":""85.1""}}",a47854d8-3051-70fa-00ce-ac30661244a5
868032061545061,1783137600,data.qo,"{""tE"":{""N"":""73.04""},""hL"":{""N"":""57.5""},""wL"":{""N"":""27.321516""},""tL"":{""N"":""82.58""},""hR"":{""N"":""54.4""},""wR"":{""N"":""23.262028""},""hE"":{""N"":""71.6""},""tR"":{""N"":""80.96""}}",a47854d8-3051-70fa-00ce-ac30661244a5
868032061545061,1783141140,data.qo,"{""tE"":{""N"":""71.24""},""hL"":{""N"":""58.4""},""wL"":{""N"":""27.28333""},""tL"":{""N"":""79.34""},""hR"":{""N"":""55""},""wR"":{""N"":""23.266235""},""hE"":{""N"":""74.6""},""tR"":{""N"":""77.54""}}",a47854d8-3051-70fa-00ce-ac30661244a5
868032061545061,1783144800,data.qo,"{""tE"":{""N"":""69.8""},""hL"":{""N"":""59.5""},""wL"":{""N"":""27.318993""},""tL"":{""N"":""76.46""},""hR"":{""N"":""55.3""},""wR"":{""N"":""23.293745""},""hE"":{""N"":""77.9""},""tR"":{""N"":""74.66""}}",a47854d8-3051-70fa-00ce-ac30661244a5
868032061545061,1783148400,data.qo,"{""tE"":{""N"":""68.36""},""hL"":{""N"":""60.5""},""wL"":{""N"":""27.34161""},""tL"":{""N"":""74.12""},""hR"":{""N"":""55.8""},""wR"":{""N"":""23.314133""},""hE"":{""N"":""80.4""},""tR"":{""N"":""72.14""}}",a47854d8-3051-70fa-00ce-ac30661244a5
868032061545061,1783152000,data.qo,"{""tE"":{""N"":""66.92""},""hL"":{""N"":""61.1""},""wL"":{""N"":""27.364227""},""tL"":{""N"":""71.78""},""hR"":{""N"":""55.8""},""wR"":{""N"":""23.308031""},""hE"":{""N"":""82.3""},""tR"":{""N"":""69.98""}}",a47854d8-3051-70fa-00ce-ac30661244a5
868032061545061,1783155600,data.qo,"{""tE"":{""N"":""66.02""},""hL"":{""N"":""61.9""},""wL"":{""N"":""27.409174""},""tL"":{""N"":""69.98""},""hR"":{""N"":""55.9""},""wR"":{""N"":""23.341366""},""hE"":{""N"":""83.7""},""tR"":{""N"":""68.18""}}",a47854d8-3051-70fa-00ce-ac30661244a5
868032061545061,1783159200,data.qo,"{""tE"":{""N"":""65.3""},""hL"":{""N"":""62.2""},""wL"":{""N"":""27.425459""},""tL"":{""N"":""68.18""},""hR"":{""N"":""56.2""},""wR"":{""N"":""23.410532""},""hE"":{""N"":""84.5""},""tR"":{""N"":""66.56""}}",a47854d8-3051-70fa-00ce-ac30661244a5
868032061545061,1783162800,data.qo,"{""tE"":{""N"":""64.58""},""hL"":{""N"":""62.1""},""wL"":{""N"":""27.4276""},""tL"":{""N"":""66.74""},""hR"":{""N"":""56.6""},""wR"":{""N"":""23.506376""},""hE"":{""N"":""85.3""},""tR"":{""N"":""65.12""}}",a47854d8-3051-70fa-00ce-ac30661244a5
868032061545061,1783166400,data.qo,"{""tE"":{""N"":""64.76""},""hL"":{""N"":""62.5""},""wL"":{""N"":""27.480597""},""tL"":{""N"":""65.48""},""hR"":{""N"":""57""},""wR"":{""N"":""23.929605""},""hE"":{""N"":""86.9""},""tR"":{""N"":""64.04""}}",a47854d8-3051-70fa-00ce-ac30661244a5
868032061545061,1783170000,data.qo,"{""tE"":{""N"":""68.9""},""hL"":{""N"":""62.9""},""wL"":{""N"":""27.831467""},""tL"":{""N"":""64.76""},""hR"":{""N"":""58.1""},""wR"":{""N"":""24.270908""},""hE"":{""N"":""87.5""},""tR"":{""N"":""63.5""}}",a47854d8-3051-70fa-00ce-ac30661244a5
868032061545061,1783173600,data.qo,"{""tE"":{""N"":""80.42""},""hL"":{""N"":""72.6""},""wL"":{""N"":""28.199762""},""tL"":{""N"":""68""},""hR"":{""N"":""68.2""},""wR"":{""N"":""24.689978""},""hE"":{""N"":""72.2""},""tR"":{""N"":""68.9""}}",a47854d8-3051-70fa-00ce-ac30661244a5
868032061545061,1783177200,data.qo,"{""tE"":{""N"":""86.9""},""hL"":{""N"":""76.1""},""wL"":{""N"":""28.35427""},""tL"":{""N"":""74.84""},""hR"":{""N"":""65.6""},""wR"":{""N"":""24.838251""},""hE"":{""N"":""59.2""},""tR"":{""N"":""79.16""}}",a47854d8-3051-70fa-00ce-ac30661244a5
868032061545061,1783180800,data.qo,"{""tE"":{""N"":""89.42""},""hL"":{""N"":""74.6""},""wL"":{""N"":""28.163958""},""tL"":{""N"":""81.32""},""hR"":{""N"":""61.7""},""wR"":{""N"":""24.832426""},""hE"":{""N"":""47.5""},""tR"":{""N"":""87.26""}}",a47854d8-3051-70fa-00ce-ac30661244a5
868032061545061,1783184400,data.qo,"{""tE"":{""N"":""93.56""},""hL"":{""N"":""68.8""},""wL"":{""N"":""27.97845""},""tL"":{""N"":""85.46""},""hR"":{""N"":""57.1""},""wR"":{""N"":""24.753088""},""hE"":{""N"":""43.5""},""tR"":{""N"":""90.32""}}",a47854d8-3051-70fa-00ce-ac30661244a5
868032061545061,1783188000,data.qo,"{""tE"":{""N"":""99.86""},""hL"":{""N"":""67.6""},""wL"":{""N"":""27.864891""},""tL"":{""N"":""89.6""},""hR"":{""N"":""54.5""},""wR"":{""N"":""24.465649""},""hE"":{""N"":""38""},""tR"":{""N"":""93.56""}}",a47854d8-3051-70fa-00ce-ac30661244a5
868032061545061,1783191600,data.qo,"{""tE"":{""N"":""99.86""},""hL"":{""N"":""65.6""},""wL"":{""N"":""27.646198""},""tL"":{""N"":""92.84""},""hR"":{""N"":""54""},""wR"":{""N"":""23.951984""},""hE"":{""N"":""38""},""tR"":{""N"":""95.54""}}",a47854d8-3051-70fa-00ce-ac30661244a5
868032061545061,1783195200,data.qo,"{""tE"":{""N"":""95.36""},""hL"":{""N"":""61.4""},""wL"":{""N"":""27.524878""},""tL"":{""N"":""93.74""},""hR"":{""N"":""53.3""},""wR"":{""N"":""23.822805""},""hE"":{""N"":""45.8""},""tR"":{""N"":""95.36""}}",a47854d8-3051-70fa-00ce-ac30661244a5
868032061545061,1783198800,data.qo,"{""tE"":{""N"":""95.18""},""hL"":{""N"":""60.8""},""wL"":{""N"":""27.931599""},""tL"":{""N"":""92.12""},""hR"":{""N"":""53.3""},""wR"":{""N"":""24.21848""},""hE"":{""N"":""44.2""},""tR"":{""N"":""95.36""}}",a47854d8-3051-70fa-00ce-ac30661244a5
868032061545061,1783202400,data.qo,"{""tE"":{""N"":""100.4""},""hL"":{""N"":""64.4""},""wL"":{""N"":""27.656199""},""tL"":{""N"":""93.2""},""hR"":{""N"":""57.3""},""wR"":{""N"":""24.166836""},""hE"":{""N"":""40.2""},""tR"":{""N"":""94.46""}}",a47854d8-3051-70fa-00ce-ac30661244a5
868032061545061,1783206000,data.qo,"{""tE"":{""N"":""87.08""},""hL"":{""N"":""60""},""wL"":{""N"":""27.536543""},""tL"":{""N"":""94.1""},""hR"":{""N"":""54.4""},""wR"":{""N"":""24.026838""},""hE"":{""N"":""50.4""},""tR"":{""N"":""95""}}",a47854d8-3051-70fa-00ce-ac30661244a5
868032061545061,1783209600,data.qo,"{""tE"":{""N"":""84.56""},""hL"":{""N"":""59""},""wL"":{""N"":""27.463598""},""tL"":{""N"":""91.94""},""hR"":{""N"":""53.8""},""wR"":{""N"":""23.89678""},""hE"":{""N"":""60.1""},""tR"":{""N"":""92.3""}}",a47854d8-3051-70fa-00ce-ac30661244a5
868032061545061,1783213200,data.qo,"{""tE"":{""N"":""80.24""},""hL"":{""N"":""58.3""},""wL"":{""N"":""27.385653""},""tL"":{""N"":""89.06""},""hR"":{""N"":""54.1""},""wR"":{""N"":""23.712257""},""hE"":{""N"":""66.4""},""tR"":{""N"":""88.88""}}",a47854d8-3051-70fa-00ce-ac30661244a5
868032061545061,1783216800,data.qo,"{""tE"":{""N"":""76.28""},""hL"":{""N"":""58.2""},""wL"":{""N"":""27.317898""},""tL"":{""N"":""85.82""},""hR"":{""N"":""54.3""},""wR"":{""N"":""23.522188""},""hE"":{""N"":""70.9""},""tR"":{""N"":""85.1""}}",a47854d8-3051-70fa-00ce-ac30661244a5
868032061545061,1783220400,data.qo,"{""tE"":{""N"":""73.76""},""hL"":{""N"":""58.6""},""wL"":{""N"":""27.368988""},""tL"":{""N"":""82.4""},""hR"":{""N"":""54.2""},""wR"":{""N"":""23.544704""},""hE"":{""N"":""76.8""},""tR"":{""N"":""81.32""}}",a47854d8-3051-70fa-00ce-ac30661244a5
868032061545061,1783224000,data.qo,"{""tE"":{""N"":""72.68""},""hL"":{""N"":""59.3""},""wL"":{""N"":""27.385464""},""tL"":{""N"":""79.52""},""hR"":{""N"":""54.9""},""wR"":{""N"":""23.522512""},""hE"":{""N"":""76.7""},""tR"":{""N"":""78.08""}}",a47854d8-3051-70fa-00ce-ac30661244a5
868032061545061,1783227600,data.qo,"{""tE"":{""N"":""71.06""},""hL"":{""N"":""59.6""},""wL"":{""N"":""27.420935""},""tL"":{""N"":""77.18""},""hR"":{""N"":""55.3""},""wR"":{""N"":""23.529678""},""hE"":{""N"":""78.4""},""tR"":{""N"":""75.74""}}",a47854d8-3051-70fa-00ce-ac30661244a5
868032061545061,1783231200,data.qo,"{""tE"":{""N"":""71.06""},""hL"":{""N"":""60.2""},""wL"":{""N"":""27.460598""},""tL"":{""N"":""75.02""},""hR"":{""N"":""55.3""},""wR"":{""N"":""23.666162""},""hE"":{""N"":""78.4""},""tR"":{""N"":""73.4""}}",a47854d8-3051-70fa-00ce-ac30661244a5
868032061545061,1783234800,data.qo,"{""tE"":{""N"":""69.8""},""hL"":{""N"":""62""},""wL"":{""N"":""27.52302""},""tL"":{""N"":""73.22""},""hR"":{""N"":""57.3""},""wR"":{""N"":""23.835335""},""hE"":{""N"":""81""},""tR"":{""N"":""71.6""}}",a47854d8-3051-70fa-00ce-ac30661244a5
868032061545061,1783238400,data.qo,"{""tE"":{""N"":""68.54""},""hL"":{""N"":""62.1""},""wL"":{""N"":""27.531544""},""tL"":{""N"":""71.78""},""hR"":{""N"":""57.4""},""wR"":{""N"":""23.864""},""hE"":{""N"":""78.4""},""tR"":{""N"":""70.52""}}",a47854d8-3051-70fa-00ce-ac30661244a5
868032061545061,1783242000,data.qo,"{""tE"":{""N"":""66.2""},""hL"":{""N"":""62.3""},""wL"":{""N"":""27.53864""},""tL"":{""N"":""70.34""},""hR"":{""N"":""56.2""},""wR"":{""N"":""23.82752""},""hE"":{""N"":""80""},""tR"":{""N"":""69.08""}}",a47854d8-3051-70fa-00ce-ac30661244a5
868032061545061,1783245600,data.qo,"{""tE"":{""N"":""64.4""},""hL"":{""N"":""62.6""},""wL"":{""N"":""27.539257""},""tL"":{""N"":""68.54""},""hR"":{""N"":""56.2""},""wR"":{""N"":""23.780685""},""hE"":{""N"":""81.8""},""tR"":{""N"":""69.08""}}",a47854d8-3051-70fa-00ce-ac30661244a5
868032061545061,1783249200,data.qo,"{""tE"":{""N"":""63.14""},""hL"":{""N"":""62.6""},""wL"":{""N"":""27.55616""},""tL"":{""N"":""66.74""},""hR"":{""N"":""55""},""wR"":{""N"":""23.769682""},""hE"":{""N"":""83.3""},""tR"":{""N"":""65.3""}}",a47854d8-3051-70fa-00ce-ac30661244a5
868032061545061,1783252800,data.qo,"{""tE"":{""N"":""62.6""},""hL"":{""N"":""62.1""},""wL"":{""N"":""27.691338""},""tL"":{""N"":""65.12""},""hR"":{""N"":""55""},""wR"":{""N"":""24.02938""},""hE"":{""N"":""85.2""},""tR"":{""N"":""63.68""}}",a47854d8-3051-70fa-00ce-ac30661244a5
868032061545061,1783256400,data.qo,"{""tE"":{""N"":""67.1""},""hL"":{""N"":""61.9""},""wL"":{""N"":""27.989784""},""tL"":{""N"":""64.04""},""hR"":{""N"":""56.2""},""wR"":{""N"":""24.356073""},""hE"":{""N"":""85.8""},""tR"":{""N"":""62.6""}}",a47854d8-3051-70fa-00ce-ac30661244a5
868032061545061,1783260000,data.qo,"{""tE"":{""N"":""79.16""},""hL"":{""N"":""73.1""},""wL"":{""N"":""28.063967""},""tL"":{""N"":""66.92""},""hR"":{""N"":""66.5""},""wR"":{""N"":""24.441006""},""hE"":{""N"":""68""},""tR"":{""N"":""68.18""}}",a47854d8-3051-70fa-00ce-ac30661244a5
868032061545061,1783263600,data.qo,"{""tE"":{""N"":""82.22""},""hL"":{""N"":""73.7""},""wL"":{""N"":""28.102058""},""tL"":{""N"":""73.04""},""hR"":{""N"":""63.4""},""wR"":{""N"":""24.554974""},""hE"":{""N"":""58.7""},""tR"":{""N"":""77.18""}}",a47854d8-3051-70fa-00ce-ac30661244a5
868032061545061,1783267200,data.qo,"{""tE"":{""N"":""87.44""},""hL"":{""N"":""75.2""},""wL"":{""N"":""27.99402""},""tL"":{""N"":""78.08""},""hR"":{""N"":""64""},""wR"":{""N"":""24.682535""},""hE"":{""N"":""54.8""},""tR"":{""N"":""83.66""}}",a47854d8-3051-70fa-00ce-ac30661244a5
868032061545061,1783270800,data.qo,"{""tE"":{""N"":""91.4""},""hL"":{""N"":""71.5""},""wL"":{""N"":""27.75076""},""tL"":{""N"":""83.3""},""hR"":{""N"":""60.5""},""wR"":{""N"":""24.683737""},""hE"":{""N"":""47.9""},""tR"":{""N"":""89.24""}}",a47854d8-3051-70fa-00ce-ac30661244a5
868032061545061,1783274400,data.qo,"{""tE"":{""N"":""88.34""},""hL"":{""N"":""66""},""wL"":{""N"":""27.51045""},""tL"":{""N"":""86.18""},""hR"":{""N"":""56.4""},""wR"":{""N"":""24.434532""},""hE"":{""N"":""49.7""},""tR"":{""N"":""91.22""}}",a47854d8-3051-70fa-00ce-ac30661244a5
868032061545061,1783278000,data.qo,"{""tE"":{""N"":""80.24""},""hL"":{""N"":""63.2""},""wL"":{""N"":""27.655722""},""tL"":{""N"":""84.74""},""hR"":{""N"":""57""},""wR"":{""N"":""24.338135""},""hE"":{""N"":""59.2""},""tR"":{""N"":""87.98""}}",a47854d8-3051-70fa-00ce-ac30661244a5
868032061545061,1783281600,data.qo,"{""tE"":{""N"":""89.78""},""hL"":{""N"":""63.5""},""wL"":{""N"":""27.85813""},""tL"":{""N"":""82.22""},""hR"":{""N"":""58.7""},""wR"":{""N"":""24.866316""},""hE"":{""N"":""56.9""},""tR"":{""N"":""84.38""}}",a47854d8-3051-70fa-00ce-ac30661244a5
868032061545061,1783285200,data.qo,"{""tE"":{""N"":""95.54""},""hL"":{""N"":""65.4""},""wL"":{""N"":""28.049492""},""tL"":{""N"":""86""},""hR"":{""N"":""58""},""wR"":{""N"":""25.33948""},""hE"":{""N"":""43.9""},""tR"":{""N"":""88.52""}}",a47854d8-3051-70fa-00ce-ac30661244a5
868032061545061,1783288800,data.qo,"{""tE"":{""N"":""97.7""},""hL"":{""N"":""65.7""},""wL"":{""N"":""27.63158""},""tL"":{""N"":""90.14""},""hR"":{""N"":""57.4""},""wR"":{""N"":""25.09157""},""hE"":{""N"":""38.5""},""tR"":{""N"":""92.3""}}",a47854d8-3051-70fa-00ce-ac30661244a5
868032061545061,1783292400,data.qo,"{""tE"":{""N"":""89.6""},""hL"":{""N"":""60""},""wL"":{""N"":""27.39432""},""tL"":{""N"":""90.32""},""hR"":{""N"":""51.3""},""wR"":{""N"":""24.697884""},""hE"":{""N"":""46.4""},""tR"":{""N"":""91.58""}}",a47854d8-3051-70fa-00ce-ac30661244a5
868032061545061,1783296000,data.qo,"{""tE"":{""N"":""82.94""},""hL"":{""N"":""59.2""},""wL"":{""N"":""27.277235""},""tL"":{""N"":""88.34""},""hR"":{""N"":""54.4""},""wR"":{""N"":""24.495516""},""hE"":{""N"":""58.3""},""tR"":{""N"":""89.24""}}",a47854d8-3051-70fa-00ce-ac30661244a5
868032061545061,1783299600,data.qo,"{""tE"":{""N"":""78.8""},""hL"":{""N"":""58.2""},""wL"":{""N"":""27.189054""},""tL"":{""N"":""85.46""},""hR"":{""N"":""55.1""},""wR"":{""N"":""24.347473""},""hE"":{""N"":""63.2""},""tR"":{""N"":""85.82""}}",a47854d8-3051-70fa-00ce-ac30661244a5
868032061545061,1783303200,data.qo,"{""tE"":{""N"":""75.02""},""hL"":{""N"":""58.4""},""wL"":{""N"":""27.14582""},""tL"":{""N"":""82.58""},""hR"":{""N"":""55.1""},""wR"":{""N"":""24.180058""},""hE"":{""N"":""68.9""},""tR"":{""N"":""82.4""}}",a47854d8-3051-70fa-00ce-ac30661244a5
868032061545061,1783306800,data.qo,"{""tE"":{""N"":""75.02""},""hL"":{""N"":""58.5""},""wL"":{""N"":""27.092302""},""tL"":{""N"":""79.7""},""hR"":{""N"":""54.6""},""wR"":{""N"":""24.054024""},""hE"":{""N"":""68.9""},""tR"":{""N"":""78.8""}}",a47854d8-3051-70fa-00ce-ac30661244a5
868032061545061,1783310400,data.qo,"{""tE"":{""N"":""70.34""},""hL"":{""N"":""59""},""wL"":{""N"":""27.108206""},""tL"":{""N"":""77""},""hR"":{""N"":""54.7""},""wR"":{""N"":""24.006355""},""hE"":{""N"":""77.5""},""tR"":{""N"":""75.92""}}",a47854d8-3051-70fa-00ce-ac30661244a5
868032061545061,1783314000,data.qo,"{""tE"":{""N"":""68.72""},""hL"":{""N"":""60.5""},""wL"":{""N"":""27.103205""},""tL"":{""N"":""74.48""},""hR"":{""N"":""54.9""},""wR"":{""N"":""23.947128""},""hE"":{""N"":""79.1""},""tR"":{""N"":""73.22""}}",a47854d8-3051-70fa-00ce-ac30661244a5
868032061545061,1783317600,data.qo,"{""tE"":{""N"":""67.1""},""hL"":{""N"":""61.6""},""wL"":{""N"":""27.149487""},""tL"":{""N"":""72.5""},""hR"":{""N"":""54.7""},""wR"":{""N"":""23.89063""},""hE"":{""N"":""81.2""},""tR"":{""N"":""70.7""}}",a47854d8-3051-70fa-00ce-ac30661244a5
868032061545061,1783321200,data.qo,"{""tE"":{""N"":""65.84""},""hL"":{""N"":""61.1""},""wL"":{""N"":""27.237144""},""tL"":{""N"":""70.34""},""hR"":{""N"":""54.8""},""wR"":{""N"":""23.884481""},""hE"":{""N"":""83.3""},""tR"":{""N"":""68.72""}}",a47854d8-3051-70fa-00ce-ac30661244a5
868032061545061,1783324800,data.qo,"{""tE"":{""N"":""64.76""},""hL"":{""N"":""62.4""},""wL"":{""N"":""27.313993""},""tL"":{""N"":""68.54""},""hR"":{""N"":""54.8""},""wR"":{""N"":""23.897242""},""hE"":{""N"":""84.2""},""tR"":{""N"":""66.74""}}",a47854d8-3051-70fa-00ce-ac30661244a5
868032061545061,1783328400,data.qo,"{""tE"":{""N"":""63.68""},""hL"":{""N"":""62.4""},""wL"":{""N"":""27.365131""},""tL"":{""N"":""66.74""},""hR"":{""N"":""55.1""},""wR"":{""N"":""23.911205""},""hE"":{""N"":""84.7""},""tR"":{""N"":""65.12""}}",a47854d8-3051-70fa-00ce-ac30661244a5
868032061545061,1783332000,data.qo,"{""tE"":{""N"":""62.96""},""hL"":{""N"":""62""},""wL"":{""N"":""27.422697""},""tL"":{""N"":""65.3""},""hR"":{""N"":""55.4""},""wR"":{""N"":""24.018053""},""hE"":{""N"":""85.7""},""tR"":{""N"":""63.5""}}",a47854d8-3051-70fa-00ce-ac30661244a5
868032061545061,1783335600,data.qo,"{""tE"":{""N"":""62.24""},""hL"":{""N"":""62.5""},""wL"":{""N"":""27.49931""},""tL"":{""N"":""64.04""},""hR"":{""N"":""55.5""},""wR"":{""N"":""24.06156""},""hE"":{""N"":""86""},""tR"":{""N"":""62.42""}}",a47854d8-3051-70fa-00ce-ac30661244a5
868032061545061,1783339200,data.qo,"{""tE"":{""N"":""63.5""},""hL"":{""N"":""61.7""},""wL"":{""N"":""27.654913""},""tL"":{""N"":""62.96""},""hR"":{""N"":""55.8""},""wR"":{""N"":""24.279833""},""hE"":{""N"":""87.5""},""tR"":{""N"":""61.52""}}",a47854d8-3051-70fa-00ce-ac30661244a5
868032061545061,1783342800,data.qo,"{""tE"":{""N"":""65.48""},""hL"":{""N"":""62.2""},""wL"":{""N"":""27.78052""},""tL"":{""N"":""62.42""},""hR"":{""N"":""56.6""},""wR"":{""N"":""24.40277""},""hE"":{""N"":""87.6""},""tR"":{""N"":""61.34""}}",a47854d8-3051-70fa-00ce-ac30661244a5
868032061545061,1783346400,data.qo,"{""tE"":{""N"":""67.1""},""hL"":{""N"":""62.2""},""wL"":{""N"":""27.9306""},""tL"":{""N"":""62.42""},""hR"":{""N"":""58.9""},""wR"":{""N"":""24.529915""},""hE"":{""N"":""87.7""},""tR"":{""N"":""62.06""}}",a47854d8-3051-70fa-00ce-ac30661244a5
868032061545061,1783350000,data.qo,"{""tE"":{""N"":""68.54""},""hL"":{""N"":""64.7""},""wL"":{""N"":""28.069204""},""tL"":{""N"":""63.5""},""hR"":{""N"":""60.8""},""wR"":{""N"":""24.685818""},""hE"":{""N"":""86.7""},""tR"":{""N"":""63.5""}}",a47854d8-3051-70fa-00ce-ac30661244a5
868032061545061,1783353600,data.qo,"{""tE"":{""N"":""71.42""},""hL"":{""N"":""67""},""wL"":{""N"":""28.218714""},""tL"":{""N"":""64.94""},""hR"":{""N"":""62.6""},""wR"":{""N"":""24.993923""},""hE"":{""N"":""84.4""},""tR"":{""N"":""65.12""}}",a47854d8-3051-70fa-00ce-ac30661244a5
868032061545061,1783357200,data.qo,"{""tE"":{""N"":""78.08""},""hL"":{""N"":""73.2""},""wL"":{""N"":""28.300753""},""tL"":{""N"":""68.18""},""hR"":{""N"":""62.6""},""wR"":{""N"":""25.283905""},""hE"":{""N"":""74.4""},""tR"":{""N"":""65.12""}}",a47854d8-3051-70fa-00ce-ac30661244a5
868032061545061,1783360800,data.qo,"{""tE"":{""N"":""85.82""},""hL"":{""N"":""73.2""},""wL"":{""N"":""28.270184""},""tL"":{""N"":""68.18""},""hR"":{""N"":""70.7""},""wR"":{""N"":""25.383772""},""hE"":{""N"":""60.7""},""tR"":{""N"":""75.92""}}",a47854d8-3051-70fa-00ce-ac30661244a5
868032061545061,1783364400,data.qo,"{""tE"":{""N"":""92.66""},""hL"":{""N"":""77.2""},""wL"":{""N"":""28.144577""},""tL"":{""N"":""80.78""},""hR"":{""N"":""68.1""},""wR"":{""N"":""25.336752""},""hE"":{""N"":""49.9""},""tR"":{""N"":""83.48""}}",a47854d8-3051-70fa-00ce-ac30661244a5
868032061545061,1783368000,data.qo,"{""tE"":{""N"":""97.34""},""hL"":{""N"":""73""},""wL"":{""N"":""27.983309""},""tL"":{""N"":""86.54""},""hR"":{""N"":""63.9""},""wR"":{""N"":""25.281918""},""hE"":{""N"":""43.7""},""tR"":{""N"":""89.24""}}",a47854d8-3051-70fa-00ce-ac30661244a5
868032061545061,1783371600,data.qo,"{""tE"":{""N"":""93.74""},""hL"":{""N"":""65.9""},""wL"":{""N"":""27.4416""},""tL"":{""N"":""89.78""},""hR"":{""N"":""58.3""},""wR"":{""N"":""24.76987""},""hE"":{""N"":""44.3""},""tR"":{""N"":""91.22""}}",a47854d8-3051-70fa-00ce-ac30661244a5
868032061545061,1783375200,data.qo,"{""tE"":{""N"":""86""},""hL"":{""N"":""62.4""},""wL"":{""N"":""27.19553""},""tL"":{""N"":""87.44""},""hR"":{""N"":""57.9""},""wR"":{""N"":""24.575224""},""hE"":{""N"":""58.7""},""tR"":{""N"":""87.8""}}",a47854d8-3051-70fa-00ce-ac30661244a5
868032061545061,1783378800,data.qo,"{""tE"":{""N"":""78.08""},""hL"":{""N"":""61.2""},""wL"":{""N"":""27.222765""},""tL"":{""N"":""84.92""},""hR"":{""N"":""57.8""},""wR"":{""N"":""24.658863""},""hE"":{""N"":""64.8""},""tR"":{""N"":""84.92""}}",a47854d8-3051-70fa-00ce-ac30661244a5
868032061545061,1783382400,data.qo,"{""tE"":{""N"":""77.72""},""hL"":{""N"":""61.2""},""wL"":{""N"":""27.110395""},""tL"":{""N"":""84.92""},""hR"":{""N"":""57.7""},""wR"":{""N"":""24.493298""},""hE"":{""N"":""62.6""},""tR"":{""N"":""83.3""}}",a47854d8-3051-70fa-00ce-ac30661244a5
868032061545061,1783386000,data.qo,"{""tE"":{""N"":""77.72""},""hL"":{""N"":""60.4""},""wL"":{""N"":""27.059114""},""tL"":{""N"":""80.96""},""hR"":{""N"":""57.1""},""wR"":{""N"":""24.41174""},""hE"":{""N"":""62.6""},""tR"":{""N"":""80.42""}}",a47854d8-3051-70fa-00ce-ac30661244a5
868032061545061,1783389600,data.qo,"{""tE"":{""N"":""71.42""},""hL"":{""N"":""60.2""},""wL"":{""N"":""27.040735""},""tL"":{""N"":""78.44""},""hR"":{""N"":""57.1""},""wR"":{""N"":""24.331615""},""hE"":{""N"":""72.4""},""tR"":{""N"":""77.54""}}",a47854d8-3051-70fa-00ce-ac30661244a5
868032061545061,1783393200,data.qo,"{""tE"":{""N"":""69.98""},""hL"":{""N"":""60.8""},""wL"":{""N"":""27.070162""},""tL"":{""N"":""75.92""},""hR"":{""N"":""57.7""},""wR"":{""N"":""24.318392""},""hE"":{""N"":""75.6""},""tR"":{""N"":""74.84""}}",a47854d8-3051-70fa-00ce-ac30661244a5
868032061545061,1783396800,data.qo,"{""tE"":{""N"":""69.08""},""hL"":{""N"":""61.9""},""wL"":{""N"":""27.12144""},""tL"":{""N"":""73.76""},""hR"":{""N"":""58.1""},""wR"":{""N"":""24.31696""},""hE"":{""N"":""77.8""},""tR"":{""N"":""72.5""}}",a47854d8-3051-70fa-00ce-ac30661244a5
868032061545061,1783400400,data.qo,"{""tE"":{""N"":""68.18""},""hL"":{""N"":""61.7""},""wL"":{""N"":""27.193481""},""tL"":{""N"":""71.96""},""hR"":{""N"":""57.7""},""wR"":{""N"":""24.350063""},""hE"":{""N"":""79.1""},""tR"":{""N"":""70.7""}}",a47854d8-3051-70fa-00ce-ac30661244a5
868032061545061,1783404000,data.qo,"{""tE"":{""N"":""67.1""},""hL"":{""N"":""63.1""},""wL"":{""N"":""27.244715""},""tL"":{""N"":""70.34""},""hR"":{""N"":""57.7""},""wR"":{""N"":""24.37073""},""hE"":{""N"":""81.8""},""tR"":{""N"":""69.08""}}",a47854d8-3051-70fa-00ce-ac30661244a5
868032061545061,1783407600,data.qo,"{""tE"":{""N"":""65.84""},""hL"":{""N"":""64.4""},""wL"":{""N"":""27.28833""},""tL"":{""N"":""68.9""},""hR"":{""N"":""58""},""wR"":{""N"":""24.358616""},""hE"":{""N"":""83""},""tR"":{""N"":""67.64""}}",a47854d8-3051-70fa-00ce-ac30661244a5
868032061545061,1783411200,data.qo,"{""tE"":{""N"":""64.76""},""hL"":{""N"":""63.8""},""wL"":{""N"":""27.348753""},""tL"":{""N"":""67.46""},""hR"":{""N"":""57.8""},""wR"":{""N"":""24.416454""},""hE"":{""N"":""83.9""},""tR"":{""N"":""66.2""}}",a47854d8-3051-70fa-00ce-ac30661244a5
868032061545061,1783414800,data.qo,"{""tE"":{""N"":""64.04""},""hL"":{""N"":""63.8""},""wL"":{""N"":""27.430124""},""tL"":{""N"":""67.46""},""hR"":{""N"":""57.4""},""wR"":{""N"":""24.435366""},""hE"":{""N"":""85.2""},""tR"":{""N"":""64.76""}}",a47854d8-3051-70fa-00ce-ac30661244a5
868032061545061,1783418400,data.qo,"{""tE"":{""N"":""63.14""},""hL"":{""N"":""63.5""},""wL"":{""N"":""27.489023""},""tL"":{""N"":""64.94""},""hR"":{""N"":""57.8""},""wR"":{""N"":""24.485992""},""hE"":{""N"":""85.7""},""tR"":{""N"":""63.68""}}",a47854d8-3051-70fa-00ce-ac30661244a5
868032061545061,1783422000,data.qo,"{""tE"":{""N"":""62.42""},""hL"":{""N"":""63.6""},""wL"":{""N"":""27.552923""},""tL"":{""N"":""63.86""},""hR"":{""N"":""57.6""},""wR"":{""N"":""24.499445""},""hE"":{""N"":""86.1""},""tR"":{""N"":""62.6""}}",a47854d8-3051-70fa-00ce-ac30661244a5
868032061545061,1783425600,data.qo,"{""tE"":{""N"":""62.6""},""hL"":{""N"":""65""},""wL"":{""N"":""27.710335""},""tL"":{""N"":""62.96""},""hR"":{""N"":""58.2""},""wR"":{""N"":""24.801218""},""hE"":{""N"":""87.9""},""tR"":{""N"":""61.52""}}",a47854d8-3051-70fa-00ce-ac30661244a5
868032061545061,1783429200,data.qo,"{""tE"":{""N"":""66.56""},""hL"":{""N"":""64.4""},""wL"":{""N"":""28.0164""},""tL"":{""N"":""62.24""},""hR"":{""N"":""59.4""},""wR"":{""N"":""25.02282""},""hE"":{""N"":""89""},""tR"":{""N"":""61.16""}}",a47854d8-3051-70fa-00ce-ac30661244a5
868032061545061,1783432800,data.qo,"{""tE"":{""N"":""78.08""},""hL"":{""N"":""72.8""},""wL"":{""N"":""28.049635""},""tL"":{""N"":""65.48""},""hR"":{""N"":""68.8""},""wR"":{""N"":""25.095732""},""hE"":{""N"":""72.5""},""tR"":{""N"":""66.56""}}",a47854d8-3051-70fa-00ce-ac30661244a5
868032061545061,1783436400,data.qo,"{""tE"":{""N"":""80.06""},""hL"":{""N"":""74.9""},""wL"":{""N"":""28.103249""},""tL"":{""N"":""71.06""},""hR"":{""N"":""67""},""wR"":{""N"":""25.071135""},""hE"":{""N"":""65.9""},""tR"":{""N"":""75.02""}}",a47854d8-3051-70fa-00ce-ac30661244a5
868032061545061,1783440000,data.qo,"{""tE"":{""N"":""82.04""},""hL"":{""N"":""72.5""},""wL"":{""N"":""28.029922""},""tL"":{""N"":""75.2""},""hR"":{""N"":""65.4""},""wR"":{""N"":""25.101418""},""hE"":{""N"":""61.1""},""tR"":{""N"":""79.7""}}",a47854d8-3051-70fa-00ce-ac30661244a5
868032061545061,1783443600,data.qo,"{""tE"":{""N"":""82.94""},""hL"":{""N"":""70.7""},""wL"":{""N"":""28.04973""},""tL"":{""N"":""78.62""},""hR"":{""N"":""62.4""},""wR"":{""N"":""25.22565""},""hE"":{""N"":""60.5""},""tR"":{""N"":""82.94""}}",a47854d8-3051-70fa-00ce-ac30661244a5
868032061545061,1783447200,data.qo,"{""tE"":{""N"":""92.12""},""hL"":{""N"":""72.7""},""wL"":{""N"":""27.9575""},""tL"":{""N"":""82.4""},""hR"":{""N"":""62.8""},""wR"":{""N"":""25.369255""},""hE"":{""N"":""49.3""},""tR"":{""N"":""86.36""}}",a47854d8-3051-70fa-00ce-ac30661244a5
868032061545061,1783450800,data.qo,"{""tE"":{""N"":""98.24""},""hL"":{""N"":""69.9""},""wL"":{""N"":""27.811516""},""tL"":{""N"":""86.54""},""hR"":{""N"":""60.4""},""wR"":{""N"":""25.225187""},""hE"":{""N"":""43""},""tR"":{""N"":""90.32""}}",a47854d8-3051-70fa-00ce-ac30661244a5
868032061545061,1783454400,data.qo,"{""tE"":{""N"":""101.48""},""hL"":{""N"":""64.5""},""wL"":{""N"":""27.660816""},""tL"":{""N"":""88.7""},""hR"":{""N"":""57.2""},""wR"":{""N"":""25.331112""},""hE"":{""N"":""39.7""},""tR"":{""N"":""91.76""}}",a47854d8-3051-70fa-00ce-ac30661244a5
868032061545061,1783458000,data.qo,"{""tE"":{""N"":""99.5""},""hL"":{""N"":""60.9""},""wL"":{""N"":""27.670435""},""tL"":{""N"":""91.4""},""hR"":{""N"":""54.7""},""wR"":{""N"":""25.22958""},""hE"":{""N"":""38.2""},""tR"":{""N"":""93.74""}}",a47854d8-3051-70fa-00ce-ac30661244a5
868032061545061,1783461600,data.qo,"{""tE"":{""N"":""95""},""hL"":{""N"":""63.7""},""wL"":{""N"":""27.358704""},""tL"":{""N"":""93.02""},""hR"":{""N"":""56.5""},""wR"":{""N"":""24.818047""},""hE"":{""N"":""45.7""},""tR"":{""N"":""94.64""}}",a47854d8-3051-70fa-00ce-ac30661244a5
868032061545061,1783465200,data.qo,"{""tE"":{""N"":""85.28""},""hL"":{""N"":""61""},""wL"":{""N"":""27.198957""},""tL"":{""N"":""91.58""},""hR"":{""N"":""55.5""},""wR"":{""N"":""24.584194""},""hE"":{""N"":""55.8""},""tR"":{""N"":""91.94""}}",a47854d8-3051-70fa-00ce-ac30661244a5
868032061545061,1783468800,data.qo,"{""tE"":{""N"":""80.96""},""hL"":{""N"":""61""},""wL"":{""N"":""28.343225""},""tL"":{""N"":""91.58""},""hR"":{""N"":""55.5""},""wR"":{""N"":""25.08593""},""hE"":{""N"":""62.2""},""tR"":{""N"":""88.16""}}",a47854d8-3051-70fa-00ce-ac30661244a5
868032061545061,1783472400,data.qo,"{""tE"":{""N"":""74.12""},""hL"":{""N"":""59.5""},""wL"":{""N"":""28.584677""},""tL"":{""N"":""85.1""},""hR"":{""N"":""56.2""},""wR"":{""N"":""26.29695""},""hE"":{""N"":""78.8""},""tR"":{""N"":""84.38""}}",a47854d8-3051-70fa-00ce-ac30661244a5
868032061545061,1783476000,data.qo,"{""tE"":{""N"":""69.44""},""hL"":{""N"":""58.2""},""wL"":{""N"":""28.495829""},""tL"":{""N"":""80.96""},""hR"":{""N"":""55.7""},""wR"":{""N"":""26.650827""},""hE"":{""N"":""88.5""},""tR"":{""N"":""79.7""}}",a47854d8-3051-70fa-00ce-ac30661244a5
868032061545061,1783479600,data.qo,"{""tE"":{""N"":""68.9""},""hL"":{""N"":""59.7""},""wL"":{""N"":""28.404552""},""tL"":{""N"":""77.18""},""hR"":{""N"":""58.1""},""wR"":{""N"":""26.635662""},""hE"":{""N"":""89.3""},""tR"":{""N"":""75.56""}}",a47854d8-3051-70fa-00ce-ac30661244a5
868032061545061,1783483200,data.qo,"{""tE"":{""N"":""68.36""},""hL"":{""N"":""59.7""},""wL"":{""N"":""28.388935""},""tL"":{""N"":""77.18""},""hR"":{""N"":""58.6""},""wR"":{""N"":""26.646666""},""hE"":{""N"":""90.5""},""tR"":{""N"":""72.68""}}",a47854d8-3051-70fa-00ce-ac30661244a5
868032061545061,1783486800,data.qo,"{""tE"":{""N"":""68""},""hL"":{""N"":""63.4""},""wL"":{""N"":""28.344843""},""tL"":{""N"":""72.32""},""hR"":{""N"":""59.9""},""wR"":{""N"":""26.627987""},""hE"":{""N"":""90.7""},""tR"":{""N"":""70.7""}}",a47854d8-3051-70fa-00ce-ac30661244a5
868032061545061,1783490400,data.qo,"{""tE"":{""N"":""67.46""},""hL"":{""N"":""63.9""},""wL"":{""N"":""28.31399""},""tL"":{""N"":""70.7""},""hR"":{""N"":""60.5""},""wR"":{""N"":""26.63113""},""hE"":{""N"":""91.5""},""tR"":{""N"":""69.08""}}",a47854d8-3051-70fa-00ce-ac30661244a5
868032061545061,1783494000,data.qo,"{""tE"":{""N"":""67.28""},""hL"":{""N"":""65.6""},""wL"":{""N"":""28.275946""},""tL"":{""N"":""69.44""},""hR"":{""N"":""60.9""},""wR"":{""N"":""26.618""},""hE"":{""N"":""91.5""},""tR"":{""N"":""68""}}",a47854d8-3051-70fa-00ce-ac30661244a5
868032061545061,1783497600,data.qo,"{""tE"":{""N"":""66.38""},""hL"":{""N"":""65""},""wL"":{""N"":""28.232283""},""tL"":{""N"":""68.36""},""hR"":{""N"":""61.2""},""wR"":{""N"":""26.602142""},""hE"":{""N"":""91.5""},""tR"":{""N"":""67.1""}}",a47854d8-3051-70fa-00ce-ac30661244a5
868032061545061,1783501200,data.qo,"{""tE"":{""N"":""65.66""},""hL"":{""N"":""66""},""wL"":{""N"":""28.197287""},""tL"":{""N"":""67.46""},""hR"":{""N"":""61.4""},""wR"":{""N"":""26.608246""},""hE"":{""N"":""91.9""},""tR"":{""N"":""66.2""}}",a47854d8-3051-70fa-00ce-ac30661244a5
868032061545061,1783504800,data.qo,"{""tE"":{""N"":""64.94""},""hL"":{""N"":""65.4""},""wL"":{""N"":""28.157434""},""tL"":{""N"":""66.38""},""hR"":{""N"":""61.4""},""wR"":{""N"":""26.602282""},""hE"":{""N"":""91.7""},""tR"":{""N"":""65.12""}}",a47854d8-3051-70fa-00ce-ac30661244a5
868032061545061,1783508400,data.qo,"{""tE"":{""N"":""64.22""},""hL"":{""N"":""65.9""},""wL"":{""N"":""28.130102""},""tL"":{""N"":""65.48""},""hR"":{""N"":""61.2""},""wR"":{""N"":""26.599136""},""hE"":{""N"":""91.8""},""tR"":{""N"":""64.4""}}",a47854d8-3051-70fa-00ce-ac30661244a5
868032061545061,1783512000,data.qo,"{""tE"":{""N"":""64.04""},""hL"":{""N"":""67""},""wL"":{""N"":""28.183098""},""tL"":{""N"":""64.76""},""hR"":{""N"":""61.6""},""wR"":{""N"":""26.851578""},""hE"":{""N"":""92.9""},""tR"":{""N"":""63.5""}}",a47854d8-3051-70fa-00ce-ac30661244a5
868032061545061,1783515600,data.qo,"{""tE"":{""N"":""67.1""},""hL"":{""N"":""67.5""},""wL"":{""N"":""28.364508""},""tL"":{""N"":""64.04""},""hR"":{""N"":""62.1""},""wR"":{""N"":""26.96143""},""hE"":{""N"":""96.3""},""tR"":{""N"":""63.14""}}",a47854d8-3051-70fa-00ce-ac30661244a5
868032061545061,1783519200,data.qo,"{""tE"":{""N"":""74.12""},""hL"":{""N"":""71.6""},""wL"":{""N"":""28.568346""},""tL"":{""N"":""65.66""},""hR"":{""N"":""72.3""},""wR"":{""N"":""26.82365""},""hE"":{""N"":""94.3""},""tR"":{""N"":""65.84""}}",a47854d8-3051-70fa-00ce-ac30661244a5
868032061545061,1783522800,data.qo,"{""tE"":{""N"":""76.46""},""hL"":{""N"":""71.6""},""wL"":{""N"":""28.707808""},""tL"":{""N"":""65.66""},""hR"":{""N"":""70.3""},""wR"":{""N"":""26.795033""},""hE"":{""N"":""79.7""},""tR"":{""N"":""72.5""}}",a47854d8-3051-70fa-00ce-ac30661244a5
868032061545061,1783526400,data.qo,"{""tE"":{""N"":""79.7""},""hL"":{""N"":""74.5""},""wL"":{""N"":""28.761993""},""tL"":{""N"":""73.76""},""hR"":{""N"":""68.8""},""wR"":{""N"":""26.923332""},""hE"":{""N"":""74.4""},""tR"":{""N"":""77.9""}}",a47854d8-3051-70fa-00ce-ac30661244a5
868032061545061,1783530000,data.qo,"{""tE"":{""N"":""79.7""},""hL"":{""N"":""77.3""},""wL"":{""N"":""28.706284""},""tL"":{""N"":""79.16""},""hR"":{""N"":""69""},""wR"":{""N"":""26.775105""},""hE"":{""N"":""74.4""},""tR"":{""N"":""84.02""}}",a47854d8-3051-70fa-00ce-ac30661244a5
868032061545061,1783533600,data.qo,"{""tE"":{""N"":""94.28""},""hL"":{""N"":""74.1""},""wL"":{""N"":""28.561441""},""tL"":{""N"":""84.56""},""hR"":{""N"":""66.2""},""wR"":{""N"":""26.764887""},""hE"":{""N"":""53.2""},""tR"":{""N"":""89.42""}}",a47854d8-3051-70fa-00ce-ac30661244a5
868032061545061,1783537200,data.qo,"{""tE"":{""N"":""101.48""},""hL"":{""N"":""71.4""},""wL"":{""N"":""28.3527""},""tL"":{""N"":""89.06""},""hR"":{""N"":""65.1""},""wR"":{""N"":""26.307167""},""hE"":{""N"":""44.1""},""tR"":{""N"":""93.56""}}",a47854d8-3051-70fa-00ce-ac30661244a5
868032061545061,1783540800,data.qo,"{""tE"":{""N"":""99.32""},""hL"":{""N"":""66.6""},""wL"":{""N"":""28.03059""},""tL"":{""N"":""89.24""},""hR"":{""N"":""59.5""},""wR"":{""N"":""25.773481""},""hE"":{""N"":""48.9""},""tR"":{""N"":""92.3""}}",a47854d8-3051-70fa-00ce-ac30661244a5
868032061545061,1783544400,data.qo,"{""tE"":{""N"":""86.9""},""hL"":{""N"":""63.7""},""wL"":{""N"":""28.020163""},""tL"":{""N"":""89.6""},""hR"":{""N"":""60""},""wR"":{""N"":""25.681198""},""hE"":{""N"":""61.8""},""tR"":{""N"":""91.76""}}",a47854d8-3051-70fa-00ce-ac30661244a5
868032061545061,1783548000,data.qo,"{""tE"":{""N"":""84.02""},""hL"":{""N"":""65.6""},""wL"":{""N"":""27.77871""},""tL"":{""N"":""87.08""},""hR"":{""N"":""62.7""},""wR"":{""N"":""25.333977""},""hE"":{""N"":""74.8""},""tR"":{""N"":""88.34""}}",a47854d8-3051-70fa-00ce-ac30661244a5
868032061545061,1783551600,data.qo,"{""tE"":{""N"":""75.2""},""hL"":{""N"":""62.4""},""wL"":{""N"":""27.457409""},""tL"":{""N"":""85.28""},""hR"":{""N"":""62""},""wR"":{""N"":""25.825172""},""hE"":{""N"":""82.1""},""tR"":{""N"":""86""}}",a47854d8-3051-70fa-00ce-ac30661244a5
868032061545061,1783555200,data.qo,"{""tE"":{""N"":""69.62""},""hL"":{""N"":""61.3""},""wL"":{""N"":""27.80785""},""tL"":{""N"":""80.96""},""hR"":{""N"":""59.5""},""wR"":{""N"":""26.253304""},""hE"":{""N"":""92.5""},""tR"":{""N"":""80.6""}}",a47854d8-3051-70fa-00ce-ac30661244a5
868032061545061,1783558800,data.qo,"{""tE"":{""N"":""69.98""},""hL"":{""N"":""62.3""},""wL"":{""N"":""27.755949""},""tL"":{""N"":""77.54""},""hR"":{""N"":""61.2""},""wR"":{""N"":""26.329868""},""hE"":{""N"":""99.6""},""tR"":{""N"":""76.46""}}",a47854d8-3051-70fa-00ce-ac30661244a5
868032061545061,1783562400,data.qo,"{""tE"":{""N"":""69.08""},""hL"":{""N"":""64.1""},""wL"":{""N"":""27.736761""},""tL"":{""N"":""75.02""},""hR"":{""N"":""63.5""},""wR"":{""N"":""26.384794""},""hE"":{""N"":""99.9""},""tR"":{""N"":""73.58""}}",a47854d8-3051-70fa-00ce-ac30661244a5
868032061545061,1783566000,data.qo,"{""tE"":{""N"":""67.64""},""hL"":{""N"":""65.3""},""wL"":{""N"":""27.722715""},""tL"":{""N"":""72.86""},""hR"":{""N"":""64.2""},""wR"":{""N"":""26.346142""},""hE"":{""N"":""99.9""},""tR"":{""N"":""71.42""}}",a47854d8-3051-70fa-00ce-ac30661244a5
868032061545061,1783569600,data.qo,"{""tE"":{""N"":""67.46""},""hL"":{""N"":""67.8""},""wL"":{""N"":""27.792376""},""tL"":{""N"":""71.06""},""hR"":{""N"":""64.9""},""wR"":{""N"":""26.37957""},""hE"":{""N"":""99.9""},""tR"":{""N"":""69.44""}}",a47854d8-3051-70fa-00ce-ac30661244a5
868032061545061,1783573200,data.qo,"{""tE"":{""N"":""67.64""},""hL"":{""N"":""70.4""},""wL"":{""N"":""27.863083""},""tL"":{""N"":""69.8""},""hR"":{""N"":""65.9""},""wR"":{""N"":""26.44573""},""hE"":{""N"":""99.9""},""tR"":{""N"":""68.54""}}",a47854d8-3051-70fa-00ce-ac30661244a5
868032061545061,1783576800,data.qo,"{""tE"":{""N"":""67.82""},""hL"":{""N"":""68.9""},""wL"":{""N"":""27.88227""},""tL"":{""N"":""68.9""},""hR"":{""N"":""66.5""},""wR"":{""N"":""26.492798""},""hE"":{""N"":""99.9""},""tR"":{""N"":""67.82""}}",a47854d8-3051-70fa-00ce-ac30661244a5
868032061545061,1783580400,data.qo,"{""tE"":{""N"":""67.28""},""hL"":{""N"":""69.3""},""wL"":{""N"":""27.904268""},""tL"":{""N"":""68.18""},""hR"":{""N"":""66.8""},""wR"":{""N"":""26.53857""},""hE"":{""N"":""99.9""},""tR"":{""N"":""67.1""}}",a47854d8-3051-70fa-00ce-ac30661244a5
868032061545061,1783584000,data.qo,"{""tE"":{""N"":""66.38""},""hL"":{""N"":""71.1""},""wL"":{""N"":""27.858559""},""tL"":{""N"":""67.82""},""hR"":{""N"":""67.1""},""wR"":{""N"":""26.566633""},""hE"":{""N"":""99.9""},""tR"":{""N"":""66.74""}}",a47854d8-3051-70fa-00ce-ac30661244a5
868032061545061,1783587600,data.qo,"{""tE"":{""N"":""65.3""},""hL"":{""N"":""71.2""},""wL"":{""N"":""27.89722""},""tL"":{""N"":""67.1""},""hR"":{""N"":""67.5""},""wR"":{""N"":""26.632149""},""hE"":{""N"":""99.9""},""tR"":{""N"":""66.02""}}",a47854d8-3051-70fa-00ce-ac30661244a5
868032061545061,1783591200,data.qo,"{""tE"":{""N"":""65.12""},""hL"":{""N"":""71.9""},""wL"":{""N"":""27.969643""},""tL"":{""N"":""66.38""},""hR"":{""N"":""67.8""},""wR"":{""N"":""26.765858""},""hE"":{""N"":""99.9""},""tR"":{""N"":""65.3""}}",a47854d8-3051-70fa-00ce-ac30661244a5
868032061545061,1783594800,data.qo,"{""tE"":{""N"":""65.84""},""hL"":{""N"":""73.6""},""wL"":{""N"":""27.991592""},""tL"":{""N"":""65.84""},""hR"":{""N"":""72""},""wR"":{""N"":""26.84774""},""hE"":{""N"":""99.9""},""tR"":{""N"":""64.94""}}",a47854d8-3051-70fa-00ce-ac30661244a5
868032061545061,1783598400,data.qo,"{""tE"":{""N"":""66.38""},""hL"":{""N"":""74.7""},""wL"":{""N"":""28.00083""},""tL"":{""N"":""65.66""},""hR"":{""N"":""73.5""},""wR"":{""N"":""27.062082""},""hE"":{""N"":""99.9""},""tR"":{""N"":""64.76""}}",a47854d8-3051-70fa-00ce-ac30661244a5
868032061545061,1783602000,data.qo,"{""tE"":{""N"":""67.64""},""hL"":{""N"":""75""},""wL"":{""N"":""28.104486""},""tL"":{""N"":""65.66""},""hR"":{""N"":""71.9""},""wR"":{""N"":""27.151777""},""hE"":{""N"":""99.9""},""tR"":{""N"":""64.94""}}",a47854d8-3051-70fa-00ce-ac30661244a5
868032061545061,1783605600,data.qo,"{""tE"":{""N"":""72.68""},""hL"":{""N"":""77.6""},""wL"":{""N"":""28.35827""},""tL"":{""N"":""66.92""},""hR"":{""N"":""77.1""},""wR"":{""N"":""27.143917""},""hE"":{""N"":""90.8""},""tR"":{""N"":""66.74""}}",a47854d8-3051-70fa-00ce-ac30661244a5
868032061545061,1783609200,data.qo,"{""tE"":{""N"":""77.54""},""hL"":{""N"":""79.3""},""wL"":{""N"":""28.430502""},""tL"":{""N"":""70.34""},""hR"":{""N"":""77.1""},""wR"":{""N"":""27.089499""},""hE"":{""N"":""76.7""},""tR"":{""N"":""73.04""}}",a47854d8-3051-70fa-00ce-ac30661244a5
868032061545061,1783612800,data.qo,"{""tE"":{""N"":""80.6""},""hL"":{""N"":""75.5""},""wL"":{""N"":""28.375889""},""tL"":{""N"":""74.3""},""hR"":{""N"":""71.3""},""wR"":{""N"":""27.030134""},""hE"":{""N"":""66.9""},""tR"":{""N"":""78.62""}}",a47854d8-3051-70fa-00ce-ac30661244a5
868032061545061,1783616400,data.qo,"{""tE"":{""N"":""82.04""},""hL"":{""N"":""75.5""},""wL"":{""N"":""28.325989""},""tL"":{""N"":""74.3""},""hR"":{""N"":""69.2""},""wR"":{""N"":""26.897303""},""hE"":{""N"":""70.4""},""tR"":{""N"":""82.4""}}",a47854d8-3051-70fa-00ce-ac30661244a5
868032061545061,1783620000,data.qo,"{""tE"":{""N"":""84.74""},""hL"":{""N"":""69.8""},""wL"":{""N"":""28.391077""},""tL"":{""N"":""80.96""},""hR"":{""N"":""65.3""},""wR"":{""N"":""26.931053""},""hE"":{""N"":""61.9""},""tR"":{""N"":""84.92""}}",a47854d8-3051-70fa-00ce-ac30661244a5
868032061545061,1783623600,data.qo,"{""tE"":{""N"":""91.04""},""hL"":{""N"":""68""},""wL"":{""N"":""28.343748""},""tL"":{""N"":""82.22""},""hR"":{""N"":""64""},""wR"":{""N"":""27.132174""},""hE"":{""N"":""53.1""},""tR"":{""N"":""85.46""}}",a47854d8-3051-70fa-00ce-ac30661244a5
868032061545061,1783627200,data.qo,"{""tE"":{""N"":""96.44""},""hL"":{""N"":""66.9""},""wL"":{""N"":""28.217571""},""tL"":{""N"":""84.38""},""hR"":{""N"":""61.3""},""wR"":{""N"":""26.797575""},""hE"":{""N"":""45.4""},""tR"":{""N"":""87.26""}}",a47854d8-3051-70fa-00ce-ac30661244a5
868032061545061,1783630800,data.qo,"{""tE"":{""N"":""94.28""},""hL"":{""N"":""66.3""},""wL"":{""N"":""28.305895""},""tL"":{""N"":""85.82""},""hR"":{""N"":""61.4""},""wR"":{""N"":""26.629282""},""hE"":{""N"":""47.5""},""tR"":{""N"":""88.16""}}",a47854d8-3051-70fa-00ce-ac30661244a5
868032061545061,1783634400,data.qo,"{""tE"":{""N"":""92.48""},""hL"":{""N"":""62.3""},""wL"":{""N"":""28.272755""},""tL"":{""N"":""87.26""},""hR"":{""N"":""58.9""},""wR"":{""N"":""26.321499""},""hE"":{""N"":""46.6""},""tR"":{""N"":""89.06""}}",a47854d8-3051-70fa-00ce-ac30661244a5
868032061545061,1783638000,data.qo,"{""tE"":{""N"":""89.42""},""hL"":{""N"":""63.2""},""wL"":{""N"":""28.011305""},""tL"":{""N"":""87.98""},""hR"":{""N"":""59.3""},""wR"":{""N"":""25.913988""},""hE"":{""N"":""48.9""},""tR"":{""N"":""89.6""}}",a47854d8-3051-70fa-00ce-ac30661244a5
868032061545061,1783641600,data.qo,"{""tE"":{""N"":""80.06""},""hL"":{""N"":""60.8""},""wL"":{""N"":""27.785185""},""tL"":{""N"":""87.08""},""hR"":{""N"":""58.3""},""wR"":{""N"":""25.625902""},""hE"":{""N"":""60.8""},""tR"":{""N"":""88.52""}}",a47854d8-3051-70fa-00ce-ac30661244a5
868032061545061,1783645200,data.qo,"{""tE"":{""N"":""76.1""},""hL"":{""N"":""59.8""},""wL"":{""N"":""27.530783""},""tL"":{""N"":""84.02""},""hR"":{""N"":""59.8""},""wR"":{""N"":""25.330187""},""hE"":{""N"":""66.6""},""tR"":{""N"":""84.74""}}",a47854d8-3051-70fa-00ce-ac30661244a5
868032061545061,1783648800,data.qo,"{""tE"":{""N"":""72.5""},""hL"":{""N"":""60.7""},""wL"":{""N"":""27.404366""},""tL"":{""N"":""80.78""},""hR"":{""N"":""59.7""},""wR"":{""N"":""25.262869""},""hE"":{""N"":""73.6""},""tR"":{""N"":""80.78""}}",a47854d8-3051-70fa-00ce-ac30661244a5
868032061545061,1783652400,data.qo,"{""tE"":{""N"":""71.42""},""hL"":{""N"":""62.2""},""wL"":{""N"":""27.308043""},""tL"":{""N"":""77.9""},""hR"":{""N"":""61.2""},""wR"":{""N"":""25.213444""},""hE"":{""N"":""77.2""},""tR"":{""N"":""77.36""}}",a47854d8-3051-70fa-00ce-ac30661244a5
868032061545061,1783656000,data.qo,"{""tE"":{""N"":""69.08""},""hL"":{""N"":""63.1""},""wL"":{""N"":""27.243334""},""tL"":{""N"":""75.56""},""hR"":{""N"":""61.9""},""wR"":{""N"":""25.212982""},""hE"":{""N"":""81""},""tR"":{""N"":""74.48""}}",a47854d8-3051-70fa-00ce-ac30661244a5
868032061545061,1783659600,data.qo,"{""tE"":{""N"":""68.18""},""hL"":{""N"":""64.7""},""wL"":{""N"":""27.22905""},""tL"":{""N"":""73.22""},""hR"":{""N"":""62.3""},""wR"":{""N"":""25.24507""},""hE"":{""N"":""85""},""tR"":{""N"":""71.96""}}",a47854d8-3051-70fa-00ce-ac30661244a5
868032061545061,1783663200,data.qo,"{""tE"":{""N"":""67.1""},""hL"":{""N"":""65.4""},""wL"":{""N"":""27.28733""},""tL"":{""N"":""71.24""},""hR"":{""N"":""62.9""},""wR"":{""N"":""25.381645""},""hE"":{""N"":""87.9""},""tR"":{""N"":""69.98""}}",a47854d8-3051-70fa-00ce-ac30661244a5
868032061545061,1783666800,data.qo,"{""tE"":{""N"":""66.38""},""hL"":{""N"":""66.3""},""wL"":{""N"":""27.336706""},""tL"":{""N"":""69.62""},""hR"":{""N"":""63.4""},""wR"":{""N"":""25.543558""},""hE"":{""N"":""88.6""},""tR"":{""N"":""68.18""}}",a47854d8-3051-70fa-00ce-ac30661244a5
868032061545061,1783670400,data.qo,"{""tE"":{""N"":""66.56""},""hL"":{""N"":""67.8""},""wL"":{""N"":""27.421173""},""tL"":{""N"":""68.18""},""hR"":{""N"":""64.9""},""wR"":{""N"":""25.71088""},""hE"":{""N"":""91.5""},""tR"":{""N"":""66.92""}}",a47854d8-3051-70fa-00ce-ac30661244a5
868032061545061,1783674000,data.qo,"{""tE"":{""N"":""66.74""},""hL"":{""N"":""68.4""},""wL"":{""N"":""27.431696""},""tL"":{""N"":""67.46""},""hR"":{""N"":""64.9""},""wR"":{""N"":""25.85356""},""hE"":{""N"":""90.6""},""tR"":{""N"":""66.92""}}",a47854d8-3051-70fa-00ce-ac30661244a5
868032061545061,1783677600,data.qo,"{""tE"":{""N"":""66.02""},""hL"":{""N"":""68.7""},""wL"":{""N"":""27.457218""},""tL"":{""N"":""66.92""},""hR"":{""N"":""68.2""},""wR"":{""N"":""25.977978""},""hE"":{""N"":""91.7""},""tR"":{""N"":""65.66""}}",a47854d8-3051-70fa-00ce-ac30661244a5
868032061545061,1783681200,data.qo,"{""tE"":{""N"":""65.66""},""hL"":{""N"":""68.9""},""wL"":{""N"":""27.508404""},""tL"":{""N"":""66.2""},""hR"":{""N"":""65.8""},""wR"":{""N"":""26.13314""},""hE"":{""N"":""92.4""},""tR"":{""N"":""65.12""}}",a47854d8-3051-70fa-00ce-ac30661244a5
868032061545061,1783684800,data.qo,"{""tE"":{""N"":""66.02""},""hL"":{""N"":""69.9""},""wL"":{""N"":""27.67491""},""tL"":{""N"":""65.84""},""hR"":{""N"":""66.4""},""wR"":{""N"":""26.528399""},""hE"":{""N"":""93.5""},""tR"":{""N"":""64.76""}}",a47854d8-3051-70fa-00ce-ac30661244a5
868032061545061,1783688400,data.qo,"{""tE"":{""N"":""70.16""},""hL"":{""N"":""72.4""},""wL"":{""N"":""27.800137""},""tL"":{""N"":""66.02""},""hR"":{""N"":""70.5""},""wR"":{""N"":""26.718098""},""hE"":{""N"":""89.5""},""tR"":{""N"":""65.12""}}",a47854d8-3051-70fa-00ce-ac30661244a5
868032061545061,1783692000,data.qo,"{""tE"":{""N"":""70.16""},""hL"":{""N"":""76.6""},""wL"":{""N"":""27.851322""},""tL"":{""N"":""68.54""},""hR"":{""N"":""75.6""},""wR"":{""N"":""26.855783""},""hE"":{""N"":""89.5""},""tR"":{""N"":""68.54""}}",a47854d8-3051-70fa-00ce-ac30661244a5
868032061545061,1783695600,data.qo,"{""tE"":{""N"":""76.64""},""hL"":{""N"":""77.1""},""wL"":{""N"":""27.928028""},""tL"":{""N"":""70.7""},""hR"":{""N"":""76.5""},""wR"":{""N"":""26.854675""},""hE"":{""N"":""81.3""},""tR"":{""N"":""72.14""}}",a47854d8-3051-70fa-00ce-ac30661244a5
868032061545061,1783699200,data.qo,"{""tE"":{""N"":""81.32""},""hL"":{""N"":""78""},""wL"":{""N"":""27.91441""},""tL"":{""N"":""75.02""},""hR"":{""N"":""74.8""},""wR"":{""N"":""26.941595""},""hE"":{""N"":""66.7""},""tR"":{""N"":""78.08""}}",a47854d8-3051-70fa-00ce-ac30661244a5
868032061545061,1783702800,data.qo,"{""tE"":{""N"":""85.1""},""hL"":{""N"":""77.2""},""wL"":{""N"":""27.728523""},""tL"":{""N"":""78.8""},""hR"":{""N"":""72.3""},""wR"":{""N"":""26.590029""},""hE"":{""N"":""63.6""},""tR"":{""N"":""82.22""}}",a47854d8-3051-70fa-00ce-ac30661244a5
868032061545061,1783706400,data.qo,"{""tE"":{""N"":""80.6""},""hL"":{""N"":""70.7""},""wL"":{""N"":""27.759188""},""tL"":{""N"":""80.42""},""hR"":{""N"":""66.1""},""wR"":{""N"":""26.43986""},""hE"":{""N"":""63.1""},""tR"":{""N"":""83.48""}}",a47854d8-3051-70fa-00ce-ac30661244a5
868032061545061,1783710000,data.qo,"{""tE"":{""N"":""83.48""},""hL"":{""N"":""67.9""},""wL"":{""N"":""27.792376""},""tL"":{""N"":""79.7""},""hR"":{""N"":""64.8""},""wR"":{""N"":""26.397415""},""hE"":{""N"":""60.4""},""tR"":{""N"":""81.5""}}",a47854d8-3051-70fa-00ce-ac30661244a5
868032061545061,1783713600,data.qo,"{""tE"":{""N"":""82.22""},""hL"":{""N"":""67.4""},""wL"":{""N"":""27.675625""},""tL"":{""N"":""80.06""},""hR"":{""N"":""65.1""},""wR"":{""N"":""26.228937""},""hE"":{""N"":""62""},""tR"":{""N"":""81.68""}}",a47854d8-3051-70fa-00ce-ac30661244a5
868032061545061,1783717200,data.qo,"{""tE"":{""N"":""80.6""},""hL"":{""N"":""66.7""},""wL"":{""N"":""27.522926""},""tL"":{""N"":""79.52""},""hR"":{""N"":""64.2""},""wR"":{""N"":""26.045063""},""hE"":{""N"":""64.8""},""tR"":{""N"":""80.78""}}",a47854d8-3051-70fa-00ce-ac30661244a5
868032061545061,1783720800,data.qo,"{""tE"":{""N"":""76.1""},""hL"":{""N"":""66.6""},""wL"":{""N"":""27.520401""},""tL"":{""N"":""78.8""},""hR"":{""N"":""66.3""},""wR"":{""N"":""25.999569""},""hE"":{""N"":""71.4""},""tR"":{""N"":""79.52""}}",a47854d8-3051-70fa-00ce-ac30661244a5
868032061545061,1783724400,data.qo,"{""tE"":{""N"":""73.04""},""hL"":{""N"":""67.3""},""wL"":{""N"":""27.473217""},""tL"":{""N"":""77.36""},""hR"":{""N"":""68""},""wR"":{""N"":""25.915468""},""hE"":{""N"":""78.9""},""tR"":{""N"":""78.08""}}",a47854d8-3051-70fa-00ce-ac30661244a5
868032061545061,1783728000,data.qo,"{""tE"":{""N"":""70.7""},""hL"":{""N"":""67.9""},""wL"":{""N"":""27.506641""},""tL"":{""N"":""75.56""},""hR"":{""N"":""67.3""},""wR"":{""N"":""25.985283""},""hE"":{""N"":""85.3""},""tR"":{""N"":""75.56""}}",a47854d8-3051-70fa-00ce-ac30661244a5
868032061545061,1783731600,data.qo,"{""tE"":{""N"":""70.7""},""hL"":{""N"":""69.2""},""wL"":{""N"":""27.513546""},""tL"":{""N"":""74.12""},""hR"":{""N"":""68.6""},""wR"":{""N"":""26.074375""},""hE"":{""N"":""86.3""},""tR"":{""N"":""73.76""}}",a47854d8-3051-70fa-00ce-ac30661244a5
868032061545061,1783735200,data.qo,"{""tE"":{""N"":""68.9""},""hL"":{""N"":""70.1""},""wL"":{""N"":""27.714382""},""tL"":{""N"":""72.68""},""hR"":{""N"":""68.6""},""wR"":{""N"":""26.279102""},""hE"":{""N"":""89.7""},""tR"":{""N"":""73.76""}}",a47854d8-3051-70fa-00ce-ac30661244a5
868032061545061,1783738800,data.qo,"{""tE"":{""N"":""68.36""},""hL"":{""N"":""69.9""},""wL"":{""N"":""27.820705""},""tL"":{""N"":""71.42""},""hR"":{""N"":""69.7""},""wR"":{""N"":""26.460896""},""hE"":{""N"":""92""},""tR"":{""N"":""70.52""}}",a47854d8-3051-70fa-00ce-ac30661244a5
868032061545061,1783742400,data.qo,"{""tE"":{""N"":""67.82""},""hL"":{""N"":""71.6""},""wL"":{""N"":""27.833084""},""tL"":{""N"":""70.34""},""hR"":{""N"":""69.9""},""wR"":{""N"":""26.552763""},""hE"":{""N"":""93.2""},""tR"":{""N"":""69.26""}}",a47854d8-3051-70fa-00ce-ac30661244a5
868032061545061,1783745940,data.qo,"{""tE"":{""N"":""67.64""},""hL"":{""N"":""73.1""},""wL"":{""N"":""27.837132""},""tL"":{""N"":""69.44""},""hR"":{""N"":""71.4""},""wR"":{""N"":""26.64403""},""hE"":{""N"":""92.9""},""tR"":{""N"":""68.54""}}",a47854d8-3051-70fa-00ce-ac30661244a5
868032061545061,1783749600,data.qo,"{""tE"":{""N"":""67.46""},""hL"":{""N"":""73.9""},""wL"":{""N"":""27.829466""},""tL"":{""N"":""68.9""},""hR"":{""N"":""72.6""},""wR"":{""N"":""26.727299""},""hE"":{""N"":""94.1""},""tR"":{""N"":""68""}}",a47854d8-3051-70fa-00ce-ac30661244a5
868032061545061,1783753200,data.qo,"{""tE"":{""N"":""67.28""},""hL"":{""N"":""73.9""},""wL"":{""N"":""27.803326""},""tL"":{""N"":""68.54""},""hR"":{""N"":""74.1""},""wR"":{""N"":""26.79138""},""hE"":{""N"":""93.8""},""tR"":{""N"":""67.46""}}",a47854d8-3051-70fa-00ce-ac30661244a5
868032061545061,1783756800,data.qo,"{""tE"":{""N"":""66.56""},""hL"":{""N"":""73.7""},""wL"":{""N"":""27.79209""},""tL"":{""N"":""68""},""hR"":{""N"":""71.6""},""wR"":{""N"":""26.866095""},""hE"":{""N"":""93.2""},""tR"":{""N"":""67.1""}}",a47854d8-3051-70fa-00ce-ac30661244a5
868032061545061,1783760400,data.qo,"{""tE"":{""N"":""66.56""},""hL"":{""N"":""73.8""},""wL"":{""N"":""27.82061""},""tL"":{""N"":""67.46""},""hR"":{""N"":""70.8""},""wR"":{""N"":""26.947838""},""hE"":{""N"":""95""},""tR"":{""N"":""66.56""}}",a47854d8-3051-70fa-00ce-ac30661244a5
868032061545061,1783764000,data.qo,"{""tE"":{""N"":""66.92""},""hL"":{""N"":""74.5""},""wL"":{""N"":""27.879128""},""tL"":{""N"":""66.92""},""hR"":{""N"":""71.4""},""wR"":{""N"":""27.109472""},""hE"":{""N"":""95.2""},""tR"":{""N"":""66.02""}}",a47854d8-3051-70fa-00ce-ac30661244a5
868032061545061,1783767600,data.qo,"{""tE"":{""N"":""67.1""},""hL"":{""N"":""74.4""},""wL"":{""N"":""27.905506""},""tL"":{""N"":""66.74""},""hR"":{""N"":""71.8""},""wR"":{""N"":""27.225012""},""hE"":{""N"":""95.4""},""tR"":{""N"":""65.84""}}",a47854d8-3051-70fa-00ce-ac30661244a5
868032061545061,1783771200,data.qo,"{""tE"":{""N"":""68""},""hL"":{""N"":""76.2""},""wL"":{""N"":""27.957548""},""tL"":{""N"":""66.74""},""hR"":{""N"":""74""},""wR"":{""N"":""27.344252""},""hE"":{""N"":""94.6""},""tR"":{""N"":""66.02""}}",a47854d8-3051-70fa-00ce-ac30661244a5
868032061545061,1783774800,data.qo,"{""tE"":{""N"":""69.44""},""hL"":{""N"":""77.3""},""wL"":{""N"":""28.045017""},""tL"":{""N"":""66.92""},""hR"":{""N"":""76.2""},""wR"":{""N"":""27.46876""},""hE"":{""N"":""94.3""},""tR"":{""N"":""66.38""}}",a47854d8-3051-70fa-00ce-ac30661244a5
868032061545061,1783778400,data.qo,"{""tE"":{""N"":""72.32""},""hL"":{""N"":""79.7""},""wL"":{""N"":""28.127626""},""tL"":{""N"":""68.18""},""hR"":{""N"":""79""},""wR"":{""N"":""27.372362""},""hE"":{""N"":""86.5""},""tR"":{""N"":""68.36""}}",a47854d8-3051-70fa-00ce-ac30661244a5
868032061545061,1783782000,data.qo,"{""tE"":{""N"":""66.56""},""hL"":{""N"":""75.8""},""wL"":{""N"":""28.354128""},""tL"":{""N"":""68.54""},""hR"":{""N"":""75.2""},""wR"":{""N"":""27.411291""},""hE"":{""N"":""91.8""},""tR"":{""N"":""68.9""}}",a47854d8-3051-70fa-00ce-ac30661244a5
868032061545061,1783785600,data.qo,"{""tE"":{""N"":""66.56""},""hL"":{""N"":""74.9""},""wL"":{""N"":""28.501495""},""tL"":{""N"":""67.82""},""hR"":{""N"":""73.3""},""wR"":{""N"":""27.30643""},""hE"":{""N"":""91.8""},""tR"":{""N"":""67.82""}}",a47854d8-3051-70fa-00ce-ac30661244a5
868032061545061,1783789200,data.qo,"{""tE"":{""N"":""66.2""},""hL"":{""N"":""75.2""},""wL"":{""N"":""28.641243""},""tL"":{""N"":""67.28""},""hR"":{""N"":""73.2""},""wR"":{""N"":""27.367323""},""hE"":{""N"":""99.5""},""tR"":{""N"":""66.92""}}",a47854d8-3051-70fa-00ce-ac30661244a5
868032061545061,1783792800,data.qo,"{""tE"":{""N"":""69.26""},""hL"":{""N"":""76.3""},""wL"":{""N"":""28.787275""},""tL"":{""N"":""67.1""},""hR"":{""N"":""74.6""},""wR"":{""N"":""27.371899""},""hE"":{""N"":""98.7""},""tR"":{""N"":""66.74""}}",a47854d8-3051-70fa-00ce-ac30661244a5
868032061545061,1783796400,data.qo,"{""tE"":{""N"":""78.44""},""hL"":{""N"":""83.5""},""wL"":{""N"":""28.84327""},""tL"":{""N"":""69.98""},""hR"":{""N"":""83.3""},""wR"":{""N"":""27.38822""},""hE"":{""N"":""79.1""},""tR"":{""N"":""70.7""}}",a47854d8-3051-70fa-00ce-ac30661244a5
868032061545061,1783800000,data.qo,"{""tE"":{""N"":""85.82""},""hL"":{""N"":""84.1""},""wL"":{""N"":""28.818844""},""tL"":{""N"":""75.02""},""hR"":{""N"":""81.3""},""wR"":{""N"":""27.17531""},""hE"":{""N"":""63.1""},""tR"":{""N"":""77""}}",a47854d8-3051-70fa-00ce-ac30661244a5
868032061545061,1783803600,data.qo,"{""tE"":{""N"":""82.94""},""hL"":{""N"":""78.6""},""wL"":{""N"":""28.644957""},""tL"":{""N"":""76.28""},""hR"":{""N"":""75.5""},""wR"":{""N"":""26.84085""},""hE"":{""N"":""70.8""},""tR"":{""N"":""77.54""}}",a47854d8-3051-70fa-00ce-ac30661244a5
868032061545061,1783807200,data.qo,"{""tE"":{""N"":""74.66""},""hL"":{""N"":""74.3""},""wL"":{""N"":""28.826653""},""tL"":{""N"":""76.28""},""hR"":{""N"":""73.2""},""wR"":{""N"":""26.986767""},""hE"":{""N"":""78.6""},""tR"":{""N"":""77.54""}}",a47854d8-3051-70fa-00ce-ac30661244a5
868032061545061,1783810800,data.qo,"{""tE"":{""N"":""83.48""},""hL"":{""N"":""76.8""},""wL"":{""N"":""28.67943""},""tL"":{""N"":""76.64""},""hR"":{""N"":""73.9""},""wR"":{""N"":""26.65286""},""hE"":{""N"":""63.5""},""tR"":{""N"":""77.9""}}",a47854d8-3051-70fa-00ce-ac30661244a5
868032061545061,1783814400,data.qo,"{""tE"":{""N"":""77""},""hL"":{""N"":""73.5""},""wL"":{""N"":""28.476498""},""tL"":{""N"":""78.62""},""hR"":{""N"":""71.4""},""wR"":{""N"":""26.415493""},""hE"":{""N"":""72.3""},""tR"":{""N"":""79.7""}}",a47854d8-3051-70fa-00ce-ac30661244a5
868032061545061,1783818000,data.qo,"{""tE"":{""N"":""73.4""},""hL"":{""N"":""72.4""},""wL"":{""N"":""28.229616""},""tL"":{""N"":""77.18""},""hR"":{""N"":""71.7""},""wR"":{""N"":""26.237677""},""hE"":{""N"":""77""},""tR"":{""N"":""77.9""}}",a47854d8-3051-70fa-00ce-ac30661244a5
868032061545061,1783821600,data.qo,"{""tE"":{""N"":""73.4""},""hL"":{""N"":""71.4""},""wL"":{""N"":""28.128532""},""tL"":{""N"":""75.2""},""hR"":{""N"":""71.2""},""wR"":{""N"":""26.196388""},""hE"":{""N"":""77""},""tR"":{""N"":""75.38""}}",a47854d8-3051-70fa-00ce-ac30661244a5
868032061545061,1783825200,data.qo,"{""tE"":{""N"":""68.9""},""hL"":{""N"":""71.5""},""wL"":{""N"":""28.133055""},""tL"":{""N"":""73.04""},""hR"":{""N"":""71.4""},""wR"":{""N"":""26.259499""},""hE"":{""N"":""86""},""tR"":{""N"":""72.86""}}",a47854d8-3051-70fa-00ce-ac30661244a5
868032061545061,1783828800,data.qo,"{""tE"":{""N"":""68.9""},""hL"":{""N"":""72.7""},""wL"":{""N"":""28.22057""},""tL"":{""N"":""71.6""},""hR"":{""N"":""72.6""},""wR"":{""N"":""26.404768""},""hE"":{""N"":""87.1""},""tR"":{""N"":""70.88""}}",a47854d8-3051-70fa-00ce-ac30661244a5
868032061545061,1783832400,data.qo,"{""tE"":{""N"":""69.08""},""hL"":{""N"":""70.4""},""wL"":{""N"":""28.004734""},""tL"":{""N"":""70.34""},""hR"":{""N"":""74.2""},""wR"":{""N"":""26.288996""},""hE"":{""N"":""79.3""},""tR"":{""N"":""69.8""}}",a47854d8-3051-70fa-00ce-ac30661244a5
868032061545061,1783836000,data.qo,"{""tE"":{""N"":""67.1""},""hL"":{""N"":""73.6""},""wL"":{""N"":""27.935884""},""tL"":{""N"":""69.62""},""hR"":{""N"":""74.1""},""wR"":{""N"":""26.267866""},""hE"":{""N"":""84.4""},""tR"":{""N"":""68.9""}}",a47854d8-3051-70fa-00ce-ac30661244a5
868032061545061,1783839600,data.qo,"{""tE"":{""N"":""66.74""},""hL"":{""N"":""74.2""},""wL"":{""N"":""27.945692""},""tL"":{""N"":""68.72""},""hR"":{""N"":""73.8""},""wR"":{""N"":""26.297503""},""hE"":{""N"":""87.9""},""tR"":{""N"":""67.82""}}",a47854d8-3051-70fa-00ce-ac30661244a5
868032061545061,1783843200,data.qo,"{""tE"":{""N"":""66.74""},""hL"":{""N"":""74.7""},""wL"":{""N"":""28.08825""},""tL"":{""N"":""68""},""hR"":{""N"":""73.9""},""wR"":{""N"":""26.458769""},""hE"":{""N"":""89.2""},""tR"":{""N"":""66.92""}}",a47854d8-3051-70fa-00ce-ac30661244a5
868032061545061,1783846800,data.qo,"{""tE"":{""N"":""67.1""},""hL"":{""N"":""76.1""},""wL"":{""N"":""28.127722""},""tL"":{""N"":""67.28""},""hR"":{""N"":""74.7""},""wR"":{""N"":""26.495525""},""hE"":{""N"":""93.3""},""tR"":{""N"":""66.2""}}",a47854d8-3051-70fa-00ce-ac30661244a5
868032061545061,1783850400,data.qo,"{""tE"":{""N"":""66.74""},""hL"":{""N"":""76.4""},""wL"":{""N"":""28.043825""},""tL"":{""N"":""66.92""},""hR"":{""N"":""75.5""},""wR"":{""N"":""26.477402""},""hE"":{""N"":""93.4""},""tR"":{""N"":""65.84""}}",a47854d8-3051-70fa-00ce-ac30661244a5
868032061545061,1783854000,data.qo,"{""tE"":{""N"":""65.48""},""hL"":{""N"":""75.9""},""wL"":{""N"":""28.01064""},""tL"":{""N"":""66.38""},""hR"":{""N"":""75.7""},""wR"":{""N"":""26.484798""},""hE"":{""N"":""93.7""},""tR"":{""N"":""65.48""}}",a47854d8-3051-70fa-00ce-ac30661244a5
868032061545061,1783857600,data.qo,"{""tE"":{""N"":""65.3""},""hL"":{""N"":""75.9""},""wL"":{""N"":""28.002354""},""tL"":{""N"":""65.84""},""hR"":{""N"":""75.4""},""wR"":{""N"":""26.513603""},""hE"":{""N"":""94.7""},""tR"":{""N"":""65.12""}}",a47854d8-3051-70fa-00ce-ac30661244a5
868032061545061,1783861200,data.qo,"{""tE"":{""N"":""66.02""},""hL"":{""N"":""76.1""},""wL"":{""N"":""28.102915""},""tL"":{""N"":""65.48""},""hR"":{""N"":""75.4""},""wR"":{""N"":""26.662247""},""hE"":{""N"":""95.1""},""tR"":{""N"":""64.58""}}",a47854d8-3051-70fa-00ce-ac30661244a5
868032061545061,1783864800,data.qo,"{""tE"":{""N"":""66.02""},""hL"":{""N"":""79.8""},""wL"":{""N"":""28.249949""},""tL"":{""N"":""65.48""},""hR"":{""N"":""75.7""},""wR"":{""N"":""26.784214""},""hE"":{""N"":""95.1""},""tR"":{""N"":""64.58""}}",a47854d8-3051-70fa-00ce-ac30661244a5
868032061545061,1783868400,data.qo,"{""tE"":{""N"":""71.96""},""hL"":{""N"":""79.5""},""wL"":{""N"":""28.290611""},""tL"":{""N"":""66.56""},""hR"":{""N"":""79.8""},""wR"":{""N"":""26.779821""},""hE"":{""N"":""93.5""},""tR"":{""N"":""66.74""}}",a47854d8-3051-70fa-00ce-ac30661244a5
868032061545061,1783872000,data.qo,"{""tE"":{""N"":""70.34""},""hL"":{""N"":""77.3""},""wL"":{""N"":""28.3946""},""tL"":{""N"":""68""},""hR"":{""N"":""75.8""},""wR"":{""N"":""26.757767""},""hE"":{""N"":""94.8""},""tR"":{""N"":""68.18""}}",a47854d8-3051-70fa-00ce-ac30661244a5
868032061545061,1783875600,data.qo,"{""tE"":{""N"":""70.7""},""hL"":{""N"":""77.8""},""wL"":{""N"":""28.49159""},""tL"":{""N"":""68.18""},""hR"":{""N"":""74.3""},""wR"":{""N"":""26.746578""},""hE"":{""N"":""96.7""},""tR"":{""N"":""68.18""}}",a47854d8-3051-70fa-00ce-ac30661244a5
868032061545061,1783879200,data.qo,"{""tE"":{""N"":""72.14""},""hL"":{""N"":""78.2""},""wL"":{""N"":""28.498686""},""tL"":{""N"":""69.08""},""hR"":{""N"":""75.9""},""wR"":{""N"":""26.740984""},""hE"":{""N"":""95.7""},""tR"":{""N"":""69.26""}}",a47854d8-3051-70fa-00ce-ac30661244a5
868032061545061,1783882800,data.qo,"{""tE"":{""N"":""70.52""},""hL"":{""N"":""78.2""},""wL"":{""N"":""28.41479""},""tL"":{""N"":""69.08""},""hR"":{""N"":""74.6""},""wR"":{""N"":""26.722029""},""hE"":{""N"":""94.3""},""tR"":{""N"":""69.98""}}",a47854d8-3051-70fa-00ce-ac30661244a5
868032061545061,1783886400,data.qo,"{""tE"":{""N"":""68.18""},""hL"":{""N"":""78.2""},""wL"":{""N"":""28.460022""},""tL"":{""N"":""69.62""},""hR"":{""N"":""76.7""},""wR"":{""N"":""26.989355""},""hE"":{""N"":""99.9""},""tR"":{""N"":""69.62""}}",a47854d8-3051-70fa-00ce-ac30661244a5
868032061545061,1783890000,data.qo,"{""tE"":{""N"":""69.62""},""hL"":{""N"":""78.7""},""wL"":{""N"":""28.584438""},""tL"":{""N"":""69.26""},""hR"":{""N"":""76.7""},""wR"":{""N"":""27.177345""},""hE"":{""N"":""99.9""},""tR"":{""N"":""69.08""}}",a47854d8-3051-70fa-00ce-ac30661244a5
868032061545061,1783893600,data.qo,"{""tE"":{""N"":""77.54""},""hL"":{""N"":""83.7""},""wL"":{""N"":""28.607769""},""tL"":{""N"":""71.06""},""hR"":{""N"":""82.1""},""wR"":{""N"":""27.03767""},""hE"":{""N"":""93.6""},""tR"":{""N"":""71.78""}}",a47854d8-3051-70fa-00ce-ac30661244a5
868032061545061,1783897200,data.qo,"{""tE"":{""N"":""79.34""},""hL"":{""N"":""81.9""},""wL"":{""N"":""28.52516""},""tL"":{""N"":""75.56""},""hR"":{""N"":""80""},""wR"":{""N"":""26.857079""},""hE"":{""N"":""80.1""},""tR"":{""N"":""76.82""}}",a47854d8-3051-70fa-00ce-ac30661244a5
868032061545061,1783900800,data.qo,"{""tE"":{""N"":""76.28""},""hL"":{""N"":""77.5""},""wL"":{""N"":""28.432121""},""tL"":{""N"":""76.82""},""hR"":{""N"":""75.2""},""wR"":{""N"":""26.60584""},""hE"":{""N"":""85""},""tR"":{""N"":""77.9""}}",a47854d8-3051-70fa-00ce-ac30661244a5
868032061545061,1783904400,data.qo,"{""tE"":{""N"":""71.96""},""hL"":{""N"":""74.7""},""wL"":{""N"":""28.019257""},""tL"":{""N"":""76.1""},""hR"":{""N"":""73.9""},""wR"":{""N"":""28.214937""},""hE"":{""N"":""89.4""},""tR"":{""N"":""77""}}",a47854d8-3051-70fa-00ce-ac30661244a5
868032061545061,1783908000,data.qo,"{""tE"":{""N"":""67.1""},""hL"":{""N"":""74.4""},""wL"":{""N"":""28.255947""},""tL"":{""N"":""73.94""},""hR"":{""N"":""73.2""},""wR"":{""N"":""28.72398""},""hE"":{""N"":""99.9""},""tR"":{""N"":""73.94""}}",a47854d8-3051-70fa-00ce-ac30661244a5
868032061545061,1783911600,data.qo,"{""tE"":{""N"":""66.56""},""hL"":{""N"":""74.4""},""wL"":{""N"":""28.284184""},""tL"":{""N"":""73.94""},""hR"":{""N"":""73.7""},""wR"":{""N"":""28.813675""},""hE"":{""N"":""99.9""},""tR"":{""N"":""71.06""}}",a47854d8-3051-70fa-00ce-ac30661244a5
868032061545061,1783915200,data.qo,"{""tE"":{""N"":""66.2""},""hL"":{""N"":""75.4""},""wL"":{""N"":""28.31137""},""tL"":{""N"":""69.8""},""hR"":{""N"":""74.7""},""wR"":{""N"":""28.850153""},""hE"":{""N"":""99.9""},""tR"":{""N"":""68.9""}}",a47854d8-3051-70fa-00ce-ac30661244a5
868032061545061,1783918800,data.qo,"{""tE"":{""N"":""66.2""},""hL"":{""N"":""76.3""},""wL"":{""N"":""28.352556""},""tL"":{""N"":""68.54""},""hR"":{""N"":""75.7""},""wR"":{""N"":""28.924913""},""hE"":{""N"":""99.9""},""tR"":{""N"":""67.46""}}",a47854d8-3051-70fa-00ce-ac30661244a5
868032061545061,1783922400,data.qo,"{""tE"":{""N"":""66.56""},""hL"":{""N"":""78""},""wL"":{""N"":""28.347939""},""tL"":{""N"":""67.64""},""hR"":{""N"":""76.6""},""wR"":{""N"":""28.979471""},""hE"":{""N"":""99.9""},""tR"":{""N"":""66.56""}}",a47854d8-3051-70fa-00ce-ac30661244a5
868032061545061,1783926000,data.qo,"{""tE"":{""N"":""66.02""},""hL"":{""N"":""79""},""wL"":{""N"":""28.41455""},""tL"":{""N"":""67.1""},""hR"":{""N"":""77.3""},""wR"":{""N"":""29.058578""},""hE"":{""N"":""99.9""},""tR"":{""N"":""66.02""}}",a47854d8-3051-70fa-00ce-ac30661244a5
868032061545061,1783929600,data.qo,"{""tE"":{""N"":""66.02""},""hL"":{""N"":""79.2""},""wL"":{""N"":""28.472736""},""tL"":{""N"":""66.74""},""hR"":{""N"":""77.7""},""wR"":{""N"":""29.149706""},""hE"":{""N"":""99.9""},""tR"":{""N"":""65.66""}}",a47854d8-3051-70fa-00ce-ac30661244a5
868032061545061,1783933200,data.qo,"{""tE"":{""N"":""66.02""},""hL"":{""N"":""79.7""},""wL"":{""N"":""28.502352""},""tL"":{""N"":""66.38""},""hR"":{""N"":""78""},""wR"":{""N"":""29.280272""},""hE"":{""N"":""99.9""},""tR"":{""N"":""65.48""}}",a47854d8-3051-70fa-00ce-ac30661244a5
868032061545061,1783936800,data.qo,"{""tE"":{""N"":""66.02""},""hL"":{""N"":""79.9""},""wL"":{""N"":""28.55768""},""tL"":{""N"":""66.2""},""hR"":{""N"":""78.3""},""wR"":{""N"":""29.323963""},""hE"":{""N"":""99.9""},""tR"":{""N"":""65.3""}}",a47854d8-3051-70fa-00ce-ac30661244a5
868032061545061,1783940400,data.qo,"{""tE"":{""N"":""66.2""},""hL"":{""N"":""80.2""},""wL"":{""N"":""28.591105""},""tL"":{""N"":""66.02""},""hR"":{""N"":""78.6""},""wR"":{""N"":""29.359657""},""hE"":{""N"":""99.9""},""tR"":{""N"":""65.12""}}",a47854d8-3051-70fa-00ce-ac30661244a5
868032061545061,1783944000,data.qo,"{""tE"":{""N"":""66.38""},""hL"":{""N"":""80.5""},""wL"":{""N"":""28.672335""},""tL"":{""N"":""65.84""},""hR"":{""N"":""78.9""},""wR"":{""N"":""29.436544""},""hE"":{""N"":""99.9""},""tR"":{""N"":""64.94""}}",a47854d8-3051-70fa-00ce-ac30661244a5
868032061545061,1783947600,data.qo,"{""hL"":{""N"":""81.4""},""wR"":{""N"":""29.54159""},""tR"":{""N"":""65.12""},""hE"":{""N"":""99.9""},""tL"":{""N"":""65.84""},""wL"":{""N"":""28.752184""},""hR"":{""N"":""78.9""},""tE"":{""N"":""66.92""}}",a47854d8-3051-70fa-00ce-ac30661244a5
868032061545061,1783951200,data.qo,"{""tE"":{""N"":""67.82""},""hL"":{""N"":""80.6""},""wL"":{""N"":""28.754612""},""tL"":{""N"":""65.84""},""hR"":{""N"":""78.7""},""wR"":{""N"":""29.514034""},""hE"":{""N"":""99.9""},""tR"":{""N"":""65.48""}}",a47854d8-3051-70fa-00ce-ac30661244a5
868032061545061,1783954800,data.qo,"{""tE"":{""N"":""67.46""},""hL"":{""N"":""81.4""},""wL"":{""N"":""28.828415""},""tL"":{""N"":""66.2""},""hR"":{""N"":""80.5""},""wR"":{""N"":""29.574093""},""hE"":{""N"":""99.9""},""tR"":{""N"":""66.02""}}",a47854d8-3051-70fa-00ce-ac30661244a5
868032061545061,1783958400,data.qo,"{""tE"":{""N"":""69.98""},""hL"":{""N"":""82""},""wL"":{""N"":""28.78399""},""tL"":{""N"":""66.92""},""hR"":{""N"":""81.2""},""wR"":{""N"":""29.506544""},""hE"":{""N"":""99.9""},""tR"":{""N"":""66.92""}}",a47854d8-3051-70fa-00ce-ac30661244a5
868032061545061,1783962000,data.qo,"{""tE"":{""N"":""70.34""},""hL"":{""N"":""81.5""},""wL"":{""N"":""28.863935""},""tL"":{""N"":""68.18""},""hR"":{""N"":""80.7""},""wR"":{""N"":""29.522678""},""hE"":{""N"":""99.9""},""tR"":{""N"":""68.54""}}",a47854d8-3051-70fa-00ce-ac30661244a5
868032061545061,1783965600,data.qo,"{""tE"":{""N"":""73.94""},""hL"":{""N"":""83.7""},""wL"":{""N"":""28.775133""},""tL"":{""N"":""69.98""},""hR"":{""N"":""82.7""},""wR"":{""N"":""29.385687""},""hE"":{""N"":""94.3""},""tR"":{""N"":""70.7""}}",a47854d8-3051-70fa-00ce-ac30661244a5
868032061545061,1783969200,data.qo,"{""tE"":{""N"":""72.5""},""hL"":{""N"":""81.3""},""wL"":{""N"":""28.675905""},""tL"":{""N"":""71.6""},""hR"":{""N"":""80.7""},""wR"":{""N"":""29.268852""},""hE"":{""N"":""92.9""},""tR"":{""N"":""72.5""}}",a47854d8-3051-70fa-00ce-ac30661244a5
868032061545061,1783972800,data.qo,"{""tE"":{""N"":""68.9""},""hL"":{""N"":""78.3""},""wL"":{""N"":""28.645481""},""tL"":{""N"":""71.78""},""hR"":{""N"":""77.8""},""wR"":{""N"":""29.302511""},""hE"":{""N"":""97.5""},""tR"":{""N"":""72.5""}}",a47854d8-3051-70fa-00ce-ac30661244a5
868032061545061,1783976400,data.qo,"{""tE"":{""N"":""69.26""},""hL"":{""N"":""78.8""},""wL"":{""N"":""28.694714""},""tL"":{""N"":""70.7""},""hR"":{""N"":""78.2""},""wR"":{""N"":""29.299551""},""hE"":{""N"":""99.9""},""tR"":{""N"":""70.7""}}",a47854d8-3051-70fa-00ce-ac30661244a5
868032061545061,1783980000,data.qo,"{""tE"":{""N"":""69.62""},""hL"":{""N"":""78.8""},""wL"":{""N"":""28.653717""},""tL"":{""N"":""70.16""},""hR"":{""N"":""79.2""},""wR"":{""N"":""29.235147""},""hE"":{""N"":""98.5""},""tR"":{""N"":""70.16""}}",a47854d8-3051-70fa-00ce-ac30661244a5
868032061545061,1783983600,data.qo,"{""tE"":{""N"":""67.1""},""hL"":{""N"":""78.4""},""wL"":{""N"":""28.640528""},""tL"":{""N"":""69.62""},""hR"":{""N"":""79.3""},""wR"":{""N"":""29.27921""},""hE"":{""N"":""99.9""},""tR"":{""N"":""69.44""}}",a47854d8-3051-70fa-00ce-ac30661244a5
868032061545061,1783987200,data.qo,"{""tE"":{""N"":""65.66""},""hL"":{""N"":""78.2""},""wL"":{""N"":""28.731472""},""tL"":{""N"":""68.54""},""hR"":{""N"":""78.3""},""wR"":{""N"":""29.337463""},""hE"":{""N"":""99.9""},""tR"":{""N"":""68.18""}}",a47854d8-3051-70fa-00ce-ac30661244a5
868032061545061,1783990800,data.qo,"{""tE"":{""N"":""65.3""},""hL"":{""N"":""78.8""},""wL"":{""N"":""28.753374""},""tL"":{""N"":""67.64""},""hR"":{""N"":""78.7""},""wR"":{""N"":""29.368303""},""hE"":{""N"":""99.9""},""tR"":{""N"":""66.92""}}",a47854d8-3051-70fa-00ce-ac30661244a5
868032061545061,1783994400,data.qo,"{""tE"":{""N"":""65.12""},""hL"":{""N"":""79.2""},""wL"":{""N"":""28.786371""},""tL"":{""N"":""66.92""},""hR"":{""N"":""79.9""},""wR"":{""N"":""29.419807""},""hE"":{""N"":""99.9""},""tR"":{""N"":""66.02""}}",a47854d8-3051-70fa-00ce-ac30661244a5
868032061545061,1783998000,data.qo,"{""tE"":{""N"":""64.76""},""hL"":{""N"":""80.2""},""wL"":{""N"":""28.835176""},""tL"":{""N"":""66.2""},""hR"":{""N"":""80.6""},""wR"":{""N"":""29.497898""},""hE"":{""N"":""99.9""},""tR"":{""N"":""65.3""}}",a47854d8-3051-70fa-00ce-ac30661244a5
868032061545061,1784001600,data.qo,"{""tE"":{""N"":""64.76""},""hL"":{""N"":""80.8""},""wL"":{""N"":""28.853365""},""tL"":{""N"":""65.66""},""hR"":{""N"":""81.5""},""wR"":{""N"":""29.483288""},""hE"":{""N"":""99.9""},""tR"":{""N"":""64.76""}}",a47854d8-3051-70fa-00ce-ac30661244a5
868032061545061,1784005200,data.qo,"{""tE"":{""N"":""64.76""},""hL"":{""N"":""81.5""},""wL"":{""N"":""28.835272""},""tL"":{""N"":""65.3""},""hR"":{""N"":""81""},""wR"":{""N"":""29.481531""},""hE"":{""N"":""99.9""},""tR"":{""N"":""64.4""}}",a47854d8-3051-70fa-00ce-ac30661244a5
868032061545061,1784008800,data.qo,"{""tE"":{""N"":""64.04""},""hL"":{""N"":""81.6""},""wL"":{""N"":""28.897264""},""tL"":{""N"":""64.94""},""hR"":{""N"":""81.3""},""wR"":{""N"":""29.507051""},""hE"":{""N"":""99.9""},""tR"":{""N"":""64.22""}}",a47854d8-3051-70fa-00ce-ac30661244a5
868032061545061,1784012400,data.qo,"{""tE"":{""N"":""63.68""},""hL"":{""N"":""81.5""},""wL"":{""N"":""28.92931""},""tL"":{""N"":""64.58""},""hR"":{""N"":""81.4""},""wR"":{""N"":""29.531002""},""hE"":{""N"":""99.9""},""tR"":{""N"":""63.86""}}",a47854d8-3051-70fa-00ce-ac30661244a5
868032061545061,1784016000,data.qo,"{""tE"":{""N"":""63.5""},""hL"":{""N"":""82""},""wL"":{""N"":""30.160282""},""tL"":{""N"":""64.22""},""hR"":{""N"":""81.5""},""wR"":{""N"":""29.747425""},""hE"":{""N"":""99.9""},""tR"":{""N"":""63.5""}}",a47854d8-3051-70fa-00ce-ac30661244a5
868032061545061,1784019600,data.qo,"{""tE"":{""N"":""63.68""},""hL"":{""N"":""82.3""},""wL"":{""N"":""29.789843""},""tL"":{""N"":""64.04""},""hR"":{""N"":""81.5""},""wR"":{""N"":""29.726526""},""hE"":{""N"":""99.9""},""tR"":{""N"":""63.5""}}",a47854d8-3051-70fa-00ce-ac30661244a5
868032061545061,1784023200,data.qo,"{""tE"":{""N"":""63.5""},""hL"":{""N"":""82.4""},""wL"":{""N"":""29.724993""},""tL"":{""N"":""63.68""},""hR"":{""N"":""81.5""},""wR"":{""N"":""29.712564""},""hE"":{""N"":""99.9""},""tR"":{""N"":""63.5""}}",a47854d8-3051-70fa-00ce-ac30661244a5
868032061545061,1784026800,data.qo,"{""tE"":{""N"":""63.14""},""hL"":{""N"":""82.2""},""wL"":{""N"":""29.728516""},""tL"":{""N"":""63.5""},""hR"":{""N"":""81.5""},""wR"":{""N"":""29.7551""},""hE"":{""N"":""99.9""},""tR"":{""N"":""63.5""}}",a47854d8-3051-70fa-00ce-ac30661244a5
868032061545061,1784030400,data.qo,"{""tE"":{""N"":""63.5""},""hL"":{""N"":""82.6""},""wL"":{""N"":""29.759893""},""tL"":{""N"":""63.32""},""hR"":{""N"":""81.5""},""wR"":{""N"":""29.874153""},""hE"":{""N"":""99.9""},""tR"":{""N"":""63.5""}}",a47854d8-3051-70fa-00ce-ac30661244a5
868032061545061,1784034000,data.qo,"{""tE"":{""N"":""64.04""},""hL"":{""N"":""82.6""},""wL"":{""N"":""29.767273""},""tL"":{""N"":""63.32""},""hR"":{""N"":""81.5""},""wR"":{""N"":""29.956867""},""hE"":{""N"":""99.9""},""tR"":{""N"":""63.5""}}",a47854d8-3051-70fa-00ce-ac30661244a5
868032061545061,1784037600,data.qo,"{""tE"":{""N"":""65.12""},""hL"":{""N"":""82.6""},""wL"":{""N"":""29.815222""},""tL"":{""N"":""63.32""},""hR"":{""N"":""81.5""},""wR"":{""N"":""29.959133""},""hE"":{""N"":""99.9""},""tR"":{""N"":""63.5""}}",a47854d8-3051-70fa-00ce-ac30661244a5
868032061545061,1784041200,data.qo,"{""tE"":{""N"":""66.92""},""hL"":{""N"":""83.6""},""wL"":{""N"":""29.869978""},""tL"":{""N"":""63.68""},""hR"":{""N"":""81.5""},""wR"":{""N"":""29.912945""},""hE"":{""N"":""99.9""},""tR"":{""N"":""63.5""}}",a47854d8-3051-70fa-00ce-ac30661244a5
868032061545061,1784044800,data.qo,"{""tE"":{""N"":""72.5""},""hL"":{""N"":""88""},""wL"":{""N"":""30.000631""},""tL"":{""N"":""66.2""},""hR"":{""N"":""81.5""},""wR"":{""N"":""29.81673""},""hE"":{""N"":""96.8""},""tR"":{""N"":""63.5""}}",a47854d8-3051-70fa-00ce-ac30661244a5
868032061545061,1784048400,data.qo,"{""tE"":{""N"":""77.9""},""hL"":{""N"":""91.3""},""wL"":{""N"":""29.922401""},""tL"":{""N"":""70.52""},""hR"":{""N"":""81.5""},""wR"":{""N"":""29.530678""},""hE"":{""N"":""78.7""},""tR"":{""N"":""63.5""}}",a47854d8-3051-70fa-00ce-ac30661244a5
868032061545061,1784052000,data.qo,"{""tE"":{""N"":""80.42""},""hL"":{""N"":""88.8""},""wL"":{""N"":""30.008678""},""tL"":{""N"":""75.2""},""hR"":{""N"":""81.5""},""wR"":{""N"":""29.349716""},""hE"":{""N"":""75.3""},""tR"":{""N"":""63.5""}}",a47854d8-3051-70fa-00ce-ac30661244a5
868032061545061,1784055600,data.qo,"{""tE"":{""N"":""90.68""},""hL"":{""N"":""86.4""},""wL"":{""N"":""29.779224""},""tL"":{""N"":""79.16""},""hR"":{""N"":""81.5""},""wR"":{""N"":""29.015442""},""hE"":{""N"":""64""},""tR"":{""N"":""63.5""}}",a47854d8-3051-70fa-00ce-ac30661244a5
868032061545061,1784059200,data.qo,"{""tE"":{""N"":""94.28""},""hL"":{""N"":""86.4""},""wL"":{""N"":""29.67733""},""tL"":{""N"":""79.16""},""hR"":{""N"":""81.5""},""wR"":{""N"":""28.7176""},""hE"":{""N"":""54.6""},""tR"":{""N"":""63.5""}}",a47854d8-3051-70fa-00ce-ac30661244a5
868032061545061,1784062800,data.qo,"{""tE"":{""N"":""95.18""},""hL"":{""N"":""78.4""},""wL"":{""N"":""29.57353""},""tL"":{""N"":""84.38""},""hR"":{""N"":""81.5""},""wR"":{""N"":""28.396084""},""hE"":{""N"":""55.3""},""tR"":{""N"":""63.5""}}",a47854d8-3051-70fa-00ce-ac30661244a5
868032061545061,1784066400,data.qo,"{""tE"":{""N"":""93.02""},""hL"":{""N"":""77.9""},""wL"":{""N"":""29.433117""},""tL"":{""N"":""86.36""},""hR"":{""N"":""81.5""},""wR"":{""N"":""28.296034""},""hE"":{""N"":""60.3""},""tR"":{""N"":""63.5""}}",a47854d8-3051-70fa-00ce-ac30661244a5
868032061545061,1784070000,data.qo,"{""tE"":{""N"":""89.06""},""hL"":{""N"":""75.8""},""wL"":{""N"":""29.005634""},""tL"":{""N"":""87.26""},""hR"":{""N"":""81.5""},""wR"":{""N"":""27.8145""},""hE"":{""N"":""59.3""},""tR"":{""N"":""63.5""}}",a47854d8-3051-70fa-00ce-ac30661244a5
868032061545061,1784073600,data.qo,"{""tE"":{""N"":""76.28""},""hL"":{""N"":""70.5""},""wL"":{""N"":""28.892931""},""tL"":{""N"":""86.54""},""hR"":{""N"":""81.5""},""wR"":{""N"":""27.397837""},""hE"":{""N"":""72""},""tR"":{""N"":""63.5""}}",a47854d8-3051-70fa-00ce-ac30661244a5
868032061545061,1784077200,data.qo,"{""tE"":{""N"":""72.5""},""hL"":{""N"":""68.9""},""wL"":{""N"":""28.656097""},""tL"":{""N"":""82.4""},""hR"":{""N"":""81.5""},""wR"":{""N"":""26.913393""},""hE"":{""N"":""80.1""},""tR"":{""N"":""63.5""}}",a47854d8-3051-70fa-00ce-ac30661244a5
868032061545061,1784080800,data.qo,"{""tE"":{""N"":""67.46""},""hL"":{""N"":""67.8""},""wL"":{""N"":""28.448786""},""tL"":{""N"":""78.44""},""hR"":{""N"":""81.5""},""wR"":{""N"":""26.595993""},""hE"":{""N"":""94.1""},""tR"":{""N"":""63.5""}}",a47854d8-3051-70fa-00ce-ac30661244a5
868032061545061,1784084400,data.qo,"{""tE"":{""N"":""64.94""},""hL"":{""N"":""67.7""},""wL"":{""N"":""28.279325""},""tL"":{""N"":""74.48""},""hR"":{""N"":""81.5""},""wR"":{""N"":""26.380957""},""hE"":{""N"":""99""},""tR"":{""N"":""63.5""}}",a47854d8-3051-70fa-00ce-ac30661244a5
868032061545061,1784088000,data.qo,"{""tE"":{""N"":""63.32""},""hL"":{""N"":""67.7""},""wL"":{""N"":""28.151577""},""tL"":{""N"":""74.48""},""hR"":{""N"":""81.5""},""wR"":{""N"":""26.230278""},""hE"":{""N"":""99.9""},""tR"":{""N"":""63.5""}}",a47854d8-3051-70fa-00ce-ac30661244a5
868032061545061,1784091540,data.qo,"{""tE"":{""N"":""62.06""},""hL"":{""N"":""70.5""},""wL"":{""N"":""28.055586""},""tL"":{""N"":""68.18""},""hR"":{""N"":""81.5""},""wR"":{""N"":""26.08954""},""hE"":{""N"":""99.9""},""tR"":{""N"":""63.5""}}",a47854d8-3051-70fa-00ce-ac30661244a5
868032061545061,1784095200,data.qo,"{""tE"":{""N"":""60.8""},""hL"":{""N"":""71.5""},""wL"":{""N"":""27.971975""},""tL"":{""N"":""65.84""},""hR"":{""N"":""81.5""},""wR"":{""N"":""25.997534""},""hE"":{""N"":""99.9""},""tR"":{""N"":""63.5""}}",a47854d8-3051-70fa-00ce-ac30661244a5
868032061545061,1784098800,data.qo,"{""tE"":{""N"":""59.9""},""hL"":{""N"":""72.4""},""wL"":{""N"":""27.908506""},""tL"":{""N"":""63.86""},""hR"":{""N"":""81.5""},""wR"":{""N"":""25.941776""},""hE"":{""N"":""99.9""},""tR"":{""N"":""63.5""}}",a47854d8-3051-70fa-00ce-ac30661244a5
868032061545061,1784102400,data.qo,"{""tE"":{""N"":""59.18""},""hL"":{""N"":""73.1""},""wL"":{""N"":""27.867414""},""tL"":{""N"":""62.06""},""hR"":{""N"":""81.5""},""wR"":{""N"":""25.926472""},""hE"":{""N"":""99.9""},""tR"":{""N"":""63.5""}}",a47854d8-3051-70fa-00ce-ac30661244a5
868032061545061,1784106000,data.qo,"{""tE"":{""N"":""58.28""},""hL"":{""N"":""73.5""},""wL"":{""N"":""27.825323""},""tL"":{""N"":""60.62""},""hR"":{""N"":""81.5""},""wR"":{""N"":""25.903955""},""hE"":{""N"":""99.9""},""tR"":{""N"":""63.5""}}",a47854d8-3051-70fa-00ce-ac30661244a5
868032061545061,1784109600,data.qo,"{""tE"":{""N"":""57.74""},""hL"":{""N"":""73.7""},""wL"":{""N"":""27.815992""},""tL"":{""N"":""59.36""},""hR"":{""N"":""81.5""},""wR"":{""N"":""25.91556""},""hE"":{""N"":""99.9""},""tR"":{""N"":""63.5""}}",a47854d8-3051-70fa-00ce-ac30661244a5
868032061545061,1784113200,data.qo,"{""tE"":{""N"":""57.02""},""hL"":{""N"":""74""},""wL"":{""N"":""27.830894""},""tL"":{""N"":""58.1""},""hR"":{""N"":""81.5""},""wR"":{""N"":""25.958744""},""hE"":{""N"":""99.9""},""tR"":{""N"":""63.5""}}",a47854d8-3051-70fa-00ce-ac30661244a5
868032061545061,1784116800,data.qo,"{""tE"":{""N"":""57.02""},""hL"":{""N"":""74.4""},""wL"":{""N"":""28.081013""},""tL"":{""N"":""57.02""},""hR"":{""N"":""81.5""},""wR"":{""N"":""26.299492""},""hE"":{""N"":""99.9""},""tR"":{""N"":""63.5""}}",a47854d8-3051-70fa-00ce-ac30661244a5
868032061545061,1784120400,data.qo,"{""tE"":{""N"":""60.08""},""hL"":{""N"":""76.5""},""wL"":{""N"":""28.469736""},""tL"":{""N"":""56.48""},""hR"":{""N"":""81.5""},""wR"":{""N"":""26.801413""},""hE"":{""N"":""99.9""},""tR"":{""N"":""63.5""}}",a47854d8-3051-70fa-00ce-ac30661244a5
868032061545061,1784124000,data.qo,"{""tE"":{""N"":""71.42""},""hL"":{""N"":""86.2""},""wL"":{""N"":""28.845604""},""tL"":{""N"":""59.54""},""hR"":{""N"":""81.5""},""wR"":{""N"":""27.145258""},""hE"":{""N"":""99.9""},""tR"":{""N"":""63.5""}}",a47854d8-3051-70fa-00ce-ac30661244a5
868032061545061,1784127600,data.qo,"{""tE"":{""N"":""77.18""},""hL"":{""N"":""90.6""},""wL"":{""N"":""29.17619""},""tL"":{""N"":""65.48""},""hR"":{""N"":""81.5""},""wR"":{""N"":""27.344389""},""hE"":{""N"":""84.8""},""tR"":{""N"":""63.5""}}",a47854d8-3051-70fa-00ce-ac30661244a5
868032061545061,1784131200,data.qo,"{""tE"":{""N"":""82.94""},""hL"":{""N"":""92.9""},""wL"":{""N"":""29.117481""},""tL"":{""N"":""73.04""},""hR"":{""N"":""81.5""},""wR"":{""N"":""27.360895""},""hE"":{""N"":""70.9""},""tR"":{""N"":""63.5""}}",a47854d8-3051-70fa-00ce-ac30661244a5
868032061545061,1784134800,data.qo,"{""tE"":{""N"":""85.1""},""hL"":{""N"":""92.9""},""wL"":{""N"":""29.27418""},""tL"":{""N"":""73.04""},""hR"":{""N"":""81.5""},""wR"":{""N"":""27.495298""},""hE"":{""N"":""60.8""},""tR"":{""N"":""63.5""}}",a47854d8-3051-70fa-00ce-ac30661244a5
868032061545061,1784138400,data.qo,"{""tE"":{""N"":""93.38""},""hL"":{""N"":""81.1""},""wL"":{""N"":""29.318699""},""tL"":{""N"":""84.02""},""hR"":{""N"":""81.5""},""wR"":{""N"":""27.380823""},""hE"":{""N"":""55.3""},""tR"":{""N"":""63.5""}}",a47854d8-3051-70fa-00ce-ac30661244a5
868032061545061,1784142000,data.qo,"{""tE"":{""N"":""100.04""},""hL"":{""N"":""78.1""},""wL"":{""N"":""29.2488""},""tL"":{""N"":""87.98""},""hR"":{""N"":""81.5""},""wR"":{""N"":""27.131248""},""hE"":{""N"":""50.1""},""tR"":{""N"":""63.5""}}",a47854d8-3051-70fa-00ce-ac30661244a5
868032061545061,1784145600,data.qo,"{""tE"":{""N"":""106.52""},""hL"":{""N"":""75""},""wL"":{""N"":""29.178951""},""tL"":{""N"":""90.5""},""hR"":{""N"":""81.5""},""wR"":{""N"":""26.841543""},""hE"":{""N"":""47.5""},""tR"":{""N"":""63.5""}}",a47854d8-3051-70fa-00ce-ac30661244a5
868032061545061,1784149200,data.qo,"{""tE"":{""N"":""104.36""},""hL"":{""N"":""71.4""},""wL"":{""N"":""28.99697""},""tL"":{""N"":""92.12""},""hR"":{""N"":""81.5""},""wR"":{""N"":""26.57121""},""hE"":{""N"":""46.2""},""tR"":{""N"":""63.5""}}",a47854d8-3051-70fa-00ce-ac30661244a5
868032061545061,1784152800,data.qo,"{""tE"":{""N"":""103.46""},""hL"":{""N"":""74""},""wL"":{""N"":""28.914215""},""tL"":{""N"":""94.46""},""hR"":{""N"":""81.5""},""wR"":{""N"":""26.212664""},""hE"":{""N"":""49.7""},""tR"":{""N"":""63.5""}}",a47854d8-3051-70fa-00ce-ac30661244a5
868032061545061,1784156400,data.qo,"{""tE"":{""N"":""98.42""},""hL"":{""N"":""70""},""wL"":{""N"":""28.56906""},""tL"":{""N"":""96.44""},""hR"":{""N"":""81.5""},""wR"":{""N"":""25.571484""},""hE"":{""N"":""50.3""},""tR"":{""N"":""63.5""}}",a47854d8-3051-70fa-00ce-ac30661244a5
868032061545061,1784160000,data.qo,"{""tE"":{""N"":""86.9""},""hL"":{""N"":""68.3""},""wL"":{""N"":""28.401028""},""tL"":{""N"":""95.18""},""hR"":{""N"":""81.5""},""wR"":{""N"":""25.035904""},""hE"":{""N"":""60.8""},""tR"":{""N"":""63.5""}}",a47854d8-3051-70fa-00ce-ac30661244a5
868032061545061,1784163600,data.qo,"{""tE"":{""N"":""79.7""},""hL"":{""N"":""63.9""},""wL"":{""N"":""28.145578""},""tL"":{""N"":""90.68""},""hR"":{""N"":""81.5""},""wR"":{""N"":""24.490707""},""hE"":{""N"":""71.5""},""tR"":{""N"":""63.5""}}",a47854d8-3051-70fa-00ce-ac30661244a5
868032061545061,1784167200,data.qo,"{""tE"":{""N"":""74.3""},""hL"":{""N"":""63""},""wL"":{""N"":""27.973785""},""tL"":{""N"":""85.82""},""hR"":{""N"":""81.5""},""wR"":{""N"":""24.160826""},""hE"":{""N"":""77.7""},""tR"":{""N"":""63.5""}}",a47854d8-3051-70fa-00ce-ac30661244a5
868032061545061,1784170800,data.qo,"{""tE"":{""N"":""70.7""},""hL"":{""N"":""63.7""},""wL"":{""N"":""27.793613""},""tL"":{""N"":""81.5""},""hR"":{""N"":""81.5""},""wR"":{""N"":""23.908384""},""hE"":{""N"":""83.2""},""tR"":{""N"":""63.5""}}",a47854d8-3051-70fa-00ce-ac30661244a5
868032061545061,1784174400,data.qo,"{""tE"":{""N"":""68.18""},""hL"":{""N"":""64.5""},""wL"":{""N"":""27.626059""},""tL"":{""N"":""77.54""},""hR"":{""N"":""81.5""},""wR"":{""N"":""23.748228""},""hE"":{""N"":""86.9""},""tR"":{""N"":""63.5""}}",a47854d8-3051-70fa-00ce-ac30661244a5
868032061545061,1784178000,data.qo,"{""tE"":{""N"":""66.38""},""hL"":{""N"":""65.8""},""wL"":{""N"":""27.5314""},""tL"":{""N"":""74.3""},""hR"":{""N"":""81.5""},""wR"":{""N"":""23.729134""},""hE"":{""N"":""89.8""},""tR"":{""N"":""63.5""}}",a47854d8-3051-70fa-00ce-ac30661244a5
868032061545061,1784181600,data.qo,"{""tE"":{""N"":""65.12""},""hL"":{""N"":""67.7""},""wL"":{""N"":""27.495928""},""tL"":{""N"":""71.42""},""hR"":{""N"":""81.5""},""wR"":{""N"":""23.738056""},""hE"":{""N"":""91.4""},""tR"":{""N"":""63.5""}}",a47854d8-3051-70fa-00ce-ac30661244a5
868032061545061,1784185200,data.qo,"{""tE"":{""N"":""64.04""},""hL"":{""N"":""69""},""wL"":{""N"":""27.423174""},""tL"":{""N"":""69.08""},""hR"":{""N"":""81.5""},""wR"":{""N"":""23.769218""},""hE"":{""N"":""92.6""},""tR"":{""N"":""63.5""}}",a47854d8-3051-70fa-00ce-ac30661244a5
868032061545061,1784188800,data.qo,"{""tE"":{""N"":""63.32""},""hL"":{""N"":""69.8""},""wL"":{""N"":""27.464693""},""tL"":{""N"":""67.1""},""hR"":{""N"":""81.5""},""wR"":{""N"":""23.821325""},""hE"":{""N"":""93.5""},""tR"":{""N"":""63.5""}}",a47854d8-3051-70fa-00ce-ac30661244a5
868032061545061,1784192400,data.qo,"{""tE"":{""N"":""62.42""},""hL"":{""N"":""70.5""},""wL"":{""N"":""27.41584""},""tL"":{""N"":""65.48""},""hR"":{""N"":""81.5""},""wR"":{""N"":""23.95915""},""hE"":{""N"":""93.9""},""tR"":{""N"":""63.5""}}",a47854d8-3051-70fa-00ce-ac30661244a5
868032061545061,1784196000,data.qo,"{""tE"":{""N"":""61.52""},""hL"":{""N"":""71.2""},""wL"":{""N"":""27.512117""},""tL"":{""N"":""64.04""},""hR"":{""N"":""81.5""},""wR"":{""N"":""24.06068""},""hE"":{""N"":""95""},""tR"":{""N"":""63.5""}}",a47854d8-3051-70fa-00ce-ac30661244a5
868032061545061,1784199600,data.qo,"{""tE"":{""N"":""61.16""},""hL"":{""N"":""71.7""},""wL"":{""N"":""27.465693""},""tL"":{""N"":""62.78""},""hR"":{""N"":""81.5""},""wR"":{""N"":""24.183249""},""hE"":{""N"":""95.8""},""tR"":{""N"":""63.5""}}",a47854d8-3051-70fa-00ce-ac30661244a5
868032061545061,1784203200,data.qo,"{""tE"":{""N"":""61.16""},""hL"":{""N"":""72.9""},""wL"":{""N"":""27.655245""},""tL"":{""N"":""61.7""},""hR"":{""N"":""81.5""},""wR"":{""N"":""24.674812""},""hE"":{""N"":""97.5""},""tR"":{""N"":""63.5""}}",a47854d8-3051-70fa-00ce-ac30661244a5
868032061545061,1784206800,data.qo,"{""tE"":{""N"":""64.76""},""hL"":{""N"":""75.6""},""wL"":{""N"":""27.892889""},""tL"":{""N"":""61.52""},""hR"":{""N"":""81.5""},""wR"":{""N"":""25.016485""},""hE"":{""N"":""99.9""},""tR"":{""N"":""63.5""}}",a47854d8-3051-70fa-00ce-ac30661244a5
868032061545061,1784210400,data.qo,"{""tE"":{""N"":""74.48""},""hL"":{""N"":""81.3""},""wL"":{""N"":""28.18524""},""tL"":{""N"":""63.68""},""hR"":{""N"":""81.5""},""wR"":{""N"":""25.286911""},""hE"":{""N"":""86.5""},""tR"":{""N"":""63.5""}}",a47854d8-3051-70fa-00ce-ac30661244a5
868032061545061,1784214000,data.qo,"{""tE"":{""N"":""79.88""},""hL"":{""N"":""85.8""},""wL"":{""N"":""28.293182""},""tL"":{""N"":""69.08""},""hR"":{""N"":""81.5""},""wR"":{""N"":""25.490898""},""hE"":{""N"":""72.7""},""tR"":{""N"":""63.5""}}",a47854d8-3051-70fa-00ce-ac30661244a5
868032061545061,1784217600,data.qo,"{""tE"":{""N"":""84.02""},""hL"":{""N"":""85""},""wL"":{""N"":""28.287897""},""tL"":{""N"":""75.38""},""hR"":{""N"":""81.5""},""wR"":{""N"":""25.534542""},""hE"":{""N"":""63.6""},""tR"":{""N"":""63.5""}}",a47854d8-3051-70fa-00ce-ac30661244a5
868032061545061,1784221200,data.qo,"{""tE"":{""N"":""86.72""},""hL"":{""N"":""72.1""},""wL"":{""N"":""28.332083""},""tL"":{""N"":""80.6""},""hR"":{""N"":""81.5""},""wR"":{""N"":""25.736773""},""hE"":{""N"":""54.9""},""tR"":{""N"":""63.5""}}",a47854d8-3051-70fa-00ce-ac30661244a5
868032061545061,1784224800,data.qo,"{""tE"":{""N"":""93.38""},""hL"":{""N"":""73.2""},""wL"":{""N"":""28.365984""},""tL"":{""N"":""84.92""},""hR"":{""N"":""81.5""},""wR"":{""N"":""25.798819""},""hE"":{""N"":""49.5""},""tR"":{""N"":""63.5""}}",a47854d8-3051-70fa-00ce-ac30661244a5
868032061545061,1784228400,data.qo,"{""tE"":{""N"":""101.48""},""hL"":{""N"":""71.7""},""wL"":{""N"":""28.242996""},""tL"":{""N"":""88.34""},""hR"":{""N"":""81.5""},""wR"":{""N"":""25.646568""},""hE"":{""N"":""43.1""},""tR"":{""N"":""63.5""}}",a47854d8-3051-70fa-00ce-ac30661244a5
868032061545061,1784232000,data.qo,"{""tE"":{""N"":""98.42""},""hL"":{""N"":""64""},""wL"":{""N"":""28.290945""},""tL"":{""N"":""89.96""},""hR"":{""N"":""81.5""},""wR"":{""N"":""25.494411""},""hE"":{""N"":""44""},""tR"":{""N"":""63.5""}}",a47854d8-3051-70fa-00ce-ac30661244a5
868032061545061,1784235600,data.qo,"{""tE"":{""N"":""98.78""},""hL"":{""N"":""63.2""},""wL"":{""N"":""28.440214""},""tL"":{""N"":""90.5""},""hR"":{""N"":""81.5""},""wR"":{""N"":""25.467688""},""hE"":{""N"":""43.6""},""tR"":{""N"":""63.5""}}",a47854d8-3051-70fa-00ce-ac30661244a5
868032061545061,1784239200,data.qo,"{""tE"":{""N"":""99.5""},""hL"":{""N"":""57.1""},""wL"":{""N"":""28.507303""},""tL"":{""N"":""91.4""},""hR"":{""N"":""81.5""},""wR"":{""N"":""25.331898""},""hE"":{""N"":""41.4""},""tR"":{""N"":""63.5""}}",a47854d8-3051-70fa-00ce-ac30661244a5
868032061545061,1784242800,data.qo,"{""tE"":{""N"":""95""},""hL"":{""N"":""59.7""},""wL"":{""N"":""28.159958""},""tL"":{""N"":""91.76""},""hR"":{""N"":""81.5""},""wR"":{""N"":""24.687296""},""hE"":{""N"":""44.7""},""tR"":{""N"":""63.5""}}",a47854d8-3051-70fa-00ce-ac30661244a5
868032061545061,1784246400,data.qo,"{""tE"":{""N"":""82.94""},""hL"":{""N"":""56.3""},""wL"":{""N"":""28.007448""},""tL"":{""N"":""90.5""},""hR"":{""N"":""81.5""},""wR"":{""N"":""24.314045""},""hE"":{""N"":""56.6""},""tR"":{""N"":""63.5""}}",a47854d8-3051-70fa-00ce-ac30661244a5
868032061545061,1784250000,data.qo,"{""tE"":{""N"":""78.44""},""hL"":{""N"":""60.2""},""wL"":{""N"":""27.744999""},""tL"":{""N"":""86.72""},""hR"":{""N"":""81.5""},""wR"":{""N"":""23.84962""},""hE"":{""N"":""63.9""},""tR"":{""N"":""63.5""}}",a47854d8-3051-70fa-00ce-ac30661244a5
868032061545061,1784253600,data.qo,"{""tE"":{""N"":""78.44""},""hL"":{""N"":""60.5""},""wL"":{""N"":""27.5374""},""tL"":{""N"":""82.94""},""hR"":{""N"":""81.5""},""wR"":{""N"":""23.382051""},""hE"":{""N"":""63.9""},""tR"":{""N"":""63.5""}}",a47854d8-3051-70fa-00ce-ac30661244a5
868032061545061,1784257200,data.qo,"{""tE"":{""N"":""69.98""},""hL"":{""N"":""62.1""},""wL"":{""N"":""27.365894""},""tL"":{""N"":""79.34""},""hR"":{""N"":""81.5""},""wR"":{""N"":""23.13197""},""hE"":{""N"":""77.7""},""tR"":{""N"":""63.5""}}",a47854d8-3051-70fa-00ce-ac30661244a5
868032061545061,1784260800,data.qo,"{""tE"":{""N"":""67.82""},""hL"":{""N"":""63.1""},""wL"":{""N"":""27.275806""},""tL"":{""N"":""76.1""},""hR"":{""N"":""81.5""},""wR"":{""N"":""23.06456""},""hE"":{""N"":""82.2""},""tR"":{""N"":""63.5""}}",a47854d8-3051-70fa-00ce-ac30661244a5
868032061545061,1784264340,data.qo,"{""tE"":{""N"":""66.02""},""hL"":{""N"":""64.5""},""wL"":{""N"":""27.265379""},""tL"":{""N"":""73.04""},""hR"":{""N"":""81.5""},""wR"":{""N"":""23.025492""},""hE"":{""N"":""84.1""},""tR"":{""N"":""63.5""}}",a47854d8-3051-70fa-00ce-ac30661244a5
868032061545061,1784268000,data.qo,"{""tE"":{""N"":""64.58""},""hL"":{""N"":""65.9""},""wL"":{""N"":""27.269283""},""tL"":{""N"":""70.52""},""hR"":{""N"":""81.5""},""wR"":{""N"":""23.10705""},""hE"":{""N"":""86.4""},""tR"":{""N"":""63.5""}}",a47854d8-3051-70fa-00ce-ac30661244a5
868032061545061,1784271600,data.qo,"{""tE"":{""N"":""63.5""},""hL"":{""N"":""67.1""},""wL"":{""N"":""27.286806""},""tL"":{""N"":""68.18""},""hR"":{""N"":""81.5""},""wR"":{""N"":""23.162855""},""hE"":{""N"":""88""},""tR"":{""N"":""63.5""}}",a47854d8-3051-70fa-00ce-ac30661244a5
868032061545061,1784275200,data.qo,"{""tE"":{""N"":""62.6""},""hL"":{""N"":""68""},""wL"":{""N"":""27.365799""},""tL"":{""N"":""66.38""},""hR"":{""N"":""81.5""},""wR"":{""N"":""23.26471""},""hE"":{""N"":""88.9""},""tR"":{""N"":""63.5""}}",a47854d8-3051-70fa-00ce-ac30661244a5
868032061545061,1784278800,data.qo,"{""tE"":{""N"":""62.42""},""hL"":{""N"":""69""},""wL"":{""N"":""27.437267""},""tL"":{""N"":""64.76""},""hR"":{""N"":""81.5""},""wR"":{""N"":""23.412104""},""hE"":{""N"":""90.1""},""tR"":{""N"":""63.5""}}",a47854d8-3051-70fa-00ce-ac30661244a5
868032061545061,1784282400,data.qo,"{""tE"":{""N"":""61.88""},""hL"":{""N"":""69.5""},""wL"":{""N"":""27.475882""},""tL"":{""N"":""63.5""},""hR"":{""N"":""81.5""},""wR"":{""N"":""23.569347""},""hE"":{""N"":""91""},""tR"":{""N"":""63.5""}}",a47854d8-3051-70fa-00ce-ac30661244a5
868032061545061,1784286000,data.qo,"{""tE"":{""N"":""61.52""},""hL"":{""N"":""69.5""},""wL"":{""N"":""27.457457""},""tL"":{""N"":""63.5""},""hR"":{""N"":""81.5""},""wR"":{""N"":""23.694504""},""hE"":{""N"":""91.2""},""tR"":{""N"":""63.5""}}",a47854d8-3051-70fa-00ce-ac30661244a5
868032061545061,1784289600,data.qo,"{""tE"":{""N"":""61.52""},""hL"":{""N"":""69.2""},""wL"":{""N"":""27.495405""},""tL"":{""N"":""61.7""},""hR"":{""N"":""81.5""},""wR"":{""N"":""23.984718""},""hE"":{""N"":""91.8""},""tR"":{""N"":""63.5""}}",a47854d8-3051-70fa-00ce-ac30661244a5
868032061545061,1784293200,data.qo,"{""tE"":{""N"":""63.68""},""hL"":{""N"":""70.3""},""wL"":{""N"":""27.837608""},""tL"":{""N"":""60.98""},""hR"":{""N"":""81.5""},""wR"":{""N"":""24.489367""},""hE"":{""N"":""94""},""tR"":{""N"":""63.5""}}",a47854d8-3051-70fa-00ce-ac30661244a5
868032061545061,1784296800,data.qo,"{""tE"":{""N"":""75.92""},""hL"":{""N"":""80.8""},""wL"":{""N"":""28.092344""},""tL"":{""N"":""63.5""},""hR"":{""N"":""81.5""},""wR"":{""N"":""24.689377""},""hE"":{""N"":""86.8""},""tR"":{""N"":""63.5""}}",a47854d8-3051-70fa-00ce-ac30661244a5
868032061545061,1784300400,data.qo,"{""tE"":{""N"":""82.58""},""hL"":{""N"":""85.5""},""wL"":{""N"":""28.162767""},""tL"":{""N"":""69.62""},""hR"":{""N"":""81.5""},""wR"":{""N"":""24.756649""},""hE"":{""N"":""70.9""},""tR"":{""N"":""63.5""}}",a47854d8-3051-70fa-00ce-ac30661244a5
868032061545061,1784304000,data.qo,"{""tE"":{""N"":""86.72""},""hL"":{""N"":""85.8""},""wL"":{""N"":""27.952122""},""tL"":{""N"":""77""},""hR"":{""N"":""81.5""},""wR"":{""N"":""24.828543""},""hE"":{""N"":""58.6""},""tR"":{""N"":""63.5""}}",a47854d8-3051-70fa-00ce-ac30661244a5
868032061545061,1784307600,data.qo,"{""tE"":{""N"":""89.24""},""hL"":{""N"":""81.5""},""wL"":{""N"":""27.8837""},""tL"":{""N"":""82.94""},""hR"":{""N"":""81.5""},""wR"":{""N"":""24.837374""},""hE"":{""N"":""56.1""},""tR"":{""N"":""63.5""}}",a47854d8-3051-70fa-00ce-ac30661244a5
868032061545061,1784311200,data.qo,"{""tE"":{""N"":""92.12""},""hL"":{""N"":""77.2""},""wL"":{""N"":""27.959358""},""tL"":{""N"":""86.72""},""hR"":{""N"":""81.5""},""wR"":{""N"":""24.85152""},""hE"":{""N"":""52.9""},""tR"":{""N"":""63.5""}}",a47854d8-3051-70fa-00ce-ac30661244a5
868032061545061,1784314800,data.qo,"{""tE"":{""N"":""101.66""},""hL"":{""N"":""74.6""},""wL"":{""N"":""28.091536""},""tL"":{""N"":""90.5""},""hR"":{""N"":""81.5""},""wR"":{""N"":""24.826601""},""hE"":{""N"":""44.9""},""tR"":{""N"":""63.5""}}",a47854d8-3051-70fa-00ce-ac30661244a5
868032061545061,1784318400,data.qo,"{""tE"":{""N"":""104.9""},""hL"":{""N"":""70.5""},""wL"":{""N"":""28.14296""},""tL"":{""N"":""93.2""},""hR"":{""N"":""81.5""},""wR"":{""N"":""24.676939""},""hE"":{""N"":""39.7""},""tR"":{""N"":""63.5""}}",a47854d8-3051-70fa-00ce-ac30661244a5
868032061545061,1784322000,data.qo,"{""tE"":{""N"":""102.2""},""hL"":{""N"":""68.4""},""wL"":{""N"":""28.188908""},""tL"":{""N"":""95.18""},""hR"":{""N"":""81.5""},""wR"":{""N"":""24.492327""},""hE"":{""N"":""41.1""},""tR"":{""N"":""63.5""}}",a47854d8-3051-70fa-00ce-ac30661244a5
868032061545061,1784325600,data.qo,"{""tE"":{""N"":""102.2""},""hL"":{""N"":""64.9""},""wL"":{""N"":""27.995926""},""tL"":{""N"":""95.36""},""hR"":{""N"":""81.5""},""wR"":{""N"":""24.274054""},""hE"":{""N"":""41.1""},""tR"":{""N"":""63.5""}}",a47854d8-3051-70fa-00ce-ac30661244a5
868032061545061,1784329200,data.qo,"{""tE"":{""N"":""91.58""},""hL"":{""N"":""64.9""},""wL"":{""N"":""27.761187""},""tL"":{""N"":""95.36""},""hR"":{""N"":""81.5""},""wR"":{""N"":""24.017267""},""hE"":{""N"":""47.1""},""tR"":{""N"":""63.5""}}",a47854d8-3051-70fa-00ce-ac30661244a5
868032061545061,1784332800,data.qo,"{""tE"":{""N"":""84.38""},""hL"":{""N"":""61.7""},""wL"":{""N"":""27.571491""},""tL"":{""N"":""92.48""},""hR"":{""N"":""81.5""},""wR"":{""N"":""23.543642""},""hE"":{""N"":""56.2""},""tR"":{""N"":""63.5""}}",a47854d8-3051-70fa-00ce-ac30661244a5
868032061545061,1784336400,data.qo,"{""tE"":{""N"":""78.8""},""hL"":{""N"":""61.6""},""wL"":{""N"":""27.347467""},""tL"":{""N"":""88.7""},""hR"":{""N"":""81.5""},""wR"":{""N"":""23.039686""},""hE"":{""N"":""64.1""},""tR"":{""N"":""63.5""}}",a47854d8-3051-70fa-00ce-ac30661244a5
868032061545061,1784340000,data.qo,"{""tE"":{""N"":""74.48""},""hL"":{""N"":""62.1""},""wL"":{""N"":""27.129917""},""tL"":{""N"":""84.74""},""hR"":{""N"":""81.5""},""wR"":{""N"":""22.649143""},""hE"":{""N"":""72.6""},""tR"":{""N"":""63.5""}}",a47854d8-3051-70fa-00ce-ac30661244a5
868032061545061,1784343600,data.qo,"{""tE"":{""N"":""71.6""},""hL"":{""N"":""63""},""wL"":{""N"":""27.050972""},""tL"":{""N"":""80.96""},""hR"":{""N"":""81.5""},""wR"":{""N"":""22.447376""},""hE"":{""N"":""78.4""},""tR"":{""N"":""63.5""}}",a47854d8-3051-70fa-00ce-ac30661244a5
868032061545061,1784347200,data.qo,"{""tE"":{""N"":""69.98""},""hL"":{""N"":""64.6""},""wL"":{""N"":""27.007595""},""tL"":{""N"":""77.9""},""hR"":{""N"":""81.5""},""wR"":{""N"":""22.3814""},""hE"":{""N"":""81.8""},""tR"":{""N"":""63.5""}}",a47854d8-3051-70fa-00ce-ac30661244a5
868032061545061,1784350800,data.qo,"{""tE"":{""N"":""68.54""},""hL"":{""N"":""64.6""},""wL"":{""N"":""26.988836""},""tL"":{""N"":""77.9""},""hR"":{""N"":""81.5""},""wR"":{""N"":""22.34173""},""hE"":{""N"":""84.6""},""tR"":{""N"":""63.5""}}",a47854d8-3051-70fa-00ce-ac30661244a5
868032061545061,1784354400,data.qo,"{""tE"":{""N"":""67.1""},""hL"":{""N"":""66.8""},""wL"":{""N"":""27.034737""},""tL"":{""N"":""72.68""},""hR"":{""N"":""81.5""},""wR"":{""N"":""22.450012""},""hE"":{""N"":""86.2""},""tR"":{""N"":""63.5""}}",a47854d8-3051-70fa-00ce-ac30661244a5
868032061545061,1784358000,data.qo,"{""tE"":{""N"":""66.02""},""hL"":{""N"":""67.5""},""wL"":{""N"":""27.096443""},""tL"":{""N"":""70.7""},""hR"":{""N"":""81.5""},""wR"":{""N"":""22.539198""},""hE"":{""N"":""86.9""},""tR"":{""N"":""63.5""}}",a47854d8-3051-70fa-00ce-ac30661244a5
868032061545061,1784361600,data.qo,"{""tE"":{""N"":""65.48""},""hL"":{""N"":""69""},""wL"":{""N"":""27.271902""},""tL"":{""N"":""68.9""},""hR"":{""N"":""81.5""},""wR"":{""N"":""22.701574""},""hE"":{""N"":""89.1""},""tR"":{""N"":""63.5""}}",a47854d8-3051-70fa-00ce-ac30661244a5
868032061545061,1784365200,data.qo,"{""tE"":{""N"":""66.2""},""hL"":{""N"":""69.5""},""wL"":{""N"":""27.41689""},""tL"":{""N"":""67.64""},""hR"":{""N"":""81.5""},""wR"":{""N"":""22.93968""},""hE"":{""N"":""91.1""},""tR"":{""N"":""63.5""}}",a47854d8-3051-70fa-00ce-ac30661244a5
868032061545061,1784368800,data.qo,"{""tE"":{""N"":""66.74""},""hL"":{""N"":""70.4""},""wL"":{""N"":""27.43603""},""tL"":{""N"":""66.92""},""hR"":{""N"":""81.5""},""wR"":{""N"":""23.108112""},""hE"":{""N"":""91.6""},""tR"":{""N"":""63.5""}}",a47854d8-3051-70fa-00ce-ac30661244a5
868032061545061,1784372400,data.qo,"{""tE"":{""N"":""66.2""},""hL"":{""N"":""70.7""},""wL"":{""N"":""27.432697""},""tL"":{""N"":""66.38""},""hR"":{""N"":""81.5""},""wR"":{""N"":""23.243626""},""hE"":{""N"":""91.9""},""tR"":{""N"":""63.5""}}",a47854d8-3051-70fa-00ce-ac30661244a5
868032061545061,1784376000,data.qo,"{""tE"":{""N"":""65.84""},""hL"":{""N"":""70.8""},""wL"":{""N"":""27.52883""},""tL"":{""N"":""65.84""},""hR"":{""N"":""81.5""},""wR"":{""N"":""23.460327""},""hE"":{""N"":""92.6""},""tR"":{""N"":""63.5""}}",a47854d8-3051-70fa-00ce-ac30661244a5
868032061545061,1784379600,data.qo,"{""tE"":{""N"":""68""},""hL"":{""N"":""71.6""},""wL"":{""N"":""27.80666""},""tL"":{""N"":""65.3""},""hR"":{""N"":""81.5""},""wR"":{""N"":""23.887718""},""hE"":{""N"":""94""},""tR"":{""N"":""63.5""}}",a47854d8-3051-70fa-00ce-ac30661244a5
868032061545061,1784383200,data.qo,"{""tE"":{""N"":""78.08""},""hL"":{""N"":""78.3""},""wL"":{""N"":""27.971643""},""tL"":{""N"":""67.46""},""hR"":{""N"":""81.5""},""wR"":{""N"":""24.12749""},""hE"":{""N"":""83""},""tR"":{""N"":""63.5""}}",a47854d8-3051-70fa-00ce-ac30661244a5
868032061545061,1784386800,data.qo,"{""tE"":{""N"":""81.5""},""hL"":{""N"":""82.5""},""wL"":{""N"":""27.968262""},""tL"":{""N"":""72.5""},""hR"":{""N"":""81.5""},""wR"":{""N"":""24.109274""},""hE"":{""N"":""71.4""},""tR"":{""N"":""63.5""}}",a47854d8-3051-70fa-00ce-ac30661244a5
868032061545061,1784390400,data.qo,"{""tE"":{""N"":""83.48""},""hL"":{""N"":""81.3""},""wL"":{""N"":""28.050444""},""tL"":{""N"":""77.54""},""hR"":{""N"":""81.5""},""wR"":{""N"":""24.295414""},""hE"":{""N"":""67.6""},""tR"":{""N"":""63.5""}}",a47854d8-3051-70fa-00ce-ac30661244a5
868032061545061,1784394000,data.qo,"{""tE"":{""N"":""80.96""},""hL"":{""N"":""76.7""},""wL"":{""N"":""27.91879""},""tL"":{""N"":""79.7""},""hR"":{""N"":""81.5""},""wR"":{""N"":""24.508276""},""hE"":{""N"":""74""},""tR"":{""N"":""63.5""}}",a47854d8-3051-70fa-00ce-ac30661244a5
868032061545061,1784397600,data.qo,"{""tE"":{""N"":""74.84""},""hL"":{""N"":""72.9""},""wL"":{""N"":""28.282564""},""tL"":{""N"":""78.08""},""hR"":{""N"":""81.5""},""wR"":{""N"":""24.95601""},""hE"":{""N"":""87.6""},""tR"":{""N"":""63.5""}}",a47854d8-3051-70fa-00ce-ac30661244a5
868032061545061,1784401200,data.qo,"{""tE"":{""N"":""87.08""},""hL"":{""N"":""77""},""wL"":{""N"":""28.615198""},""tL"":{""N"":""80.42""},""hR"":{""N"":""81.5""},""wR"":{""N"":""24.597834""},""hE"":{""N"":""65.2""},""tR"":{""N"":""63.5""}}",a47854d8-3051-70fa-00ce-ac30661244a5
868032061545061,1784404800,data.qo,"{""tE"":{""N"":""74.12""},""hL"":{""N"":""68.1""},""wL"":{""N"":""28.82213""},""tL"":{""N"":""79.52""},""hR"":{""N"":""81.5""},""wR"":{""N"":""26.583649""},""hE"":{""N"":""87.9""},""tR"":{""N"":""63.5""}}",a47854d8-3051-70fa-00ce-ac30661244a5
868032061545061,1784408400,data.qo,"{""tE"":{""N"":""68.54""},""hL"":{""N"":""70.1""},""wL"":{""N"":""29.003063""},""tL"":{""N"":""76.1""},""hR"":{""N"":""81.5""},""wR"":{""N"":""27.12718""},""hE"":{""N"":""99.9""},""tR"":{""N"":""63.5""}}",a47854d8-3051-70fa-00ce-ac30661244a5
868032061545061,1784412000,data.qo,"{""tE"":{""N"":""84.56""},""hL"":{""N"":""70.1""},""wL"":{""N"":""29.006683""},""tL"":{""N"":""76.1""},""hR"":{""N"":""81.5""},""wR"":{""N"":""27.449389""},""hE"":{""N"":""85.4""},""tR"":{""N"":""63.5""}}",a47854d8-3051-70fa-00ce-ac30661244a5
868032061545061,1784415600,data.qo,"{""tE"":{""N"":""89.06""},""hL"":{""N"":""80.4""},""wL"":{""N"":""28.786942""},""tL"":{""N"":""81.5""},""hR"":{""N"":""81.5""},""wR"":{""N"":""27.549994""},""hE"":{""N"":""65.7""},""tR"":{""N"":""63.5""}}",a47854d8-3051-70fa-00ce-ac30661244a5
868032061545061,1784419200,data.qo,"{""tE"":{""N"":""80.24""},""hL"":{""N"":""71.4""},""wL"":{""N"":""28.599533""},""tL"":{""N"":""83.84""},""hR"":{""N"":""81.5""},""wR"":{""N"":""27.465109""},""hE"":{""N"":""73.8""},""tR"":{""N"":""63.5""}}",a47854d8-3051-70fa-00ce-ac30661244a5
868032061545061,1784422800,data.qo,"{""tE"":{""N"":""75.2""},""hL"":{""N"":""70.8""},""wL"":{""N"":""28.475878""},""tL"":{""N"":""81.86""},""hR"":{""N"":""81.5""},""wR"":{""N"":""27.426409""},""hE"":{""N"":""86.2""},""tR"":{""N"":""63.5""}}",a47854d8-3051-70fa-00ce-ac30661244a5
868032061545061,1784426400,data.qo,"{""tE"":{""N"":""72.14""},""hL"":{""N"":""70.4""},""wL"":{""N"":""28.454071""},""tL"":{""N"":""79.16""},""hR"":{""N"":""81.5""},""wR"":{""N"":""27.435888""},""hE"":{""N"":""91.5""},""tR"":{""N"":""63.5""}}",a47854d8-3051-70fa-00ce-ac30661244a5
868032061545061,1784430000,data.qo,"{""tE"":{""N"":""71.06""},""hL"":{""N"":""71.9""},""wL"":{""N"":""28.416883""},""tL"":{""N"":""77""},""hR"":{""N"":""81.5""},""wR"":{""N"":""27.372362""},""hE"":{""N"":""96.4""},""tR"":{""N"":""63.5""}}",a47854d8-3051-70fa-00ce-ac30661244a5
868032061545061,1784433600,data.qo,"{""tE"":{""N"":""70.88""},""hL"":{""N"":""72.6""},""wL"":{""N"":""28.36646""},""tL"":{""N"":""75.02""},""hR"":{""N"":""81.5""},""wR"":{""N"":""27.409441""},""hE"":{""N"":""91.2""},""tR"":{""N"":""63.5""}}",a47854d8-3051-70fa-00ce-ac30661244a5
868032061545061,1784437140,data.qo,"{""tE"":{""N"":""68.9""},""hL"":{""N"":""72.3""},""wL"":{""N"":""28.333464""},""tL"":{""N"":""73.4""},""hR"":{""N"":""81.5""},""wR"":{""N"":""27.424791""},""hE"":{""N"":""91.5""},""tR"":{""N"":""63.5""}}",a47854d8-3051-70fa-00ce-ac30661244a5
868032061545061,1784440800,data.qo,"{""tE"":{""N"":""68""},""hL"":{""N"":""73.4""},""wL"":{""N"":""28.349129""},""tL"":{""N"":""71.96""},""hR"":{""N"":""81.5""},""wR"":{""N"":""27.473661""},""hE"":{""N"":""96.5""},""tR"":{""N"":""63.5""}}",a47854d8-3051-70fa-00ce-ac30661244a5
868032061545061,1784444400,data.qo,"{""tE"":{""N"":""68.18""},""hL"":{""N"":""74.5""},""wL"":{""N"":""28.360603""},""tL"":{""N"":""70.7""},""hR"":{""N"":""81.5""},""wR"":{""N"":""27.516289""},""hE"":{""N"":""97.1""},""tR"":{""N"":""63.5""}}",a47854d8-3051-70fa-00ce-ac30661244a5
868032061545061,1784448000,data.qo,"{""tE"":{""N"":""68""},""hL"":{""N"":""75.5""},""wL"":{""N"":""28.441406""},""tL"":{""N"":""69.8""},""hR"":{""N"":""81.5""},""wR"":{""N"":""27.60187""},""hE"":{""N"":""96.6""},""tR"":{""N"":""63.5""}}",a47854d8-3051-70fa-00ce-ac30661244a5
868032061545061,1784451600,data.qo,"{""tE"":{""N"":""68.36""},""hL"":{""N"":""76.7""},""wL"":{""N"":""28.533064""},""tL"":{""N"":""69.26""},""hR"":{""N"":""81.5""},""wR"":{""N"":""27.7163""},""hE"":{""N"":""96.4""},""tR"":{""N"":""63.5""}}",a47854d8-3051-70fa-00ce-ac30661244a5
868032061545061,1784455200,data.qo,"{""tE"":{""N"":""68.72""},""hL"":{""N"":""77.5""},""wL"":{""N"":""28.59196""},""tL"":{""N"":""68.9""},""hR"":{""N"":""81.5""},""wR"":{""N"":""27.76725""},""hE"":{""N"":""98.1""},""tR"":{""N"":""63.5""}}",a47854d8-3051-70fa-00ce-ac30661244a5
868032061545061,1784458800,data.qo,"{""tE"":{""N"":""68.9""},""hL"":{""N"":""78.2""},""wL"":{""N"":""28.645576""},""tL"":{""N"":""68.9""},""hR"":{""N"":""81.5""},""wR"":{""N"":""27.853848""},""hE"":{""N"":""98.8""},""tR"":{""N"":""63.5""}}",a47854d8-3051-70fa-00ce-ac30661244a5
868032061545061,1784462400,data.qo,"{""tE"":{""N"":""69.8""},""hL"":{""N"":""78.9""},""wL"":{""N"":""28.637196""},""tL"":{""N"":""68.9""},""hR"":{""N"":""81.5""},""wR"":{""N"":""27.95353""},""hE"":{""N"":""96.7""},""tR"":{""N"":""63.5""}}",a47854d8-3051-70fa-00ce-ac30661244a5
868032061545061,1784466000,data.qo,"{""tE"":{""N"":""69.8""},""hL"":{""N"":""80.5""},""wL"":{""N"":""28.723473""},""tL"":{""N"":""69.26""},""hR"":{""N"":""81.5""},""wR"":{""N"":""28.083355""},""hE"":{""N"":""96.7""},""tR"":{""N"":""63.5""}}",a47854d8-3051-70fa-00ce-ac30661244a5
868032061545061,1784469600,data.qo,"{""tE"":{""N"":""75.56""},""hL"":{""N"":""81.1""},""wL"":{""N"":""28.716188""},""tL"":{""N"":""70.7""},""hR"":{""N"":""81.5""},""wR"":{""N"":""28.088764""},""hE"":{""N"":""84.6""},""tR"":{""N"":""63.5""}}",a47854d8-3051-70fa-00ce-ac30661244a5
868032061545061,1784473200,data.qo,"{""tE"":{""N"":""76.64""},""hL"":{""N"":""80.8""},""wL"":{""N"":""28.817034""},""tL"":{""N"":""72.86""},""hR"":{""N"":""81.5""},""wR"":{""N"":""28.25456""},""hE"":{""N"":""82.9""},""tR"":{""N"":""63.5""}}",a47854d8-3051-70fa-00ce-ac30661244a5
868032061545061,1784476800,data.qo,"{""tE"":{""N"":""82.22""},""hL"":{""N"":""83.4""},""wL"":{""N"":""28.644196""},""tL"":{""N"":""76.1""},""hR"":{""N"":""81.5""},""wR"":{""N"":""28.12506""},""hE"":{""N"":""79.1""},""tR"":{""N"":""63.5""}}",a47854d8-3051-70fa-00ce-ac30661244a5
868032061545061,1784480400,data.qo,"{""tE"":{""N"":""80.6""},""hL"":{""N"":""78.6""},""wL"":{""N"":""28.84908""},""tL"":{""N"":""78.98""},""hR"":{""N"":""81.5""},""wR"":{""N"":""28.275043""},""hE"":{""N"":""79.8""},""tR"":{""N"":""63.5""}}",a47854d8-3051-70fa-00ce-ac30661244a5
868032061545061,1784484000,data.qo,"{""tE"":{""N"":""91.58""},""hL"":{""N"":""82""},""wL"":{""N"":""28.625244""},""tL"":{""N"":""82.58""},""hR"":{""N"":""81.5""},""wR"":{""N"":""28.030416""},""hE"":{""N"":""67.9""},""tR"":{""N"":""63.5""}}",a47854d8-3051-70fa-00ce-ac30661244a5
868032061545061,1784487600,data.qo,"{""tE"":{""N"":""86""},""hL"":{""N"":""72.7""},""wL"":{""N"":""28.668192""},""tL"":{""N"":""84.92""},""hR"":{""N"":""81.5""},""wR"":{""N"":""28.103884""},""hE"":{""N"":""66.4""},""tR"":{""N"":""63.5""}}",a47854d8-3051-70fa-00ce-ac30661244a5
868032061545061,1784491200,data.qo,"{""tE"":{""N"":""92.12""},""hL"":{""N"":""73""},""wL"":{""N"":""28.324942""},""tL"":{""N"":""85.1""},""hR"":{""N"":""81.5""},""wR"":{""N"":""27.59623""},""hE"":{""N"":""62.2""},""tR"":{""N"":""63.5""}}",a47854d8-3051-70fa-00ce-ac30661244a5
868032061545061,1784494800,data.qo,"{""tE"":{""N"":""81.14""},""hL"":{""N"":""67.5""},""wL"":{""N"":""28.151052""},""tL"":{""N"":""85.64""},""hR"":{""N"":""81.5""},""wR"":{""N"":""27.234121""},""hE"":{""N"":""69""},""tR"":{""N"":""63.5""}}",a47854d8-3051-70fa-00ce-ac30661244a5
868032061545061,1784498400,data.qo,"{""tE"":{""N"":""78.44""},""hL"":{""N"":""68.6""},""wL"":{""N"":""28.51873""},""tL"":{""N"":""82.76""},""hR"":{""N"":""81.5""},""wR"":{""N"":""27.500708""},""hE"":{""N"":""80.5""},""tR"":{""N"":""63.5""}}",a47854d8-3051-70fa-00ce-ac30661244a5
868032061545061,1784502000,data.qo,"{""tE"":{""N"":""86.18""},""hL"":{""N"":""73.2""},""wL"":{""N"":""28.244282""},""tL"":{""N"":""82.76""},""hR"":{""N"":""81.5""},""wR"":{""N"":""27.016634""},""hE"":{""N"":""67.7""},""tR"":{""N"":""63.5""}}",a47854d8-3051-70fa-00ce-ac30661244a5
868032061545061,1784505600,data.qo,"{""tE"":{""N"":""77.72""},""hL"":{""N"":""70""},""wL"":{""N"":""28.10125""},""tL"":{""N"":""83.12""},""hR"":{""N"":""81.5""},""wR"":{""N"":""26.655266""},""hE"":{""N"":""82.9""},""tR"":{""N"":""63.5""}}",a47854d8-3051-70fa-00ce-ac30661244a5
868032061545061,1784509200,data.qo,"{""tE"":{""N"":""75.2""},""hL"":{""N"":""68.7""},""wL"":{""N"":""27.974928""},""tL"":{""N"":""80.78""},""hR"":{""N"":""81.5""},""wR"":{""N"":""26.394318""},""hE"":{""N"":""87.5""},""tR"":{""N"":""63.5""}}",a47854d8-3051-70fa-00ce-ac30661244a5
868032061545061,1784512800,data.qo,"{""tE"":{""N"":""72.32""},""hL"":{""N"":""69.6""},""wL"":{""N"":""27.884747""},""tL"":{""N"":""78.44""},""hR"":{""N"":""81.5""},""wR"":{""N"":""26.20018""},""hE"":{""N"":""94.9""},""tR"":{""N"":""63.5""}}",a47854d8-3051-70fa-00ce-ac30661244a5
868032061545061,1784516400,data.qo,"{""tE"":{""N"":""71.42""},""hL"":{""N"":""71""},""wL"":{""N"":""27.893507""},""tL"":{""N"":""76.28""},""hR"":{""N"":""81.5""},""wR"":{""N"":""26.146502""},""hE"":{""N"":""97.8""},""tR"":{""N"":""63.5""}}",a47854d8-3051-70fa-00ce-ac30661244a5
868032061545061,1784520000,data.qo,"{""tE"":{""N"":""71.42""},""hL"":{""N"":""72.7""},""wL"":{""N"":""27.86394""},""tL"":{""N"":""74.84""},""hR"":{""N"":""81.5""},""wR"":{""N"":""26.101099""},""hE"":{""N"":""97.8""},""tR"":{""N"":""63.5""}}",a47854d8-3051-70fa-00ce-ac30661244a5
868032061545061,1784523600,data.qo,"{""tE"":{""N"":""70.7""},""hL"":{""N"":""73.7""},""wL"":{""N"":""27.876177""},""tL"":{""N"":""73.58""},""hR"":{""N"":""81.5""},""wR"":{""N"":""26.101238""},""hE"":{""N"":""99.2""},""tR"":{""N"":""63.5""}}",a47854d8-3051-70fa-00ce-ac30661244a5
868032061545061,1784527200,data.qo,"{""tE"":{""N"":""70.52""},""hL"":{""N"":""74.5""},""wL"":{""N"":""27.860748""},""tL"":{""N"":""72.68""},""hR"":{""N"":""81.5""},""wR"":{""N"":""26.061014""},""hE"":{""N"":""99.9""},""tR"":{""N"":""63.5""}}",a47854d8-3051-70fa-00ce-ac30661244a5
868032061545061,1784530800,data.qo,"{""tE"":{""N"":""68.9""},""hL"":{""N"":""74.4""},""wL"":{""N"":""27.81823""},""tL"":{""N"":""71.78""},""hR"":{""N"":""81.5""},""wR"":{""N"":""26.016582""},""hE"":{""N"":""99.9""},""tR"":{""N"":""63.5""}}",a47854d8-3051-70fa-00ce-ac30661244a5
868032061545061,1784534400,data.qo,"{""tE"":{""N"":""68.36""},""hL"":{""N"":""74.3""},""wL"":{""N"":""27.83618""},""tL"":{""N"":""70.7""},""hR"":{""N"":""81.5""},""wR"":{""N"":""26.028605""},""hE"":{""N"":""99.9""},""tR"":{""N"":""63.5""}}",a47854d8-3051-70fa-00ce-ac30661244a5
868032061545061,1784538000,data.qo,"{""tE"":{""N"":""68.36""},""hL"":{""N"":""74.9""},""wL"":{""N"":""27.85613""},""tL"":{""N"":""69.8""},""hR"":{""N"":""81.5""},""wR"":{""N"":""26.07017""},""hE"":{""N"":""99.9""},""tR"":{""N"":""63.5""}}",a47854d8-3051-70fa-00ce-ac30661244a5
868032061545061,1784541600,data.qo,"{""tE"":{""N"":""67.82""},""hL"":{""N"":""75.1""},""wL"":{""N"":""27.842085""},""tL"":{""N"":""69.08""},""hR"":{""N"":""81.5""},""wR"":{""N"":""26.065222""},""hE"":{""N"":""99.9""},""tR"":{""N"":""63.5""}}",a47854d8-3051-70fa-00ce-ac30661244a5
868032061545061,1784545200,data.qo,"{""tE"":{""N"":""67.1""},""hL"":{""N"":""75.1""},""wL"":{""N"":""27.824705""},""tL"":{""N"":""68.54""},""hR"":{""N"":""81.5""},""wR"":{""N"":""26.048346""},""hE"":{""N"":""99.9""},""tR"":{""N"":""63.5""}}",a47854d8-3051-70fa-00ce-ac30661244a5
868032061545061,1784548800,data.qo,"{""tE"":{""N"":""66.56""},""hL"":{""N"":""74.7""},""wL"":{""N"":""27.97326""},""tL"":{""N"":""67.46""},""hR"":{""N"":""81.5""},""wR"":{""N"":""26.198423""},""hE"":{""N"":""99.9""},""tR"":{""N"":""63.5""}}",a47854d8-3051-70fa-00ce-ac30661244a5
868032061545061,1784552400,data.qo,"{""tE"":{""N"":""69.44""},""hL"":{""N"":""75.5""},""wL"":{""N"":""28.2519""},""tL"":{""N"":""67.1""},""hR"":{""N"":""81.5""},""wR"":{""N"":""26.654987""},""hE"":{""N"":""99.9""},""tR"":{""N"":""63.5""}}",a47854d8-3051-70fa-00ce-ac30661244a5
868032061545061,1784556000,data.qo,"{""tE"":{""N"":""77.54""},""hL"":{""N"":""83""},""wL"":{""N"":""28.525064""},""tL"":{""N"":""69.26""},""hR"":{""N"":""81.5""},""wR"":{""N"":""26.878717""},""hE"":{""N"":""95.7""},""tR"":{""N"":""63.5""}}",a47854d8-3051-70fa-00ce-ac30661244a5
868032061545061,1784559600,data.qo,"{""tE"":{""N"":""82.58""},""hL"":{""N"":""87.3""},""wL"":{""N"":""28.603722""},""tL"":{""N"":""74.66""},""hR"":{""N"":""81.5""},""wR"":{""N"":""26.896055""},""hE"":{""N"":""85.8""},""tR"":{""N"":""63.5""}}",a47854d8-3051-70fa-00ce-ac30661244a5
868032061545061,1784563200,data.qo,"{""tE"":{""N"":""85.46""},""hL"":{""N"":""84.8""},""wL"":{""N"":""28.574345""},""tL"":{""N"":""79.7""},""hR"":{""N"":""81.5""},""wR"":{""N"":""27.133284""},""hE"":{""N"":""73.3""},""tR"":{""N"":""63.5""}}",a47854d8-3051-70fa-00ce-ac30661244a5
868032061545061,1784566800,data.qo,"{""tE"":{""N"":""87.98""},""hL"":{""N"":""81.7""},""wL"":{""N"":""28.513493""},""tL"":{""N"":""84.2""},""hR"":{""N"":""81.5""},""wR"":{""N"":""27.125378""},""hE"":{""N"":""75.6""},""tR"":{""N"":""63.5""}}",a47854d8-3051-70fa-00ce-ac30661244a5
868032061545061,1784570400,data.qo,"{""tE"":{""N"":""90.86""},""hL"":{""N"":""77.6""},""wL"":{""N"":""28.306038""},""tL"":{""N"":""87.8""},""hR"":{""N"":""81.5""},""wR"":{""N"":""26.710701""},""hE"":{""N"":""73.8""},""tR"":{""N"":""63.5""}}",a47854d8-3051-70fa-00ce-ac30661244a5
868032061545061,1784574000,data.qo,"{""tE"":{""N"":""87.26""},""hL"":{""N"":""73.1""},""wL"":{""N"":""28.395267""},""tL"":{""N"":""87.8""},""hR"":{""N"":""81.5""},""wR"":{""N"":""26.384794""},""hE"":{""N"":""72.4""},""tR"":{""N"":""63.5""}}",a47854d8-3051-70fa-00ce-ac30661244a5
868032061545061,1784577600,data.qo,"{""tE"":{""N"":""80.42""},""hL"":{""N"":""71.9""},""wL"":{""N"":""28.311752""},""tL"":{""N"":""85.1""},""hR"":{""N"":""81.5""},""wR"":{""N"":""26.402271""},""hE"":{""N"":""94.1""},""tR"":{""N"":""63.5""}}",a47854d8-3051-70fa-00ce-ac30661244a5
868032061545061,1784581200,data.qo,"{""tE"":{""N"":""73.22""},""hL"":{""N"":""69.9""},""wL"":{""N"":""28.514494""},""tL"":{""N"":""81.86""},""hR"":{""N"":""81.5""},""wR"":{""N"":""26.595392""},""hE"":{""N"":""99.9""},""tR"":{""N"":""63.5""}}",a47854d8-3051-70fa-00ce-ac30661244a5
868032061545061,1784584800,data.qo,"{""tE"":{""N"":""77.54""},""hL"":{""N"":""72.7""},""wL"":{""N"":""28.53049""},""tL"":{""N"":""79.7""},""hR"":{""N"":""81.5""},""wR"":{""N"":""26.638205""},""hE"":{""N"":""96.7""},""tR"":{""N"":""63.5""}}",a47854d8-3051-70fa-00ce-ac30661244a5
868032061545061,1784588400,data.qo,"{""tE"":{""N"":""77.36""},""hL"":{""N"":""74""},""wL"":{""N"":""28.56268""},""tL"":{""N"":""78.8""},""hR"":{""N"":""81.5""},""wR"":{""N"":""26.740059""},""hE"":{""N"":""93.9""},""tR"":{""N"":""63.5""}}",a47854d8-3051-70fa-00ce-ac30661244a5
868032061545061,1784592000,data.qo,"{""tE"":{""N"":""77""},""hL"":{""N"":""74.7""},""wL"":{""N"":""28.423311""},""tL"":{""N"":""78.98""},""hR"":{""N"":""81.5""},""wR"":{""N"":""26.66849""},""hE"":{""N"":""89.5""},""tR"":{""N"":""63.5""}}",a47854d8-3051-70fa-00ce-ac30661244a5
868032061545061,1784595600,data.qo,"{""tE"":{""N"":""75.38""},""hL"":{""N"":""74.3""},""wL"":{""N"":""28.33137""},""tL"":{""N"":""78.44""},""hR"":{""N"":""81.5""},""wR"":{""N"":""26.615042""},""hE"":{""N"":""96.1""},""tR"":{""N"":""63.5""}}",a47854d8-3051-70fa-00ce-ac30661244a5
868032061545061,1784599200,data.qo,"{""tE"":{""N"":""71.96""},""hL"":{""N"":""74.5""},""wL"":{""N"":""28.222046""},""tL"":{""N"":""77.36""},""hR"":{""N"":""81.5""},""wR"":{""N"":""26.522203""},""hE"":{""N"":""99.5""},""tR"":{""N"":""63.5""}}",a47854d8-3051-70fa-00ce-ac30661244a5
868032061545061,1784602800,data.qo,"{""tE"":{""N"":""69.62""},""hL"":{""N"":""74""},""wL"":{""N"":""28.128769""},""tL"":{""N"":""75.56""},""hR"":{""N"":""81.5""},""wR"":{""N"":""26.46575""},""hE"":{""N"":""99.9""},""tR"":{""N"":""63.5""}}",a47854d8-3051-70fa-00ce-ac30661244a5
868032061545061,1784606400,data.qo,"{""tE"":{""N"":""68.54""},""hL"":{""N"":""74.1""},""wL"":{""N"":""28.129913""},""tL"":{""N"":""73.58""},""hR"":{""N"":""81.5""},""wR"":{""N"":""26.47999""},""hE"":{""N"":""99.9""},""tR"":{""N"":""63.5""}}",a47854d8-3051-70fa-00ce-ac30661244a5
868032061545061,1784610000,data.qo,"{""tE"":{""N"":""68.18""},""hL"":{""N"":""75.1""},""wL"":{""N"":""28.149626""},""tL"":{""N"":""71.96""},""hR"":{""N"":""81.5""},""wR"":{""N"":""26.5296""},""hE"":{""N"":""99.9""},""tR"":{""N"":""63.5""}}",a47854d8-3051-70fa-00ce-ac30661244a5
868032061545061,1784613600,data.qo,"{""tE"":{""N"":""68""},""hL"":{""N"":""76.6""},""wL"":{""N"":""28.172909""},""tL"":{""N"":""70.7""},""hR"":{""N"":""81.5""},""wR"":{""N"":""26.602882""},""hE"":{""N"":""99.9""},""tR"":{""N"":""63.5""}}",a47854d8-3051-70fa-00ce-ac30661244a5
868032061545061,1784617200,data.qo,"{""tE"":{""N"":""67.46""},""hL"":{""N"":""76.8""},""wL"":{""N"":""28.177431""},""tL"":{""N"":""69.8""},""hR"":{""N"":""81.5""},""wR"":{""N"":""26.678568""},""hE"":{""N"":""99.9""},""tR"":{""N"":""63.5""}}",a47854d8-3051-70fa-00ce-ac30661244a5
868032061545061,1784620800,data.qo,"{""tE"":{""N"":""67.28""},""hL"":{""N"":""77.2""},""wL"":{""N"":""28.187622""},""tL"":{""N"":""68.9""},""hR"":{""N"":""81.5""},""wR"":{""N"":""26.755224""},""hE"":{""N"":""99.9""},""tR"":{""N"":""63.5""}}",a47854d8-3051-70fa-00ce-ac30661244a5
868032061545061,1784624400,data.qo,"{""tE"":{""N"":""66.74""},""hL"":{""N"":""77.5""},""wL"":{""N"":""28.191858""},""tL"":{""N"":""68.18""},""hR"":{""N"":""81.5""},""wR"":{""N"":""26.816578""},""hE"":{""N"":""99.9""},""tR"":{""N"":""63.5""}}",a47854d8-3051-70fa-00ce-ac30661244a5
868032061545061,1784628000,data.qo,"{""tE"":{""N"":""66.92""},""hL"":{""N"":""77.8""},""wL"":{""N"":""28.212238""},""tL"":{""N"":""67.46""},""hR"":{""N"":""81.5""},""wR"":{""N"":""26.90544""},""hE"":{""N"":""99.9""},""tR"":{""N"":""63.5""}}",a47854d8-3051-70fa-00ce-ac30661244a5
868032061545061,1784631600,data.qo,"{""tE"":{""N"":""66.56""},""hL"":{""N"":""78.4""},""wL"":{""N"":""28.237425""},""tL"":{""N"":""67.1""},""hR"":{""N"":""81.5""},""wR"":{""N"":""27.00415""},""hE"":{""N"":""99.9""},""tR"":{""N"":""63.5""}}",a47854d8-3051-70fa-00ce-ac30661244a5
868032061545061,1784635200,data.qo,"{""tE"":{""N"":""66.92""},""hL"":{""N"":""78.8""},""wL"":{""N"":""28.354128""},""tL"":{""N"":""66.74""},""hR"":{""N"":""81.5""},""wR"":{""N"":""27.227833""},""hE"":{""N"":""99.9""},""tR"":{""N"":""63.5""}}",a47854d8-3051-70fa-00ce-ac30661244a5
868032061545061,1784638800,data.qo,"{""tE"":{""N"":""69.44""},""hL"":{""N"":""79.4""},""wL"":{""N"":""28.518446""},""tL"":{""N"":""66.56""},""hR"":{""N"":""81.5""},""wR"":{""N"":""27.390717""},""hE"":{""N"":""99.9""},""tR"":{""N"":""63.5""}}",a47854d8-3051-70fa-00ce-ac30661244a5
868032061545061,1784642400,data.qo,"{""tE"":{""N"":""75.74""},""hL"":{""N"":""81.7""},""wL"":{""N"":""28.768135""},""tL"":{""N"":""67.82""},""hR"":{""N"":""81.5""},""wR"":{""N"":""27.574821""},""hE"":{""N"":""99.9""},""tR"":{""N"":""63.5""}}",a47854d8-3051-70fa-00ce-ac30661244a5
868032061545061,1784646000,data.qo,"{""tE"":{""N"":""80.06""},""hL"":{""N"":""87.5""},""wL"":{""N"":""28.783228""},""tL"":{""N"":""72.14""},""hR"":{""N"":""81.5""},""wR"":{""N"":""27.516613""},""hE"":{""N"":""86.2""},""tR"":{""N"":""63.5""}}",a47854d8-3051-70fa-00ce-ac30661244a5
868032061545061,1784649600,data.qo,"{""tE"":{""N"":""83.48""},""hL"":{""N"":""87.9""},""wL"":{""N"":""28.698189""},""tL"":{""N"":""77""},""hR"":{""N"":""81.5""},""wR"":{""N"":""27.424421""},""hE"":{""N"":""83""},""tR"":{""N"":""63.5""}}",a47854d8-3051-70fa-00ce-ac30661244a5
868032061545061,1784653200,data.qo,"{""tE"":{""N"":""85.64""},""hL"":{""N"":""87.9""},""wL"":{""N"":""28.669764""},""tL"":{""N"":""77""},""hR"":{""N"":""81.5""},""wR"":{""N"":""27.277443""},""hE"":{""N"":""77.7""},""tR"":{""N"":""63.5""}}",a47854d8-3051-70fa-00ce-ac30661244a5
868032061545061,1784656800,data.qo,"{""tE"":{""N"":""85.46""},""hL"":{""N"":""78.8""},""wL"":{""N"":""28.615007""},""tL"":{""N"":""82.94""},""hR"":{""N"":""81.5""},""wR"":{""N"":""27.093151""},""hE"":{""N"":""75.7""},""tR"":{""N"":""63.5""}}",a47854d8-3051-70fa-00ce-ac30661244a5
868032061545061,1784660400,data.qo,"{""tE"":{""N"":""91.94""},""hL"":{""N"":""78.5""},""wL"":{""N"":""28.22952""},""tL"":{""N"":""84.56""},""hR"":{""N"":""81.5""},""wR"":{""N"":""26.58411""},""hE"":{""N"":""66.6""},""tR"":{""N"":""63.5""}}",a47854d8-3051-70fa-00ce-ac30661244a5
868032061545061,1784664000,data.qo,"{""tE"":{""N"":""84.92""},""hL"":{""N"":""75.3""},""wL"":{""N"":""28.248663""},""tL"":{""N"":""85.1""},""hR"":{""N"":""81.5""},""wR"":{""N"":""26.56608""},""hE"":{""N"":""78.6""},""tR"":{""N"":""63.5""}}",a47854d8-3051-70fa-00ce-ac30661244a5
868032061545061,1784667600,data.qo,"{""tE"":{""N"":""88.52""},""hL"":{""N"":""73""},""wL"":{""N"":""28.185192""},""tL"":{""N"":""84.74""},""hR"":{""N"":""81.5""},""wR"":{""N"":""26.355759""},""hE"":{""N"":""72.9""},""tR"":{""N"":""63.5""}}",a47854d8-3051-70fa-00ce-ac30661244a5
868032061545061,1784671200,data.qo,"{""tE"":{""N"":""85.1""},""hL"":{""N"":""73.7""},""wL"":{""N"":""28.02659""},""tL"":{""N"":""84.74""},""hR"":{""N"":""81.5""},""wR"":{""N"":""26.05676""},""hE"":{""N"":""75.7""},""tR"":{""N"":""63.5""}}",a47854d8-3051-70fa-00ce-ac30661244a5
868032061545061,1784674800,data.qo,"{""tE"":{""N"":""80.06""},""hL"":{""N"":""70.6""},""wL"":{""N"":""27.866653""},""tL"":{""N"":""84.2""},""hR"":{""N"":""81.5""},""wR"":{""N"":""25.919075""},""hE"":{""N"":""78.7""},""tR"":{""N"":""63.5""}}",a47854d8-3051-70fa-00ce-ac30661244a5
868032061545061,1784678400,data.qo,"{""tE"":{""N"":""77.72""},""hL"":{""N"":""71""},""wL"":{""N"":""27.77271""},""tL"":{""N"":""82.04""},""hR"":{""N"":""81.5""},""wR"":{""N"":""25.852821""},""hE"":{""N"":""89.8""},""tR"":{""N"":""63.5""}}",a47854d8-3051-70fa-00ce-ac30661244a5
868032061545061,1784682000,data.qo,"{""tE"":{""N"":""75.56""},""hL"":{""N"":""72.3""},""wL"":{""N"":""27.713955""},""tL"":{""N"":""80.06""},""hR"":{""N"":""81.5""},""wR"":{""N"":""25.7659""},""hE"":{""N"":""95.1""},""tR"":{""N"":""63.5""}}",a47854d8-3051-70fa-00ce-ac30661244a5
868032061545061,1784685600,data.qo,"{""tE"":{""N"":""73.4""},""hL"":{""N"":""72.8""},""wL"":{""N"":""27.756998""},""tL"":{""N"":""78.44""},""hR"":{""N"":""81.5""},""wR"":{""N"":""25.735062""},""hE"":{""N"":""96.6""},""tR"":{""N"":""63.5""}}",a47854d8-3051-70fa-00ce-ac30661244a5
868032061545061,1784689200,data.qo,"{""tE"":{""N"":""71.96""},""hL"":{""N"":""73.7""},""wL"":{""N"":""27.712954""},""tL"":{""N"":""76.64""},""hR"":{""N"":""81.5""},""wR"":{""N"":""25.702604""},""hE"":{""N"":""99.9""},""tR"":{""N"":""63.5""}}",a47854d8-3051-70fa-00ce-ac30661244a5
868032061545061,1784692800,data.qo,"{""tE"":{""N"":""70.88""},""hL"":{""N"":""74.6""},""wL"":{""N"":""27.709383""},""tL"":{""N"":""75.2""},""hR"":{""N"":""81.5""},""wR"":{""N"":""25.728588""},""hE"":{""N"":""99.9""},""tR"":{""N"":""63.5""}}",a47854d8-3051-70fa-00ce-ac30661244a5
868032061545061,1784696340,data.qo,"{""tE"":{""N"":""70.52""},""hL"":{""N"":""75.4""},""wL"":{""N"":""27.711288""},""tL"":{""N"":""73.76""},""hR"":{""N"":""81.5""},""wR"":{""N"":""25.75314""},""hE"":{""N"":""99.9""},""tR"":{""N"":""63.5""}}",a47854d8-3051-70fa-00ce-ac30661244a5
868032061545061,1784700000,data.qo,"{""tE"":{""N"":""69.98""},""hL"":{""N"":""76""},""wL"":{""N"":""27.717001""},""tL"":{""N"":""72.68""},""hR"":{""N"":""81.5""},""wR"":{""N"":""25.799744""},""hE"":{""N"":""99.9""},""tR"":{""N"":""63.5""}}",a47854d8-3051-70fa-00ce-ac30661244a5
868032061545061,1784703600,data.qo,"{""tE"":{""N"":""69.8""},""hL"":{""N"":""76.6""},""wL"":{""N"":""27.71005""},""tL"":{""N"":""71.78""},""hR"":{""N"":""81.5""},""wR"":{""N"":""25.853653""},""hE"":{""N"":""99.9""},""tR"":{""N"":""63.5""}}",a47854d8-3051-70fa-00ce-ac30661244a5
868032061545061,1784707200,data.qo,"{""tE"":{""N"":""68.9""},""hL"":{""N"":""76.6""},""wL"":{""N"":""27.721716""},""tL"":{""N"":""71.06""},""hR"":{""N"":""81.5""},""wR"":{""N"":""25.900396""},""hE"":{""N"":""99.9""},""tR"":{""N"":""63.5""}}",a47854d8-3051-70fa-00ce-ac30661244a5
868032061545061,1784710800,data.qo,"{""tE"":{""N"":""68.18""},""hL"":{""N"":""76.6""},""wL"":{""N"":""27.720858""},""tL"":{""N"":""69.98""},""hR"":{""N"":""81.5""},""wR"":{""N"":""25.930586""},""hE"":{""N"":""99.9""},""tR"":{""N"":""63.5""}}",a47854d8-3051-70fa-00ce-ac30661244a5
868032061545061,1784714400,data.qo,"{""tE"":{""N"":""67.82""},""hL"":{""N"":""77.5""},""wL"":{""N"":""27.757902""},""tL"":{""N"":""69.26""},""hR"":{""N"":""81.5""},""wR"":{""N"":""25.987316""},""hE"":{""N"":""99.9""},""tR"":{""N"":""63.5""}}",a47854d8-3051-70fa-00ce-ac30661244a5
868032061545061,1784718000,data.qo,"{""tE"":{""N"":""67.46""},""hL"":{""N"":""77.5""},""wL"":{""N"":""27.801897""},""tL"":{""N"":""68.54""},""hR"":{""N"":""81.5""},""wR"":{""N"":""26.079231""},""hE"":{""N"":""99.9""},""tR"":{""N"":""63.5""}}",a47854d8-3051-70fa-00ce-ac30661244a5
868032061545061,1784721600,data.qo,"{""tE"":{""N"":""67.1""},""hL"":{""N"":""77.7""},""wL"":{""N"":""27.992783""},""tL"":{""N"":""68""},""hR"":{""N"":""81.5""},""wR"":{""N"":""26.297596""},""hE"":{""N"":""99.9""},""tR"":{""N"":""63.5""}}",a47854d8-3051-70fa-00ce-ac30661244a5
868032061545061,1784725200,data.qo,"{""tE"":{""N"":""70.7""},""hL"":{""N"":""79.8""},""wL"":{""N"":""28.163004""},""tL"":{""N"":""67.82""},""hR"":{""N"":""81.5""},""wR"":{""N"":""26.531542""},""hE"":{""N"":""99.9""},""tR"":{""N"":""63.5""}}",a47854d8-3051-70fa-00ce-ac30661244a5
868032061545061,1784728800,data.qo,"{""tE"":{""N"":""75.56""},""hL"":{""N"":""82.1""},""wL"":{""N"":""28.197239""},""tL"":{""N"":""69.08""},""hR"":{""N"":""81.5""},""wR"":{""N"":""26.59382""},""hE"":{""N"":""99.6""},""tR"":{""N"":""63.5""}}",a47854d8-3051-70fa-00ce-ac30661244a5
868032061545061,1784732400,data.qo,"{""tE"":{""N"":""75.56""},""hL"":{""N"":""80.4""},""wL"":{""N"":""28.255756""},""tL"":{""N"":""70.7""},""hR"":{""N"":""81.5""},""wR"":{""N"":""26.775198""},""hE"":{""N"":""99.6""},""tR"":{""N"":""63.5""}}",a47854d8-3051-70fa-00ce-ac30661244a5
868032061545061,1784736000,data.qo,"{""tE"":{""N"":""75.74""},""hL"":{""N"":""81.9""},""wL"":{""N"":""28.289087""},""tL"":{""N"":""72.32""},""hR"":{""N"":""81.5""},""wR"":{""N"":""26.82698""},""hE"":{""N"":""94.9""},""tR"":{""N"":""63.5""}}",a47854d8-3051-70fa-00ce-ac30661244a5
868032061545061,1784739600,data.qo,"{""tE"":{""N"":""77.9""},""hL"":{""N"":""82.5""},""wL"":{""N"":""28.238045""},""tL"":{""N"":""73.58""},""hR"":{""N"":""81.5""},""wR"":{""N"":""26.87081""},""hE"":{""N"":""90.6""},""tR"":{""N"":""63.5""}}",a47854d8-3051-70fa-00ce-ac30661244a5
868032061545061,1784743200,data.qo,"{""tE"":{""N"":""76.28""},""hL"":{""N"":""81.2""},""wL"":{""N"":""28.569393""},""tL"":{""N"":""75.56""},""hR"":{""N"":""81.5""},""wR"":{""N"":""26.674637""},""hE"":{""N"":""95.5""},""tR"":{""N"":""63.5""}}",a47854d8-3051-70fa-00ce-ac30661244a5
868032061545061,1784746800,data.qo,"{""tE"":{""N"":""71.96""},""hL"":{""N"":""77.1""},""wL"":{""N"":""28.638481""},""tL"":{""N"":""74.48""},""hR"":{""N"":""81.5""},""wR"":{""N"":""26.682545""},""hE"":{""N"":""99.9""},""tR"":{""N"":""63.5""}}",a47854d8-3051-70fa-00ce-ac30661244a5
868032061545061,1784750400,data.qo,"{""tE"":{""N"":""74.12""},""hL"":{""N"":""78.5""},""wL"":{""N"":""28.650719""},""tL"":{""N"":""73.94""},""hR"":{""N"":""81.5""},""wR"":{""N"":""26.670338""},""hE"":{""N"":""89.1""},""tR"":{""N"":""63.5""}}",a47854d8-3051-70fa-00ce-ac30661244a5
868032061545061,1784754000,data.qo,"{""tE"":{""N"":""74.66""},""hL"":{""N"":""78.5""},""wL"":{""N"":""28.984875""},""tL"":{""N"":""74.12""},""hR"":{""N"":""81.5""},""wR"":{""N"":""27.05954""},""hE"":{""N"":""88.3""},""tR"":{""N"":""63.5""}}",a47854d8-3051-70fa-00ce-ac30661244a5
868032061545061,1784757600,data.qo,"{""hE"":{""N"":""71.6""},""tE"":{""N"":""86.54""},""wR"":{""N"":""26.851439""},""tR"":{""N"":""63.5""},""hR"":{""N"":""81.5""},""hL"":{""N"":""84""},""tL"":{""N"":""76.64""},""wL"":{""N"":""28.753756""}}",a47854d8-3051-70fa-00ce-ac30661244a5
868032061545061,1784761200,data.qo,"{""tE"":{""N"":""79.16""},""hL"":{""N"":""84""},""wL"":{""N"":""28.511255""},""tL"":{""N"":""76.64""},""hR"":{""N"":""81.5""},""wR"":{""N"":""26.574863""},""hE"":{""N"":""84""},""tR"":{""N"":""63.5""}}",a47854d8-3051-70fa-00ce-ac30661244a5
868032061545061,1784764800,data.qo,"{""tE"":{""N"":""73.4""},""hL"":{""N"":""75.5""},""wL"":{""N"":""28.442453""},""tL"":{""N"":""77.54""},""hR"":{""N"":""81.5""},""wR"":{""N"":""26.448875""},""hE"":{""N"":""92.3""},""tR"":{""N"":""63.5""}}",a47854d8-3051-70fa-00ce-ac30661244a5
868032061545061,1784768400,data.qo,"{""tE"":{""N"":""70.7""},""hL"":{""N"":""76.1""},""wL"":{""N"":""28.329273""},""tL"":{""N"":""75.74""},""hR"":{""N"":""81.5""},""wR"":{""N"":""26.297642""},""hE"":{""N"":""99.9""},""tR"":{""N"":""63.5""}}",a47854d8-3051-70fa-00ce-ac30661244a5
868032061545061,1784772000,data.qo,"{""hE"":{""N"":""99.9""},""tL"":{""N"":""73.76""},""tR"":{""N"":""63.5""},""wL"":{""N"":""28.30199""},""tE"":{""N"":""69.26""},""hL"":{""N"":""76.3""},""wR"":{""N"":""26.282385""},""hR"":{""N"":""81.5""}}",a47854d8-3051-70fa-00ce-ac30661244a5
868032061545061,1784775600,data.qo,"{""tE"":{""N"":""68.72""},""hL"":{""N"":""77.1""},""wL"":{""N"":""28.279373""},""tL"":{""N"":""72.32""},""hR"":{""N"":""81.5""},""wR"":{""N"":""26.300879""},""hE"":{""N"":""99.9""},""tR"":{""N"":""63.5""}}",a47854d8-3051-70fa-00ce-ac30661244a5
868032061545061,1784779200,data.qo,"{""tE"":{""N"":""68""},""hL"":{""N"":""77.6""},""wL"":{""N"":""28.288279""},""tL"":{""N"":""71.06""},""hR"":{""N"":""81.5""},""wR"":{""N"":""26.375824""},""hE"":{""N"":""99.9""},""tR"":{""N"":""63.5""}}",a47854d8-3051-70fa-00ce-ac30661244a5
868032061545061,1784782740,data.qo,"{""tR"":{""N"":""63.5""},""hL"":{""N"":""78.3""},""wL"":{""N"":""28.30142""},""tL"":{""N"":""69.98""},""hE"":{""N"":""99.9""},""hR"":{""N"":""81.5""},""tE"":{""N"":""67.82""},""wR"":{""N"":""26.43223""}}",a47854d8-3051-70fa-00ce-ac30661244a5
868032061545061,1784786400,data.qo,"{""tE"":{""N"":""67.46""},""hE"":{""N"":""99.9""},""tR"":{""N"":""63.5""},""wL"":{""N"":""28.321798""},""tL"":{""N"":""69.26""},""hL"":{""N"":""78.8""},""wR"":{""N"":""26.509165""},""hR"":{""N"":""81.5""}}",a47854d8-3051-70fa-00ce-ac30661244a5
868032061545061,1784790000,data.qo,"{""tE"":{""N"":""67.64""},""hL"":{""N"":""79.2""},""wL"":{""N"":""28.328655""},""tL"":{""N"":""68.54""},""hR"":{""N"":""81.5""},""wR"":{""N"":""26.586006""},""hE"":{""N"":""99.9""},""tR"":{""N"":""63.5""}}",a47854d8-3051-70fa-00ce-ac30661244a5
868032061545061,1784793600,data.qo,"{""tE"":{""N"":""67.46""},""hL"":{""N"":""80""},""wL"":{""N"":""28.34551""},""tL"":{""N"":""68.18""},""hR"":{""N"":""81.5""},""wR"":{""N"":""26.655727""},""hE"":{""N"":""99.9""},""tR"":{""N"":""63.5""}}",a47854d8-3051-70fa-00ce-ac30661244a5
868032061545061,1784797200,data.qo,"{""tE"":{""N"":""67.46""},""hL"":{""N"":""80.3""},""wL"":{""N"":""28.41917""},""tL"":{""N"":""67.82""},""hR"":{""N"":""81.5""},""wR"":{""N"":""26.712042""},""hE"":{""N"":""99.9""},""tR"":{""N"":""63.5""}}",a47854d8-3051-70fa-00ce-ac30661244a5
868032061545061,1784800800,data.qo,"{""wL"":{""N"":""28.475069""},""tL"":{""N"":""67.46""},""tE"":{""N"":""67.46""},""tR"":{""N"":""63.5""},""hL"":{""N"":""80.5""},""wR"":{""N"":""26.745932""},""hE"":{""N"":""99.9""},""hR"":{""N"":""81.5""}}",a47854d8-3051-70fa-00ce-ac30661244a5
868032061545061,1784804400,data.qo,"{""tE"":{""N"":""67.46""},""hL"":{""N"":""80.5""},""wL"":{""N"":""28.483164""},""tL"":{""N"":""67.28""},""hR"":{""N"":""81.5""},""wR"":{""N"":""26.763315""},""hE"":{""N"":""99.9""},""tR"":{""N"":""63.5""}}",a47854d8-3051-70fa-00ce-ac30661244a5
868032061545061,1784808000,data.qo,"{""hE"":{""N"":""99.9""},""tR"":{""N"":""63.5""},""hL"":{""N"":""81""},""tE"":{""N"":""67.46""},""tL"":{""N"":""67.1""},""hR"":{""N"":""81.5""},""wR"":{""N"":""26.849634""},""wL"":{""N"":""28.550299""}}",a47854d8-3051-70fa-00ce-ac30661244a5
868032061545061,1784811600,data.qo,"{""tE"":{""N"":""68.18""},""hL"":{""N"":""81.1""},""wL"":{""N"":""28.596771""},""tL"":{""N"":""67.1""},""hR"":{""N"":""81.5""},""wR"":{""N"":""26.931238""},""hE"":{""N"":""99.9""},""tR"":{""N"":""63.5""}}",a47854d8-3051-70fa-00ce-ac30661244a5
868032061545061,1784815200,data.qo,"{""tR"":{""N"":""63.5""},""hR"":{""N"":""81.5""},""wR"":{""N"":""27.036839""},""hL"":{""N"":""81.2""},""tL"":{""N"":""67.1""},""wL"":{""N"":""28.674667""},""hE"":{""N"":""99.9""},""tE"":{""N"":""68.54""}}",a47854d8-3051-70fa-00ce-ac30661244a5
868032061545061,1784818800,data.qo,"{""hR"":{""N"":""81.5""},""hL"":{""N"":""82.3""},""wL"":{""N"":""28.70957""},""tR"":{""N"":""63.5""},""hE"":{""N"":""99.9""},""tL"":{""N"":""67.46""},""tE"":{""N"":""69.26""},""wR"":{""N"":""27.10189""}}",a47854d8-3051-70fa-00ce-ac30661244a5
868032061545061,1784822400,data.qo,"{""tE"":{""N"":""69.08""},""hL"":{""N"":""82.7""},""wL"":{""N"":""28.74709""},""tL"":{""N"":""68""},""hR"":{""N"":""81.5""},""wR"":{""N"":""27.178547""},""hE"":{""N"":""99.9""},""tR"":{""N"":""63.5""}}",a47854d8-3051-70fa-00ce-ac30661244a5
868032061545061,1784826000,data.qo,"{""hE"":{""N"":""99.9""},""tE"":{""N"":""69.62""},""wL"":{""N"":""28.76066""},""hR"":{""N"":""81.5""},""wR"":{""N"":""27.188673""},""tL"":{""N"":""68""},""hL"":{""N"":""82.3""},""tR"":{""N"":""63.5""}}",a47854d8-3051-70fa-00ce-ac30661244a5
868032061545061,1784829600,data.qo,"{""wR"":{""N"":""26.960089""},""tR"":{""N"":""63.5""},""wL"":{""N"":""28.491447""},""hL"":{""N"":""82.4""},""hE"":{""N"":""99.9""},""hR"":{""N"":""81.5""},""tE"":{""N"":""69.98""},""tL"":{""N"":""68.72""}}",a47854d8-3051-70fa-00ce-ac30661244a5
868032061545061,1784833200,data.qo,"{""tE"":{""N"":""65.66""},""hL"":{""N"":""80.8""},""wL"":{""N"":""28.399363""},""tL"":{""N"":""68.54""},""hR"":{""N"":""81.5""},""wR"":{""N"":""26.86614""},""hE"":{""N"":""99.9""},""tR"":{""N"":""63.5""}}",a47854d8-3051-70fa-00ce-ac30661244a5
868032061545061,1784836800,data.qo,"{""hR"":{""N"":""81.5""},""wL"":{""N"":""28.3527""},""hL"":{""N"":""79.7""},""tR"":{""N"":""63.5""},""hE"":{""N"":""99.9""},""tE"":{""N"":""64.4""},""tL"":{""N"":""67.64""},""wR"":{""N"":""26.866604""}}",a47854d8-3051-70fa-00ce-ac30661244a5
868032061545061,1784840400,data.qo,"{""tE"":{""N"":""63.5""},""wR"":{""N"":""27.0367""},""hR"":{""N"":""81.5""},""wL"":{""N"":""28.51535""},""hE"":{""N"":""99.9""},""hL"":{""N"":""79.2""},""tR"":{""N"":""63.5""},""tL"":{""N"":""66.56""}}",a47854d8-3051-70fa-00ce-ac30661244a5
868032061545061,1784844000,data.qo,"{""hL"":{""N"":""79.2""},""hR"":{""N"":""81.5""},""tL"":{""N"":""66.56""},""wR"":{""N"":""26.960135""},""tR"":{""N"":""63.5""},""tE"":{""N"":""64.76""},""hE"":{""N"":""99.9""},""wL"":{""N"":""28.455309""}}",a47854d8-3051-70fa-00ce-ac30661244a5
868032061545061,1784847600,data.qo,"{""hE"":{""N"":""99.9""},""tE"":{""N"":""62.78""},""tL"":{""N"":""64.94""},""hR"":{""N"":""81.5""},""wR"":{""N"":""27.000036""},""tR"":{""N"":""63.5""},""wL"":{""N"":""28.507399""},""hL"":{""N"":""79.7""}}",a47854d8-3051-70fa-00ce-ac30661244a5
868032061545061,1784851200,data.qo,"{""hE"":{""N"":""99.9""},""tL"":{""N"":""64.22""},""tR"":{""N"":""63.5""},""hL"":{""N"":""80.2""},""hR"":{""N"":""81.5""},""tE"":{""N"":""62.24""},""wR"":{""N"":""27.132868""},""wL"":{""N"":""28.521826""}}",a47854d8-3051-70fa-00ce-ac30661244a5
868032061545061,1784854800,data.qo,"{""hL"":{""N"":""80.9""},""wL"":{""N"":""28.502113""},""tE"":{""N"":""62.42""},""hR"":{""N"":""81.5""},""tR"":{""N"":""63.5""},""wR"":{""N"":""27.21743""},""tL"":{""N"":""63.5""},""hE"":{""N"":""99.9""}}",a47854d8-3051-70fa-00ce-ac30661244a5
868032061545061,1784858400,data.qo,"{""hR"":{""N"":""81.5""},""wL"":{""N"":""28.498829""},""tE"":{""N"":""61.88""},""tR"":{""N"":""63.5""},""hL"":{""N"":""81.6""},""tL"":{""N"":""62.96""},""hE"":{""N"":""99.9""},""wR"":{""N"":""27.255852""}}",a47854d8-3051-70fa-00ce-ac30661244a5
868032061545061,1784862000,data.qo,"{""hE"":{""N"":""99.9""},""tR"":{""N"":""63.5""},""hR"":{""N"":""81.5""},""tL"":{""N"":""62.42""},""hL"":{""N"":""81.5""},""wL"":{""N"":""28.509731""},""tE"":{""N"":""61.7""},""wR"":{""N"":""27.274483""}}",a47854d8-3051-70fa-00ce-ac30661244a5
868032061545061,1784865600,data.qo,"{""tL"":{""N"":""61.88""},""hR"":{""N"":""81.5""},""hE"":{""N"":""99.9""},""hL"":{""N"":""81.9""},""tE"":{""N"":""61.52""},""tR"":{""N"":""63.5""},""wR"":{""N"":""27.298756""},""wL"":{""N"":""28.53511""}}",a47854d8-3051-70fa-00ce-ac30661244a5
868032061545061,1784869200,data.qo,"{""tE"":{""N"":""61.16""},""hL"":{""N"":""82.2""},""tL"":{""N"":""61.52""},""hE"":{""N"":""99.9""},""wR"":{""N"":""27.322243""},""tR"":{""N"":""63.5""},""hR"":{""N"":""81.5""},""wL"":{""N"":""28.544777""}}",a47854d8-3051-70fa-00ce-ac30661244a5
868032061545061,1784872800,data.qo,"{""wL"":{""N"":""28.540062""},""wR"":{""N"":""27.339212""},""hE"":{""N"":""99.9""},""tL"":{""N"":""61.16""},""hR"":{""N"":""81.5""},""hL"":{""N"":""82.4""},""tE"":{""N"":""60.8""},""tR"":{""N"":""63.5""}}",a47854d8-3051-70fa-00ce-ac30661244a5
868032061545061,1784876400,data.qo,"{""wL"":{""N"":""28.563108""},""hE"":{""N"":""99.9""},""hL"":{""N"":""82.6""},""tE"":{""N"":""60.44""},""wR"":{""N"":""27.378372""},""tL"":{""N"":""60.8""},""hR"":{""N"":""81.5""},""tR"":{""N"":""63.5""}}",a47854d8-3051-70fa-00ce-ac30661244a5
868032061545061,1784880000,data.qo,"{""tR"":{""N"":""63.5""},""wR"":{""N"":""27.431496""},""wL"":{""N"":""28.576963""},""hE"":{""N"":""99.9""},""tL"":{""N"":""60.44""},""hL"":{""N"":""82.6""},""hR"":{""N"":""81.5""},""tE"":{""N"":""60.44""}}",a47854d8-3051-70fa-00ce-ac30661244a5
868032061545061,1784883600,data.qo,"{""wR"":{""N"":""27.480135""},""hE"":{""N"":""99.9""},""hR"":{""N"":""81.5""},""hL"":{""N"":""82.9""},""tR"":{""N"":""63.5""},""tL"":{""N"":""60.08""},""wL"":{""N"":""28.606531""},""tE"":{""N"":""60.44""}}",a47854d8-3051-70fa-00ce-ac30661244a5
868032061545061,1784887200,data.qo,"{""tE"":{""N"":""60.44""},""hE"":{""N"":""99.9""},""tL"":{""N"":""60.08""},""hR"":{""N"":""81.5""},""wR"":{""N"":""27.515503""},""hL"":{""N"":""83""},""tR"":{""N"":""63.5""},""wL"":{""N"":""28.61896""}}",a47854d8-3051-70fa-00ce-ac30661244a5
868032061545061,1784890800,data.qo,"{""hE"":{""N"":""99.9""},""hL"":{""N"":""83.4""},""hR"":{""N"":""81.5""},""wR"":{""N"":""27.568396""},""tR"":{""N"":""63.5""},""wL"":{""N"":""28.641956""},""tL"":{""N"":""59.9""},""tE"":{""N"":""60.44""}}",a47854d8-3051-70fa-00ce-ac30661244a5
868032061545061,1784894400,data.qo,"{""hE"":{""N"":""99.9""},""wL"":{""N"":""28.707235""},""wR"":{""N"":""27.685091""},""hL"":{""N"":""83.5""},""tE"":{""N"":""60.44""},""tL"":{""N"":""59.72""},""hR"":{""N"":""81.5""},""tR"":{""N"":""63.5""}}",a47854d8-3051-70fa-00ce-ac30661244a5
868032061545061,1784898000,data.qo,"{""tR"":{""N"":""63.5""},""hR"":{""N"":""81.5""},""wL"":{""N"":""28.800179""},""tE"":{""N"":""61.52""},""wR"":{""N"":""27.782831""},""hE"":{""N"":""99.9""},""tL"":{""N"":""59.72""},""hL"":{""N"":""83.7""}}",a47854d8-3051-70fa-00ce-ac30661244a5
868032061545061,1784901600,data.qo,"{""hR"":{""N"":""81.5""},""tE"":{""N"":""62.96""},""hE"":{""N"":""99.9""},""tL"":{""N"":""60.08""},""hL"":{""N"":""83.7""},""wR"":{""N"":""27.859903""},""tR"":{""N"":""63.5""},""wL"":{""N"":""28.89555""}}",a47854d8-3051-70fa-00ce-ac30661244a5
868032061545061,1784905200,data.qo,"{""tL"":{""N"":""60.8""},""tE"":{""N"":""64.22""},""wL"":{""N"":""28.93469""},""hL"":{""N"":""83.6""},""hE"":{""N"":""99.9""},""tR"":{""N"":""63.5""},""hR"":{""N"":""81.5""},""wR"":{""N"":""27.88598""}}",a47854d8-3051-70fa-00ce-ac30661244a5
868032061545061,1784908800,data.qo,"{""hR"":{""N"":""81.5""},""hL"":{""N"":""83.4""},""tE"":{""N"":""64.22""},""hE"":{""N"":""99.9""},""wR"":{""N"":""27.891712""},""tR"":{""N"":""63.5""},""tL"":{""N"":""61.52""},""wL"":{""N"":""28.962069""}}",a47854d8-3051-70fa-00ce-ac30661244a5
868032061545061,1784912400,data.qo,"{""hE"":{""N"":""99.9""},""tR"":{""N"":""63.5""},""wL"":{""N"":""28.997778""},""tE"":{""N"":""65.3""},""wR"":{""N"":""27.930088""},""hL"":{""N"":""84""},""hR"":{""N"":""81.5""},""tL"":{""N"":""62.42""}}",a47854d8-3051-70fa-00ce-ac30661244a5
868032061545061,1784916000,data.qo,"{""tE"":{""N"":""65.66""},""hL"":{""N"":""84.1""},""hE"":{""N"":""99.9""},""wL"":{""N"":""29.02092""},""tR"":{""N"":""63.5""},""hR"":{""N"":""81.5""},""tL"":{""N"":""63.32""},""wR"":{""N"":""27.933786""}}",a47854d8-3051-70fa-00ce-ac30661244a5
